GEO.id,GEO.id2,GEO.display-label,HD01_VD01,HD02_VD01,HD01_VD02,HD02_VD02,HD01_VD03,HD02_VD03,HD01_VD04,HD02_VD04,HD01_VD05,HD02_VD05,HD01_VD06,HD02_VD06,HD01_VD07,HD02_VD07,HD01_VD08,HD02_VD08,HD01_VD09,HD02_VD09,HD01_VD10,HD02_VD10
Id,Id2,Geography,Estimate; Total:,Margin of Error; Total:,Estimate; Total: - White alone,Margin of Error; Total: - White alone,Estimate; Total: - Black or African American alone,Margin of Error; Total: - Black or African American alone,Estimate; Total: - American Indian and Alaska Native alone,Margin of Error; Total: - American Indian and Alaska Native alone,Estimate; Total: - Asian alone,Margin of Error; Total: - Asian alone,Estimate; Total: - Native Hawaiian and Other Pacific Islander alone,Margin of Error; Total: - Native Hawaiian and Other Pacific Islander alone,Estimate; Total: - Some other race alone,Margin of Error; Total: - Some other race alone,Estimate; Total: - Two or more races:,Margin of Error; Total: - Two or more races:,Estimate; Total: - Two or more races: - Two races including Some other race,Margin of Error; Total: - Two or more races: - Two races including Some other race,"Estimate; Total: - Two or more races: - Two races excluding Some other race, and three or more races","Margin of Error; Total: - Two or more races: - Two races excluding Some other race, and three or more races"
1400000US48021950100,48021950100,"Census Tract 9501, Bastrop County, Texas",8626,802,7569,806,152,114,25,32,157,105,0,18,534,372,189,121,12,19,177,122
1400000US48021950200,48021950200,"Census Tract 9502, Bastrop County, Texas",8046,285,5577,646,1230,390,4,11,0,18,0,18,1046,521,189,286,0,18,189,286
1400000US48021950300,48021950300,"Census Tract 9503, Bastrop County, Texas",14320,1330,10784,788,2028,804,198,119,344,125,0,20,881,967,85,63,0,20,85,63
1400000US48021950400,48021950400,"Census Tract 9504, Bastrop County, Texas",8201,694,6909,693,841,344,53,67,94,95,0,18,140,115,164,93,0,18,164,93
1400000US48021950501,48021950501,"Census Tract 9505.01, Bastrop County, Texas",8135,686,6717,646,467,151,24,34,11,21,0,18,627,449,289,265,70,103,219,229
1400000US48021950502,48021950502,"Census Tract 9505.02, Bastrop County, Texas",5929,843,5611,819,193,199,52,51,0,18,0,18,73,93,0,18,0,18,0,18
1400000US48021950600,48021950600,"Census Tract 9506, Bastrop County, Texas",5272,721,4693,678,287,303,89,93,0,18,0,18,105,84,98,72,9,31,89,65
1400000US48021950700,48021950700,"Census Tract 9507, Bastrop County, Texas",4377,401,3215,489,716,315,29,33,72,60,0,13,328,164,17,19,0,13,17,19
1400000US48021950801,48021950801,"Census Tract 9508.01, Bastrop County, Texas",7206,961,5414,1041,48,89,153,181,0,18,0,18,1215,643,376,289,292,256,84,127
1400000US48021950802,48021950802,"Census Tract 9508.02, Bastrop County, Texas",6836,898,5879,807,107,137,0,18,0,18,0,18,824,537,26,49,26,49,0,18
1400000US48055960101,48055960101,"Census Tract 9601.01, Caldwell County, Texas",6211,535,4857,566,120,80,64,77,0,18,0,18,829,438,341,139,107,88,234,119
1400000US48055960102,48055960102,"Census Tract 9601.02, Caldwell County, Texas",3470,439,2794,408,228,124,25,30,0,13,0,13,247,218,176,125,10,19,166,124
1400000US48055960200,48055960200,"Census Tract 9602, Caldwell County, Texas",5027,512,2925,496,694,206,62,134,41,62,8,14,1222,473,75,63,25,31,50,45
1400000US48055960300,48055960300,"Census Tract 9603, Caldwell County, Texas",4453,427,3359,492,255,196,4,10,12,21,0,13,648,318,175,110,132,99,43,41
1400000US48055960400,48055960400,"Census Tract 9604, Caldwell County, Texas",3946,301,2960,402,111,63,66,74,0,13,13,18,725,308,71,74,51,56,20,25
1400000US48055960500,48055960500,"Census Tract 9605, Caldwell County, Texas",8360,500,5467,528,820,197,2,4,0,18,0,18,1943,564,128,80,54,62,74,50
1400000US48055960600,48055960600,"Census Tract 9606, Caldwell County, Texas",2020,273,1851,249,63,42,0,13,27,36,0,13,40,57,39,41,28,37,11,14
1400000US48055960700,48055960700,"Census Tract 9607, Caldwell County, Texas",5860,329,4788,362,494,187,12,17,0,18,6,13,560,320,0,18,0,18,0,18
1400000US48209010100,48209010100,"Census Tract 101, Hays County, Texas",2667,390,2320,393,184,146,0,13,63,89,0,13,38,47,62,50,0,13,62,50
1400000US48209010200,48209010200,"Census Tract 102, Hays County, Texas",5525,513,4294,438,411,109,0,18,236,97,14,22,411,107,159,68,33,46,126,51
1400000US48209010302,48209010302,"Census Tract 103.02, Hays County, Texas",4458,478,3658,505,105,71,0,13,78,108,0,13,508,324,109,98,8,13,101,97
1400000US48209010303,48209010303,"Census Tract 103.03, Hays County, Texas",7964,790,6744,797,526,230,134,156,7,14,7,12,219,160,327,269,0,18,327,269
1400000US48209010304,48209010304,"Census Tract 103.04, Hays County, Texas",6855,694,5720,699,298,119,0,18,110,95,23,26,442,207,262,154,82,68,180,136
1400000US48209010400,48209010400,"Census Tract 104, Hays County, Texas",10306,874,7889,904,743,457,171,190,68,56,0,20,1015,468,420,361,140,177,280,301
1400000US48209010500,48209010500,"Census Tract 105, Hays County, Texas",4346,489,3680,405,182,108,0,13,68,58,0,13,261,123,155,153,0,13,155,153
1400000US48209010600,48209010600,"Census Tract 106, Hays County, Texas",10343,1029,8875,872,166,112,34,60,221,183,0,20,613,477,434,210,130,135,304,169
1400000US48209010701,48209010701,"Census Tract 107.01, Hays County, Texas",8133,978,7678,944,63,33,37,64,97,102,0,18,200,165,58,79,0,18,58,79
1400000US48209010702,48209010702,"Census Tract 107.02, Hays County, Texas",3263,425,3069,421,34,53,0,13,88,136,0,13,72,76,0,13,0,13,0,13
1400000US48209010803,48209010803,"Census Tract 108.03, Hays County, Texas",4160,449,4000,467,0,13,13,21,0,13,0,13,98,98,49,68,4,6,45,67
1400000US48209010804,48209010804,"Census Tract 108.04, Hays County, Texas",9168,651,8645,649,132,151,59,66,119,110,0,18,6,8,207,150,0,18,207,150
1400000US48209010805,48209010805,"Census Tract 108.05, Hays County, Texas",7536,571,6799,583,71,101,4,8,420,193,0,18,49,48,193,119,40,47,153,101
1400000US48209010806,48209010806,"Census Tract 108.06, Hays County, Texas",3985,547,3876,533,45,57,0,13,57,61,0,13,3,6,4,8,0,13,4,8
1400000US48209010807,48209010807,"Census Tract 108.07, Hays County, Texas",2117,188,1970,201,0,13,0,13,0,13,0,13,135,107,12,14,6,9,6,11
1400000US48209010808,48209010808,"Census Tract 108.08, Hays County, Texas",5714,521,5444,531,10,15,18,26,0,18,0,18,124,156,118,136,0,18,118,136
1400000US48209010809,48209010809,"Census Tract 108.09, Hays County, Texas",5350,483,4636,534,0,18,0,18,230,146,0,18,464,327,20,25,0,18,20,25
1400000US48209010901,48209010901,"Census Tract 109.01, Hays County, Texas",8001,573,7179,557,224,226,0,18,33,40,124,128,224,130,217,169,100,121,117,120
1400000US48209010902,48209010902,"Census Tract 109.02, Hays County, Texas",12636,968,10693,800,528,520,96,131,190,150,0,20,771,420,358,255,153,140,205,143
1400000US48209010905,48209010905,"Census Tract 109.05, Hays County, Texas",5816,587,5284,726,171,161,35,49,0,18,0,18,326,283,0,18,0,18,0,18
1400000US48209010906,48209010906,"Census Tract 109.06, Hays County, Texas",13205,617,9676,889,847,327,94,102,145,107,0,20,2097,762,346,253,48,46,298,260
1400000US48209010907,48209010907,"Census Tract 109.07, Hays County, Texas",11356,851,8289,1153,396,183,1,3,19,22,58,91,2010,724,583,441,195,163,388,399
1400000US48209010908,48209010908,"Census Tract 109.08, Hays County, Texas",10386,852,8261,1057,183,101,0,20,116,136,0,20,1338,591,488,522,32,39,456,525
1400000US48209010909,48209010909,"Census Tract 109.09, Hays County, Texas",5898,406,4985,581,237,204,8,14,143,112,0,18,296,351,229,165,12,20,217,171
1400000US48209010910,48209010910,"Census Tract 109.10, Hays County, Texas",8374,587,6901,687,709,307,0,18,0,18,0,18,675,464,89,72,58,59,31,36
1400000US48453000101,48453000101,"Census Tract 1.01, Travis County, Texas",4061,288,3775,317,24,26,13,23,47,42,0,13,24,27,178,124,7,11,171,123
1400000US48453000102,48453000102,"Census Tract 1.02, Travis County, Texas",2556,195,2428,186,92,93,0,13,0,13,0,13,0,13,36,31,0,13,36,31
1400000US48453000203,48453000203,"Census Tract 2.03, Travis County, Texas",1460,166,1217,160,56,38,0,13,84,43,0,13,77,51,26,24,0,13,26,24
1400000US48453000204,48453000204,"Census Tract 2.04, Travis County, Texas",3092,213,2746,256,27,31,0,13,116,62,0,13,63,81,140,89,0,13,140,89
1400000US48453000205,48453000205,"Census Tract 2.05, Travis County, Texas",4154,474,3259,391,175,153,14,24,433,362,66,88,130,116,77,74,0,13,77,74
1400000US48453000206,48453000206,"Census Tract 2.06, Travis County, Texas",3251,262,2813,274,129,98,0,13,114,85,0,13,93,69,102,94,0,13,102,94
1400000US48453000302,48453000302,"Census Tract 3.02, Travis County, Texas",5111,462,4061,453,109,113,34,55,436,172,0,18,252,147,219,114,12,19,207,113
1400000US48453000304,48453000304,"Census Tract 3.04, Travis County, Texas",3359,364,3006,386,25,23,0,13,179,102,0,13,68,80,81,90,0,13,81,90
1400000US48453000305,48453000305,"Census Tract 3.05, Travis County, Texas",3272,300,2817,258,33,45,0,13,97,57,0,13,240,207,85,60,7,11,78,58
1400000US48453000306,48453000306,"Census Tract 3.06, Travis County, Texas",3603,350,2622,329,518,198,0,13,191,107,0,13,165,195,107,66,0,13,107,66
1400000US48453000307,48453000307,"Census Tract 3.07, Travis County, Texas",2009,244,1603,180,97,59,0,13,23,19,0,13,249,288,37,39,0,13,37,39
1400000US48453000401,48453000401,"Census Tract 4.01, Travis County, Texas",3515,281,2880,304,170,76,6,9,316,93,0,13,13,19,130,70,9,18,121,65
1400000US48453000402,48453000402,"Census Tract 4.02, Travis County, Texas",3271,324,2045,233,657,293,0,13,256,224,35,55,8,13,270,148,9,16,261,147
1400000US48453000500,48453000500,"Census Tract 5, Travis County, Texas",4894,445,4125,441,59,50,30,40,375,163,0,13,187,126,118,79,12,21,106,76
1400000US48453000601,48453000601,"Census Tract 6.01, Travis County, Texas",9792,1685,7163,1234,1084,306,22,27,927,210,0,18,375,164,221,101,21,21,200,87
1400000US48453000603,48453000603,"Census Tract 6.03, Travis County, Texas",7672,743,5153,718,328,305,0,18,1651,385,0,18,170,98,370,187,18,28,352,185
1400000US48453000604,48453000604,"Census Tract 6.04, Travis County, Texas",6839,689,4974,633,200,119,83,78,1339,349,3,6,119,85,121,102,5,11,116,103
1400000US48453000700,48453000700,"Census Tract 7, Travis County, Texas",1076,149,964,149,24,34,13,17,56,28,0,13,19,16,0,13,0,13,0,13
1400000US48453000801,48453000801,"Census Tract 8.01, Travis County, Texas",1638,178,1248,174,185,103,0,13,0,13,0,13,101,76,104,99,60,76,44,69
1400000US48453000802,48453000802,"Census Tract 8.02, Travis County, Texas",3494,472,1884,316,1204,357,50,65,0,13,0,13,267,256,89,60,0,13,89,60
1400000US48453000803,48453000803,"Census Tract 8.03, Travis County, Texas",2333,290,1679,229,345,132,12,20,49,44,0,13,199,189,49,30,27,21,22,25
1400000US48453000804,48453000804,"Census Tract 8.04, Travis County, Texas",2300,241,1451,195,625,158,0,13,29,21,0,13,70,73,125,67,27,25,98,70
1400000US48453000901,48453000901,"Census Tract 9.01, Travis County, Texas",2165,161,1663,198,284,72,0,13,54,43,0,13,111,77,53,43,25,38,28,20
1400000US48453000902,48453000902,"Census Tract 9.02, Travis County, Texas",5031,500,3983,522,206,114,9,14,142,129,0,18,549,235,142,75,114,66,28,34
1400000US48453001000,48453001000,"Census Tract 10, Travis County, Texas",3687,423,2690,453,74,60,28,32,191,146,0,13,566,270,138,116,55,63,83,95
1400000US48453001100,48453001100,"Census Tract 11, Travis County, Texas",5331,541,4337,460,241,144,0,18,464,187,0,18,29,31,260,261,32,35,228,250
1400000US48453001200,48453001200,"Census Tract 12, Travis County, Texas",4907,409,4115,406,134,89,24,28,474,178,15,25,63,71,82,70,0,13,82,70
1400000US48453001303,48453001303,"Census Tract 13.03, Travis County, Texas",3289,321,3016,327,30,24,6,12,133,88,0,13,59,59,45,39,0,13,45,39
1400000US48453001304,48453001304,"Census Tract 13.04, Travis County, Texas",3769,312,3475,322,57,60,7,12,67,60,0,13,16,17,147,85,48,63,99,60
1400000US48453001305,48453001305,"Census Tract 13.05, Travis County, Texas",5769,500,5251,468,225,233,64,105,62,64,0,18,84,69,83,72,12,20,71,70
1400000US48453001307,48453001307,"Census Tract 13.07, Travis County, Texas",3719,316,3073,353,292,255,0,13,215,236,0,13,85,76,54,39,6,9,48,39
1400000US48453001308,48453001308,"Census Tract 13.08, Travis County, Texas",2779,286,2525,288,60,49,12,18,83,54,0,13,63,64,36,42,0,13,36,42
1400000US48453001401,48453001401,"Census Tract 14.01, Travis County, Texas",3282,287,2950,287,68,60,0,13,137,76,0,13,20,23,107,86,0,13,107,86
1400000US48453001402,48453001402,"Census Tract 14.02, Travis County, Texas",2830,303,2658,305,79,63,0,13,0,13,0,13,8,14,85,81,22,25,63,76
1400000US48453001403,48453001403,"Census Tract 14.03, Travis County, Texas",1582,210,1292,233,53,40,72,76,40,26,0,13,110,86,15,15,0,13,15,15
1400000US48453001501,48453001501,"Census Tract 15.01, Travis County, Texas",5266,261,4973,288,40,47,0,18,62,51,0,18,131,105,60,67,10,29,50,45
1400000US48453001503,48453001503,"Census Tract 15.03, Travis County, Texas",3987,327,3203,343,271,187,61,79,69,48,0,13,335,169,48,51,0,13,48,51
1400000US48453001504,48453001504,"Census Tract 15.04, Travis County, Texas",5024,370,4418,359,28,25,20,33,276,250,0,18,160,222,122,86,0,18,122,86
1400000US48453001505,48453001505,"Census Tract 15.05, Travis County, Texas",4246,361,3777,360,43,46,0,13,82,77,0,13,182,187,162,121,53,84,109,83
1400000US48453001602,48453001602,"Census Tract 16.02, Travis County, Texas",3376,284,2296,257,77,59,26,41,749,173,0,13,17,27,211,187,0,13,211,187
1400000US48453001603,48453001603,"Census Tract 16.03, Travis County, Texas",4821,357,4489,373,18,30,0,13,126,98,0,13,59,51,129,81,50,53,79,67
1400000US48453001604,48453001604,"Census Tract 16.04, Travis County, Texas",4181,268,3977,310,0,13,28,45,14,23,0,13,76,117,86,84,0,13,86,84
1400000US48453001605,48453001605,"Census Tract 16.05, Travis County, Texas",3733,283,3423,308,35,32,66,99,118,120,0,13,68,62,23,27,0,13,23,27
1400000US48453001606,48453001606,"Census Tract 16.06, Travis County, Texas",96,180,68,128,28,53,0,13,0,13,0,13,0,13,0,13,0,13,0,13
1400000US48453001705,48453001705,"Census Tract 17.05, Travis County, Texas",4630,346,4358,363,0,13,14,22,174,149,26,41,18,25,40,60,0,13,40,60
1400000US48453001706,48453001706,"Census Tract 17.06, Travis County, Texas",3656,253,3114,250,210,248,12,20,214,109,0,13,33,19,73,59,0,13,73,59
1400000US48453001707,48453001707,"Census Tract 17.07, Travis County, Texas",4623,363,4187,410,131,129,0,13,96,118,0,13,125,102,84,62,13,23,71,58
1400000US48453001712,48453001712,"Census Tract 17.12, Travis County, Texas",4740,393,4301,414,195,161,20,21,9,15,0,13,112,95,103,99,9,15,94,96
1400000US48453001713,48453001713,"Census Tract 17.13, Travis County, Texas",4489,315,3694,328,223,196,35,43,74,52,0,13,307,187,156,114,8,14,148,114
1400000US48453001714,48453001714,"Census Tract 17.14, Travis County, Texas",13871,834,9984,943,790,296,0,20,2559,529,22,94,292,251,224,165,19,33,205,163
1400000US48453001716,48453001716,"Census Tract 17.16, Travis County, Texas",5282,364,4335,461,151,91,0,18,358,216,0,18,52,45,386,243,65,65,321,230
1400000US48453001718,48453001718,"Census Tract 17.18, Travis County, Texas",5812,400,4984,488,105,89,0,18,460,215,0,18,81,89,182,147,0,18,182,147
1400000US48453001719,48453001719,"Census Tract 17.19, Travis County, Texas",4052,264,3582,238,8,13,11,16,299,220,0,13,63,60,89,63,41,50,48,32
1400000US48453001722,48453001722,"Census Tract 17.22, Travis County, Texas",3488,325,2636,375,251,146,0,13,384,238,0,13,129,118,88,76,12,20,76,69
1400000US48453001728,48453001728,"Census Tract 17.28, Travis County, Texas",7242,466,5994,690,333,209,0,18,167,123,9,14,61,52,678,406,9,17,669,405
1400000US48453001729,48453001729,"Census Tract 17.29, Travis County, Texas",4728,311,4125,425,78,60,18,29,295,279,0,13,65,90,147,137,48,46,99,127
1400000US48453001733,48453001733,"Census Tract 17.33, Travis County, Texas",3787,336,3693,335,37,40,0,13,33,24,0,13,4,5,20,21,0,13,20,21
1400000US48453001737,48453001737,"Census Tract 17.37, Travis County, Texas",10736,525,9352,473,178,243,47,57,874,263,0,20,23,38,262,158,17,29,245,154
1400000US48453001738,48453001738,"Census Tract 17.38, Travis County, Texas",6943,509,6352,540,96,82,0,18,141,102,0,18,58,54,296,199,0,18,296,199
1400000US48453001740,48453001740,"Census Tract 17.40, Travis County, Texas",4785,239,3936,231,111,88,10,15,370,115,0,13,126,91,232,140,31,38,201,139
1400000US48453001741,48453001741,"Census Tract 17.41, Travis County, Texas",3285,312,2885,376,10,16,0,13,283,186,0,13,13,20,94,69,24,27,70,62
1400000US48453001742,48453001742,"Census Tract 17.42, Travis County, Texas",6806,616,6432,626,0,18,0,18,283,231,0,18,0,18,91,105,0,18,91,105
1400000US48453001745,48453001745,"Census Tract 17.45, Travis County, Texas",2319,181,1990,194,76,67,0,13,84,89,0,13,40,43,129,94,16,14,113,94
1400000US48453001746,48453001746,"Census Tract 17.46, Travis County, Texas",3933,276,3285,338,129,90,18,28,253,149,0,13,177,205,71,63,26,46,45,44
1400000US48453001747,48453001747,"Census Tract 17.47, Travis County, Texas",5613,424,4574,397,398,133,7,11,150,79,12,18,65,77,407,178,75,77,332,182
1400000US48453001748,48453001748,"Census Tract 17.48, Travis County, Texas",7042,591,5856,572,252,182,0,18,351,234,33,53,195,195,355,170,68,63,287,154
1400000US48453001749,48453001749,"Census Tract 17.49, Travis County, Texas",6325,465,4623,545,104,89,0,18,1378,409,0,18,54,58,166,159,70,116,96,88
1400000US48453001750,48453001750,"Census Tract 17.50, Travis County, Texas",4943,409,4267,406,45,46,27,32,344,162,0,13,89,108,171,125,2,3,169,125
1400000US48453001751,48453001751,"Census Tract 17.51, Travis County, Texas",2126,155,1845,173,211,224,0,13,28,33,0,13,27,41,15,24,0,13,15,24
1400000US48453001752,48453001752,"Census Tract 17.52, Travis County, Texas",3937,406,2465,424,123,114,76,121,1085,401,0,13,147,110,41,37,0,13,41,37
1400000US48453001753,48453001753,"Census Tract 17.53, Travis County, Texas",1036,99,785,89,77,68,0,13,106,47,0,13,15,23,53,29,5,9,48,27
1400000US48453001754,48453001754,"Census Tract 17.54, Travis County, Texas",4882,362,4435,381,196,147,0,13,133,89,0,13,18,25,100,85,0,13,100,85
1400000US48453001755,48453001755,"Census Tract 17.55, Travis County, Texas",6279,295,3828,214,9,15,32,38,2231,266,0,18,0,18,179,96,20,24,159,97
1400000US48453001756,48453001756,"Census Tract 17.56, Travis County, Texas",4256,256,3377,272,141,122,0,13,493,137,0,13,45,46,200,107,8,13,192,106
1400000US48453001757,48453001757,"Census Tract 17.57, Travis County, Texas",2240,211,1895,230,86,60,0,13,107,77,0,13,0,13,152,121,0,13,152,121
1400000US48453001760,48453001760,"Census Tract 17.60, Travis County, Texas",16778,959,14268,960,299,287,24,41,1672,353,0,20,62,72,453,336,15,26,438,335
1400000US48453001761,48453001761,"Census Tract 17.61, Travis County, Texas",7107,504,6222,525,0,18,0,18,468,196,0,18,126,146,291,208,19,30,272,207
1400000US48453001764,48453001764,"Census Tract 17.64, Travis County, Texas",6559,498,6219,517,37,58,0,18,113,103,0,18,76,79,114,77,81,58,33,36
1400000US48453001765,48453001765,"Census Tract 17.65, Travis County, Texas",13993,740,12586,805,233,154,0,20,654,263,0,20,184,199,336,220,0,20,336,220
1400000US48453001766,48453001766,"Census Tract 17.66, Travis County, Texas",6931,676,6811,660,3,6,41,39,0,18,0,18,53,52,23,26,0,18,23,26
1400000US48453001768,48453001768,"Census Tract 17.68, Travis County, Texas",6740,572,6160,536,66,68,0,18,276,256,0,18,116,97,122,121,0,18,122,121
1400000US48453001769,48453001769,"Census Tract 17.69, Travis County, Texas",5342,372,4881,371,23,31,38,64,188,128,17,30,34,43,161,106,0,18,161,106
1400000US48453001770,48453001770,"Census Tract 17.70, Travis County, Texas",12469,584,10227,691,87,74,50,55,1202,170,0,20,129,141,774,380,362,350,412,181
1400000US48453001771,48453001771,"Census Tract 17.71, Travis County, Texas",4177,381,3818,400,100,83,53,75,127,88,0,13,10,17,69,50,8,12,61,49
1400000US48453001772,48453001772,"Census Tract 17.72, Travis County, Texas",3715,449,2861,586,191,197,0,13,244,142,0,13,272,231,147,180,96,180,51,48
1400000US48453001773,48453001773,"Census Tract 17.73, Travis County, Texas",7199,370,6199,420,121,125,15,26,443,115,0,18,58,55,363,221,17,27,346,218
1400000US48453001774,48453001774,"Census Tract 17.74, Travis County, Texas",8279,579,7038,467,295,181,0,18,404,293,24,45,141,96,377,313,0,18,377,313
1400000US48453001775,48453001775,"Census Tract 17.75, Travis County, Texas",5496,372,4610,362,99,87,65,84,417,188,19,30,75,58,211,159,34,38,177,157
1400000US48453001776,48453001776,"Census Tract 17.76, Travis County, Texas",3011,251,2231,265,358,187,37,49,90,63,0,13,174,117,121,90,0,13,121,90
1400000US48453001777,48453001777,"Census Tract 17.77, Travis County, Texas",6091,522,5211,554,388,332,68,86,242,101,0,18,0,18,182,178,0,18,182,178
1400000US48453001778,48453001778,"Census Tract 17.78, Travis County, Texas",4080,367,4029,363,0,13,0,13,0,13,0,13,0,13,51,48,11,19,40,43
1400000US48453001779,48453001779,"Census Tract 17.79, Travis County, Texas",6199,172,5920,264,54,64,31,54,29,37,0,18,0,18,165,163,88,152,77,66
1400000US48453001780,48453001780,"Census Tract 17.80, Travis County, Texas",4036,345,3693,323,35,31,3,6,48,42,0,13,21,18,236,162,10,15,226,161
1400000US48453001781,48453001781,"Census Tract 17.81, Travis County, Texas",2397,150,2128,181,6,11,0,13,166,85,0,13,28,34,69,68,49,62,20,26
1400000US48453001782,48453001782,"Census Tract 17.82, Travis County, Texas",5355,392,3392,373,51,41,9,16,1548,258,0,18,44,44,311,154,72,86,239,136
1400000US48453001783,48453001783,"Census Tract 17.83, Travis County, Texas",5467,422,4938,464,0,18,0,18,344,226,0,18,32,30,153,92,0,18,153,92
1400000US48453001784,48453001784,"Census Tract 17.84, Travis County, Texas",6080,360,4949,348,21,25,6,10,996,224,0,18,41,45,67,58,30,25,37,54
1400000US48453001785,48453001785,"Census Tract 17.85, Travis County, Texas",4641,461,3007,545,357,234,0,13,928,355,0,13,114,130,235,149,12,20,223,148
1400000US48453001786,48453001786,"Census Tract 17.86, Travis County, Texas",5575,512,3316,450,50,46,93,133,1699,475,0,18,139,193,278,209,144,215,134,114
1400000US48453001804,48453001804,"Census Tract 18.04, Travis County, Texas",7599,784,4280,725,552,231,100,170,537,305,0,18,1859,777,271,230,95,149,176,173
1400000US48453001805,48453001805,"Census Tract 18.05, Travis County, Texas",5030,597,2390,519,467,167,0,18,170,148,0,18,1747,515,256,196,85,77,171,161
1400000US48453001806,48453001806,"Census Tract 18.06, Travis County, Texas",6679,717,3668,698,747,406,15,27,0,18,24,40,2121,722,104,97,31,49,73,83
1400000US48453001811,48453001811,"Census Tract 18.11, Travis County, Texas",3561,573,1737,541,637,158,0,13,7,13,0,13,1153,466,27,26,12,14,15,27
1400000US48453001812,48453001812,"Census Tract 18.12, Travis County, Texas",8060,827,5168,663,1003,336,13,22,143,104,0,18,1575,709,158,92,31,50,127,78
1400000US48453001813,48453001813,"Census Tract 18.13, Travis County, Texas",7424,529,5043,543,994,322,5,10,207,168,0,18,1085,333,90,122,0,18,90,122
1400000US48453001817,48453001817,"Census Tract 18.17, Travis County, Texas",3784,335,3209,387,82,118,0,13,190,135,0,13,233,144,70,51,16,25,54,46
1400000US48453001818,48453001818,"Census Tract 18.18, Travis County, Texas",5733,722,3468,761,179,226,26,43,213,242,0,18,1710,609,137,145,21,34,116,135
1400000US48453001819,48453001819,"Census Tract 18.19, Travis County, Texas",4465,414,2619,526,352,173,0,13,291,141,0,13,1203,424,0,13,0,13,0,13
1400000US48453001820,48453001820,"Census Tract 18.20, Travis County, Texas",6973,851,3998,660,623,247,50,57,93,107,0,18,2035,718,174,113,0,18,174,113
1400000US48453001821,48453001821,"Census Tract 18.21, Travis County, Texas",6231,601,4180,601,761,238,63,71,155,131,0,18,880,419,192,136,58,66,134,119
1400000US48453001822,48453001822,"Census Tract 18.22, Travis County, Texas",7291,764,4816,855,623,330,38,61,157,163,0,18,1549,568,108,123,0,18,108,123
1400000US48453001823,48453001823,"Census Tract 18.23, Travis County, Texas",7653,626,4382,700,1009,368,47,75,106,87,18,29,1838,537,253,137,98,86,155,92
1400000US48453001824,48453001824,"Census Tract 18.24, Travis County, Texas",1639,166,1329,134,23,23,0,13,50,31,0,13,151,105,86,53,0,13,86,53
1400000US48453001826,48453001826,"Census Tract 18.26, Travis County, Texas",2420,277,1323,244,212,113,0,13,589,173,0,13,248,179,48,38,20,32,28,30
1400000US48453001828,48453001828,"Census Tract 18.28, Travis County, Texas",4254,206,3634,284,142,92,65,72,94,67,0,13,104,86,215,129,24,39,191,120
1400000US48453001829,48453001829,"Census Tract 18.29, Travis County, Texas",2465,175,1954,227,38,34,0,13,211,113,0,13,113,92,149,98,8,13,141,98
1400000US48453001832,48453001832,"Census Tract 18.32, Travis County, Texas",3012,302,2211,261,556,258,11,19,122,78,0,13,29,34,83,67,30,47,53,46
1400000US48453001833,48453001833,"Census Tract 18.33, Travis County, Texas",8733,911,4984,970,1049,408,105,130,191,173,0,18,2166,1051,238,203,29,67,209,184
1400000US48453001834,48453001834,"Census Tract 18.34, Travis County, Texas",8575,573,4020,509,1833,398,46,39,1681,367,0,18,396,295,599,293,236,200,363,214
1400000US48453001835,48453001835,"Census Tract 18.35, Travis County, Texas",6037,704,3547,909,720,284,0,18,332,186,0,18,1235,778,203,111,0,18,203,111
1400000US48453001839,48453001839,"Census Tract 18.39, Travis County, Texas",6746,432,3737,345,948,256,11,21,1859,186,51,63,45,43,95,70,12,18,83,72
1400000US48453001840,48453001840,"Census Tract 18.40, Travis County, Texas",10251,813,6430,834,1553,484,62,46,917,244,0,20,1075,597,214,141,87,93,127,101
1400000US48453001841,48453001841,"Census Tract 18.41, Travis County, Texas",17937,1034,12298,1261,2447,636,117,166,2537,434,0,20,147,130,391,321,0,20,391,321
1400000US48453001842,48453001842,"Census Tract 18.42, Travis County, Texas",10349,1139,7314,1122,1281,659,0,20,1158,474,0,20,435,309,161,132,0,20,161,132
1400000US48453001843,48453001843,"Census Tract 18.43, Travis County, Texas",2521,162,1902,201,57,55,30,39,313,110,0,13,103,94,116,67,5,7,111,67
1400000US48453001844,48453001844,"Census Tract 18.44, Travis County, Texas",3729,442,2726,461,624,320,0,13,183,148,0,13,154,127,42,51,0,13,42,51
1400000US48453001845,48453001845,"Census Tract 18.45, Travis County, Texas",3086,304,2642,323,150,90,0,13,148,108,0,13,114,108,32,35,0,13,32,35
1400000US48453001846,48453001846,"Census Tract 18.46, Travis County, Texas",2289,114,1963,121,46,55,0,13,204,106,0,13,14,18,62,45,12,18,50,41
1400000US48453001847,48453001847,"Census Tract 18.47, Travis County, Texas",7085,523,4316,632,877,561,0,18,1310,344,0,18,428,317,154,131,20,31,134,128
1400000US48453001848,48453001848,"Census Tract 18.48, Travis County, Texas",5001,407,3186,375,416,129,0,18,1077,223,0,18,59,54,263,118,9,15,254,117
1400000US48453001849,48453001849,"Census Tract 18.49, Travis County, Texas",6013,647,3614,555,717,472,25,38,952,273,0,18,442,350,263,151,44,69,219,125
1400000US48453001850,48453001850,"Census Tract 18.50, Travis County, Texas",3916,474,2963,534,262,156,22,33,341,188,0,13,209,138,119,77,39,43,80,65
1400000US48453001851,48453001851,"Census Tract 18.51, Travis County, Texas",9796,735,6337,889,2163,744,26,32,900,351,0,18,81,105,289,201,0,18,289,201
1400000US48453001853,48453001853,"Census Tract 18.53, Travis County, Texas",3115,262,2340,204,221,150,80,96,156,102,0,13,216,178,102,78,0,13,102,78
1400000US48453001854,48453001854,"Census Tract 18.54, Travis County, Texas",5207,668,2768,847,1230,288,0,18,59,65,0,18,1023,529,127,101,46,81,81,58
1400000US48453001855,48453001855,"Census Tract 18.55, Travis County, Texas",14644,1020,9625,1106,3513,775,21,32,728,450,0,20,337,351,420,366,67,107,353,354
1400000US48453001856,48453001856,"Census Tract 18.56, Travis County, Texas",7058,525,3887,496,2350,368,0,18,218,134,0,18,412,347,191,192,0,18,191,192
1400000US48453001857,48453001857,"Census Tract 18.57, Travis County, Texas",6322,617,4251,654,821,171,0,18,762,232,0,18,208,170,280,226,43,52,237,217
1400000US48453001858,48453001858,"Census Tract 18.58, Travis County, Texas",19013,1164,14177,1300,2645,1017,197,229,1176,313,0,20,396,283,422,307,66,81,356,292
1400000US48453001859,48453001859,"Census Tract 18.59, Travis County, Texas",1769,291,1466,269,80,73,20,28,56,53,0,13,104,94,43,42,12,18,31,38
1400000US48453001860,48453001860,"Census Tract 18.60, Travis County, Texas",4262,371,3188,530,690,374,28,45,113,95,0,13,106,113,137,122,54,64,83,81
1400000US48453001861,48453001861,"Census Tract 18.61, Travis County, Texas",4822,468,3904,547,411,199,0,13,202,163,10,16,107,104,188,117,57,57,131,100
1400000US48453001862,48453001862,"Census Tract 18.62, Travis County, Texas",6786,599,4157,528,1400,287,156,149,678,322,0,18,83,82,312,185,68,82,244,173
1400000US48453001863,48453001863,"Census Tract 18.63, Travis County, Texas",3679,306,1985,308,925,249,98,117,341,181,0,13,248,158,82,83,9,14,73,81
1400000US48453001864,48453001864,"Census Tract 18.64, Travis County, Texas",2776,276,1847,200,525,137,37,40,239,128,0,13,6,11,122,112,0,13,122,112
1400000US48453001901,48453001901,"Census Tract 19.01, Travis County, Texas",5671,308,5393,296,19,30,0,18,116,135,0,18,0,18,143,127,0,18,143,127
1400000US48453001908,48453001908,"Census Tract 19.08, Travis County, Texas",9205,798,8203,839,154,139,11,20,755,226,0,18,24,36,58,73,0,18,58,73
1400000US48453001910,48453001910,"Census Tract 19.10, Travis County, Texas",4529,303,3929,314,48,40,0,13,435,275,0,13,20,21,97,75,35,40,62,63
1400000US48453001911,48453001911,"Census Tract 19.11, Travis County, Texas",3083,250,2628,270,40,40,0,13,280,135,0,13,92,74,43,44,22,36,21,24
1400000US48453001912,48453001912,"Census Tract 19.12, Travis County, Texas",3741,284,3182,295,42,48,0,13,365,143,0,13,38,38,114,65,15,17,99,63
1400000US48453001913,48453001913,"Census Tract 19.13, Travis County, Texas",4774,357,3976,377,71,111,0,13,537,240,0,13,0,13,190,139,0,13,190,139
1400000US48453001914,48453001914,"Census Tract 19.14, Travis County, Texas",6145,352,5594,410,56,53,16,25,246,151,0,18,45,58,188,144,0,18,188,144
1400000US48453001915,48453001915,"Census Tract 19.15, Travis County, Texas",1780,186,1622,202,12,19,0,13,65,44,15,27,32,40,34,32,15,27,19,19
1400000US48453001916,48453001916,"Census Tract 19.16, Travis County, Texas",3259,276,2855,280,16,25,0,13,307,79,0,13,0,13,81,69,0,13,81,69
1400000US48453001917,48453001917,"Census Tract 19.17, Travis County, Texas",4985,313,4337,238,0,13,0,13,366,161,196,264,7,10,79,74,0,13,79,74
1400000US48453001918,48453001918,"Census Tract 19.18, Travis County, Texas",2446,185,2183,227,0,13,5,8,56,54,0,13,45,65,157,191,134,190,23,28
1400000US48453001919,48453001919,"Census Tract 19.19, Travis County, Texas",3921,225,3526,249,33,48,0,13,149,77,0,13,23,21,190,82,23,21,167,78
1400000US48453002002,48453002002,"Census Tract 20.02, Travis County, Texas",3098,333,2800,347,142,153,0,13,55,88,16,24,85,73,0,13,0,13,0,13
1400000US48453002003,48453002003,"Census Tract 20.03, Travis County, Texas",4117,504,3584,479,175,121,20,27,27,27,0,13,288,208,23,27,0,13,23,27
1400000US48453002004,48453002004,"Census Tract 20.04, Travis County, Texas",2264,173,1943,195,68,64,50,87,117,67,0,13,35,33,51,44,0,13,51,44
1400000US48453002005,48453002005,"Census Tract 20.05, Travis County, Texas",4921,840,4414,823,153,116,0,13,98,96,0,13,33,36,223,220,0,13,223,220
1400000US48453002104,48453002104,"Census Tract 21.04, Travis County, Texas",3582,526,2524,507,430,363,0,13,48,36,0,13,488,341,92,69,0,13,92,69
1400000US48453002105,48453002105,"Census Tract 21.05, Travis County, Texas",5241,504,3417,509,774,322,9,14,165,157,0,18,719,372,157,79,10,16,147,78
1400000US48453002106,48453002106,"Census Tract 21.06, Travis County, Texas",3011,389,2650,400,245,157,26,49,62,102,0,13,0,13,28,23,0,13,28,23
1400000US48453002107,48453002107,"Census Tract 21.07, Travis County, Texas",4292,509,2578,572,1279,339,9,13,32,34,0,13,262,204,132,74,28,40,104,61
1400000US48453002108,48453002108,"Census Tract 21.08, Travis County, Texas",3857,595,2263,702,1441,341,20,32,0,13,0,13,87,75,46,32,22,23,24,26
1400000US48453002109,48453002109,"Census Tract 21.09, Travis County, Texas",3963,448,1713,468,1833,230,44,44,32,35,0,13,316,224,25,27,0,13,25,27
1400000US48453002110,48453002110,"Census Tract 21.10, Travis County, Texas",4439,449,2264,396,1233,372,115,145,70,75,0,13,631,265,126,78,35,30,91,76
1400000US48453002111,48453002111,"Census Tract 21.11, Travis County, Texas",5418,605,3593,523,858,258,83,120,75,44,25,38,569,251,215,133,34,33,181,128
1400000US48453002112,48453002112,"Census Tract 21.12, Travis County, Texas",5346,459,3322,518,1195,250,45,68,109,70,0,18,557,312,118,90,12,17,106,89
1400000US48453002113,48453002113,"Census Tract 21.13, Travis County, Texas",3628,408,2705,422,718,206,7,10,26,27,0,13,75,60,97,93,0,13,97,93
1400000US48453002201,48453002201,"Census Tract 22.01, Travis County, Texas",2032,225,936,194,850,174,8,12,0,13,0,13,170,148,68,48,4,7,64,47
1400000US48453002202,48453002202,"Census Tract 22.02, Travis County, Texas",8559,1013,5252,955,2489,472,43,69,0,18,0,18,365,352,410,424,117,194,293,374
1400000US48453002207,48453002207,"Census Tract 22.07, Travis County, Texas",9450,987,6150,885,2474,628,0,18,23,35,0,18,253,233,550,533,309,374,241,267
1400000US48453002208,48453002208,"Census Tract 22.08, Travis County, Texas",8548,873,5638,926,2133,454,48,91,10,15,0,18,694,462,25,24,6,12,19,21
1400000US48453002209,48453002209,"Census Tract 22.09, Travis County, Texas",9122,905,5900,971,1727,381,54,70,0,18,0,18,840,497,601,311,397,268,204,140
1400000US48453002210,48453002210,"Census Tract 22.10, Travis County, Texas",3561,432,2959,482,286,213,0,13,0,13,0,13,242,225,74,64,7,12,67,61
1400000US48453002211,48453002211,"Census Tract 22.11, Travis County, Texas",2512,324,1620,303,438,120,0,13,54,52,0,13,321,147,79,73,6,12,73,67
1400000US48453002212,48453002212,"Census Tract 22.12, Travis County, Texas",828,340,265,117,297,181,0,13,0,13,0,13,245,350,21,25,21,25,0,13
1400000US48453002304,48453002304,"Census Tract 23.04, Travis County, Texas",3295,465,2714,441,210,160,0,13,127,79,0,13,108,116,136,69,0,13,136,69
1400000US48453002307,48453002307,"Census Tract 23.07, Travis County, Texas",5572,539,4346,486,302,200,0,18,159,123,0,18,687,397,78,63,0,18,78,63
1400000US48453002308,48453002308,"Census Tract 23.08, Travis County, Texas",6352,627,5556,639,254,126,87,66,142,99,0,18,103,80,210,114,19,23,191,113
1400000US48453002310,48453002310,"Census Tract 23.10, Travis County, Texas",3455,345,2454,372,250,104,0,13,10,16,0,13,678,304,63,55,10,9,53,55
1400000US48453002312,48453002312,"Census Tract 23.12, Travis County, Texas",7522,681,5562,646,480,152,197,232,1,2,0,18,1219,704,63,61,0,18,63,61
1400000US48453002313,48453002313,"Census Tract 23.13, Travis County, Texas",4883,501,3104,496,898,300,0,13,118,107,0,13,369,218,394,164,92,67,302,156
1400000US48453002314,48453002314,"Census Tract 23.14, Travis County, Texas",4874,825,2781,568,946,444,95,153,85,85,16,42,837,502,114,54,58,6,56,53
1400000US48453002315,48453002315,"Census Tract 23.15, Travis County, Texas",3053,405,2297,326,158,115,0,13,43,45,0,13,465,312,90,70,0,13,90,70
1400000US48453002316,48453002316,"Census Tract 23.16, Travis County, Texas",5405,474,4230,567,374,210,9,15,29,70,0,18,644,359,119,83,43,55,76,56
1400000US48453002317,48453002317,"Census Tract 23.17, Travis County, Texas",5150,594,3277,622,858,357,33,38,188,120,0,18,524,277,270,133,0,18,270,133
1400000US48453002318,48453002318,"Census Tract 23.18, Travis County, Texas",10290,1148,7014,1104,1342,518,0,20,1090,551,0,20,530,325,314,298,0,20,314,298
1400000US48453002319,48453002319,"Census Tract 23.19, Travis County, Texas",2264,362,1532,251,638,135,26,29,0,13,0,13,45,71,23,26,0,13,23,26
1400000US48453002402,48453002402,"Census Tract 24.02, Travis County, Texas",7329,578,6402,595,330,191,64,64,138,77,0,18,220,121,175,117,34,35,141,104
1400000US48453002403,48453002403,"Census Tract 24.03, Travis County, Texas",2575,301,2201,325,235,120,0,13,44,60,0,13,52,65,43,39,36,36,7,13
1400000US48453002407,48453002407,"Census Tract 24.07, Travis County, Texas",5896,562,4813,602,175,143,72,106,299,184,0,18,319,239,218,131,108,95,110,83
1400000US48453002409,48453002409,"Census Tract 24.09, Travis County, Texas",3529,249,3128,298,156,122,8,14,35,45,15,26,101,71,86,51,35,33,51,39
1400000US48453002410,48453002410,"Census Tract 24.10, Travis County, Texas",4132,370,3554,395,251,178,19,23,140,192,0,13,79,53,89,92,25,24,64,94
1400000US48453002411,48453002411,"Census Tract 24.11, Travis County, Texas",6858,557,4138,811,567,288,153,277,7,11,0,18,1692,787,301,223,221,222,80,60
1400000US48453002412,48453002412,"Census Tract 24.12, Travis County, Texas",6082,386,4305,461,499,117,48,64,40,46,0,18,1133,468,57,47,38,34,19,32
1400000US48453002413,48453002413,"Census Tract 24.13, Travis County, Texas",4953,471,3203,493,289,139,150,197,0,13,0,13,1127,490,184,194,94,127,90,146
1400000US48453002419,48453002419,"Census Tract 24.19, Travis County, Texas",4327,354,2971,386,518,238,148,190,82,58,0,13,508,295,100,70,0,13,100,70
1400000US48453002421,48453002421,"Census Tract 24.21, Travis County, Texas",9346,609,7556,716,596,223,18,30,334,132,0,18,453,269,389,173,19,31,370,156
1400000US48453002422,48453002422,"Census Tract 24.22, Travis County, Texas",5511,585,4719,666,348,151,0,18,63,83,0,18,222,240,159,134,86,102,73,80
1400000US48453002423,48453002423,"Census Tract 24.23, Travis County, Texas",5690,508,4811,538,315,185,7,13,85,87,0,18,315,291,157,128,11,19,146,126
1400000US48453002424,48453002424,"Census Tract 24.24, Travis County, Texas",3871,345,3424,400,258,135,9,15,37,40,0,13,106,77,37,33,0,13,37,33
1400000US48453002425,48453002425,"Census Tract 24.25, Travis County, Texas",3536,428,3009,442,120,95,0,13,160,118,0,13,217,159,30,40,0,13,30,40
1400000US48453002426,48453002426,"Census Tract 24.26, Travis County, Texas",9702,1318,7609,1273,824,446,234,291,20,33,0,18,636,508,379,411,0,18,379,411
1400000US48453002427,48453002427,"Census Tract 24.27, Travis County, Texas",8261,934,5784,1086,545,251,107,155,0,18,0,18,1418,590,407,330,66,85,341,339
1400000US48453002428,48453002428,"Census Tract 24.28, Travis County, Texas",6618,511,5580,611,227,314,51,93,260,212,0,18,363,338,137,94,14,23,123,86
1400000US48453002429,48453002429,"Census Tract 24.29, Travis County, Texas",762,137,576,116,58,43,0,13,14,18,17,29,56,46,41,38,8,12,33,36
1400000US48453002430,48453002430,"Census Tract 24.30, Travis County, Texas",3482,452,2479,577,153,99,8,16,0,13,0,13,608,401,234,233,11,17,223,238
1400000US48453002431,48453002431,"Census Tract 24.31, Travis County, Texas",8167,691,6311,845,397,209,0,18,77,120,0,18,1305,608,77,59,32,26,45,54
1400000US48453002432,48453002432,"Census Tract 24.32, Travis County, Texas",2087,304,1466,295,222,181,73,110,0,13,0,13,287,205,39,60,39,60,0,13
1400000US48453002433,48453002433,"Census Tract 24.33, Travis County, Texas",6793,625,4271,632,1315,546,0,18,287,236,0,18,773,439,147,130,0,18,147,130
1400000US48453002434,48453002434,"Census Tract 24.34, Travis County, Texas",1764,180,1442,225,56,36,15,22,0,13,0,13,203,96,48,41,17,24,31,31
1400000US48453002435,48453002435,"Census Tract 24.35, Travis County, Texas",8019,709,4389,782,1063,467,144,166,251,283,0,18,1719,889,453,331,21,37,432,330
1400000US48453002436,48453002436,"Census Tract 24.36, Travis County, Texas",2267,394,1957,408,4,7,0,13,3,6,0,13,264,179,39,35,35,35,4,6
1400000US48453002500,48453002500,"Census Tract 25, Travis County, Texas",5630,537,4516,535,306,277,0,18,364,215,0,18,108,104,336,200,92,95,244,152
1400000US48453980000,48453980000,"Census Tract 9800, Travis County, Texas",0,13,0,13,0,13,0,13,0,13,0,13,0,13,0,13,0,13,0,13
1400000US48491020105,48491020105,"Census Tract 201.05, Williamson County, Texas",5417,385,5365,401,0,18,19,37,0,18,0,18,33,36,0,18,0,18,0,18
1400000US48491020106,48491020106,"Census Tract 201.06, Williamson County, Texas",4026,383,3669,361,80,113,0,13,152,157,0,13,85,78,40,44,0,13,40,44
1400000US48491020107,48491020107,"Census Tract 201.07, Williamson County, Texas",5396,297,5289,302,32,52,22,34,35,32,0,18,0,18,18,30,18,30,0,18
1400000US48491020108,48491020108,"Census Tract 201.08, Williamson County, Texas",2965,326,2558,293,336,319,0,13,0,13,0,13,25,35,46,61,46,61,0,13
1400000US48491020109,48491020109,"Census Tract 201.09, Williamson County, Texas",3400,252,3059,301,94,94,15,25,149,165,0,13,24,44,59,47,0,13,59,47
1400000US48491020110,48491020110,"Census Tract 201.10, Williamson County, Texas",3828,312,3729,312,49,73,0,13,0,13,0,13,0,13,50,52,0,13,50,52
1400000US48491020111,48491020111,"Census Tract 201.11, Williamson County, Texas",3455,309,3154,351,193,127,0,13,13,20,0,13,54,95,41,46,0,13,41,46
1400000US48491020112,48491020112,"Census Tract 201.12, Williamson County, Texas",2942,185,2820,193,42,67,0,13,0,13,0,13,7,11,73,59,0,13,73,59
1400000US48491020113,48491020113,"Census Tract 201.13, Williamson County, Texas",2865,428,2610,422,53,53,0,13,0,13,0,13,59,68,143,123,0,13,143,123
1400000US48491020114,48491020114,"Census Tract 201.14, Williamson County, Texas",5538,560,4953,583,330,209,0,18,18,19,0,18,15,23,222,206,66,102,156,144
1400000US48491020115,48491020115,"Census Tract 201.15, Williamson County, Texas",3587,269,3298,319,121,133,0,13,93,122,0,13,5,9,70,70,0,13,70,70
1400000US48491020201,48491020201,"Census Tract 202.01, Williamson County, Texas",1478,192,1423,193,0,13,0,13,8,14,0,13,47,47,0,13,0,13,0,13
1400000US48491020202,48491020202,"Census Tract 202.02, Williamson County, Texas",5714,634,5461,633,28,36,0,18,23,34,0,18,132,124,70,60,11,18,59,51
1400000US48491020203,48491020203,"Census Tract 202.03, Williamson County, Texas",3169,173,3145,173,12,18,0,13,0,13,0,13,12,13,0,13,0,13,0,13
1400000US48491020204,48491020204,"Census Tract 202.04, Williamson County, Texas",4641,559,4467,534,1,3,11,19,27,29,16,26,69,68,50,47,22,25,28,38
1400000US48491020301,48491020301,"Census Tract 203.01, Williamson County, Texas",7183,574,6386,579,99,113,60,64,98,101,0,18,256,194,284,200,9,13,275,193
1400000US48491020302,48491020302,"Census Tract 203.02, Williamson County, Texas",4047,396,3806,441,0,13,48,52,29,38,0,13,114,100,50,53,24,38,26,35
1400000US48491020310,48491020310,"Census Tract 203.10, Williamson County, Texas",2881,256,2593,255,55,55,0,13,122,102,0,13,25,28,86,64,0,13,86,64
1400000US48491020311,48491020311,"Census Tract 203.11, Williamson County, Texas",4259,305,2897,372,186,104,0,13,882,210,0,13,72,69,222,141,0,13,222,141
1400000US48491020312,48491020312,"Census Tract 203.12, Williamson County, Texas",8309,584,7334,731,227,156,0,18,12,20,0,18,374,330,362,335,40,46,322,332
1400000US48491020313,48491020313,"Census Tract 203.13, Williamson County, Texas",9446,706,7608,700,141,94,48,68,798,209,0,18,297,293,554,262,85,101,469,252
1400000US48491020314,48491020314,"Census Tract 203.14, Williamson County, Texas",5759,505,4793,468,204,193,0,18,190,165,0,18,110,129,462,283,0,18,462,283
1400000US48491020315,48491020315,"Census Tract 203.15, Williamson County, Texas",6137,608,4638,609,104,133,0,18,1284,291,0,18,33,38,78,71,10,18,68,69
1400000US48491020316,48491020316,"Census Tract 203.16, Williamson County, Texas",3773,357,3172,354,72,60,21,31,410,190,0,13,47,48,51,45,0,13,51,45
1400000US48491020317,48491020317,"Census Tract 203.17, Williamson County, Texas",3795,455,2886,454,260,192,20,33,500,292,0,13,44,53,85,79,9,15,76,66
1400000US48491020318,48491020318,"Census Tract 203.18, Williamson County, Texas",8487,548,6868,591,327,212,16,27,711,280,30,48,92,70,443,251,61,64,382,255
1400000US48491020319,48491020319,"Census Tract 203.19, Williamson County, Texas",5754,399,5141,427,140,113,0,18,110,85,0,18,113,104,250,176,63,108,187,140
1400000US48491020320,48491020320,"Census Tract 203.20, Williamson County, Texas",7933,724,7119,787,150,208,33,39,170,161,0,18,257,185,204,155,57,66,147,138
1400000US48491020321,48491020321,"Census Tract 203.21, Williamson County, Texas",1771,208,1445,246,71,109,0,13,10,12,0,13,204,178,41,33,26,29,15,17
1400000US48491020322,48491020322,"Census Tract 203.22, Williamson County, Texas",9637,634,8518,753,420,273,0,18,423,218,0,18,14,25,262,165,25,39,237,153
1400000US48491020323,48491020323,"Census Tract 203.23, Williamson County, Texas",3050,219,2506,274,281,187,0,13,0,13,0,13,112,117,151,111,56,88,95,62
1400000US48491020324,48491020324,"Census Tract 203.24, Williamson County, Texas",7823,434,6636,500,403,263,0,18,487,216,0,18,102,98,195,126,61,60,134,109
1400000US48491020325,48491020325,"Census Tract 203.25, Williamson County, Texas",3564,415,2326,626,1084,575,13,20,19,32,0,13,78,91,44,44,0,13,44,44
1400000US48491020326,48491020326,"Census Tract 203.26, Williamson County, Texas",6350,378,5855,400,24,24,0,18,283,124,0,18,70,56,118,75,0,18,118,75
1400000US48491020327,48491020327,"Census Tract 203.27, Williamson County, Texas",2539,228,2115,324,73,81,28,26,11,15,0,13,19,18,293,318,19,21,274,318
1400000US48491020328,48491020328,"Census Tract 203.28, Williamson County, Texas",7490,770,5987,477,607,212,100,93,582,517,0,18,101,81,113,104,0,18,113,104
1400000US48491020403,48491020403,"Census Tract 204.03, Williamson County, Texas",2196,235,1803,236,38,40,0,13,244,150,0,13,11,19,100,84,67,82,33,37
1400000US48491020404,48491020404,"Census Tract 204.04, Williamson County, Texas",3573,287,2890,310,77,84,0,13,322,126,0,13,139,148,145,98,34,46,111,94
1400000US48491020405,48491020405,"Census Tract 204.05, Williamson County, Texas",6653,513,5425,521,234,137,0,18,751,209,0,18,47,70,196,158,34,52,162,148
1400000US48491020406,48491020406,"Census Tract 204.06, Williamson County, Texas",6257,575,4599,577,772,366,67,79,390,253,0,18,180,185,249,268,0,18,249,268
1400000US48491020408,48491020408,"Census Tract 204.08, Williamson County, Texas",5062,498,4248,511,310,200,0,18,303,176,0,18,118,118,83,86,0,18,83,86
1400000US48491020409,48491020409,"Census Tract 204.09, Williamson County, Texas",5015,361,3964,393,344,219,0,18,227,149,0,18,44,39,436,260,0,18,436,260
1400000US48491020410,48491020410,"Census Tract 204.10, Williamson County, Texas",6101,483,4433,714,727,470,0,18,610,266,0,18,27,43,304,177,43,50,261,173
1400000US48491020411,48491020411,"Census Tract 204.11, Williamson County, Texas",5554,463,4461,526,218,238,0,18,720,171,0,18,83,86,72,107,0,18,72,107
1400000US48491020503,48491020503,"Census Tract 205.03, Williamson County, Texas",5023,388,4427,390,106,147,0,18,304,82,0,18,49,42,137,94,27,43,110,81
1400000US48491020504,48491020504,"Census Tract 205.04, Williamson County, Texas",9987,933,7853,1130,616,312,268,231,441,227,0,18,392,296,417,281,22,35,395,276
1400000US48491020505,48491020505,"Census Tract 205.05, Williamson County, Texas",2729,211,2215,219,75,65,0,13,398,241,0,13,5,7,36,31,0,13,36,31
1400000US48491020506,48491020506,"Census Tract 205.06, Williamson County, Texas",7672,721,6032,783,294,202,0,18,813,278,0,18,85,76,448,224,0,18,448,224
1400000US48491020507,48491020507,"Census Tract 205.07, Williamson County, Texas",3250,560,2340,556,358,397,0,13,336,180,0,13,134,161,82,79,41,64,41,41
1400000US48491020508,48491020508,"Census Tract 205.08, Williamson County, Texas",4696,498,3498,608,292,227,13,23,603,274,0,13,45,44,245,239,0,13,245,239
1400000US48491020509,48491020509,"Census Tract 205.09, Williamson County, Texas",6814,434,5238,388,74,68,0,18,1311,364,0,18,89,91,102,114,0,18,102,114
1400000US48491020510,48491020510,"Census Tract 205.10, Williamson County, Texas",10418,739,7213,809,371,231,0,20,2353,484,0,20,75,101,406,187,0,20,406,187
1400000US48491020602,48491020602,"Census Tract 206.02, Williamson County, Texas",5246,374,4298,397,425,148,51,47,87,80,0,18,176,143,209,154,52,61,157,137
1400000US48491020603,48491020603,"Census Tract 206.03, Williamson County, Texas",9871,543,7676,669,270,208,0,18,1372,227,0,18,48,60,505,226,40,72,465,218
1400000US48491020604,48491020604,"Census Tract 206.04, Williamson County, Texas",6278,609,5140,743,186,117,34,49,408,247,0,18,390,260,120,78,15,23,105,75
1400000US48491020605,48491020605,"Census Tract 206.05, Williamson County, Texas",6631,395,5141,423,466,159,64,99,291,131,0,18,81,116,588,311,227,238,361,199
1400000US48491020701,48491020701,"Census Tract 207.01, Williamson County, Texas",2537,364,1964,349,239,147,5,10,41,30,0,13,175,134,113,88,64,72,49,49
1400000US48491020703,48491020703,"Census Tract 207.03, Williamson County, Texas",10923,640,7829,620,2246,524,21,34,448,211,0,20,209,141,170,110,40,70,130,77
1400000US48491020704,48491020704,"Census Tract 207.04, Williamson County, Texas",6123,1051,5237,968,322,178,12,20,342,348,0,18,157,122,53,68,17,28,36,61
1400000US48491020706,48491020706,"Census Tract 207.06, Williamson County, Texas",3959,332,3309,294,360,274,7,11,218,175,0,13,30,51,35,44,5,14,30,43
1400000US48491020707,48491020707,"Census Tract 207.07, Williamson County, Texas",4768,435,3548,456,835,231,0,13,79,75,0,13,63,62,243,136,23,37,220,128
1400000US48491020708,48491020708,"Census Tract 207.08, Williamson County, Texas",7558,527,5577,606,573,160,0,18,1100,324,0,18,11,18,297,167,15,29,282,165
1400000US48491020803,48491020803,"Census Tract 208.03, Williamson County, Texas",4259,572,3611,562,26,41,0,13,37,61,0,13,290,251,295,252,42,48,253,253
1400000US48491020804,48491020804,"Census Tract 208.04, Williamson County, Texas",9977,621,8038,594,735,374,0,18,874,307,0,18,52,47,278,172,41,51,237,172
1400000US48491020805,48491020805,"Census Tract 208.05, Williamson County, Texas",7728,605,7208,650,337,267,0,18,35,54,0,18,43,50,105,92,18,30,87,88
1400000US48491020806,48491020806,"Census Tract 208.06, Williamson County, Texas",3958,433,2955,438,683,299,16,29,74,53,0,13,58,50,172,96,24,37,148,91
1400000US48491020807,48491020807,"Census Tract 208.07, Williamson County, Texas",8075,730,6176,819,1145,336,0,18,92,142,0,18,428,295,234,163,13,22,221,162
1400000US48491020808,48491020808,"Census Tract 208.08, Williamson County, Texas",1687,312,1408,322,131,127,0,13,0,13,0,13,54,107,94,102,0,13,94,102
1400000US48491020809,48491020809,"Census Tract 208.09, Williamson County, Texas",6700,558,4883,575,963,256,0,18,56,66,0,18,403,284,395,254,141,134,254,253
1400000US48491020900,48491020900,"Census Tract 209, Williamson County, Texas",4043,328,3822,320,144,81,8,12,0,13,0,13,41,23,28,24,0,13,28,24
1400000US48491021000,48491021000,"Census Tract 210, Williamson County, Texas",3026,373,2215,383,633,164,0,13,9,17,0,13,125,163,44,41,8,12,36,37
1400000US48491021100,48491021100,"Census Tract 211, Williamson County, Texas",2977,315,2328,309,268,193,7,10,0,13,0,13,286,165,88,67,29,38,59,59
1400000US48491021201,48491021201,"Census Tract 212.01, Williamson County, Texas",3023,283,2539,318,139,104,27,42,15,26,0,13,230,160,73,81,53,75,20,25
1400000US48491021202,48491021202,"Census Tract 212.02, Williamson County, Texas",3293,289,2583,278,366,178,15,24,106,110,0,13,74,58,149,134,12,18,137,131
1400000US48491021203,48491021203,"Census Tract 212.03, Williamson County, Texas",2961,305,2243,315,230,196,0,13,7,11,0,13,215,205,266,157,70,66,196,144
1400000US48491021300,48491021300,"Census Tract 213, Williamson County, Texas",4117,339,3296,297,593,148,0,13,31,28,10,17,127,75,60,40,3,5,57,39
1400000US48491021401,48491021401,"Census Tract 214.01, Williamson County, Texas",10289,754,9701,853,191,150,28,46,128,135,0,20,107,114,134,128,36,55,98,118
1400000US48491021402,48491021402,"Census Tract 214.02, Williamson County, Texas",4458,369,3563,401,526,251,16,26,0,13,0,13,299,177,54,48,5,9,49,47
1400000US48491021403,48491021403,"Census Tract 214.03, Williamson County, Texas",4366,480,3738,484,325,236,15,18,151,128,0,13,90,72,47,56,47,56,0,13
1400000US48491021502,48491021502,"Census Tract 215.02, Williamson County, Texas",5840,552,3945,462,1046,425,0,18,113,144,0,18,465,197,271,165,84,80,187,148
1400000US48491021503,48491021503,"Census Tract 215.03, Williamson County, Texas",4890,759,4100,619,525,296,0,13,61,71,11,17,55,46,138,111,50,76,88,83
1400000US48491021504,48491021504,"Census Tract 215.04, Williamson County, Texas",7935,771,5521,907,985,440,0,18,946,288,0,18,389,454,94,90,70,82,24,39
1400000US48491021505,48491021505,"Census Tract 215.05, Williamson County, Texas",7805,867,5709,972,554,222,143,135,263,108,0,18,809,498,327,248,192,179,135,169
1400000US48491021506,48491021506,"Census Tract 215.06, Williamson County, Texas",3264,226,2504,266,328,169,0,13,88,68,56,85,161,117,127,77,5,7,122,77
1400000US48491021507,48491021507,"Census Tract 215.07, Williamson County, Texas",9820,797,7262,710,1230,453,97,99,643,219,0,18,345,294,243,137,61,88,182,107
1400000US48491021508,48491021508,"Census Tract 215.08, Williamson County, Texas",7675,966,6126,1041,775,158,25,39,283,222,0,18,185,183,281,166,18,28,263,161
1400000US48491021601,48491021601,"Census Tract 216.01, Williamson County, Texas",3723,438,3407,461,54,50,0,13,0,13,0,13,229,135,33,29,11,18,22,23
1400000US48491021602,48491021602,"Census Tract 216.02, Williamson County, Texas",2951,326,2811,272,79,119,0,13,13,17,0,13,48,56,0,13,0,13,0,13
1400000US48491021603,48491021603,"Census Tract 216.03, Williamson County, Texas",1450,150,1279,172,19,22,5,9,15,14,0,13,122,83,10,15,0,13,10,15
