GEO.id,GEO.id2,GEO.display-label,HD01_VD01,HD02_VD01,HD01_VD02,HD02_VD02,HD01_VD03,HD02_VD03,HD01_VD04,HD02_VD04,HD01_VD05,HD02_VD05,HD01_VD06,HD02_VD06,HD01_VD07,HD02_VD07,HD01_VD08,HD02_VD08,HD01_VD09,HD02_VD09,HD01_VD10,HD02_VD10
Id,Id2,Geography,Estimate; Total:,Margin of Error; Total:,Estimate; Total: - White alone,Margin of Error; Total: - White alone,Estimate; Total: - Black or African American alone,Margin of Error; Total: - Black or African American alone,Estimate; Total: - American Indian and Alaska Native alone,Margin of Error; Total: - American Indian and Alaska Native alone,Estimate; Total: - Asian alone,Margin of Error; Total: - Asian alone,Estimate; Total: - Native Hawaiian and Other Pacific Islander alone,Margin of Error; Total: - Native Hawaiian and Other Pacific Islander alone,Estimate; Total: - Some other race alone,Margin of Error; Total: - Some other race alone,Estimate; Total: - Two or more races:,Margin of Error; Total: - Two or more races:,Estimate; Total: - Two or more races: - Two races including Some other race,Margin of Error; Total: - Two or more races: - Two races including Some other race,"Estimate; Total: - Two or more races: - Two races excluding Some other race, and three or more races","Margin of Error; Total: - Two or more races: - Two races excluding Some other race, and three or more races"
1400000US48021950100,48021950100,"Census Tract 9501, Bastrop County, Texas",8478,751,6974,663,218,233,23,26,130,113,0,18,945,518,188,129,12,17,176,126
1400000US48021950200,48021950200,"Census Tract 9502, Bastrop County, Texas",8365,439,5300,753,1699,421,5,11,13,21,0,18,1107,563,241,267,77,119,164,235
1400000US48021950300,48021950300,"Census Tract 9503, Bastrop County, Texas",14644,1319,10666,797,1462,734,174,117,437,185,0,20,1839,1174,66,55,0,20,66,55
1400000US48021950400,48021950400,"Census Tract 9504, Bastrop County, Texas",8707,743,7200,668,940,455,46,56,45,71,0,18,298,211,178,103,0,18,178,103
1400000US48021950501,48021950501,"Census Tract 9505.01, Bastrop County, Texas",8352,765,6949,798,575,148,24,36,25,23,0,18,617,444,162,124,77,89,85,82
1400000US48021950502,48021950502,"Census Tract 9505.02, Bastrop County, Texas",5842,717,5414,676,206,164,80,84,0,18,0,18,47,82,95,84,59,80,36,56
1400000US48021950600,48021950600,"Census Tract 9506, Bastrop County, Texas",5151,681,4600,684,261,330,24,39,0,18,0,18,129,98,137,108,60,67,77,80
1400000US48021950700,48021950700,"Census Tract 9507, Bastrop County, Texas",4285,439,3055,419,719,268,27,25,54,64,0,13,385,168,45,58,28,60,17,23
1400000US48021950801,48021950801,"Census Tract 9508.01, Bastrop County, Texas",7287,943,4926,1034,46,80,102,157,0,18,0,18,1792,757,421,248,341,248,80,92
1400000US48021950802,48021950802,"Census Tract 9508.02, Bastrop County, Texas",7175,860,5762,918,138,161,0,18,29,47,0,18,1226,793,20,33,20,33,0,18
1400000US48055960101,48055960101,"Census Tract 9601.01, Caldwell County, Texas",6313,540,4855,557,92,68,59,79,0,18,0,18,986,408,321,125,100,82,221,111
1400000US48055960102,48055960102,"Census Tract 9601.02, Caldwell County, Texas",3764,451,3113,470,250,125,27,30,0,13,0,13,204,201,170,144,11,19,159,147
1400000US48055960200,48055960200,"Census Tract 9602, Caldwell County, Texas",5264,401,3096,536,814,255,33,101,36,55,0,18,1201,472,84,61,15,22,69,61
1400000US48055960300,48055960300,"Census Tract 9603, Caldwell County, Texas",4402,344,3608,404,230,176,5,11,10,17,0,13,416,181,133,70,83,65,50,42
1400000US48055960400,48055960400,"Census Tract 9604, Caldwell County, Texas",3884,364,3161,440,95,56,46,60,14,23,9,17,498,248,61,57,36,39,25,33
1400000US48055960500,48055960500,"Census Tract 9605, Caldwell County, Texas",8309,613,6015,423,757,240,3,5,0,18,0,18,1380,401,154,93,56,62,98,70
1400000US48055960600,48055960600,"Census Tract 9606, Caldwell County, Texas",1979,277,1828,256,49,43,0,13,0,13,0,13,44,62,58,48,26,32,32,33
1400000US48055960700,48055960700,"Census Tract 9607, Caldwell County, Texas",5933,347,4749,359,557,213,11,17,0,18,10,28,606,368,0,18,0,18,0,18
1400000US48209010100,48209010100,"Census Tract 101, Hays County, Texas",2700,427,2486,414,96,88,0,13,75,107,0,13,0,13,43,38,0,13,43,38
1400000US48209010200,48209010200,"Census Tract 102, Hays County, Texas",5777,470,4374,368,502,139,7,13,287,125,0,18,375,122,232,95,31,44,201,100
1400000US48209010302,48209010302,"Census Tract 103.02, Hays County, Texas",4518,478,4133,447,92,80,0,13,74,99,0,13,143,77,76,67,21,25,55,56
1400000US48209010303,48209010303,"Census Tract 103.03, Hays County, Texas",8042,746,6624,763,786,281,87,113,19,32,7,13,242,164,277,227,52,65,225,215
1400000US48209010304,48209010304,"Census Tract 103.04, Hays County, Texas",6922,728,5742,732,371,108,10,17,134,106,0,18,450,222,215,133,92,65,123,108
1400000US48209010400,48209010400,"Census Tract 104, Hays County, Texas",11360,905,9473,891,571,413,93,108,42,44,0,20,708,459,473,320,162,190,311,256
1400000US48209010500,48209010500,"Census Tract 105, Hays County, Texas",5074,496,4264,523,195,116,0,18,119,94,0,18,432,265,64,62,0,18,64,62
1400000US48209010600,48209010600,"Census Tract 106, Hays County, Texas",10168,711,8547,899,123,118,18,26,276,238,0,20,492,339,712,328,173,178,539,278
1400000US48209010701,48209010701,"Census Tract 107.01, Hays County, Texas",8865,821,8506,794,60,34,11,21,102,118,0,18,152,122,34,42,0,18,34,42
1400000US48209010702,48209010702,"Census Tract 107.02, Hays County, Texas",2865,403,2678,360,42,43,0,13,63,112,0,13,82,106,0,13,0,13,0,13
1400000US48209010803,48209010803,"Census Tract 108.03, Hays County, Texas",4351,416,4049,410,45,65,22,27,0,13,0,13,115,113,120,93,47,70,73,66
1400000US48209010804,48209010804,"Census Tract 108.04, Hays County, Texas",9307,720,8952,761,4,10,25,30,150,144,0,18,12,13,164,87,15,15,149,85
1400000US48209010805,48209010805,"Census Tract 108.05, Hays County, Texas",7905,410,7157,467,158,162,0,18,323,166,0,18,48,50,219,127,31,35,188,121
1400000US48209010806,48209010806,"Census Tract 108.06, Hays County, Texas",3940,328,3840,325,28,39,0,13,42,41,0,13,3,7,27,36,0,13,27,36
1400000US48209010807,48209010807,"Census Tract 108.07, Hays County, Texas",1955,206,1770,207,0,13,0,13,0,13,0,13,173,138,12,13,6,9,6,9
1400000US48209010808,48209010808,"Census Tract 108.08, Hays County, Texas",6046,517,5786,548,10,13,17,27,0,18,0,18,120,142,113,117,0,18,113,117
1400000US48209010809,48209010809,"Census Tract 108.09, Hays County, Texas",5393,381,5264,398,0,18,0,18,50,38,0,18,56,46,23,32,0,18,23,32
1400000US48209010901,48209010901,"Census Tract 109.01, Hays County, Texas",7960,591,7259,544,253,178,0,18,64,60,125,157,94,71,165,131,83,101,82,80
1400000US48209010902,48209010902,"Census Tract 109.02, Hays County, Texas",13518,886,11429,810,610,626,44,71,315,200,0,20,740,446,380,234,110,122,270,160
1400000US48209010905,48209010905,"Census Tract 109.05, Hays County, Texas",6703,616,6130,607,199,142,18,29,68,91,0,18,155,125,133,155,0,18,133,155
1400000US48209010906,48209010906,"Census Tract 109.06, Hays County, Texas",13567,752,11161,810,1071,273,103,117,106,90,0,20,735,345,391,249,51,50,340,245
1400000US48209010907,48209010907,"Census Tract 109.07, Hays County, Texas",12060,830,9909,1131,349,123,52,74,6,9,42,67,985,577,717,424,195,160,522,379
1400000US48209010908,48209010908,"Census Tract 109.08, Hays County, Texas",10857,734,9318,893,221,145,0,20,113,119,0,20,782,426,423,440,29,34,394,440
1400000US48209010909,48209010909,"Census Tract 109.09, Hays County, Texas",6502,454,5516,517,251,209,9,14,120,88,0,18,349,328,257,141,11,18,246,140
1400000US48209010910,48209010910,"Census Tract 109.10, Hays County, Texas",9331,718,7842,832,786,330,20,30,0,18,0,18,587,453,96,72,58,57,38,48
1400000US48453000101,48453000101,"Census Tract 1.01, Travis County, Texas",4331,282,3990,301,30,27,15,23,61,54,0,13,7,13,228,136,49,63,179,122
1400000US48453000102,48453000102,"Census Tract 1.02, Travis County, Texas",2572,172,2409,175,103,105,0,13,33,53,0,13,0,13,27,28,0,13,27,28
1400000US48453000203,48453000203,"Census Tract 2.03, Travis County, Texas",1470,187,1135,174,120,71,0,13,117,55,0,13,76,52,22,26,0,13,22,26
1400000US48453000204,48453000204,"Census Tract 2.04, Travis County, Texas",3090,206,2628,191,36,33,0,13,132,67,0,13,95,93,199,98,18,29,181,87
1400000US48453000205,48453000205,"Census Tract 2.05, Travis County, Texas",4227,425,3528,372,141,120,20,24,295,268,71,73,77,88,95,63,0,13,95,63
1400000US48453000206,48453000206,"Census Tract 2.06, Travis County, Texas",3201,255,2700,239,164,119,0,13,127,74,0,13,100,71,110,84,0,13,110,84
1400000US48453000302,48453000302,"Census Tract 3.02, Travis County, Texas",5170,442,4117,434,171,145,51,56,473,179,0,18,186,112,172,94,15,24,157,92
1400000US48453000304,48453000304,"Census Tract 3.04, Travis County, Texas",3204,310,2915,309,39,30,0,13,213,118,0,13,26,29,11,17,0,13,11,17
1400000US48453000305,48453000305,"Census Tract 3.05, Travis County, Texas",3436,307,2943,256,77,67,0,13,101,51,0,13,223,193,92,45,7,11,85,44
1400000US48453000306,48453000306,"Census Tract 3.06, Travis County, Texas",4239,323,3460,351,360,176,0,13,274,127,0,13,56,53,89,74,0,13,89,74
1400000US48453000307,48453000307,"Census Tract 3.07, Travis County, Texas",1831,154,1652,164,87,59,0,13,33,25,0,13,21,26,38,38,5,8,33,37
1400000US48453000401,48453000401,"Census Tract 4.01, Travis County, Texas",3732,311,3057,337,191,81,6,9,292,111,0,13,22,18,164,70,20,19,144,68
1400000US48453000402,48453000402,"Census Tract 4.02, Travis County, Texas",3578,379,2287,301,770,279,0,13,116,72,32,52,33,43,340,170,10,16,330,170
1400000US48453000500,48453000500,"Census Tract 5, Travis County, Texas",4626,422,3927,383,68,48,15,23,347,142,0,13,143,111,126,79,0,13,126,79
1400000US48453000601,48453000601,"Census Tract 6.01, Travis County, Texas",10035,1494,7301,1107,1424,314,21,25,793,168,10,20,192,103,294,105,20,20,274,94
1400000US48453000603,48453000603,"Census Tract 6.03, Travis County, Texas",7587,693,4998,661,414,339,0,18,1680,406,0,18,162,106,333,164,20,28,313,166
1400000US48453000604,48453000604,"Census Tract 6.04, Travis County, Texas",6885,716,4900,722,171,73,66,75,1405,407,0,18,149,99,194,114,13,19,181,112
1400000US48453000700,48453000700,"Census Tract 7, Travis County, Texas",1121,123,1011,127,23,33,17,22,48,29,0,13,22,17,0,13,0,13,0,13
1400000US48453000801,48453000801,"Census Tract 8.01, Travis County, Texas",1753,174,1399,208,131,88,0,13,0,13,0,13,89,73,134,110,75,95,59,76
1400000US48453000802,48453000802,"Census Tract 8.02, Travis County, Texas",3670,423,2209,377,1383,371,0,13,0,13,0,13,0,13,78,59,0,13,78,59
1400000US48453000803,48453000803,"Census Tract 8.03, Travis County, Texas",2327,284,1809,237,288,96,4,9,66,50,0,13,36,44,124,95,30,25,94,93
1400000US48453000804,48453000804,"Census Tract 8.04, Travis County, Texas",2426,256,1520,226,635,154,0,13,28,22,0,13,95,80,148,101,27,22,121,99
1400000US48453000901,48453000901,"Census Tract 9.01, Travis County, Texas",2378,268,1849,291,303,167,0,13,90,57,0,13,98,89,38,27,0,13,38,27
1400000US48453000902,48453000902,"Census Tract 9.02, Travis County, Texas",5369,491,4144,498,213,134,8,13,117,93,0,18,745,337,142,80,126,76,16,21
1400000US48453001000,48453001000,"Census Tract 10, Travis County, Texas",3709,383,2764,431,77,64,34,43,100,70,0,13,517,294,217,169,54,59,163,163
1400000US48453001100,48453001100,"Census Tract 11, Travis County, Texas",5719,642,4805,663,204,107,0,18,450,187,0,18,50,51,210,251,0,18,210,251
1400000US48453001200,48453001200,"Census Tract 12, Travis County, Texas",5049,443,4336,460,134,91,29,35,426,198,17,27,19,29,88,78,0,18,88,78
1400000US48453001303,48453001303,"Census Tract 13.03, Travis County, Texas",3586,495,3317,513,27,27,7,12,181,100,0,13,9,15,45,42,0,13,45,42
1400000US48453001304,48453001304,"Census Tract 13.04, Travis County, Texas",4031,283,3731,291,43,48,10,17,125,89,0,13,34,24,88,63,34,48,54,39
1400000US48453001305,48453001305,"Census Tract 13.05, Travis County, Texas",5617,589,5144,624,194,219,0,18,48,46,0,18,93,72,138,109,25,29,113,106
1400000US48453001307,48453001307,"Census Tract 13.07, Travis County, Texas",3832,362,3267,392,303,226,0,13,190,205,0,13,46,40,26,25,0,13,26,25
1400000US48453001308,48453001308,"Census Tract 13.08, Travis County, Texas",2965,340,2740,343,90,64,9,15,89,55,0,13,28,35,9,15,0,13,9,15
1400000US48453001401,48453001401,"Census Tract 14.01, Travis County, Texas",3331,326,2998,327,67,67,6,11,102,62,0,13,6,11,152,94,0,13,152,94
1400000US48453001402,48453001402,"Census Tract 14.02, Travis County, Texas",2755,286,2633,295,28,32,0,13,0,13,0,13,19,22,75,63,32,31,43,54
1400000US48453001403,48453001403,"Census Tract 14.03, Travis County, Texas",1576,205,1317,225,68,47,75,79,45,32,0,13,32,34,39,37,0,13,39,37
1400000US48453001501,48453001501,"Census Tract 15.01, Travis County, Texas",5369,350,5077,374,41,44,0,18,82,63,0,18,135,110,34,38,0,18,34,38
1400000US48453001503,48453001503,"Census Tract 15.03, Travis County, Texas",4077,393,3345,381,216,165,108,106,64,34,0,13,247,186,97,84,0,13,97,84
1400000US48453001504,48453001504,"Census Tract 15.04, Travis County, Texas",5197,418,4292,401,127,170,26,42,309,267,0,18,310,307,133,73,0,18,133,73
1400000US48453001505,48453001505,"Census Tract 15.05, Travis County, Texas",4377,341,3879,341,22,32,0,13,68,65,0,13,247,222,161,107,88,91,73,70
1400000US48453001602,48453001602,"Census Tract 16.02, Travis County, Texas",3291,261,2194,250,77,61,28,46,897,196,0,13,10,17,85,69,0,13,85,69
1400000US48453001603,48453001603,"Census Tract 16.03, Travis County, Texas",4994,287,4600,271,19,30,0,13,140,86,0,13,90,71,145,89,49,56,96,68
1400000US48453001604,48453001604,"Census Tract 16.04, Travis County, Texas",4285,277,4147,311,0,13,0,13,19,27,0,13,70,100,49,61,0,13,49,61
1400000US48453001605,48453001605,"Census Tract 16.05, Travis County, Texas",3717,296,3476,309,21,23,0,13,126,130,0,13,63,73,31,28,0,13,31,28
1400000US48453001606,48453001606,"Census Tract 16.06, Travis County, Texas",16,37,13,34,3,5,0,13,0,13,0,13,0,13,0,13,0,13,0,13
1400000US48453001705,48453001705,"Census Tract 17.05, Travis County, Texas",4900,365,4567,376,0,13,12,20,234,148,30,51,18,25,39,64,0,13,39,64
1400000US48453001706,48453001706,"Census Tract 17.06, Travis County, Texas",3722,268,3167,267,213,249,11,19,230,132,0,13,39,26,62,41,0,13,62,41
1400000US48453001707,48453001707,"Census Tract 17.07, Travis County, Texas",4965,487,4267,455,208,195,0,13,65,92,0,13,296,290,129,88,20,34,109,83
1400000US48453001712,48453001712,"Census Tract 17.12, Travis County, Texas",4955,403,4469,452,307,252,21,22,18,26,0,13,85,85,55,70,9,14,46,68
1400000US48453001713,48453001713,"Census Tract 17.13, Travis County, Texas",4625,341,3670,378,264,201,23,27,95,51,0,13,383,200,190,120,10,16,180,119
1400000US48453001714,48453001714,"Census Tract 17.14, Travis County, Texas",14685,951,9791,923,999,312,0,20,3167,619,55,105,208,186,465,283,18,29,447,282
1400000US48453001716,48453001716,"Census Tract 17.16, Travis County, Texas",5824,399,4658,409,166,95,27,48,428,218,0,18,43,44,502,340,34,54,468,344
1400000US48453001718,48453001718,"Census Tract 17.18, Travis County, Texas",5944,406,5086,504,175,132,0,18,426,191,0,18,112,103,145,128,0,18,145,128
1400000US48453001719,48453001719,"Census Tract 17.19, Travis County, Texas",4123,269,3612,274,0,13,0,13,273,230,0,13,62,58,176,109,79,71,97,82
1400000US48453001722,48453001722,"Census Tract 17.22, Travis County, Texas",3365,294,2518,343,302,170,0,13,412,230,0,13,103,93,30,34,0,13,30,34
1400000US48453001728,48453001728,"Census Tract 17.28, Travis County, Texas",7159,475,6083,519,326,134,0,18,178,106,11,17,90,58,471,238,0,18,471,238
1400000US48453001729,48453001729,"Census Tract 17.29, Travis County, Texas",4797,337,4008,457,35,57,0,13,465,358,0,13,103,107,186,157,57,52,129,147
1400000US48453001733,48453001733,"Census Tract 17.33, Travis County, Texas",3887,326,3690,334,43,38,0,13,95,90,0,13,24,38,35,35,0,13,35,35
1400000US48453001737,48453001737,"Census Tract 17.37, Travis County, Texas",10891,649,9351,650,292,277,28,45,838,285,0,20,53,66,329,194,17,32,312,193
1400000US48453001738,48453001738,"Census Tract 17.38, Travis County, Texas",6595,385,6074,412,84,71,0,18,157,136,0,18,72,77,208,139,0,18,208,139
1400000US48453001740,48453001740,"Census Tract 17.40, Travis County, Texas",4907,281,4087,320,100,79,10,16,453,131,0,13,138,79,119,90,29,34,90,83
1400000US48453001741,48453001741,"Census Tract 17.41, Travis County, Texas",3038,284,2682,345,9,16,0,13,244,171,0,13,8,13,95,63,23,28,72,56
1400000US48453001742,48453001742,"Census Tract 17.42, Travis County, Texas",6435,717,6092,699,62,70,0,18,140,98,0,18,0,18,141,124,0,18,141,124
1400000US48453001745,48453001745,"Census Tract 17.45, Travis County, Texas",2347,151,1987,188,69,70,0,13,92,78,0,13,46,47,153,102,20,15,133,101
1400000US48453001746,48453001746,"Census Tract 17.46, Travis County, Texas",4114,279,3527,328,246,149,20,31,217,165,0,13,35,46,69,56,20,31,49,46
1400000US48453001747,48453001747,"Census Tract 17.47, Travis County, Texas",5699,354,4725,420,408,123,66,85,131,71,8,13,26,31,335,158,70,73,265,172
1400000US48453001748,48453001748,"Census Tract 17.48, Travis County, Texas",6980,595,5947,574,218,168,0,18,354,240,0,18,86,114,375,183,62,64,313,167
1400000US48453001749,48453001749,"Census Tract 17.49, Travis County, Texas",6445,592,4695,626,148,141,0,18,1397,411,0,18,52,60,153,131,74,120,79,70
1400000US48453001750,48453001750,"Census Tract 17.50, Travis County, Texas",4852,458,4216,470,79,86,7,13,338,152,0,13,35,32,177,131,3,5,174,130
1400000US48453001751,48453001751,"Census Tract 17.51, Travis County, Texas",2247,152,1933,167,222,201,0,13,34,34,0,13,41,45,17,25,0,13,17,25
1400000US48453001752,48453001752,"Census Tract 17.52, Travis County, Texas",3973,360,2576,394,156,127,0,13,934,321,0,13,254,154,53,52,0,13,53,52
1400000US48453001753,48453001753,"Census Tract 17.53, Travis County, Texas",1097,126,809,108,83,68,0,13,150,54,0,13,4,7,51,30,4,6,47,30
1400000US48453001754,48453001754,"Census Tract 17.54, Travis County, Texas",5056,371,4638,362,125,100,0,18,158,102,0,18,18,25,117,84,18,29,99,85
1400000US48453001755,48453001755,"Census Tract 17.55, Travis County, Texas",6272,297,3881,241,10,17,28,31,2189,311,0,18,0,18,164,93,23,26,141,90
1400000US48453001756,48453001756,"Census Tract 17.56, Travis County, Texas",4404,394,3496,404,152,119,0,13,503,156,0,13,72,85,181,119,10,17,171,124
1400000US48453001757,48453001757,"Census Tract 17.57, Travis County, Texas",2104,251,1815,249,93,60,0,13,124,85,0,13,0,13,72,76,0,13,72,76
1400000US48453001760,48453001760,"Census Tract 17.60, Travis County, Texas",17139,980,14513,943,297,266,24,40,1622,285,0,20,61,71,622,468,18,30,604,468
1400000US48453001761,48453001761,"Census Tract 17.61, Travis County, Texas",7397,461,6570,465,18,29,0,18,475,161,0,18,115,135,219,157,47,50,172,150
1400000US48453001764,48453001764,"Census Tract 17.64, Travis County, Texas",6793,542,6333,555,56,62,0,18,131,109,17,25,96,85,160,84,103,58,57,46
1400000US48453001765,48453001765,"Census Tract 17.65, Travis County, Texas",14196,764,12482,775,193,206,0,20,698,282,0,20,142,202,681,411,0,20,681,411
1400000US48453001766,48453001766,"Census Tract 17.66, Travis County, Texas",8022,663,7622,652,53,59,88,73,121,127,0,18,49,43,89,85,0,18,89,85
1400000US48453001768,48453001768,"Census Tract 17.68, Travis County, Texas",7795,458,7105,512,72,74,12,18,326,272,0,18,83,98,197,154,0,18,197,154
1400000US48453001769,48453001769,"Census Tract 17.69, Travis County, Texas",5558,301,4875,388,22,35,52,82,435,275,11,29,20,33,143,105,0,18,143,105
1400000US48453001770,48453001770,"Census Tract 17.70, Travis County, Texas",12539,400,10569,459,87,79,13,20,1316,298,0,20,109,103,445,194,18,29,427,185
1400000US48453001771,48453001771,"Census Tract 17.71, Travis County, Texas",4318,334,3958,324,63,57,41,57,141,96,0,13,37,34,78,54,18,20,60,50
1400000US48453001772,48453001772,"Census Tract 17.72, Travis County, Texas",3913,343,3107,400,102,85,0,13,224,131,0,13,349,228,131,154,96,147,35,40
1400000US48453001773,48453001773,"Census Tract 17.73, Travis County, Texas",7718,393,6657,424,175,159,0,18,572,133,0,18,71,59,243,141,41,37,202,136
1400000US48453001774,48453001774,"Census Tract 17.74, Travis County, Texas",8558,477,6848,512,474,103,0,18,674,195,15,27,124,112,423,304,0,18,423,304
1400000US48453001775,48453001775,"Census Tract 17.75, Travis County, Texas",6815,394,5599,456,199,165,57,74,601,213,12,23,105,74,242,179,66,61,176,173
1400000US48453001776,48453001776,"Census Tract 17.76, Travis County, Texas",3162,192,2256,264,423,200,44,60,113,64,0,13,133,108,193,104,0,13,193,104
1400000US48453001777,48453001777,"Census Tract 17.77, Travis County, Texas",5854,433,4881,474,278,244,54,65,225,117,0,18,116,170,300,187,36,41,264,185
1400000US48453001778,48453001778,"Census Tract 17.78, Travis County, Texas",4392,326,4269,344,24,32,9,16,11,17,0,13,0,13,79,54,24,31,55,47
1400000US48453001779,48453001779,"Census Tract 17.79, Travis County, Texas",6200,178,5759,316,152,162,29,49,81,80,0,18,0,18,179,177,113,175,66,57
1400000US48453001780,48453001780,"Census Tract 17.80, Travis County, Texas",4011,353,3701,320,37,35,4,6,13,12,0,13,29,23,227,145,9,15,218,144
1400000US48453001781,48453001781,"Census Tract 17.81, Travis County, Texas",2410,154,2175,161,9,14,14,18,194,116,0,13,6,8,12,15,3,5,9,13
1400000US48453001782,48453001782,"Census Tract 17.82, Travis County, Texas",5469,412,3425,365,62,53,9,15,1637,279,0,18,33,35,303,173,15,26,288,172
1400000US48453001783,48453001783,"Census Tract 17.83, Travis County, Texas",5514,463,4892,484,0,18,0,18,368,250,13,21,43,34,198,114,19,32,179,110
1400000US48453001784,48453001784,"Census Tract 17.84, Travis County, Texas",6071,505,4753,450,17,20,5,10,1128,242,0,18,53,36,115,94,27,26,88,83
1400000US48453001785,48453001785,"Census Tract 17.85, Travis County, Texas",4821,532,3309,467,474,191,0,13,723,354,0,13,34,40,281,184,17,27,264,181
1400000US48453001786,48453001786,"Census Tract 17.86, Travis County, Texas",5478,433,3056,441,69,56,93,125,1833,464,0,18,143,186,284,209,121,165,163,127
1400000US48453001804,48453001804,"Census Tract 18.04, Travis County, Texas",7188,788,3888,896,639,348,0,18,248,183,0,18,2235,807,178,201,86,141,92,146
1400000US48453001805,48453001805,"Census Tract 18.05, Travis County, Texas",4889,570,2459,496,464,216,0,13,173,137,0,13,1669,455,124,132,12,18,112,131
1400000US48453001806,48453001806,"Census Tract 18.06, Travis County, Texas",7191,732,4435,934,632,334,30,51,0,18,23,37,2003,988,68,66,25,44,43,53
1400000US48453001811,48453001811,"Census Tract 18.11, Travis County, Texas",3488,491,1853,454,555,172,0,13,10,16,0,13,1022,437,48,49,28,31,20,33
1400000US48453001812,48453001812,"Census Tract 18.12, Travis County, Texas",7778,824,5484,868,893,258,11,19,152,85,0,18,1114,515,124,89,1,2,123,89
1400000US48453001813,48453001813,"Census Tract 18.13, Travis County, Texas",6970,561,3954,509,921,318,33,32,229,155,0,18,1609,503,224,163,0,18,224,163
1400000US48453001817,48453001817,"Census Tract 18.17, Travis County, Texas",3946,331,3356,399,0,13,0,13,214,127,0,13,257,145,119,98,16,27,103,95
1400000US48453001818,48453001818,"Census Tract 18.18, Travis County, Texas",5705,709,3604,707,178,203,0,18,254,251,0,18,1532,738,137,144,18,28,119,134
1400000US48453001819,48453001819,"Census Tract 18.19, Travis County, Texas",4281,392,2722,546,247,123,57,76,358,131,0,13,897,331,0,13,0,13,0,13
1400000US48453001820,48453001820,"Census Tract 18.20, Travis County, Texas",7485,872,4477,781,665,221,57,53,119,110,0,18,1945,746,222,153,0,18,222,153
1400000US48453001821,48453001821,"Census Tract 18.21, Travis County, Texas",6189,628,4265,698,719,271,19,30,174,123,0,18,846,441,166,115,52,59,114,95
1400000US48453001822,48453001822,"Census Tract 18.22, Travis County, Texas",6973,627,4965,853,301,167,32,52,106,116,0,18,1383,511,186,175,0,18,186,175
1400000US48453001823,48453001823,"Census Tract 18.23, Travis County, Texas",7620,676,3942,684,927,407,66,100,117,89,16,22,2279,663,273,151,99,92,174,94
1400000US48453001824,48453001824,"Census Tract 18.24, Travis County, Texas",1681,161,1339,134,41,25,13,18,48,30,0,13,145,90,95,77,4,6,91,76
1400000US48453001826,48453001826,"Census Tract 18.26, Travis County, Texas",2660,307,1504,259,232,154,0,13,548,213,0,13,316,225,60,52,28,43,32,32
1400000US48453001828,48453001828,"Census Tract 18.28, Travis County, Texas",4120,264,3544,307,172,126,50,62,112,72,0,13,84,80,158,92,0,13,158,92
1400000US48453001829,48453001829,"Census Tract 18.29, Travis County, Texas",2374,226,1859,221,64,54,0,13,205,100,0,13,108,117,138,86,0,13,138,86
1400000US48453001832,48453001832,"Census Tract 18.32, Travis County, Texas",2857,258,2013,228,632,306,9,14,122,95,0,13,34,36,47,49,0,13,47,49
1400000US48453001833,48453001833,"Census Tract 18.33, Travis County, Texas",8873,1069,5373,1242,1074,401,28,43,213,164,0,18,1943,1075,242,228,30,67,212,204
1400000US48453001834,48453001834,"Census Tract 18.34, Travis County, Texas",9443,598,4641,578,1869,533,122,154,1662,447,101,149,411,242,637,301,248,233,389,217
1400000US48453001835,48453001835,"Census Tract 18.35, Travis County, Texas",6097,637,4451,708,878,326,0,18,298,159,0,18,258,239,212,107,0,18,212,107
1400000US48453001839,48453001839,"Census Tract 18.39, Travis County, Texas",7227,552,3874,462,1052,268,7,17,1948,271,48,66,157,150,141,84,9,16,132,87
1400000US48453001840,48453001840,"Census Tract 18.40, Travis County, Texas",11109,781,6826,795,1881,523,26,30,1004,290,0,20,1050,642,322,190,117,115,205,142
1400000US48453001841,48453001841,"Census Tract 18.41, Travis County, Texas",17045,897,11249,1116,1974,559,118,189,2510,390,0,20,93,83,1101,780,49,77,1052,789
1400000US48453001842,48453001842,"Census Tract 18.42, Travis County, Texas",10402,940,6992,973,1326,560,29,57,1356,524,0,20,407,234,292,260,0,20,292,260
1400000US48453001843,48453001843,"Census Tract 18.43, Travis County, Texas",2444,203,1855,242,124,111,36,44,266,130,0,13,55,76,108,51,11,18,97,51
1400000US48453001844,48453001844,"Census Tract 18.44, Travis County, Texas",3982,419,3245,388,481,279,0,13,60,66,0,13,141,104,55,48,0,13,55,48
1400000US48453001845,48453001845,"Census Tract 18.45, Travis County, Texas",2859,300,2464,292,159,122,0,13,137,93,0,13,73,76,26,32,0,13,26,32
1400000US48453001846,48453001846,"Census Tract 18.46, Travis County, Texas",2350,101,2145,118,23,26,0,13,171,101,0,13,1,3,10,12,0,13,10,12
1400000US48453001847,48453001847,"Census Tract 18.47, Travis County, Texas",6880,584,4146,480,961,448,0,18,1347,343,0,18,323,301,103,99,18,30,85,96
1400000US48453001848,48453001848,"Census Tract 18.48, Travis County, Texas",5054,532,3237,427,407,157,0,18,1066,280,0,18,75,66,269,137,0,18,269,137
1400000US48453001849,48453001849,"Census Tract 18.49, Travis County, Texas",6183,754,3924,612,723,437,17,28,991,283,0,18,293,188,235,119,25,40,210,113
1400000US48453001850,48453001850,"Census Tract 18.50, Travis County, Texas",3833,515,2950,615,398,238,0,13,298,164,0,13,88,89,99,83,49,66,50,49
1400000US48453001851,48453001851,"Census Tract 18.51, Travis County, Texas",10347,714,6505,769,2472,682,23,28,757,273,0,20,257,264,333,215,84,140,249,168
1400000US48453001853,48453001853,"Census Tract 18.53, Travis County, Texas",3259,271,2479,273,226,171,92,113,130,79,0,13,261,176,71,44,0,13,71,44
1400000US48453001854,48453001854,"Census Tract 18.54, Travis County, Texas",5826,601,3551,760,1305,273,0,18,51,56,0,18,695,380,224,149,80,115,144,91
1400000US48453001855,48453001855,"Census Tract 18.55, Travis County, Texas",16056,915,10971,1147,3443,722,22,34,668,360,112,151,457,343,383,243,210,181,173,208
1400000US48453001856,48453001856,"Census Tract 18.56, Travis County, Texas",7952,546,4802,506,1749,271,0,18,350,209,0,18,775,481,276,213,0,18,276,213
1400000US48453001857,48453001857,"Census Tract 18.57, Travis County, Texas",6277,469,4089,536,856,188,0,18,708,217,0,18,224,156,400,277,21,32,379,276
1400000US48453001858,48453001858,"Census Tract 18.58, Travis County, Texas",20897,866,15130,974,3398,868,204,241,1217,384,0,24,449,264,499,363,24,37,475,348
1400000US48453001859,48453001859,"Census Tract 18.59, Travis County, Texas",2032,205,1518,217,143,115,17,28,179,158,0,13,92,93,83,76,10,15,73,76
1400000US48453001860,48453001860,"Census Tract 18.60, Travis County, Texas",4295,370,3182,415,563,235,29,43,172,124,0,13,92,100,257,186,74,73,183,163
1400000US48453001861,48453001861,"Census Tract 18.61, Travis County, Texas",5155,464,3270,350,848,168,0,18,721,547,7,13,79,66,230,146,51,60,179,130
1400000US48453001862,48453001862,"Census Tract 18.62, Travis County, Texas",6355,601,3571,350,1337,287,174,125,851,431,0,18,197,214,225,148,11,18,214,148
1400000US48453001863,48453001863,"Census Tract 18.63, Travis County, Texas",3490,274,2042,285,794,201,0,13,221,130,0,13,299,206,134,111,36,43,98,98
1400000US48453001864,48453001864,"Census Tract 18.64, Travis County, Texas",2922,287,1965,255,544,180,24,24,245,125,0,13,16,19,128,108,0,13,128,108
1400000US48453001901,48453001901,"Census Tract 19.01, Travis County, Texas",5795,359,5392,364,13,25,0,18,114,120,33,52,23,36,220,151,0,18,220,151
1400000US48453001908,48453001908,"Census Tract 19.08, Travis County, Texas",8673,815,7521,792,392,361,10,16,695,205,0,18,43,57,12,20,0,18,12,20
1400000US48453001910,48453001910,"Census Tract 19.10, Travis County, Texas",4476,281,3901,276,54,45,0,13,317,219,0,13,113,105,91,74,36,42,55,58
1400000US48453001911,48453001911,"Census Tract 19.11, Travis County, Texas",3151,274,2676,277,42,45,13,20,243,112,0,13,100,78,77,55,22,34,55,43
1400000US48453001912,48453001912,"Census Tract 19.12, Travis County, Texas",3675,260,3076,256,28,39,0,13,392,95,0,13,49,44,130,78,17,18,113,72
1400000US48453001913,48453001913,"Census Tract 19.13, Travis County, Texas",4843,269,4152,276,52,79,0,13,454,119,0,13,0,13,185,138,0,13,185,138
1400000US48453001914,48453001914,"Census Tract 19.14, Travis County, Texas",6301,448,5446,400,112,70,21,35,462,384,0,18,50,60,210,142,0,18,210,142
1400000US48453001915,48453001915,"Census Tract 19.15, Travis County, Texas",1740,186,1541,203,6,15,0,13,80,41,8,14,13,17,92,86,23,29,69,76
1400000US48453001916,48453001916,"Census Tract 19.16, Travis County, Texas",3208,186,2821,199,16,25,0,13,298,66,0,13,0,13,73,50,10,15,63,47
1400000US48453001917,48453001917,"Census Tract 19.17, Travis County, Texas",4844,306,4203,250,0,13,0,13,374,187,179,233,15,18,73,70,0,13,73,70
1400000US48453001918,48453001918,"Census Tract 19.18, Travis County, Texas",2540,191,2267,199,1,3,4,7,54,46,0,13,37,55,177,170,122,170,55,55
1400000US48453001919,48453001919,"Census Tract 19.19, Travis County, Texas",3979,172,3592,213,0,13,0,13,193,103,0,13,4,6,190,87,14,19,176,87
1400000US48453002002,48453002002,"Census Tract 20.02, Travis County, Texas",3223,294,2879,283,184,202,0,13,41,62,9,16,102,83,8,13,8,13,0,13
1400000US48453002003,48453002003,"Census Tract 20.03, Travis County, Texas",4185,421,3653,481,202,112,28,21,44,40,0,13,241,194,17,21,0,13,17,21
1400000US48453002004,48453002004,"Census Tract 20.04, Travis County, Texas",2442,174,1968,202,66,57,54,79,177,114,0,13,37,33,140,123,0,13,140,123
1400000US48453002005,48453002005,"Census Tract 20.05, Travis County, Texas",5702,695,5196,761,121,93,0,18,96,93,0,18,53,97,236,196,0,18,236,196
1400000US48453002104,48453002104,"Census Tract 21.04, Travis County, Texas",3379,493,2391,558,213,135,0,13,53,39,0,13,687,376,35,26,0,13,35,26
1400000US48453002105,48453002105,"Census Tract 21.05, Travis County, Texas",5001,478,3081,435,686,279,10,17,85,52,0,18,961,393,178,118,38,49,140,108
1400000US48453002106,48453002106,"Census Tract 21.06, Travis County, Texas",2788,336,2303,332,202,104,26,41,0,13,0,13,160,144,97,92,0,13,97,92
1400000US48453002107,48453002107,"Census Tract 21.07, Travis County, Texas",4403,462,2917,454,1181,169,0,13,37,33,0,13,103,66,165,100,41,50,124,82
1400000US48453002108,48453002108,"Census Tract 21.08, Travis County, Texas",3985,507,2452,503,1405,387,17,27,0,13,0,13,84,75,27,23,6,9,21,23
1400000US48453002109,48453002109,"Census Tract 21.09, Travis County, Texas",4105,515,2160,501,1780,245,12,15,46,49,0,13,69,74,38,53,0,13,38,53
1400000US48453002110,48453002110,"Census Tract 21.10, Travis County, Texas",4283,421,2251,372,1263,356,90,111,80,87,0,13,514,225,85,67,27,33,58,60
1400000US48453002111,48453002111,"Census Tract 21.11, Travis County, Texas",5305,576,3588,573,790,214,13,21,115,55,0,18,501,283,298,177,32,36,266,172
1400000US48453002112,48453002112,"Census Tract 21.12, Travis County, Texas",5284,565,3262,529,1306,316,34,54,105,70,0,18,503,315,74,77,9,14,65,76
1400000US48453002113,48453002113,"Census Tract 21.13, Travis County, Texas",3722,364,2702,390,804,217,10,15,31,26,0,13,41,41,134,101,0,13,134,101
1400000US48453002201,48453002201,"Census Tract 22.01, Travis County, Texas",2075,212,924,165,860,162,60,84,0,13,0,13,154,122,77,43,0,13,77,43
1400000US48453002202,48453002202,"Census Tract 22.02, Travis County, Texas",9104,1090,5154,1117,2430,447,30,51,0,18,0,18,1073,628,417,342,118,148,299,316
1400000US48453002207,48453002207,"Census Tract 22.07, Travis County, Texas",9841,1045,6079,1026,2357,459,0,18,14,21,0,18,770,508,621,434,390,366,231,218
1400000US48453002208,48453002208,"Census Tract 22.08, Travis County, Texas",8616,651,6149,751,1526,507,57,95,17,21,0,18,782,500,85,50,33,40,52,33
1400000US48453002209,48453002209,"Census Tract 22.09, Travis County, Texas",9416,715,5689,811,2077,421,71,99,107,152,0,18,1016,593,456,318,330,288,126,105
1400000US48453002210,48453002210,"Census Tract 22.10, Travis County, Texas",3848,326,3308,410,241,142,14,26,0,13,0,13,215,175,70,63,10,12,60,59
1400000US48453002211,48453002211,"Census Tract 22.11, Travis County, Texas",2901,282,1745,309,501,136,31,47,37,38,0,13,493,194,94,73,8,13,86,67
1400000US48453002212,48453002212,"Census Tract 22.12, Travis County, Texas",910,232,410,173,420,177,0,13,0,13,0,13,23,22,57,46,25,31,32,35
1400000US48453002304,48453002304,"Census Tract 23.04, Travis County, Texas",3155,375,2717,352,110,86,0,13,148,78,0,13,56,65,124,87,7,11,117,87
1400000US48453002307,48453002307,"Census Tract 23.07, Travis County, Texas",5592,507,4292,592,581,391,0,18,155,121,0,18,481,331,83,61,0,18,83,61
1400000US48453002308,48453002308,"Census Tract 23.08, Travis County, Texas",6397,571,5563,610,281,131,163,161,134,86,0,18,124,89,132,84,8,16,124,84
1400000US48453002310,48453002310,"Census Tract 23.10, Travis County, Texas",3391,341,2400,418,231,99,0,13,0,13,0,13,686,232,74,62,10,11,64,60
1400000US48453002312,48453002312,"Census Tract 23.12, Travis County, Texas",7906,756,5785,773,634,217,207,217,13,20,0,18,1202,703,65,63,0,18,65,63
1400000US48453002313,48453002313,"Census Tract 23.13, Travis County, Texas",4510,423,3183,426,726,239,28,48,74,68,0,13,223,202,276,147,56,65,220,130
1400000US48453002314,48453002314,"Census Tract 23.14, Travis County, Texas",5093,642,3558,544,693,342,212,307,131,115,29,52,356,265,114,51,27,41,87,58
1400000US48453002315,48453002315,"Census Tract 23.15, Travis County, Texas",3083,404,2506,353,95,84,0,13,36,39,0,13,383,244,63,65,0,13,63,65
1400000US48453002316,48453002316,"Census Tract 23.16, Travis County, Texas",5290,474,3898,517,421,219,8,13,164,154,0,18,542,334,257,203,55,72,202,190
1400000US48453002317,48453002317,"Census Tract 23.17, Travis County, Texas",5675,557,3768,585,856,352,27,33,370,186,0,18,411,280,243,143,0,18,243,143
1400000US48453002318,48453002318,"Census Tract 23.18, Travis County, Texas",9939,1160,6473,1033,1269,466,0,18,1299,683,0,18,494,390,404,342,48,76,356,324
1400000US48453002319,48453002319,"Census Tract 23.19, Travis County, Texas",2239,642,1408,400,640,171,35,32,0,13,0,13,114,129,42,43,0,13,42,43
1400000US48453002402,48453002402,"Census Tract 24.02, Travis County, Texas",7716,714,6566,652,390,237,68,70,136,108,0,18,291,149,265,139,95,89,170,119
1400000US48453002403,48453002403,"Census Tract 24.03, Travis County, Texas",2661,331,2292,428,171,131,0,13,0,13,0,13,156,105,42,36,33,36,9,13
1400000US48453002407,48453002407,"Census Tract 24.07, Travis County, Texas",5570,445,4634,486,145,108,128,143,253,166,0,18,194,136,216,158,71,106,145,106
1400000US48453002409,48453002409,"Census Tract 24.09, Travis County, Texas",3596,251,3251,235,155,112,9,14,5,8,0,13,61,60,115,69,44,43,71,52
1400000US48453002410,48453002410,"Census Tract 24.10, Travis County, Texas",4221,436,3588,421,232,176,12,19,118,182,0,13,139,79,132,122,16,18,116,121
1400000US48453002411,48453002411,"Census Tract 24.11, Travis County, Texas",6794,514,4678,656,627,262,158,252,7,11,0,18,1041,614,283,205,190,203,93,72
1400000US48453002412,48453002412,"Census Tract 24.12, Travis County, Texas",6319,457,4562,612,450,149,44,56,43,52,0,18,1188,476,32,30,20,21,12,20
1400000US48453002413,48453002413,"Census Tract 24.13, Travis County, Texas",5112,486,3246,589,402,160,5,15,0,18,0,18,1201,508,258,221,168,160,90,147
1400000US48453002419,48453002419,"Census Tract 24.19, Travis County, Texas",4552,448,2942,399,725,318,172,215,85,53,0,13,484,257,144,82,0,13,144,82
1400000US48453002421,48453002421,"Census Tract 24.21, Travis County, Texas",9897,575,8053,674,670,236,0,18,388,132,0,18,282,164,504,207,32,36,472,202
1400000US48453002422,48453002422,"Census Tract 24.22, Travis County, Texas",5846,648,5021,732,325,171,0,18,26,31,0,18,319,279,155,130,98,117,57,60
1400000US48453002423,48453002423,"Census Tract 24.23, Travis County, Texas",5571,636,4813,687,316,176,26,28,128,132,0,18,95,89,193,152,10,17,183,152
1400000US48453002424,48453002424,"Census Tract 24.24, Travis County, Texas",3903,321,3545,346,230,142,10,17,23,25,0,13,62,50,33,30,0,13,33,30
1400000US48453002425,48453002425,"Census Tract 24.25, Travis County, Texas",3177,300,2543,295,104,73,6,9,267,164,0,13,194,130,63,48,0,13,63,48
1400000US48453002426,48453002426,"Census Tract 24.26, Travis County, Texas",10539,1280,8222,996,990,487,94,102,67,101,0,20,558,383,608,512,0,20,608,512
1400000US48453002427,48453002427,"Census Tract 24.27, Travis County, Texas",8025,968,6584,1017,452,257,194,216,0,18,0,18,621,333,174,111,63,65,111,84
1400000US48453002428,48453002428,"Census Tract 24.28, Travis County, Texas",6988,466,6102,558,337,274,28,57,208,150,16,28,162,163,135,91,20,32,115,76
1400000US48453002429,48453002429,"Census Tract 24.29, Travis County, Texas",1530,302,1176,332,201,182,0,13,22,25,21,31,70,66,40,34,9,14,31,32
1400000US48453002430,48453002430,"Census Tract 24.30, Travis County, Texas",3316,485,2822,525,159,112,5,9,0,13,0,13,143,101,187,230,10,14,177,237
1400000US48453002431,48453002431,"Census Tract 24.31, Travis County, Texas",8368,856,6520,1010,525,327,0,18,74,111,0,18,1127,534,122,83,50,47,72,67
1400000US48453002432,48453002432,"Census Tract 24.32, Travis County, Texas",2273,352,1657,312,122,86,83,130,0,13,0,13,347,229,64,72,64,72,0,13
1400000US48453002433,48453002433,"Census Tract 24.33, Travis County, Texas",7691,649,4531,663,1329,565,0,18,145,158,0,18,1544,697,142,128,0,18,142,128
1400000US48453002434,48453002434,"Census Tract 24.34, Travis County, Texas",1858,166,1482,213,108,72,12,18,0,13,0,13,198,83,58,42,21,25,37,35
1400000US48453002435,48453002435,"Census Tract 24.35, Travis County, Texas",7900,806,5216,1009,731,273,195,192,214,292,0,18,1417,827,127,104,20,32,107,110
1400000US48453002436,48453002436,"Census Tract 24.36, Travis County, Texas",2758,387,2324,474,47,64,0,13,6,9,0,13,352,194,29,26,25,25,4,7
1400000US48453002500,48453002500,"Census Tract 25, Travis County, Texas",5642,474,4678,440,181,161,0,18,414,217,0,18,114,71,255,117,41,52,214,119
1400000US48453980000,48453980000,"Census Tract 9800, Travis County, Texas",0,13,0,13,0,13,0,13,0,13,0,13,0,13,0,13,0,13,0,13
1400000US48491020105,48491020105,"Census Tract 201.05, Williamson County, Texas",6046,409,5930,419,49,92,28,48,0,18,0,18,21,26,18,29,0,18,18,29
1400000US48491020106,48491020106,"Census Tract 201.06, Williamson County, Texas",4092,303,3785,291,76,107,0,13,158,127,0,13,62,59,11,19,0,13,11,19
1400000US48491020107,48491020107,"Census Tract 201.07, Williamson County, Texas",5678,312,5507,306,51,83,21,31,48,45,0,18,0,18,51,56,18,29,33,48
1400000US48491020108,48491020108,"Census Tract 201.08, Williamson County, Texas",2914,292,2739,298,38,58,0,13,25,39,0,13,35,48,77,93,77,93,0,13
1400000US48491020109,48491020109,"Census Tract 201.09, Williamson County, Texas",3525,240,3259,224,112,102,22,33,88,128,0,13,6,30,38,34,0,13,38,34
1400000US48491020110,48491020110,"Census Tract 201.10, Williamson County, Texas",4015,369,3857,356,50,63,0,13,0,13,0,13,0,13,108,85,0,13,108,85
1400000US48491020111,48491020111,"Census Tract 201.11, Williamson County, Texas",3363,343,3019,425,246,192,0,13,19,21,0,13,47,78,32,34,0,13,32,34
1400000US48491020112,48491020112,"Census Tract 201.12, Williamson County, Texas",3337,215,3173,207,37,56,0,13,0,13,0,13,6,10,121,117,0,13,121,117
1400000US48491020113,48491020113,"Census Tract 201.13, Williamson County, Texas",2811,428,2492,426,62,61,0,13,11,18,0,13,140,148,106,76,0,13,106,76
1400000US48491020114,48491020114,"Census Tract 201.14, Williamson County, Texas",5868,460,5287,483,264,197,0,18,17,19,0,18,116,155,184,150,77,117,107,96
1400000US48491020115,48491020115,"Census Tract 201.15, Williamson County, Texas",3844,247,3602,257,89,98,0,13,93,99,0,13,6,9,54,53,0,13,54,53
1400000US48491020201,48491020201,"Census Tract 202.01, Williamson County, Texas",1596,203,1524,200,0,13,0,13,13,16,0,13,59,46,0,13,0,13,0,13
1400000US48491020202,48491020202,"Census Tract 202.02, Williamson County, Texas",5873,508,5625,505,25,40,6,12,16,26,0,18,139,113,62,57,8,13,54,52
1400000US48491020203,48491020203,"Census Tract 202.03, Williamson County, Texas",3217,198,3148,201,12,18,0,13,0,13,0,13,57,70,0,13,0,13,0,13
1400000US48491020204,48491020204,"Census Tract 202.04, Williamson County, Texas",4939,482,4675,487,1,3,43,49,28,30,18,29,81,79,93,65,26,27,67,56
1400000US48491020301,48491020301,"Census Tract 203.01, Williamson County, Texas",7112,557,6323,619,121,128,46,61,92,117,0,18,313,223,217,199,10,15,207,192
1400000US48491020302,48491020302,"Census Tract 203.02, Williamson County, Texas",4594,475,4247,487,28,45,53,61,90,112,0,13,107,101,69,63,25,41,44,46
1400000US48491020310,48491020310,"Census Tract 203.10, Williamson County, Texas",3202,268,2815,256,15,22,0,13,208,146,0,13,61,64,103,70,0,13,103,70
1400000US48491020311,48491020311,"Census Tract 203.11, Williamson County, Texas",4772,343,3272,298,203,113,24,36,909,185,0,13,91,71,273,136,50,59,223,117
1400000US48491020312,48491020312,"Census Tract 203.12, Williamson County, Texas",8923,676,7912,726,290,177,0,18,49,103,0,18,239,206,433,380,59,58,374,377
1400000US48491020313,48491020313,"Census Tract 203.13, Williamson County, Texas",10179,647,8530,708,122,93,51,51,745,206,0,20,109,101,622,257,71,87,551,241
1400000US48491020314,48491020314,"Census Tract 203.14, Williamson County, Texas",6189,487,5179,599,447,424,0,18,159,129,0,18,199,161,205,125,0,18,205,125
1400000US48491020315,48491020315,"Census Tract 203.15, Williamson County, Texas",7274,663,4534,570,116,124,0,18,2104,582,0,18,275,213,245,276,10,16,235,277
1400000US48491020316,48491020316,"Census Tract 203.16, Williamson County, Texas",3762,319,3089,371,58,63,108,150,409,189,0,13,94,80,4,10,0,13,4,10
1400000US48491020317,48491020317,"Census Tract 203.17, Williamson County, Texas",4094,390,2900,401,294,192,28,47,649,255,0,13,100,84,123,105,12,18,111,89
1400000US48491020318,48491020318,"Census Tract 203.18, Williamson County, Texas",8446,658,6949,655,385,216,13,21,562,173,19,31,87,59,431,232,72,71,359,218
1400000US48491020319,48491020319,"Census Tract 203.19, Williamson County, Texas",6417,512,5404,603,195,144,14,23,260,155,0,18,196,151,348,205,56,85,292,177
1400000US48491020320,48491020320,"Census Tract 203.20, Williamson County, Texas",7271,501,6382,580,32,48,54,50,187,148,0,18,257,161,359,186,66,75,293,177
1400000US48491020321,48491020321,"Census Tract 203.21, Williamson County, Texas",1870,272,1503,225,74,74,0,13,10,11,0,13,264,204,19,18,6,10,13,15
1400000US48491020322,48491020322,"Census Tract 203.22, Williamson County, Texas",9334,561,8143,656,528,332,0,18,429,153,0,18,11,19,223,145,0,18,223,145
1400000US48491020323,48491020323,"Census Tract 203.23, Williamson County, Texas",3167,326,2536,341,248,182,0,13,22,24,0,13,144,136,217,116,102,108,115,68
1400000US48491020324,48491020324,"Census Tract 203.24, Williamson County, Texas",8286,529,7035,596,461,255,0,18,341,278,0,18,67,62,382,209,89,81,293,195
1400000US48491020325,48491020325,"Census Tract 203.25, Williamson County, Texas",3240,374,2566,374,427,293,11,18,100,85,0,13,75,84,61,51,0,13,61,51
1400000US48491020326,48491020326,"Census Tract 203.26, Williamson County, Texas",6143,381,5711,341,40,39,0,18,214,127,0,18,64,60,114,74,0,18,114,74
1400000US48491020327,48491020327,"Census Tract 203.27, Williamson County, Texas",2563,232,2139,279,81,79,26,23,15,14,0,13,60,68,242,258,22,22,220,256
1400000US48491020328,48491020328,"Census Tract 203.28, Williamson County, Texas",7460,596,6378,450,549,169,74,73,233,294,0,18,64,61,162,132,42,67,120,114
1400000US48491020403,48491020403,"Census Tract 204.03, Williamson County, Texas",2310,236,2004,234,42,44,6,9,171,107,0,13,0,13,87,76,35,54,52,57
1400000US48491020404,48491020404,"Census Tract 204.04, Williamson County, Texas",3838,371,3102,352,102,105,18,27,360,167,0,13,92,110,164,121,33,44,131,122
1400000US48491020405,48491020405,"Census Tract 204.05, Williamson County, Texas",6946,585,5678,564,247,118,32,53,823,227,0,18,95,91,71,64,0,18,71,64
1400000US48491020406,48491020406,"Census Tract 204.06, Williamson County, Texas",6393,677,4837,639,807,389,69,84,309,187,0,18,69,68,302,248,0,18,302,248
1400000US48491020408,48491020408,"Census Tract 204.08, Williamson County, Texas",5025,468,4321,491,221,239,0,18,283,173,0,18,108,128,92,93,0,18,92,93
1400000US48491020409,48491020409,"Census Tract 204.09, Williamson County, Texas",5442,446,4406,483,334,174,0,18,251,173,0,18,35,38,416,218,11,19,405,219
1400000US48491020410,48491020410,"Census Tract 204.10, Williamson County, Texas",6010,469,4793,522,285,140,0,18,585,188,0,18,88,127,259,153,14,22,245,152
1400000US48491020411,48491020411,"Census Tract 204.11, Williamson County, Texas",5805,438,4689,523,137,135,0,18,743,335,0,18,145,125,91,85,27,55,64,72
1400000US48491020503,48491020503,"Census Tract 205.03, Williamson County, Texas",5496,497,4943,519,99,126,28,43,292,101,0,18,46,36,88,75,30,45,58,58
1400000US48491020504,48491020504,"Census Tract 205.04, Williamson County, Texas",9598,910,6896,1001,865,307,0,18,477,246,0,18,653,317,707,370,160,141,547,338
1400000US48491020505,48491020505,"Census Tract 205.05, Williamson County, Texas",2870,241,2249,250,151,130,0,13,376,217,0,13,35,39,59,37,0,13,59,37
1400000US48491020506,48491020506,"Census Tract 205.06, Williamson County, Texas",7873,723,6273,681,343,163,0,18,830,303,0,18,41,39,386,192,0,18,386,192
1400000US48491020507,48491020507,"Census Tract 205.07, Williamson County, Texas",3406,482,2410,558,349,372,0,13,446,217,0,13,61,90,140,102,22,48,118,99
1400000US48491020508,48491020508,"Census Tract 205.08, Williamson County, Texas",4901,620,3588,656,198,133,94,100,917,367,0,13,36,43,68,71,0,13,68,71
1400000US48491020509,48491020509,"Census Tract 205.09, Williamson County, Texas",7151,411,5261,406,81,72,0,18,1555,346,0,18,101,100,153,118,0,18,153,118
1400000US48491020510,48491020510,"Census Tract 205.10, Williamson County, Texas",10351,742,7169,711,371,220,0,20,2325,453,31,49,129,196,326,156,0,20,326,156
1400000US48491020602,48491020602,"Census Tract 206.02, Williamson County, Texas",5700,525,4527,529,636,314,29,42,91,89,0,18,249,148,168,134,0,18,168,134
1400000US48491020603,48491020603,"Census Tract 206.03, Williamson County, Texas",10233,523,7827,645,264,159,0,20,1570,308,0,20,51,62,521,242,50,88,471,236
1400000US48491020604,48491020604,"Census Tract 206.04, Williamson County, Texas",5799,420,5038,485,147,106,16,26,219,177,0,18,244,181,135,133,14,24,121,133
1400000US48491020605,48491020605,"Census Tract 206.05, Williamson County, Texas",7146,402,5769,411,440,180,49,73,430,153,0,18,79,75,379,220,44,59,335,207
1400000US48491020701,48491020701,"Census Tract 207.01, Williamson County, Texas",2312,272,1853,279,233,130,5,10,36,28,0,13,112,76,73,52,23,27,50,43
1400000US48491020703,48491020703,"Census Tract 207.03, Williamson County, Texas",10810,725,7477,869,2098,458,11,18,482,240,0,20,197,165,545,336,43,67,502,340
1400000US48491020704,48491020704,"Census Tract 207.04, Williamson County, Texas",6264,951,5445,926,302,277,0,18,209,210,0,18,158,114,150,141,18,29,132,137
1400000US48491020706,48491020706,"Census Tract 207.06, Williamson County, Texas",4129,286,3376,315,305,197,8,13,327,182,0,13,41,67,72,73,3,10,69,73
1400000US48491020707,48491020707,"Census Tract 207.07, Williamson County, Texas",5033,432,3683,453,788,197,0,18,156,113,0,18,35,41,371,201,36,44,335,196
1400000US48491020708,48491020708,"Census Tract 207.08, Williamson County, Texas",8409,617,6148,718,758,231,0,18,1096,290,0,18,24,29,383,206,52,67,331,197
1400000US48491020803,48491020803,"Census Tract 208.03, Williamson County, Texas",4674,409,4266,399,32,53,0,13,0,13,0,13,228,205,148,142,59,68,89,129
1400000US48491020804,48491020804,"Census Tract 208.04, Williamson County, Texas",10583,599,8339,648,946,346,0,20,1026,336,0,20,49,45,223,157,27,41,196,152
1400000US48491020805,48491020805,"Census Tract 208.05, Williamson County, Texas",7307,809,6385,757,439,191,0,18,92,101,0,18,267,256,124,112,13,21,111,113
1400000US48491020806,48491020806,"Census Tract 208.06, Williamson County, Texas",4655,449,3450,391,759,297,17,27,64,50,0,13,86,77,279,134,24,38,255,131
1400000US48491020807,48491020807,"Census Tract 208.07, Williamson County, Texas",9339,830,6696,1001,1382,367,0,18,322,258,0,18,494,332,445,351,132,178,313,212
1400000US48491020808,48491020808,"Census Tract 208.08, Williamson County, Texas",1594,225,1309,267,137,139,0,13,0,13,0,13,60,92,88,103,0,13,88,103
1400000US48491020809,48491020809,"Census Tract 208.09, Williamson County, Texas",6899,500,5157,500,815,355,47,47,201,164,0,18,288,253,391,250,112,113,279,248
1400000US48491020900,48491020900,"Census Tract 209, Williamson County, Texas",4236,354,4006,368,146,96,6,11,0,13,0,13,54,25,24,24,0,13,24,24
1400000US48491021000,48491021000,"Census Tract 210, Williamson County, Texas",3045,361,2037,344,779,195,0,13,0,13,0,13,197,164,32,29,0,13,32,29
1400000US48491021100,48491021100,"Census Tract 211, Williamson County, Texas",3068,319,2493,336,332,202,0,13,0,13,0,13,190,131,53,39,22,30,31,26
1400000US48491021201,48491021201,"Census Tract 212.01, Williamson County, Texas",2976,286,2323,320,250,168,20,31,24,37,0,13,139,96,220,172,81,108,139,138
1400000US48491021202,48491021202,"Census Tract 212.02, Williamson County, Texas",3558,295,2938,329,287,184,12,19,111,111,0,13,92,99,118,119,0,13,118,119
1400000US48491021203,48491021203,"Census Tract 212.03, Williamson County, Texas",2802,299,1937,301,267,193,0,13,8,12,0,13,262,252,328,191,63,84,265,182
1400000US48491021300,48491021300,"Census Tract 213, Williamson County, Texas",3934,468,3262,434,569,197,0,13,11,20,0,13,41,36,51,38,4,6,47,36
1400000US48491021401,48491021401,"Census Tract 214.01, Williamson County, Texas",10932,783,10189,832,239,114,31,52,100,95,0,20,168,147,205,152,92,108,113,112
1400000US48491021402,48491021402,"Census Tract 214.02, Williamson County, Texas",4906,550,4093,615,386,134,15,26,0,13,0,13,375,252,37,36,6,11,31,35
1400000US48491021403,48491021403,"Census Tract 214.03, Williamson County, Texas",4567,579,3924,621,365,263,14,21,143,124,0,13,107,105,14,23,14,23,0,13
1400000US48491021502,48491021502,"Census Tract 215.02, Williamson County, Texas",5923,537,3924,579,1127,419,0,18,96,118,0,18,502,223,274,170,83,58,191,154
1400000US48491021503,48491021503,"Census Tract 215.03, Williamson County, Texas",4899,752,3996,629,422,272,0,13,75,92,11,18,81,56,314,201,77,104,237,199
1400000US48491021504,48491021504,"Census Tract 215.04, Williamson County, Texas",7936,736,5539,659,1195,383,0,18,959,296,0,18,84,110,159,106,57,62,102,93
1400000US48491021505,48491021505,"Census Tract 215.05, Williamson County, Texas",7947,942,5947,917,707,236,105,103,110,102,0,18,743,407,335,218,195,149,140,153
1400000US48491021506,48491021506,"Census Tract 215.06, Williamson County, Texas",3446,222,2558,258,293,143,0,13,128,77,49,73,269,133,149,67,5,8,144,67
1400000US48491021507,48491021507,"Census Tract 215.07, Williamson County, Texas",10542,698,7084,841,1323,480,96,107,987,337,0,20,649,363,403,196,56,87,347,159
1400000US48491021508,48491021508,"Census Tract 215.08, Williamson County, Texas",7721,690,5862,687,963,278,18,30,302,227,0,18,185,189,391,221,18,28,373,219
1400000US48491021601,48491021601,"Census Tract 216.01, Williamson County, Texas",4115,433,3653,450,143,118,0,13,0,13,0,13,223,128,96,78,11,18,85,75
1400000US48491021602,48491021602,"Census Tract 216.02, Williamson County, Texas",2926,410,2787,389,93,116,0,13,15,20,0,13,23,24,8,13,0,13,8,13
1400000US48491021603,48491021603,"Census Tract 216.03, Williamson County, Texas",1423,164,1278,162,11,12,9,9,13,14,0,13,107,82,5,8,0,13,5,8
