GEO.id,GEO.id2,GEO.display-label,HD01_VD01,HD02_VD01,HD01_VD02,HD02_VD02,HD01_VD03,HD02_VD03,HD01_VD04,HD02_VD04,HD01_VD05,HD02_VD05,HD01_VD06,HD02_VD06,HD01_VD07,HD02_VD07,HD01_VD08,HD02_VD08,HD01_VD09,HD02_VD09,HD01_VD10,HD02_VD10
Id,Id2,Geography,Estimate; Total:,Margin of Error; Total:,Estimate; White alone,Margin of Error; White alone,Estimate; Black or African American alone,Margin of Error; Black or African American alone,Estimate; American Indian and Alaska Native alone,Margin of Error; American Indian and Alaska Native alone,Estimate; Asian alone,Margin of Error; Asian alone,Estimate; Native Hawaiian and Other Pacific Islander alone,Margin of Error; Native Hawaiian and Other Pacific Islander alone,Estimate; Some other race alone,Margin of Error; Some other race alone,Estimate; Two or more races:,Margin of Error; Two or more races:,Estimate; Two or more races: - Two races including Some other race,Margin of Error; Two or more races: - Two races including Some other race,"Estimate; Two or more races: - Two races excluding Some other race, and three or more races","Margin of Error; Two or more races: - Two races excluding Some other race, and three or more races"
1400000US48021950100,48021950100,"Census Tract 9501, Bastrop County, Texas",8551,881,6456,694,497,193,7,16,0,127,0,127,1512,816,79,65,0,127,79,65
1400000US48021950200,48021950200,"Census Tract 9502, Bastrop County, Texas",9717,310,6798,758,1684,436,0,127,0,127,0,127,769,359,466,287,394,293,72,59
1400000US48021950300,48021950300,"Census Tract 9503, Bastrop County, Texas",10717,865,8371,797,1310,375,13,21,174,119,0,127,601,291,248,162,60,45,188,151
1400000US48021950400,48021950400,"Census Tract 9504, Bastrop County, Texas",8840,660,7147,727,1066,431,16,25,260,183,0,127,303,252,48,37,0,127,48,37
1400000US48021950500,48021950500,"Census Tract 9505, Bastrop County, Texas",12229,998,10719,1063,544,222,43,36,23,35,11,17,748,295,141,79,63,42,78,64
1400000US48021950600,48021950600,"Census Tract 9506, Bastrop County, Texas",3962,542,3691,513,164,168,68,104,0,127,0,127,0,127,39,46,0,127,39,46
1400000US48021950700,48021950700,"Census Tract 9507, Bastrop County, Texas",5044,297,3949,354,625,187,73,113,64,67,0,127,333,171,0,127,0,127,0,127
1400000US48021950800,48021950800,"Census Tract 9508, Bastrop County, Texas",12868,1318,10594,1399,239,135,228,197,11,20,0,127,1547,783,249,135,85,76,164,107
1400000US48055960100,48055960100,"Census Tract 9601, Caldwell County, Texas",9043,792,6269,653,449,272,85,93,63,60,0,127,1988,727,189,108,104,95,85,67
1400000US48055960200,48055960200,"Census Tract 9602, Caldwell County, Texas",6566,1053,3859,790,1361,632,73,55,9,20,0,127,1200,410,64,75,55,65,9,19
1400000US48055960300,48055960300,"Census Tract 9603, Caldwell County, Texas",3964,556,2810,489,17,24,28,41,25,42,0,127,1067,355,17,23,0,127,17,23
1400000US48055960400,48055960400,"Census Tract 9604, Caldwell County, Texas",3832,613,2440,479,188,224,16,40,32,38,0,127,1074,406,82,70,18,26,64,67
1400000US48055960500,48055960500,"Census Tract 9605, Caldwell County, Texas",5809,646,3396,513,249,173,10,17,0,127,0,127,2009,616,145,107,87,90,58,58
1400000US48055960600,48055960600,"Census Tract 9606, Caldwell County, Texas",2016,375,1810,338,44,44,6,10,0,127,0,127,117,102,39,62,8,15,31,48
1400000US48055960700,48055960700,"Census Tract 9607, Caldwell County, Texas",5665,178,3358,520,481,258,292,309,0,127,0,127,1529,502,5,15,0,127,5,15
1400000US48209010100,48209010100,"Census Tract 101, Hays County, Texas",2782,472,2116,453,145,98,0,127,0,127,0,127,452,328,69,49,0,127,69,49
1400000US48209010200,48209010200,"Census Tract 102, Hays County, Texas",6754,1088,5064,869,345,158,0,127,188,117,0,127,1157,301,0,127,0,127,0,127
1400000US48209010301,48209010301,"Census Tract 103.01, Hays County, Texas",12835,1054,7185,842,1269,298,61,45,207,105,0,127,3996,615,117,102,48,59,69,80
1400000US48209010302,48209010302,"Census Tract 103.02, Hays County, Texas",5299,621,2475,430,649,507,8,14,129,165,0,127,1926,467,112,113,81,102,31,49
1400000US48209010400,48209010400,"Census Tract 104, Hays County, Texas",7155,708,4342,715,195,146,52,83,109,99,0,127,2352,673,105,102,27,40,78,92
1400000US48209010500,48209010500,"Census Tract 105, Hays County, Texas",3598,487,1849,414,97,90,0,127,0,127,0,127,1628,477,24,31,6,13,18,22
1400000US48209010600,48209010600,"Census Tract 106, Hays County, Texas",9770,829,7881,748,342,221,136,109,0,127,0,127,1225,553,186,126,85,71,101,113
1400000US48209010700,48209010700,"Census Tract 107, Hays County, Texas",10485,856,8563,704,344,249,156,133,290,215,0,127,938,448,194,126,42,36,152,126
1400000US48209010801,48209010801,"Census Tract 108.01, Hays County, Texas",16746,766,15040,749,224,189,102,67,151,129,0,127,976,278,253,136,137,105,116,81
1400000US48209010802,48209010802,"Census Tract 108.02, Hays County, Texas",10929,621,10066,567,288,296,126,97,32,30,0,127,219,115,198,108,41,43,157,97
1400000US48209010901,48209010901,"Census Tract 109.01, Hays County, Texas",6630,382,5534,358,44,43,11,19,267,195,0,127,730,232,44,44,34,41,10,16
1400000US48209010902,48209010902,"Census Tract 109.02, Hays County, Texas",8673,468,7309,622,45,37,21,26,49,50,0,127,1178,410,71,51,16,19,55,49
1400000US48209010903,48209010903,"Census Tract 109.03, Hays County, Texas",15859,927,10190,995,623,367,75,68,137,160,0,127,4568,715,266,153,201,116,65,80
1400000US48209010904,48209010904,"Census Tract 109.04, Hays County, Texas",23856,1034,14774,1014,1519,373,109,118,260,137,0,127,6606,1139,588,198,237,125,351,173
1400000US48453000101,48453000101,"Census Tract 1.01, Travis County, Texas",4069,439,3874,461,0,127,0,127,0,127,0,127,119,100,76,53,51,42,25,28
1400000US48453000102,48453000102,"Census Tract 1.02, Travis County, Texas",2438,190,2405,193,0,127,17,24,0,127,0,127,16,27,0,127,0,127,0,127
1400000US48453000201,48453000201,"Census Tract 2.01, Travis County, Texas",6649,494,5665,535,320,166,0,127,99,83,17,31,473,375,75,68,6,22,69,61
1400000US48453000203,48453000203,"Census Tract 2.03, Travis County, Texas",817,184,677,187,0,127,0,127,77,88,0,127,49,55,14,20,0,127,14,20
1400000US48453000204,48453000204,"Census Tract 2.04, Travis County, Texas",2744,379,2400,340,60,65,0,127,173,83,0,127,29,30,82,79,0,127,82,79
1400000US48453000301,48453000301,"Census Tract 3.01, Travis County, Texas",6429,571,5790,574,53,87,32,37,164,93,0,127,237,165,153,101,90,85,63,56
1400000US48453000302,48453000302,"Census Tract 3.02, Travis County, Texas",5080,495,3844,510,139,125,62,90,534,222,0,127,335,213,166,105,0,127,166,105
1400000US48453000303,48453000303,"Census Tract 3.03, Travis County, Texas",2187,314,1553,252,252,132,18,21,0,127,0,127,364,238,0,127,0,127,0,127
1400000US48453000401,48453000401,"Census Tract 4.01, Travis County, Texas",2979,359,2470,384,130,76,6,9,202,109,0,127,56,57,115,87,0,127,115,87
1400000US48453000402,48453000402,"Census Tract 4.02, Travis County, Texas",2582,341,1445,242,874,254,0,127,0,127,0,127,174,89,89,59,19,30,70,51
1400000US48453000500,48453000500,"Census Tract 5, Travis County, Texas",4410,738,3652,665,106,110,0,127,512,341,0,127,107,85,33,30,0,127,33,30
1400000US48453000601,48453000601,"Census Tract 6.01, Travis County, Texas",8476,1146,5348,794,590,157,21,35,1677,346,0,127,494,167,346,213,76,77,270,188
1400000US48453000603,48453000603,"Census Tract 6.03, Travis County, Texas",4659,752,3793,748,130,80,0,127,578,180,0,127,71,55,87,84,28,45,59,72
1400000US48453000604,48453000604,"Census Tract 6.04, Travis County, Texas",2846,537,2231,452,0,127,13,21,377,130,0,127,135,89,90,81,20,32,70,59
1400000US48453000700,48453000700,"Census Tract 7, Travis County, Texas",964,169,844,182,0,127,0,127,102,55,0,127,0,127,18,29,18,29,0,127
1400000US48453000801,48453000801,"Census Tract 8.01, Travis County, Texas",1048,259,694,255,144,80,30,42,0,127,0,127,180,146,0,127,0,127,0,127
1400000US48453000802,48453000802,"Census Tract 8.02, Travis County, Texas",3526,522,975,368,1519,372,0,127,104,114,0,127,914,616,14,27,0,127,14,27
1400000US48453000803,48453000803,"Census Tract 8.03, Travis County, Texas",1903,331,918,277,604,133,0,127,9,16,0,127,361,229,11,21,0,127,11,21
1400000US48453000804,48453000804,"Census Tract 8.04, Travis County, Texas",2412,366,1406,432,630,195,17,34,0,127,0,127,359,271,0,127,0,127,0,127
1400000US48453000901,48453000901,"Census Tract 9.01, Travis County, Texas",1511,414,599,276,631,393,0,127,33,84,0,127,237,169,11,20,0,127,11,20
1400000US48453000902,48453000902,"Census Tract 9.02, Travis County, Texas",5288,779,2730,578,372,221,81,85,23,23,0,127,2033,823,49,37,40,34,9,14
1400000US48453001000,48453001000,"Census Tract 10, Travis County, Texas",4310,601,2529,583,125,90,30,47,105,119,0,127,1505,540,16,27,16,27,0,127
1400000US48453001100,48453001100,"Census Tract 11, Travis County, Texas",3390,612,2656,392,312,179,0,127,78,57,0,127,329,253,15,25,0,127,15,25
1400000US48453001200,48453001200,"Census Tract 12, Travis County, Texas",3363,390,2979,411,125,117,0,127,175,113,0,127,40,50,44,55,0,127,44,55
1400000US48453001303,48453001303,"Census Tract 13.03, Travis County, Texas",2284,251,2161,245,0,127,0,127,35,41,0,127,88,91,0,127,0,127,0,127
1400000US48453001304,48453001304,"Census Tract 13.04, Travis County, Texas",3904,447,3239,342,348,378,21,26,33,52,0,127,170,113,93,105,23,36,70,99
1400000US48453001305,48453001305,"Census Tract 13.05, Travis County, Texas",5338,398,3948,490,491,317,0,127,88,83,0,127,783,293,28,25,20,18,8,14
1400000US48453001307,48453001307,"Census Tract 13.07, Travis County, Texas",3790,421,2558,456,164,135,0,127,27,44,0,127,947,490,94,62,62,48,32,38
1400000US48453001308,48453001308,"Census Tract 13.08, Travis County, Texas",2499,338,1833,228,129,90,46,51,29,47,0,127,369,254,93,102,0,127,93,102
1400000US48453001401,48453001401,"Census Tract 14.01, Travis County, Texas",3091,398,2775,364,16,25,75,120,53,40,0,127,100,74,72,77,0,127,72,77
1400000US48453001402,48453001402,"Census Tract 14.02, Travis County, Texas",3031,367,2610,325,48,41,0,127,0,127,43,74,245,248,85,84,0,127,85,84
1400000US48453001403,48453001403,"Census Tract 14.03, Travis County, Texas",1316,183,853,183,75,73,0,127,87,81,0,127,301,137,0,127,0,127,0,127
1400000US48453001501,48453001501,"Census Tract 15.01, Travis County, Texas",4619,295,4422,283,38,43,0,127,95,81,0,127,64,64,0,127,0,127,0,127
1400000US48453001503,48453001503,"Census Tract 15.03, Travis County, Texas",4091,774,2622,434,102,80,19,30,32,29,0,127,991,543,325,261,36,35,289,248
1400000US48453001504,48453001504,"Census Tract 15.04, Travis County, Texas",4186,414,3536,386,95,114,0,127,106,59,0,127,405,260,44,58,35,54,9,16
1400000US48453001505,48453001505,"Census Tract 15.05, Travis County, Texas",4170,374,3670,377,34,41,0,127,42,50,0,127,405,388,19,24,0,127,19,24
1400000US48453001602,48453001602,"Census Tract 16.02, Travis County, Texas",3595,380,2602,337,20,27,0,127,759,238,0,127,127,90,87,102,70,99,17,28
1400000US48453001603,48453001603,"Census Tract 16.03, Travis County, Texas",4665,410,4317,386,62,81,0,127,149,117,0,127,100,130,37,36,0,127,37,36
1400000US48453001604,48453001604,"Census Tract 16.04, Travis County, Texas",3993,316,3704,301,0,127,36,44,19,20,0,127,32,33,202,167,0,127,202,167
1400000US48453001605,48453001605,"Census Tract 16.05, Travis County, Texas",3764,643,3637,607,27,44,0,127,10,16,0,127,63,55,27,31,0,127,27,31
1400000US48453001606,48453001606,"Census Tract 16.06, Travis County, Texas",2762,2535,2498,2260,139,184,111,182,0,127,0,127,14,23,0,127,0,127,0,127
1400000US48453001705,48453001705,"Census Tract 17.05, Travis County, Texas",4698,374,4223,368,107,145,0,127,328,177,0,127,40,52,0,127,0,127,0,127
1400000US48453001706,48453001706,"Census Tract 17.06, Travis County, Texas",3578,281,3103,276,65,90,23,27,292,172,0,127,69,82,26,40,0,127,26,40
1400000US48453001707,48453001707,"Census Tract 17.07, Travis County, Texas",4601,450,3851,501,17,36,0,127,202,154,0,127,531,565,0,127,0,127,0,127
1400000US48453001712,48453001712,"Census Tract 17.12, Travis County, Texas",3612,319,2851,399,273,183,0,127,0,127,0,127,282,191,206,167,17,25,189,178
1400000US48453001713,48453001713,"Census Tract 17.13, Travis County, Texas",3764,409,2738,336,31,30,23,31,39,32,0,127,815,499,118,71,64,55,54,34
1400000US48453001714,48453001714,"Census Tract 17.14, Travis County, Texas",12146,561,9107,549,449,312,81,94,1680,307,0,127,515,268,314,157,108,80,206,138
1400000US48453001715,48453001715,"Census Tract 17.15, Travis County, Texas",7814,495,6016,593,491,322,0,127,1080,364,0,127,59,64,168,116,42,47,126,109
1400000US48453001716,48453001716,"Census Tract 17.16, Travis County, Texas",4643,261,4244,283,75,112,0,127,188,80,0,127,69,56,67,47,36,39,31,28
1400000US48453001718,48453001718,"Census Tract 17.18, Travis County, Texas",5328,361,4663,339,11,17,0,127,551,204,0,127,71,97,32,38,0,127,32,38
1400000US48453001719,48453001719,"Census Tract 17.19, Travis County, Texas",3563,321,3369,303,12,18,0,127,113,74,35,59,0,127,34,31,11,17,23,26
1400000US48453001722,48453001722,"Census Tract 17.22, Travis County, Texas",3948,352,3193,310,53,50,25,47,413,206,0,127,259,192,5,13,0,127,5,13
1400000US48453001728,48453001728,"Census Tract 17.28, Travis County, Texas",6935,576,5680,680,217,139,20,32,75,59,0,127,748,270,195,148,96,125,99,62
1400000US48453001729,48453001729,"Census Tract 17.29, Travis County, Texas",4539,353,3614,379,61,49,50,60,105,96,0,127,623,251,86,78,26,53,60,54
1400000US48453001732,48453001732,"Census Tract 17.32, Travis County, Texas",24234,872,18896,998,651,290,102,92,1676,374,0,127,2155,492,754,307,262,138,492,246
1400000US48453001733,48453001733,"Census Tract 17.33, Travis County, Texas",3405,486,3242,522,18,23,0,127,49,52,0,127,96,109,0,127,0,127,0,127
1400000US48453001737,48453001737,"Census Tract 17.37, Travis County, Texas",9934,403,7773,461,318,273,126,96,877,230,21,35,533,209,286,139,95,90,191,104
1400000US48453001738,48453001738,"Census Tract 17.38, Travis County, Texas",6649,339,6125,323,194,179,0,127,80,43,0,127,219,111,31,35,31,35,0,127
1400000US48453001739,48453001739,"Census Tract 17.39, Travis County, Texas",8016,501,5945,548,850,374,0,127,149,145,0,127,571,320,501,222,231,137,270,208
1400000US48453001740,48453001740,"Census Tract 17.40, Travis County, Texas",3973,332,3120,355,159,111,0,127,242,81,0,127,339,194,113,79,53,50,60,66
1400000US48453001741,48453001741,"Census Tract 17.41, Travis County, Texas",3603,437,3039,420,0,127,50,76,0,127,0,127,457,306,57,68,0,127,57,68
1400000US48453001742,48453001742,"Census Tract 17.42, Travis County, Texas",4606,800,3250,426,6,9,57,70,67,61,15,27,1211,798,0,127,0,127,0,127
1400000US48453001743,48453001743,"Census Tract 17.43, Travis County, Texas",10612,663,9494,693,140,124,0,127,730,213,0,127,77,91,171,143,0,127,171,143
1400000US48453001744,48453001744,"Census Tract 17.44, Travis County, Texas",8880,559,6842,525,451,262,56,90,858,282,0,127,503,283,170,160,0,127,170,160
1400000US48453001745,48453001745,"Census Tract 17.45, Travis County, Texas",2263,244,1873,294,136,154,0,127,102,84,0,127,152,128,0,127,0,127,0,127
1400000US48453001746,48453001746,"Census Tract 17.46, Travis County, Texas",3831,389,3231,411,95,99,0,127,75,47,0,127,395,172,35,56,0,127,35,56
1400000US48453001747,48453001747,"Census Tract 17.47, Travis County, Texas",5228,425,3921,508,172,136,11,19,147,123,0,127,750,319,227,129,39,39,188,118
1400000US48453001748,48453001748,"Census Tract 17.48, Travis County, Texas",4431,400,3768,460,107,112,0,127,103,116,0,127,340,145,113,84,93,77,20,32
1400000US48453001749,48453001749,"Census Tract 17.49, Travis County, Texas",5958,508,4607,466,114,111,0,127,804,398,0,127,368,225,65,63,27,47,38,45
1400000US48453001750,48453001750,"Census Tract 17.50, Travis County, Texas",4882,639,3681,546,55,69,0,127,204,168,0,127,868,310,74,50,29,34,45,34
1400000US48453001751,48453001751,"Census Tract 17.51, Travis County, Texas",1948,142,1890,146,24,37,12,18,22,45,0,127,0,127,0,127,0,127,0,127
1400000US48453001752,48453001752,"Census Tract 17.52, Travis County, Texas",3585,399,2255,306,159,143,0,127,989,317,0,127,146,95,36,57,0,127,36,57
1400000US48453001753,48453001753,"Census Tract 17.53, Travis County, Texas",1213,126,835,137,11,22,0,127,241,68,0,127,90,81,36,46,0,127,36,46
1400000US48453001754,48453001754,"Census Tract 17.54, Travis County, Texas",5716,1593,4374,1306,233,205,0,127,311,184,0,127,605,272,193,189,32,54,161,180
1400000US48453001755,48453001755,"Census Tract 17.55, Travis County, Texas",5636,241,4010,258,20,21,0,127,1353,208,0,127,152,116,101,61,0,127,101,61
1400000US48453001756,48453001756,"Census Tract 17.56, Travis County, Texas",3981,282,3171,341,120,129,0,127,490,220,0,127,146,127,54,66,23,28,31,60
1400000US48453001757,48453001757,"Census Tract 17.57, Travis County, Texas",1843,161,1800,172,25,39,0,127,18,24,0,127,0,127,0,127,0,127,0,127
1400000US48453001758,48453001758,"Census Tract 17.58, Travis County, Texas",2732,235,2400,288,69,98,0,127,153,101,0,127,62,85,48,52,0,127,48,52
1400000US48453001759,48453001759,"Census Tract 17.59, Travis County, Texas",2162,254,1730,211,202,211,0,127,150,153,0,127,67,63,13,20,0,127,13,20
1400000US48453001760,48453001760,"Census Tract 17.60, Travis County, Texas",11550,585,9199,658,156,133,8,14,1371,263,0,127,578,332,238,115,37,58,201,104
1400000US48453001761,48453001761,"Census Tract 17.61, Travis County, Texas",6585,407,5539,409,155,159,0,127,538,254,64,121,101,98,188,168,0,127,188,168
1400000US48453001762,48453001762,"Census Tract 17.62, Travis County, Texas",12031,624,11350,641,22,25,56,61,182,96,0,127,262,157,159,130,69,61,90,103
1400000US48453001764,48453001764,"Census Tract 17.64, Travis County, Texas",5506,543,5096,495,0,127,0,127,59,36,0,127,315,259,36,44,0,127,36,44
1400000US48453001765,48453001765,"Census Tract 17.65, Travis County, Texas",13535,591,11508,623,237,142,0,127,880,315,0,127,549,312,361,170,188,132,173,100
1400000US48453001766,48453001766,"Census Tract 17.66, Travis County, Texas",6162,716,5275,817,9,32,80,83,31,30,0,127,519,283,248,168,39,62,209,152
1400000US48453001767,48453001767,"Census Tract 17.67, Travis County, Texas",9923,787,8929,822,204,202,9,13,60,46,0,127,534,311,187,109,42,51,145,114
1400000US48453001768,48453001768,"Census Tract 17.68, Travis County, Texas",5013,480,4662,494,56,85,0,127,33,32,0,127,202,145,60,69,0,127,60,69
1400000US48453001769,48453001769,"Census Tract 17.69, Travis County, Texas",5683,563,4688,551,79,94,0,127,312,218,0,127,511,304,93,91,0,127,93,91
1400000US48453001804,48453001804,"Census Tract 18.04, Travis County, Texas",6563,1000,4490,1158,652,369,43,54,299,163,0,127,1002,688,77,96,0,127,77,96
1400000US48453001805,48453001805,"Census Tract 18.05, Travis County, Texas",5249,752,2962,712,520,265,0,127,192,141,0,127,1471,501,104,84,71,76,33,34
1400000US48453001806,48453001806,"Census Tract 18.06, Travis County, Texas",5937,647,3496,616,688,268,0,127,0,127,0,127,1703,560,50,44,29,32,21,33
1400000US48453001811,48453001811,"Census Tract 18.11, Travis County, Texas",2899,486,1708,446,606,231,18,34,0,127,0,127,553,330,14,16,0,127,14,16
1400000US48453001812,48453001812,"Census Tract 18.12, Travis County, Texas",7258,966,4040,862,1122,408,0,127,13,19,0,127,1977,799,106,135,0,127,106,135
1400000US48453001813,48453001813,"Census Tract 18.13, Travis County, Texas",6244,702,4330,900,500,175,56,44,56,77,0,127,1302,538,0,127,0,127,0,127
1400000US48453001817,48453001817,"Census Tract 18.17, Travis County, Texas",4474,891,2983,287,190,143,0,127,407,311,0,127,864,961,30,37,18,30,12,20
1400000US48453001818,48453001818,"Census Tract 18.18, Travis County, Texas",5734,708,3131,502,205,175,0,127,71,65,0,127,2262,686,65,68,0,127,65,68
1400000US48453001819,48453001819,"Census Tract 18.19, Travis County, Texas",4159,474,1846,428,630,389,0,127,363,225,0,127,1152,451,168,98,87,77,81,71
1400000US48453001820,48453001820,"Census Tract 18.20, Travis County, Texas",7847,769,2962,828,627,269,58,93,208,138,48,69,3876,774,68,76,12,20,56,73
1400000US48453001821,48453001821,"Census Tract 18.21, Travis County, Texas",5653,634,2868,538,445,198,0,127,165,94,0,127,1982,639,193,236,13,21,180,226
1400000US48453001822,48453001822,"Census Tract 18.22, Travis County, Texas",6213,750,2609,515,805,424,52,76,217,153,0,127,2391,828,139,171,0,127,139,171
1400000US48453001823,48453001823,"Census Tract 18.23, Travis County, Texas",6490,675,4116,905,908,267,0,127,25,55,0,127,1355,517,86,83,46,50,40,59
1400000US48453001824,48453001824,"Census Tract 18.24, Travis County, Texas",2007,404,1007,187,238,156,15,25,200,244,0,127,526,397,21,27,0,127,21,27
1400000US48453001826,48453001826,"Census Tract 18.26, Travis County, Texas",2139,255,1329,285,602,307,0,127,170,118,0,127,10,17,28,31,10,16,18,27
1400000US48453001828,48453001828,"Census Tract 18.28, Travis County, Texas",3630,287,3181,377,11,39,19,22,49,44,0,127,305,247,65,47,33,40,32,25
1400000US48453001829,48453001829,"Census Tract 18.29, Travis County, Texas",2407,389,1834,381,94,74,0,127,116,80,0,127,347,183,16,18,8,14,8,12
1400000US48453001832,48453001832,"Census Tract 18.32, Travis County, Texas",2420,231,1711,216,466,150,0,127,61,62,0,127,63,47,119,100,52,58,67,98
1400000US48453001833,48453001833,"Census Tract 18.33, Travis County, Texas",7957,891,4028,1092,1970,684,0,127,122,170,0,127,1540,796,297,226,146,129,151,175
1400000US48453001834,48453001834,"Census Tract 18.34, Travis County, Texas",6657,605,3105,623,1049,327,0,127,752,251,236,273,1235,453,280,194,147,139,133,121
1400000US48453001835,48453001835,"Census Tract 18.35, Travis County, Texas",5097,595,2809,481,1065,466,44,68,160,106,0,127,782,442,237,277,0,127,237,277
1400000US48453001836,48453001836,"Census Tract 18.36, Travis County, Texas",29171,1143,18029,1356,5072,612,47,58,2402,442,0,127,2692,608,929,347,274,139,655,307
1400000US48453001837,48453001837,"Census Tract 18.37, Travis County, Texas",20746,1118,14094,971,2528,630,0,127,1388,416,0,127,2185,674,551,195,238,143,313,174
1400000US48453001839,48453001839,"Census Tract 18.39, Travis County, Texas",5679,409,2718,395,915,254,118,179,1381,218,0,127,328,198,219,154,50,62,169,141
1400000US48453001840,48453001840,"Census Tract 18.40, Travis County, Texas",6599,1049,2981,924,885,411,299,293,1034,342,0,127,1310,846,90,112,0,127,90,112
1400000US48453001841,48453001841,"Census Tract 18.41, Travis County, Texas",15357,1211,7898,1091,2167,464,113,121,1924,532,0,127,2889,1086,366,204,63,53,303,177
1400000US48453001842,48453001842,"Census Tract 18.42, Travis County, Texas",6159,537,3270,475,715,237,0,127,211,138,0,127,1836,708,127,92,31,37,96,86
1400000US48453001843,48453001843,"Census Tract 18.43, Travis County, Texas",2264,175,1360,222,220,147,0,127,140,118,0,127,533,156,11,20,0,127,11,20
1400000US48453001844,48453001844,"Census Tract 18.44, Travis County, Texas",3726,403,2211,411,701,275,53,80,316,203,0,127,377,147,68,56,28,41,40,40
1400000US48453001845,48453001845,"Census Tract 18.45, Travis County, Texas",3264,454,2389,450,224,129,0,127,368,216,0,127,235,178,48,49,0,127,48,49
1400000US48453001846,48453001846,"Census Tract 18.46, Travis County, Texas",2328,134,2084,206,65,85,0,127,96,87,0,127,44,59,39,43,0,127,39,43
1400000US48453001847,48453001847,"Census Tract 18.47, Travis County, Texas",7033,511,4345,648,436,285,20,34,1374,341,0,127,568,275,290,156,136,107,154,111
1400000US48453001848,48453001848,"Census Tract 18.48, Travis County, Texas",4682,382,2779,330,505,215,0,127,805,205,0,127,520,221,73,65,39,45,34,30
1400000US48453001849,48453001849,"Census Tract 18.49, Travis County, Texas",5798,504,2844,479,534,293,139,151,1687,494,0,127,481,399,113,86,0,127,113,86
1400000US48453001850,48453001850,"Census Tract 18.50, Travis County, Texas",4177,384,2053,394,825,291,0,127,202,110,0,127,926,375,171,107,86,90,85,62
1400000US48453001851,48453001851,"Census Tract 18.51, Travis County, Texas",9508,617,6186,798,801,270,131,111,1438,260,76,114,658,277,218,110,70,66,148,89
1400000US48453001852,48453001852,"Census Tract 18.52, Travis County, Texas",5905,602,3432,504,1314,431,0,127,531,244,0,127,467,268,161,126,43,41,118,124
1400000US48453001853,48453001853,"Census Tract 18.53, Travis County, Texas",3611,190,2850,270,108,108,0,127,366,208,0,127,118,81,169,159,0,127,169,159
1400000US48453001901,48453001901,"Census Tract 19.01, Travis County, Texas",5228,945,4870,701,66,89,41,53,35,40,0,127,203,189,13,20,13,20,0,127
1400000US48453001904,48453001904,"Census Tract 19.04, Travis County, Texas",5989,265,5674,251,0,127,11,19,139,78,0,127,69,58,96,67,17,27,79,61
1400000US48453001906,48453001906,"Census Tract 19.06, Travis County, Texas",8407,494,7296,527,9,17,0,127,679,209,29,51,247,217,147,116,61,95,86,71
1400000US48453001908,48453001908,"Census Tract 19.08, Travis County, Texas",6599,607,4968,549,153,133,0,127,295,131,0,127,922,442,261,173,36,41,225,175
1400000US48453001909,48453001909,"Census Tract 19.09, Travis County, Texas",8238,640,7241,647,54,57,16,25,456,156,0,127,348,183,123,76,42,39,81,69
1400000US48453001910,48453001910,"Census Tract 19.10, Travis County, Texas",4089,358,3680,363,0,127,0,127,178,111,0,127,131,130,100,87,0,127,100,87
1400000US48453001911,48453001911,"Census Tract 19.11, Travis County, Texas",2891,287,2688,312,54,92,0,127,0,127,0,127,79,82,70,66,26,29,44,59
1400000US48453001912,48453001912,"Census Tract 19.12, Travis County, Texas",3715,449,3457,451,35,39,0,127,191,114,0,127,9,15,23,28,0,127,23,28
1400000US48453001913,48453001913,"Census Tract 19.13, Travis County, Texas",5000,356,4399,362,84,105,0,127,343,105,0,127,89,112,85,77,0,127,85,77
1400000US48453002002,48453002002,"Census Tract 20.02, Travis County, Texas",2875,291,2007,353,77,54,3,9,16,25,0,127,739,401,33,29,7,14,26,25
1400000US48453002003,48453002003,"Census Tract 20.03, Travis County, Texas",3965,560,2448,543,38,44,0,127,13,16,0,127,1363,514,103,113,58,83,45,64
1400000US48453002004,48453002004,"Census Tract 20.04, Travis County, Texas",2395,420,1771,342,65,59,11,17,87,84,0,127,435,286,26,31,26,31,0,127
1400000US48453002005,48453002005,"Census Tract 20.05, Travis County, Texas",5011,481,3398,488,417,191,0,127,106,111,0,127,924,406,166,117,38,38,128,111
1400000US48453002104,48453002104,"Census Tract 21.04, Travis County, Texas",3103,424,2456,423,326,269,16,24,0,127,0,127,266,263,39,36,0,127,39,36
1400000US48453002105,48453002105,"Census Tract 21.05, Travis County, Texas",5001,789,2867,766,352,286,146,203,70,78,0,127,1504,686,62,82,49,82,13,23
1400000US48453002106,48453002106,"Census Tract 21.06, Travis County, Texas",3363,561,1988,617,678,333,65,111,179,122,0,127,363,196,90,72,64,66,26,28
1400000US48453002107,48453002107,"Census Tract 21.07, Travis County, Texas",4197,507,1955,539,1798,476,0,127,0,127,0,127,392,245,52,64,0,127,52,64
1400000US48453002108,48453002108,"Census Tract 21.08, Travis County, Texas",3392,491,1012,478,1780,287,0,127,44,57,0,127,489,345,67,67,0,127,67,67
1400000US48453002109,48453002109,"Census Tract 21.09, Travis County, Texas",3354,411,696,238,1616,285,13,21,6,10,0,127,1005,404,18,22,11,18,7,11
1400000US48453002110,48453002110,"Census Tract 21.10, Travis County, Texas",4568,591,1701,609,1422,431,0,127,20,26,0,127,1353,613,72,52,34,43,38,40
1400000US48453002111,48453002111,"Census Tract 21.11, Travis County, Texas",4523,597,1799,417,775,196,43,49,13,19,0,127,1759,558,134,125,71,90,63,84
1400000US48453002112,48453002112,"Census Tract 21.12, Travis County, Texas",4763,606,2510,514,1140,462,10,16,0,127,0,127,1074,472,29,37,29,37,0,127
1400000US48453002113,48453002113,"Census Tract 21.13, Travis County, Texas",3682,444,1806,352,1178,280,6,10,31,58,0,127,630,421,31,25,0,127,31,25
1400000US48453002201,48453002201,"Census Tract 22.01, Travis County, Texas",1998,367,737,416,1146,362,0,127,0,127,0,127,115,120,0,127,0,127,0,127
1400000US48453002202,48453002202,"Census Tract 22.02, Travis County, Texas",6232,830,1372,593,2620,528,0,127,90,103,0,127,1950,497,200,178,185,177,15,25
1400000US48453002205,48453002205,"Census Tract 22.05, Travis County, Texas",7837,1133,3749,874,1622,611,4,8,27,42,0,127,2351,741,84,106,63,105,21,26
1400000US48453002206,48453002206,"Census Tract 22.06, Travis County, Texas",16532,967,8346,923,3137,533,37,40,404,314,0,127,4053,898,555,339,265,253,290,193
1400000US48453002303,48453002303,"Census Tract 23.03, Travis County, Texas",1023,607,604,423,347,219,0,127,0,127,0,127,72,41,0,127,0,127,0,127
1400000US48453002304,48453002304,"Census Tract 23.04, Travis County, Texas",4688,893,1175,453,235,137,0,127,96,121,0,127,3182,867,0,127,0,127,0,127
1400000US48453002307,48453002307,"Census Tract 23.07, Travis County, Texas",4812,559,2204,473,283,168,9,14,223,133,0,127,2046,578,47,46,31,39,16,25
1400000US48453002308,48453002308,"Census Tract 23.08, Travis County, Texas",5672,856,4135,730,234,234,0,127,96,78,0,127,1119,629,88,95,11,18,77,92
1400000US48453002310,48453002310,"Census Tract 23.10, Travis County, Texas",2759,395,855,329,239,178,0,127,0,127,0,127,1620,453,45,50,35,50,10,16
1400000US48453002311,48453002311,"Census Tract 23.11, Travis County, Texas",9524,744,3520,719,1671,418,8,13,576,207,28,43,3617,757,104,116,0,127,104,116
1400000US48453002312,48453002312,"Census Tract 23.12, Travis County, Texas",5794,599,2204,545,446,279,0,127,0,127,0,127,3110,663,34,57,34,57,0,127
1400000US48453002313,48453002313,"Census Tract 23.13, Travis County, Texas",3964,476,1787,431,713,350,31,50,167,99,0,127,1209,498,57,55,15,25,42,50
1400000US48453002314,48453002314,"Census Tract 23.14, Travis County, Texas",5000,434,1907,402,931,238,0,127,606,290,0,127,1407,447,149,71,120,54,29,46
1400000US48453002315,48453002315,"Census Tract 23.15, Travis County, Texas",3307,433,1141,208,357,198,0,127,64,41,0,127,1714,422,31,39,0,127,31,39
1400000US48453002316,48453002316,"Census Tract 23.16, Travis County, Texas",5613,706,1735,471,331,229,11,21,84,86,0,127,3420,735,32,41,23,36,9,19
1400000US48453002402,48453002402,"Census Tract 24.02, Travis County, Texas",5905,572,3860,587,376,256,0,127,267,245,0,127,1142,435,260,233,49,50,211,234
1400000US48453002403,48453002403,"Census Tract 24.03, Travis County, Texas",2874,544,1332,261,8,14,38,44,59,94,0,127,1344,595,93,111,93,111,0,127
1400000US48453002407,48453002407,"Census Tract 24.07, Travis County, Texas",3701,239,3185,278,23,22,0,127,92,81,0,127,318,205,83,75,59,74,24,23
1400000US48453002409,48453002409,"Census Tract 24.09, Travis County, Texas",3314,319,1993,321,201,121,43,64,34,32,0,127,1032,446,11,17,11,17,0,127
1400000US48453002410,48453002410,"Census Tract 24.10, Travis County, Texas",3647,390,2564,462,127,102,8,14,9,14,0,127,929,402,10,16,10,16,0,127
1400000US48453002411,48453002411,"Census Tract 24.11, Travis County, Texas",6024,482,1619,497,570,178,12,19,0,127,0,127,3583,623,240,176,33,38,207,171
1400000US48453002412,48453002412,"Census Tract 24.12, Travis County, Texas",5141,361,1396,397,362,170,0,127,47,47,0,127,3336,489,0,127,0,127,0,127
1400000US48453002413,48453002413,"Census Tract 24.13, Travis County, Texas",4356,583,1290,580,526,245,0,127,36,58,74,119,2397,602,33,40,0,127,33,40
1400000US48453002416,48453002416,"Census Tract 24.16, Travis County, Texas",13758,1138,6378,1028,1177,421,187,169,283,115,0,127,5152,1267,581,301,206,207,375,221
1400000US48453002417,48453002417,"Census Tract 24.17, Travis County, Texas",9756,723,4722,754,552,265,11,16,72,104,139,131,3898,728,362,259,174,205,188,158
1400000US48453002418,48453002418,"Census Tract 24.18, Travis County, Texas",10509,852,5196,651,894,225,342,324,234,156,14,22,3628,799,201,144,137,129,64,62
1400000US48453002419,48453002419,"Census Tract 24.19, Travis County, Texas",3697,547,1455,253,437,198,0,127,45,48,0,127,1728,471,32,40,0,127,32,40
1400000US48453002420,48453002420,"Census Tract 24.20, Travis County, Texas",13432,1124,6780,943,1088,334,13,16,65,56,0,127,5002,1084,484,274,227,194,257,200
1400000US48453002421,48453002421,"Census Tract 24.21, Travis County, Texas",4284,476,3011,478,222,156,67,88,149,86,0,127,690,272,145,95,36,42,109,88
1400000US48453002422,48453002422,"Census Tract 24.22, Travis County, Texas",5153,627,3032,684,552,451,71,114,107,105,0,127,924,463,467,245,279,185,188,148
1400000US48453002423,48453002423,"Census Tract 24.23, Travis County, Texas",5499,416,3948,552,160,123,8,14,142,84,6,11,1060,442,175,149,42,45,133,146
1400000US48453002424,48453002424,"Census Tract 24.24, Travis County, Texas",3911,899,2728,766,131,94,37,43,0,127,0,127,948,316,67,55,27,31,40,42
1400000US48491020101,48491020101,"Census Tract 201.01, Williamson County, Texas",14464,720,13920,737,67,69,21,26,85,114,0,127,256,141,115,97,45,47,70,87
1400000US48491020102,48491020102,"Census Tract 201.02, Williamson County, Texas",7401,807,6288,871,302,180,0,127,226,203,0,127,457,246,128,109,31,51,97,98
1400000US48491020103,48491020103,"Census Tract 201.03, Williamson County, Texas",6413,457,6119,416,83,68,19,24,99,131,0,127,93,119,0,127,0,127,0,127
1400000US48491020104,48491020104,"Census Tract 201.04, Williamson County, Texas",4893,556,4147,509,54,84,23,36,108,128,0,127,318,198,243,248,0,127,243,248
1400000US48491020200,48491020200,"Census Tract 202, Williamson County, Texas",10145,1023,9190,1038,73,81,38,42,0,127,22,34,647,430,175,127,50,47,125,120
1400000US48491020301,48491020301,"Census Tract 203.01, Williamson County, Texas",3756,382,3358,371,28,29,20,19,104,147,43,67,95,65,108,73,0,127,108,73
1400000US48491020302,48491020302,"Census Tract 203.02, Williamson County, Texas",3134,444,2640,374,0,127,14,24,16,19,0,127,285,213,179,207,154,208,25,28
1400000US48491020303,48491020303,"Census Tract 203.03, Williamson County, Texas",10644,768,8755,868,398,216,49,80,102,72,0,127,1068,412,272,184,150,128,122,124
1400000US48491020305,48491020305,"Census Tract 203.05, Williamson County, Texas",9415,557,7758,501,373,158,115,119,138,107,49,55,833,335,149,105,100,97,49,49
1400000US48491020306,48491020306,"Census Tract 203.06, Williamson County, Texas",15410,1103,11980,1061,834,475,136,149,253,177,0,127,1811,694,396,244,153,187,243,184
1400000US48491020307,48491020307,"Census Tract 203.07, Williamson County, Texas",18374,856,15259,946,663,285,145,121,658,254,0,127,1355,474,294,168,93,71,201,162
1400000US48491020308,48491020308,"Census Tract 203.08, Williamson County, Texas",11307,723,9127,619,360,256,64,80,766,351,0,127,515,373,475,292,169,190,306,213
1400000US48491020309,48491020309,"Census Tract 203.09, Williamson County, Texas",24398,996,19509,958,970,479,69,45,1192,349,44,44,1904,645,710,276,363,215,347,168
1400000US48491020310,48491020310,"Census Tract 203.10, Williamson County, Texas",2204,196,1923,238,9,13,0,127,26,33,0,127,116,126,130,126,0,127,130,126
1400000US48491020402,48491020402,"Census Tract 204.02, Williamson County, Texas",6020,403,4798,421,569,267,23,29,197,116,0,127,284,241,149,121,0,127,149,121
1400000US48491020403,48491020403,"Census Tract 204.03, Williamson County, Texas",1163,179,1029,191,0,127,0,127,46,53,6,13,82,47,0,127,0,127,0,127
1400000US48491020404,48491020404,"Census Tract 204.04, Williamson County, Texas",3083,263,2684,264,85,72,7,13,65,50,0,127,167,85,75,62,30,26,45,48
1400000US48491020405,48491020405,"Census Tract 204.05, Williamson County, Texas",3967,358,2535,402,486,268,25,42,154,158,0,127,468,253,299,254,0,127,299,254
1400000US48491020406,48491020406,"Census Tract 204.06, Williamson County, Texas",4208,430,3571,434,248,162,0,127,217,130,0,127,86,62,86,71,0,127,86,71
1400000US48491020407,48491020407,"Census Tract 204.07, Williamson County, Texas",9757,553,7121,546,408,160,71,74,1399,257,0,127,553,278,205,112,29,36,176,95
1400000US48491020501,48491020501,"Census Tract 205.01, Williamson County, Texas",12729,687,10148,727,458,156,72,57,1215,390,0,127,251,152,585,259,95,86,490,252
1400000US48491020502,48491020502,"Census Tract 205.02, Williamson County, Texas",15260,746,11634,781,825,327,0,127,2079,322,6,9,501,269,215,105,39,40,176,97
1400000US48491020503,48491020503,"Census Tract 205.03, Williamson County, Texas",5003,324,4591,399,80,64,0,127,58,73,0,127,134,95,140,110,20,33,120,107
1400000US48491020504,48491020504,"Census Tract 205.04, Williamson County, Texas",7373,789,5382,834,735,377,82,76,588,299,0,127,261,123,325,178,207,168,118,61
1400000US48491020601,48491020601,"Census Tract 206.01, Williamson County, Texas",17463,795,13804,787,541,223,0,127,1385,433,0,127,1352,598,381,249,209,229,172,109
1400000US48491020602,48491020602,"Census Tract 206.02, Williamson County, Texas",5540,542,4422,569,449,262,23,31,118,83,0,127,343,201,185,142,10,15,175,141
1400000US48491020701,48491020701,"Census Tract 207.01, Williamson County, Texas",2571,458,1829,384,467,271,0,127,0,127,0,127,170,162,105,132,13,19,92,131
1400000US48491020703,48491020703,"Census Tract 207.03, Williamson County, Texas",9990,1144,7036,1107,1250,380,0,127,588,261,0,127,721,316,395,368,23,34,372,373
1400000US48491020704,48491020704,"Census Tract 207.04, Williamson County, Texas",5062,440,4240,435,343,118,66,60,29,26,0,127,293,210,91,84,0,127,91,84
1400000US48491020705,48491020705,"Census Tract 207.05, Williamson County, Texas",13794,1090,10836,1189,1135,471,72,79,794,266,39,39,504,283,414,202,79,68,335,175
1400000US48491020801,48491020801,"Census Tract 208.01, Williamson County, Texas",21968,1164,16918,1242,2495,498,200,270,52,44,0,127,2060,670,243,132,132,110,111,73
1400000US48491020802,48491020802,"Census Tract 208.02, Williamson County, Texas",8693,561,7441,549,472,149,20,23,446,235,0,127,165,137,149,129,30,46,119,123
1400000US48491020900,48491020900,"Census Tract 209, Williamson County, Texas",3712,342,3497,347,89,45,0,127,19,28,0,127,49,35,58,42,41,36,17,20
1400000US48491021000,48491021000,"Census Tract 210, Williamson County, Texas",2858,412,1780,435,567,208,0,127,13,23,0,127,469,258,29,38,22,37,7,11
1400000US48491021100,48491021100,"Census Tract 211, Williamson County, Texas",3170,478,2401,446,113,164,0,127,291,428,0,127,365,239,0,127,0,127,0,127
1400000US48491021201,48491021201,"Census Tract 212.01, Williamson County, Texas",2715,307,2444,272,63,84,0,127,39,57,0,127,169,163,0,127,0,127,0,127
1400000US48491021202,48491021202,"Census Tract 212.02, Williamson County, Texas",3332,440,2813,453,169,135,0,127,34,38,16,27,217,207,83,106,0,127,83,106
1400000US48491021203,48491021203,"Census Tract 212.03, Williamson County, Texas",2772,440,2178,457,361,327,4,6,0,127,0,127,229,168,0,127,0,127,0,127
1400000US48491021300,48491021300,"Census Tract 213, Williamson County, Texas",3735,419,3192,387,281,107,3,4,11,13,0,127,160,110,88,73,18,21,70,68
1400000US48491021401,48491021401,"Census Tract 214.01, Williamson County, Texas",8992,802,6808,767,373,477,216,212,208,208,0,127,1084,650,303,261,74,83,229,254
1400000US48491021402,48491021402,"Census Tract 214.02, Williamson County, Texas",3789,655,2910,577,450,249,45,47,0,127,0,127,307,270,77,68,68,68,9,8
1400000US48491021403,48491021403,"Census Tract 214.03, Williamson County, Texas",3589,393,2788,526,144,116,0,127,51,59,0,127,392,190,214,144,85,92,129,114
1400000US48491021501,48491021501,"Census Tract 215.01, Williamson County, Texas",22876,1193,15855,1106,3425,656,171,121,994,312,0,127,1712,517,719,312,112,74,607,312
1400000US48491021502,48491021502,"Census Tract 215.02, Williamson County, Texas",4996,506,3346,665,788,441,0,127,89,116,0,127,693,331,80,62,11,19,69,58
1400000US48491021503,48491021503,"Census Tract 215.03, Williamson County, Texas",4112,477,3181,512,541,283,0,127,79,74,0,127,243,125,68,65,0,127,68,65
1400000US48491021600,48491021600,"Census Tract 216, Williamson County, Texas",6188,922,5705,888,27,33,6,11,107,101,0,127,236,271,107,74,17,29,90,61
