GEO.id,GEO.id2,GEO.display-label,HD01_VD01,HD02_VD01,HD01_VD02,HD02_VD02,HD01_VD03,HD02_VD03,HD01_VD04,HD02_VD04,HD01_VD05,HD02_VD05,HD01_VD06,HD02_VD06,HD01_VD07,HD02_VD07,HD01_VD08,HD02_VD08,HD01_VD09,HD02_VD09,HD01_VD10,HD02_VD10
Id,Id2,Geography,Estimate; Total:,Margin of Error; Total:,Estimate; Total: - White alone,Margin of Error; Total: - White alone,Estimate; Total: - Black or African American alone,Margin of Error; Total: - Black or African American alone,Estimate; Total: - American Indian and Alaska Native alone,Margin of Error; Total: - American Indian and Alaska Native alone,Estimate; Total: - Asian alone,Margin of Error; Total: - Asian alone,Estimate; Total: - Native Hawaiian and Other Pacific Islander alone,Margin of Error; Total: - Native Hawaiian and Other Pacific Islander alone,Estimate; Total: - Some other race alone,Margin of Error; Total: - Some other race alone,Estimate; Total: - Two or more races:,Margin of Error; Total: - Two or more races:,Estimate; Total: - Two or more races: - Two races including Some other race,Margin of Error; Total: - Two or more races: - Two races including Some other race,"Estimate; Total: - Two or more races: - Two races excluding Some other race, and three or more races","Margin of Error; Total: - Two or more races: - Two races excluding Some other race, and three or more races"
1400000US48021950100,48021950100,"Census Tract 9501, Bastrop County, Texas",9119,717,7946,639,330,211,110,171,123,109,0,18,413,362,197,137,4,6,193,137
1400000US48021950200,48021950200,"Census Tract 9502, Bastrop County, Texas",8035,337,5208,550,1268,479,29,42,0,18,0,18,1301,516,229,198,153,162,76,102
1400000US48021950300,48021950300,"Census Tract 9503, Bastrop County, Texas",12957,968,10932,821,1333,390,57,63,325,141,0,20,136,100,174,99,32,39,142,91
1400000US48021950400,48021950400,"Census Tract 9504, Bastrop County, Texas",8128,639,7048,637,650,253,118,134,44,68,0,18,122,110,146,116,0,18,146,116
1400000US48021950501,48021950501,"Census Tract 9505.01, Bastrop County, Texas",8032,650,6796,588,800,342,0,18,13,24,0,18,190,72,233,204,12,22,221,204
1400000US48021950502,48021950502,"Census Tract 9505.02, Bastrop County, Texas",5977,765,5602,713,231,195,40,51,24,36,0,18,48,57,32,55,0,18,32,55
1400000US48021950600,48021950600,"Census Tract 9506, Bastrop County, Texas",4881,542,4243,633,78,94,151,136,0,13,0,13,334,248,75,84,14,33,61,76
1400000US48021950700,48021950700,"Census Tract 9507, Bastrop County, Texas",3960,97,3001,279,824,261,10,22,70,79,0,13,50,47,5,13,0,13,5,13
1400000US48021950801,48021950801,"Census Tract 9508.01, Bastrop County, Texas",6209,809,5278,836,187,176,205,192,0,18,0,18,494,353,45,54,15,24,30,48
1400000US48021950802,48021950802,"Census Tract 9508.02, Bastrop County, Texas",7432,990,6808,1059,188,190,0,18,0,18,0,18,436,409,0,18,0,18,0,18
1400000US48055960101,48055960101,"Census Tract 9601.01, Caldwell County, Texas",5638,576,4657,550,87,65,110,140,0,18,0,18,589,289,195,125,120,109,75,70
1400000US48055960102,48055960102,"Census Tract 9601.02, Caldwell County, Texas",3650,548,2807,358,115,100,16,21,0,13,0,13,575,415,137,74,16,21,121,69
1400000US48055960200,48055960200,"Census Tract 9602, Caldwell County, Texas",5106,436,3129,486,767,200,157,212,31,49,4,8,913,382,105,74,46,45,59,52
1400000US48055960300,48055960300,"Census Tract 9603, Caldwell County, Texas",4530,422,3429,495,253,178,0,13,0,13,0,13,710,297,138,97,114,95,24,27
1400000US48055960400,48055960400,"Census Tract 9604, Caldwell County, Texas",3536,378,2352,453,134,72,162,164,7,13,12,19,657,328,212,136,97,89,115,122
1400000US48055960500,48055960500,"Census Tract 9605, Caldwell County, Texas",8301,740,5064,681,630,166,0,18,0,18,0,18,2412,654,195,108,65,65,130,87
1400000US48055960600,48055960600,"Census Tract 9606, Caldwell County, Texas",2070,331,1792,296,118,107,5,11,35,52,0,13,69,76,51,45,34,38,17,19
1400000US48055960700,48055960700,"Census Tract 9607, Caldwell County, Texas",5634,139,3998,631,639,258,8,13,0,18,0,18,598,439,391,480,391,480,0,18
1400000US48209010100,48209010100,"Census Tract 101, Hays County, Texas",2529,380,2269,367,117,125,0,13,0,13,0,13,110,88,33,32,0,13,33,32
1400000US48209010200,48209010200,"Census Tract 102, Hays County, Texas",5741,755,4388,556,292,102,18,32,247,101,12,18,708,208,76,44,10,13,66,40
1400000US48209010302,48209010302,"Census Tract 103.02, Hays County, Texas",4091,477,2555,513,61,47,41,49,76,117,0,13,1231,411,127,139,86,103,41,63
1400000US48209010303,48209010303,"Census Tract 103.03, Hays County, Texas",7538,832,5811,818,657,225,140,173,8,16,12,25,686,331,224,217,21,33,203,215
1400000US48209010304,48209010304,"Census Tract 103.04, Hays County, Texas",6182,643,4506,714,335,127,0,18,169,136,39,53,836,343,297,182,20,34,277,179
1400000US48209010400,48209010400,"Census Tract 104, Hays County, Texas",8284,733,6144,910,270,225,107,135,159,108,0,18,1463,630,141,110,37,42,104,103
1400000US48209010500,48209010500,"Census Tract 105, Hays County, Texas",3967,414,2910,486,171,107,0,13,26,39,0,13,748,273,112,141,0,13,112,141
1400000US48209010600,48209010600,"Census Tract 106, Hays County, Texas",9342,830,7794,724,292,264,75,68,174,185,0,18,732,559,275,172,78,91,197,135
1400000US48209010701,48209010701,"Census Tract 107.01, Hays County, Texas",7763,615,7030,575,37,30,38,49,179,131,0,18,348,196,131,101,16,27,115,97
1400000US48209010702,48209010702,"Census Tract 107.02, Hays County, Texas",2759,461,2548,459,87,118,0,13,0,13,0,13,124,145,0,13,0,13,0,13
1400000US48209010803,48209010803,"Census Tract 108.03, Hays County, Texas",4476,445,4293,456,0,13,38,57,0,13,0,13,16,26,129,118,22,29,107,115
1400000US48209010804,48209010804,"Census Tract 108.04, Hays County, Texas",8607,485,8145,537,152,218,42,54,95,82,0,18,62,42,111,69,0,18,111,69
1400000US48209010805,48209010805,"Census Tract 108.05, Hays County, Texas",6469,503,5931,558,79,118,5,9,271,225,0,18,36,35,147,95,41,44,106,75
1400000US48209010806,48209010806,"Census Tract 108.06, Hays County, Texas",4005,571,3916,569,9,11,0,13,64,53,0,13,16,23,0,13,0,13,0,13
1400000US48209010807,48209010807,"Census Tract 108.07, Hays County, Texas",2221,445,2027,413,1,2,0,13,0,13,0,13,122,92,71,69,14,25,57,60
1400000US48209010808,48209010808,"Census Tract 108.08, Hays County, Texas",5712,437,5435,503,2,4,12,22,0,18,0,18,55,58,208,157,0,18,208,157
1400000US48209010809,48209010809,"Census Tract 108.09, Hays County, Texas",5426,475,4674,490,40,62,54,62,174,123,0,18,463,321,21,39,0,18,21,39
1400000US48209010901,48209010901,"Census Tract 109.01, Hays County, Texas",7897,431,7321,449,72,88,0,18,102,73,58,86,252,165,92,63,17,27,75,62
1400000US48209010902,48209010902,"Census Tract 109.02, Hays County, Texas",10848,893,9421,874,165,145,53,82,42,27,0,20,813,323,354,201,179,126,175,107
1400000US48209010905,48209010905,"Census Tract 109.05, Hays County, Texas",5821,569,4818,618,286,231,0,18,54,51,0,18,515,298,148,146,18,33,130,144
1400000US48209010906,48209010906,"Census Tract 109.06, Hays County, Texas",11687,663,7853,715,846,231,21,26,200,119,0,20,2519,714,248,143,59,43,189,141
1400000US48209010907,48209010907,"Census Tract 109.07, Hays County, Texas",10375,1136,7071,1268,435,161,69,62,27,31,85,132,2077,737,611,524,106,121,505,523
1400000US48209010908,48209010908,"Census Tract 109.08, Hays County, Texas",8574,759,6460,1081,270,185,36,60,203,163,0,18,1382,645,223,223,28,46,195,218
1400000US48209010909,48209010909,"Census Tract 109.09, Hays County, Texas",5163,431,4729,428,151,217,31,46,67,58,0,18,158,134,27,34,27,34,0,18
1400000US48209010910,48209010910,"Census Tract 109.10, Hays County, Texas",8667,610,6423,837,796,201,0,18,16,19,0,18,1208,617,224,131,117,85,107,94
1400000US48453000101,48453000101,"Census Tract 1.01, Travis County, Texas",3831,308,3695,320,27,31,0,13,13,21,0,13,27,32,69,45,9,14,60,38
1400000US48453000102,48453000102,"Census Tract 1.02, Travis County, Texas",2518,178,2404,168,58,73,14,21,0,13,0,13,10,17,32,29,0,13,32,29
1400000US48453000203,48453000203,"Census Tract 2.03, Travis County, Texas",1618,208,1355,189,55,49,0,13,102,52,0,13,84,81,22,25,0,13,22,25
1400000US48453000204,48453000204,"Census Tract 2.04, Travis County, Texas",2955,245,2574,272,80,76,0,13,163,97,0,13,8,14,130,102,0,13,130,102
1400000US48453000205,48453000205,"Census Tract 2.05, Travis County, Texas",3538,405,2919,393,209,159,0,13,181,134,52,74,140,107,37,44,0,13,37,44
1400000US48453000206,48453000206,"Census Tract 2.06, Travis County, Texas",3233,320,2778,363,184,150,0,13,92,78,0,13,79,74,100,116,0,13,100,116
1400000US48453000302,48453000302,"Census Tract 3.02, Travis County, Texas",5185,551,4421,587,75,85,0,18,344,148,0,18,60,64,285,123,28,40,257,116
1400000US48453000304,48453000304,"Census Tract 3.04, Travis County, Texas",3297,360,2721,379,19,20,0,13,278,139,0,13,75,77,204,105,60,27,144,103
1400000US48453000305,48453000305,"Census Tract 3.05, Travis County, Texas",3073,273,2725,239,0,13,0,13,96,55,0,13,158,166,94,76,20,26,74,64
1400000US48453000306,48453000306,"Census Tract 3.06, Travis County, Texas",2789,299,2185,289,276,164,0,13,93,63,0,13,148,193,87,73,0,13,87,73
1400000US48453000307,48453000307,"Census Tract 3.07, Travis County, Texas",1863,259,1556,174,85,54,0,13,0,13,0,13,222,268,0,13,0,13,0,13
1400000US48453000401,48453000401,"Census Tract 4.01, Travis County, Texas",3307,283,2719,273,203,106,7,11,303,119,0,13,31,29,44,29,10,19,34,23
1400000US48453000402,48453000402,"Census Tract 4.02, Travis County, Texas",2837,294,1960,227,414,142,38,61,218,165,34,53,17,23,156,110,20,29,136,107
1400000US48453000500,48453000500,"Census Tract 5, Travis County, Texas",4606,429,3908,449,58,47,27,32,390,172,0,13,110,81,113,82,13,21,100,79
1400000US48453000601,48453000601,"Census Tract 6.01, Travis County, Texas",9342,2276,6685,1723,763,387,1,4,1345,303,0,18,417,176,131,96,0,18,131,96
1400000US48453000603,48453000603,"Census Tract 6.03, Travis County, Texas",7957,864,5380,735,290,260,0,18,1699,406,0,18,166,98,422,222,16,25,406,220
1400000US48453000604,48453000604,"Census Tract 6.04, Travis County, Texas",5888,740,4641,675,118,95,51,47,796,289,3,6,157,93,122,88,7,13,115,86
1400000US48453000700,48453000700,"Census Tract 7, Travis County, Texas",1136,136,1078,137,16,26,0,13,31,26,0,13,11,16,0,13,0,13,0,13
1400000US48453000801,48453000801,"Census Tract 8.01, Travis County, Texas",1665,194,1110,205,180,145,0,13,0,13,0,13,325,205,50,76,7,39,43,71
1400000US48453000802,48453000802,"Census Tract 8.02, Travis County, Texas",3586,447,1590,386,1416,361,59,85,8,13,0,13,470,347,43,50,0,13,43,50
1400000US48453000803,48453000803,"Census Tract 8.03, Travis County, Texas",2376,276,1621,271,458,151,15,22,42,44,0,13,108,99,132,92,60,60,72,66
1400000US48453000804,48453000804,"Census Tract 8.04, Travis County, Texas",2415,266,1443,264,683,162,0,13,18,17,0,13,171,139,100,77,6,10,94,77
1400000US48453000901,48453000901,"Census Tract 9.01, Travis County, Texas",1982,221,1458,249,269,120,0,13,24,31,0,13,196,116,35,41,20,35,15,18
1400000US48453000902,48453000902,"Census Tract 9.02, Travis County, Texas",5351,646,3653,585,23,21,95,104,29,37,0,18,1421,624,130,103,47,46,83,92
1400000US48453001000,48453001000,"Census Tract 10, Travis County, Texas",3529,389,2518,410,99,75,30,33,142,166,0,13,646,226,94,102,21,20,73,105
1400000US48453001100,48453001100,"Census Tract 11, Travis County, Texas",4631,452,3786,371,297,147,0,13,324,167,0,13,49,46,175,158,33,39,142,154
1400000US48453001200,48453001200,"Census Tract 12, Travis County, Texas",4394,426,3855,456,123,95,0,13,275,126,0,13,67,77,74,72,0,13,74,72
1400000US48453001303,48453001303,"Census Tract 13.03, Travis County, Texas",2555,272,2353,284,68,54,0,13,54,50,0,13,54,58,26,25,0,13,26,25
1400000US48453001304,48453001304,"Census Tract 13.04, Travis County, Texas",3766,249,3496,231,19,21,26,33,81,54,0,13,21,20,123,76,30,36,93,60
1400000US48453001305,48453001305,"Census Tract 13.05, Travis County, Texas",5686,465,5080,523,282,250,81,101,44,55,0,18,130,124,69,52,21,32,48,56
1400000US48453001307,48453001307,"Census Tract 13.07, Travis County, Texas",3614,324,3186,332,256,186,0,13,40,39,0,13,86,69,46,34,4,6,42,33
1400000US48453001308,48453001308,"Census Tract 13.08, Travis County, Texas",2805,380,2508,391,142,90,27,27,18,20,0,13,80,89,30,39,0,13,30,39
1400000US48453001401,48453001401,"Census Tract 14.01, Travis County, Texas",2972,330,2630,342,68,57,0,13,128,92,0,13,19,21,127,76,0,13,127,76
1400000US48453001402,48453001402,"Census Tract 14.02, Travis County, Texas",2730,270,2487,212,106,68,0,13,0,13,0,13,53,69,84,79,8,12,76,76
1400000US48453001403,48453001403,"Census Tract 14.03, Travis County, Texas",1322,155,1003,151,52,36,19,28,12,15,0,13,225,127,11,13,0,13,11,13
1400000US48453001501,48453001501,"Census Tract 15.01, Travis County, Texas",5115,298,4809,334,22,29,0,18,42,42,0,18,180,165,62,57,19,28,43,39
1400000US48453001503,48453001503,"Census Tract 15.03, Travis County, Texas",4008,329,3330,300,282,199,46,63,37,38,0,13,269,183,44,41,12,19,32,37
1400000US48453001504,48453001504,"Census Tract 15.04, Travis County, Texas",4896,400,4273,471,39,32,0,13,198,128,0,13,317,268,69,50,0,13,69,50
1400000US48453001505,48453001505,"Census Tract 15.05, Travis County, Texas",4213,367,3898,378,16,24,0,13,59,52,0,13,167,182,73,50,39,38,34,35
1400000US48453001602,48453001602,"Census Tract 16.02, Travis County, Texas",3153,279,2308,267,89,74,23,36,546,138,0,13,44,54,143,125,0,13,143,125
1400000US48453001603,48453001603,"Census Tract 16.03, Travis County, Texas",4708,303,4466,304,29,35,0,13,82,71,0,13,31,29,100,72,47,51,53,51
1400000US48453001604,48453001604,"Census Tract 16.04, Travis County, Texas",3770,249,3565,270,0,13,29,36,25,24,0,13,55,78,96,86,0,13,96,86
1400000US48453001605,48453001605,"Census Tract 16.05, Travis County, Texas",3583,290,3340,276,30,28,101,124,47,37,0,13,32,29,33,29,0,13,33,29
1400000US48453001606,48453001606,"Census Tract 16.06, Travis County, Texas",320,352,279,313,41,53,0,13,0,13,0,13,0,13,0,13,0,13,0,13
1400000US48453001705,48453001705,"Census Tract 17.05, Travis County, Texas",4677,293,4348,333,114,148,0,13,175,102,0,13,40,62,0,13,0,13,0,13
1400000US48453001706,48453001706,"Census Tract 17.06, Travis County, Texas",3512,230,3038,286,147,107,0,13,193,109,0,13,24,28,110,105,0,13,110,105
1400000US48453001707,48453001707,"Census Tract 17.07, Travis County, Texas",4737,397,4051,448,34,35,0,13,317,218,0,13,302,215,33,35,0,13,33,35
1400000US48453001712,48453001712,"Census Tract 17.12, Travis County, Texas",4424,470,4085,489,108,88,7,10,0,13,0,13,130,133,94,80,10,16,84,77
1400000US48453001713,48453001713,"Census Tract 17.13, Travis County, Texas",4178,311,3576,329,133,139,37,43,50,42,0,13,297,218,85,106,0,13,85,106
1400000US48453001714,48453001714,"Census Tract 17.14, Travis County, Texas",12405,830,9271,828,664,285,56,85,1914,323,67,119,238,175,195,141,0,20,195,141
1400000US48453001716,48453001716,"Census Tract 17.16, Travis County, Texas",5090,387,4510,338,60,71,0,18,218,87,0,18,35,41,267,174,93,73,174,156
1400000US48453001718,48453001718,"Census Tract 17.18, Travis County, Texas",5448,329,4529,398,76,92,0,18,622,251,0,18,64,59,157,122,0,18,157,122
1400000US48453001719,48453001719,"Census Tract 17.19, Travis County, Texas",3907,334,3492,346,38,35,9,14,281,223,0,13,45,55,42,30,0,13,42,30
1400000US48453001722,48453001722,"Census Tract 17.22, Travis County, Texas",3881,266,2964,392,195,125,20,32,408,213,0,13,217,157,77,64,9,13,68,61
1400000US48453001728,48453001728,"Census Tract 17.28, Travis County, Texas",7124,464,6310,522,375,170,0,18,28,34,18,29,167,189,226,159,45,55,181,140
1400000US48453001729,48453001729,"Census Tract 17.29, Travis County, Texas",4728,345,4125,402,96,79,51,65,134,161,0,13,130,110,192,180,16,22,176,178
1400000US48453001733,48453001733,"Census Tract 17.33, Travis County, Texas",3634,284,3521,295,71,57,0,13,28,23,0,13,3,5,11,17,0,13,11,17
1400000US48453001737,48453001737,"Census Tract 17.37, Travis County, Texas",10488,469,9038,498,149,141,105,90,913,269,17,29,15,23,251,148,49,76,202,126
1400000US48453001738,48453001738,"Census Tract 17.38, Travis County, Texas",6669,446,6160,476,15,23,9,16,151,141,0,18,245,226,89,84,0,18,89,84
1400000US48453001740,48453001740,"Census Tract 17.40, Travis County, Texas",4475,329,3594,335,143,126,30,35,335,67,0,13,81,76,292,141,56,61,236,136
1400000US48453001741,48453001741,"Census Tract 17.41, Travis County, Texas",3793,398,3221,402,0,13,15,23,226,151,0,13,270,252,61,62,13,20,48,59
1400000US48453001742,48453001742,"Census Tract 17.42, Travis County, Texas",6310,705,5472,733,0,18,15,26,268,192,0,18,555,517,0,18,0,18,0,18
1400000US48453001745,48453001745,"Census Tract 17.45, Travis County, Texas",2492,234,2081,198,94,84,0,13,80,82,0,13,31,37,206,212,10,17,196,219
1400000US48453001746,48453001746,"Census Tract 17.46, Travis County, Texas",3707,181,3218,205,93,59,0,13,154,138,0,13,181,160,61,60,16,29,45,55
1400000US48453001747,48453001747,"Census Tract 17.47, Travis County, Texas",5485,410,4449,538,549,342,0,18,109,71,0,18,169,142,209,133,31,50,178,125
1400000US48453001748,48453001748,"Census Tract 17.48, Travis County, Texas",6078,464,5411,528,131,124,0,18,174,91,30,49,139,188,193,116,52,54,141,102
1400000US48453001749,48453001749,"Census Tract 17.49, Travis County, Texas",5532,546,4260,564,243,232,0,18,869,253,0,18,63,62,97,86,33,56,64,62
1400000US48453001750,48453001750,"Census Tract 17.50, Travis County, Texas",4805,483,4160,476,72,64,23,31,125,62,0,13,299,321,126,77,32,38,94,63
1400000US48453001751,48453001751,"Census Tract 17.51, Travis County, Texas",1963,213,1764,199,97,99,0,13,16,19,0,13,21,34,65,56,12,17,53,52
1400000US48453001752,48453001752,"Census Tract 17.52, Travis County, Texas",4004,394,2553,413,285,144,73,116,916,364,0,13,79,92,98,76,0,13,98,76
1400000US48453001753,48453001753,"Census Tract 17.53, Travis County, Texas",1051,99,826,104,38,55,0,13,87,44,0,13,56,33,44,36,0,13,44,36
1400000US48453001754,48453001754,"Census Tract 17.54, Travis County, Texas",4583,339,3790,458,200,167,0,13,129,103,0,13,301,275,163,138,0,13,163,138
1400000US48453001755,48453001755,"Census Tract 17.55, Travis County, Texas",5874,233,3711,235,33,31,35,38,1822,252,0,18,159,167,114,79,9,13,105,79
1400000US48453001756,48453001756,"Census Tract 17.56, Travis County, Texas",3974,275,3157,295,107,99,0,13,496,158,0,13,40,50,174,80,6,10,168,80
1400000US48453001757,48453001757,"Census Tract 17.57, Travis County, Texas",2070,148,1778,166,62,43,0,13,113,82,0,13,0,13,117,101,0,13,117,101
1400000US48453001760,48453001760,"Census Tract 17.60, Travis County, Texas",15900,914,13576,887,257,211,103,112,1437,293,0,20,150,110,377,259,17,29,360,262
1400000US48453001761,48453001761,"Census Tract 17.61, Travis County, Texas",7154,423,6369,498,0,18,0,18,393,140,93,102,150,118,149,107,0,18,149,107
1400000US48453001764,48453001764,"Census Tract 17.64, Travis County, Texas",5528,479,5308,457,0,18,0,18,73,102,0,18,116,119,31,33,0,18,31,33
1400000US48453001765,48453001765,"Census Tract 17.65, Travis County, Texas",13738,729,12271,761,239,138,0,20,728,297,0,20,277,210,223,131,40,66,183,122
1400000US48453001766,48453001766,"Census Tract 17.66, Travis County, Texas",6843,700,6455,689,4,6,20,32,25,36,0,18,263,275,76,60,0,18,76,60
1400000US48453001768,48453001768,"Census Tract 17.68, Travis County, Texas",5354,521,4922,537,108,88,0,18,214,185,0,18,110,113,0,18,0,18,0,18
1400000US48453001769,48453001769,"Census Tract 17.69, Travis County, Texas",5259,403,4504,464,1,3,57,92,387,166,0,18,98,78,212,188,147,183,65,55
1400000US48453001770,48453001770,"Census Tract 17.70, Travis County, Texas",11652,485,9645,580,115,80,49,48,788,200,0,20,321,204,734,342,347,283,387,173
1400000US48453001771,48453001771,"Census Tract 17.71, Travis County, Texas",4015,274,3739,306,44,50,5,8,42,51,0,13,141,133,44,46,10,18,34,41
1400000US48453001772,48453001772,"Census Tract 17.72, Travis County, Texas",3247,520,2588,452,185,192,0,13,121,100,0,13,202,156,151,233,119,235,32,37
1400000US48453001773,48453001773,"Census Tract 17.73, Travis County, Texas",6348,371,5572,361,117,143,17,26,380,249,0,18,28,30,234,136,35,37,199,136
1400000US48453001774,48453001774,"Census Tract 17.74, Travis County, Texas",8085,562,7369,560,88,95,0,18,288,197,11,20,149,143,180,149,24,38,156,146
1400000US48453001775,48453001775,"Census Tract 17.75, Travis County, Texas",5086,326,4271,333,51,60,89,93,368,136,0,18,166,137,141,130,22,26,119,130
1400000US48453001776,48453001776,"Census Tract 17.76, Travis County, Texas",2661,237,2062,290,184,124,25,46,40,42,0,13,212,147,138,129,74,111,64,65
1400000US48453001777,48453001777,"Census Tract 17.77, Travis County, Texas",5876,514,4973,555,550,272,37,60,64,50,0,18,48,50,204,182,0,18,204,182
1400000US48453001778,48453001778,"Census Tract 17.78, Travis County, Texas",3672,311,3579,310,0,13,0,13,47,79,0,13,20,25,26,27,0,13,26,27
1400000US48453001779,48453001779,"Census Tract 17.79, Travis County, Texas",6056,154,5793,241,73,88,19,32,23,30,0,18,0,18,148,146,80,125,68,52
1400000US48453001780,48453001780,"Census Tract 17.80, Travis County, Texas",4149,353,3952,360,15,16,0,13,50,40,0,13,10,10,122,81,45,46,77,67
1400000US48453001781,48453001781,"Census Tract 17.81, Travis County, Texas",2321,169,2136,212,8,13,0,13,92,72,0,13,29,34,56,67,47,65,9,14
1400000US48453001782,48453001782,"Census Tract 17.82, Travis County, Texas",5465,407,3517,412,144,115,0,18,1455,282,0,18,169,172,180,124,73,70,107,93
1400000US48453001783,48453001783,"Census Tract 17.83, Travis County, Texas",5614,418,5237,418,0,18,0,18,224,148,0,18,22,27,131,106,0,18,131,106
1400000US48453001784,48453001784,"Census Tract 17.84, Travis County, Texas",5799,337,4862,311,26,42,9,17,780,262,0,18,37,38,85,68,37,34,48,58
1400000US48453001785,48453001785,"Census Tract 17.85, Travis County, Texas",4164,347,3063,428,59,92,0,13,745,363,0,13,168,166,129,116,16,27,113,107
1400000US48453001786,48453001786,"Census Tract 17.86, Travis County, Texas",5270,607,3859,508,80,65,36,38,1070,403,0,18,45,57,180,103,13,20,167,100
1400000US48453001804,48453001804,"Census Tract 18.04, Travis County, Texas",6985,682,4736,846,477,256,94,125,601,255,0,18,902,555,175,195,34,84,141,158
1400000US48453001805,48453001805,"Census Tract 18.05, Travis County, Texas",4695,486,2606,567,550,226,0,13,109,104,0,13,1263,482,167,115,90,72,77,60
1400000US48453001806,48453001806,"Census Tract 18.06, Travis County, Texas",6077,805,3945,684,616,363,0,18,9,15,0,18,1453,675,54,57,0,18,54,57
1400000US48453001811,48453001811,"Census Tract 18.11, Travis County, Texas",3284,565,1892,543,574,193,16,17,28,31,0,13,758,481,16,16,16,16,0,13
1400000US48453001812,48453001812,"Census Tract 18.12, Travis County, Texas",7636,752,5021,707,1104,281,12,21,120,95,0,18,1273,707,106,70,44,52,62,49
1400000US48453001813,48453001813,"Census Tract 18.13, Travis County, Texas",6281,782,4097,892,531,271,52,64,179,176,0,18,1342,539,80,107,61,101,19,31
1400000US48453001817,48453001817,"Census Tract 18.17, Travis County, Texas",3577,402,2865,352,173,159,0,13,258,175,0,13,247,175,34,32,10,17,24,27
1400000US48453001818,48453001818,"Census Tract 18.18, Travis County, Texas",5391,756,3841,884,231,191,42,63,155,105,0,18,1047,581,75,63,0,18,75,63
1400000US48453001819,48453001819,"Census Tract 18.19, Travis County, Texas",4635,498,1898,429,449,180,0,13,369,146,0,13,1894,567,25,40,0,13,25,40
1400000US48453001820,48453001820,"Census Tract 18.20, Travis County, Texas",7059,695,3393,560,891,330,51,59,127,112,36,58,2473,788,88,80,0,18,88,80
1400000US48453001821,48453001821,"Census Tract 18.21, Travis County, Texas",5923,625,3741,606,669,238,59,91,203,141,0,18,1099,394,152,110,62,48,90,100
1400000US48453001822,48453001822,"Census Tract 18.22, Travis County, Texas",7256,809,3823,896,831,300,0,18,240,212,0,18,2233,772,129,142,0,18,129,142
1400000US48453001823,48453001823,"Census Tract 18.23, Travis County, Texas",6699,597,3377,721,553,223,75,110,70,55,0,18,2486,541,138,102,49,43,89,75
1400000US48453001824,48453001824,"Census Tract 18.24, Travis County, Texas",1912,215,1391,147,43,39,0,13,43,28,0,13,366,258,69,65,0,13,69,65
1400000US48453001826,48453001826,"Census Tract 18.26, Travis County, Texas",2205,274,1013,194,317,164,0,13,558,187,0,13,254,177,63,70,52,67,11,18
1400000US48453001828,48453001828,"Census Tract 18.28, Travis County, Texas",3893,256,3489,274,147,108,13,21,33,35,0,13,104,90,107,81,22,36,85,74
1400000US48453001829,48453001829,"Census Tract 18.29, Travis County, Texas",2672,221,2075,279,86,70,0,13,283,169,0,13,88,96,140,98,17,20,123,93
1400000US48453001832,48453001832,"Census Tract 18.32, Travis County, Texas",3207,404,2150,513,829,404,0,13,86,77,0,13,23,25,119,83,21,33,98,84
1400000US48453001833,48453001833,"Census Tract 18.33, Travis County, Texas",7882,722,4380,929,1173,398,236,221,278,237,0,18,1485,763,330,227,215,184,115,109
1400000US48453001834,48453001834,"Census Tract 18.34, Travis County, Texas",8370,547,3761,500,1655,450,33,40,1374,332,0,18,1173,533,374,204,166,137,208,164
1400000US48453001835,48453001835,"Census Tract 18.35, Travis County, Texas",5280,611,2754,564,749,314,62,101,147,100,0,18,1443,713,125,86,0,18,125,86
1400000US48453001839,48453001839,"Census Tract 18.39, Travis County, Texas",6712,648,3616,582,1204,319,11,19,1658,337,30,44,22,35,171,149,21,34,150,149
1400000US48453001840,48453001840,"Census Tract 18.40, Travis County, Texas",9680,782,5893,817,1498,470,76,70,913,352,0,18,1127,534,173,128,46,79,127,92
1400000US48453001841,48453001841,"Census Tract 18.41, Travis County, Texas",17256,980,10957,997,2175,524,94,126,2665,660,0,20,1075,864,290,199,0,20,290,199
1400000US48453001842,48453001842,"Census Tract 18.42, Travis County, Texas",8734,818,5462,873,915,329,21,37,992,382,0,18,1130,516,214,146,0,18,214,146
1400000US48453001843,48453001843,"Census Tract 18.43, Travis County, Texas",2291,151,1542,263,149,86,0,13,124,86,0,13,412,172,64,38,6,10,58,38
1400000US48453001844,48453001844,"Census Tract 18.44, Travis County, Texas",3629,311,2367,330,598,156,0,13,128,108,0,13,461,251,75,67,0,13,75,67
1400000US48453001845,48453001845,"Census Tract 18.45, Travis County, Texas",3306,357,2582,425,231,138,0,13,211,115,0,13,265,158,17,21,0,13,17,21
1400000US48453001846,48453001846,"Census Tract 18.46, Travis County, Texas",2510,218,2226,246,30,43,0,13,147,87,0,13,13,19,94,73,12,18,82,71
1400000US48453001847,48453001847,"Census Tract 18.47, Travis County, Texas",7360,659,3921,612,1149,548,19,30,1951,662,0,18,208,313,112,115,0,18,112,115
1400000US48453001848,48453001848,"Census Tract 18.48, Travis County, Texas",4694,383,2970,348,523,207,52,83,756,119,0,13,209,175,184,90,10,17,174,94
1400000US48453001849,48453001849,"Census Tract 18.49, Travis County, Texas",5443,439,2837,433,621,366,0,18,1296,395,0,18,493,313,196,109,21,39,175,101
1400000US48453001850,48453001850,"Census Tract 18.50, Travis County, Texas",4228,419,2191,398,317,222,45,49,577,232,0,13,902,438,196,116,101,103,95,59
1400000US48453001851,48453001851,"Census Tract 18.51, Travis County, Texas",9076,913,5998,825,1561,523,81,70,758,258,0,18,231,150,447,293,15,26,432,293
1400000US48453001853,48453001853,"Census Tract 18.53, Travis County, Texas",3161,324,2160,321,281,192,94,109,249,126,0,13,279,242,98,70,0,13,98,70
1400000US48453001854,48453001854,"Census Tract 18.54, Travis County, Texas",4466,498,2180,643,1298,542,0,13,40,45,0,13,797,423,151,97,0,13,151,97
1400000US48453001855,48453001855,"Census Tract 18.55, Travis County, Texas",15016,1274,9180,1414,3393,892,0,20,1710,709,0,20,342,246,391,264,27,33,364,261
1400000US48453001856,48453001856,"Census Tract 18.56, Travis County, Texas",6145,521,3845,515,1232,336,0,18,584,214,0,18,374,230,110,106,0,18,110,106
1400000US48453001857,48453001857,"Census Tract 18.57, Travis County, Texas",5651,660,3710,632,912,349,0,18,642,132,0,18,148,126,239,287,44,63,195,279
1400000US48453001858,48453001858,"Census Tract 18.58, Travis County, Texas",16801,921,12512,1009,2029,642,142,157,1215,285,0,20,378,230,525,290,155,187,370,216
1400000US48453001859,48453001859,"Census Tract 18.59, Travis County, Texas",1290,197,1100,249,58,75,6,30,0,13,0,13,99,161,27,51,0,13,27,51
1400000US48453001860,48453001860,"Census Tract 18.60, Travis County, Texas",4411,419,2982,423,778,243,0,13,269,317,0,13,188,163,194,160,57,82,137,151
1400000US48453001861,48453001861,"Census Tract 18.61, Travis County, Texas",4909,541,3934,569,740,405,0,13,64,53,0,13,104,76,67,77,11,17,56,64
1400000US48453001862,48453001862,"Census Tract 18.62, Travis County, Texas",6034,597,3755,576,1190,298,126,113,699,265,0,18,195,180,69,77,62,76,7,14
1400000US48453001863,48453001863,"Census Tract 18.63, Travis County, Texas",3891,364,1965,425,1089,311,92,102,415,222,65,94,238,194,27,24,0,13,27,24
1400000US48453001864,48453001864,"Census Tract 18.64, Travis County, Texas",2809,313,1816,283,552,244,25,45,259,123,0,13,64,46,93,89,0,13,93,89
1400000US48453001901,48453001901,"Census Tract 19.01, Travis County, Texas",5409,278,5168,283,38,47,10,17,109,134,0,18,0,18,84,69,13,19,71,66
1400000US48453001908,48453001908,"Census Tract 19.08, Travis County, Texas",8776,977,7137,1023,134,178,0,18,925,353,0,18,406,231,174,145,0,18,174,145
1400000US48453001910,48453001910,"Census Tract 19.10, Travis County, Texas",4477,348,3721,381,41,40,0,13,535,328,0,13,17,26,163,109,34,40,129,112
1400000US48453001911,48453001911,"Census Tract 19.11, Travis County, Texas",2999,307,2595,297,77,101,0,13,127,81,0,13,159,111,41,45,24,39,17,21
1400000US48453001912,48453001912,"Census Tract 19.12, Travis County, Texas",3812,282,3334,321,40,48,0,13,347,169,0,13,53,60,38,37,0,13,38,37
1400000US48453001913,48453001913,"Census Tract 19.13, Travis County, Texas",4856,402,4076,455,0,13,0,13,601,327,0,13,1,3,178,161,0,13,178,161
1400000US48453001914,48453001914,"Census Tract 19.14, Travis County, Texas",6222,441,5630,474,46,54,8,13,303,184,0,18,52,65,183,166,0,18,183,166
1400000US48453001915,48453001915,"Census Tract 19.15, Travis County, Texas",1696,219,1557,215,19,27,0,13,81,92,5,11,24,31,10,27,10,27,0,13
1400000US48453001916,48453001916,"Census Tract 19.16, Travis County, Texas",3406,306,2928,334,17,24,0,13,231,81,0,13,0,13,230,166,0,13,230,166
1400000US48453001917,48453001917,"Census Tract 19.17, Travis County, Texas",4719,262,4156,220,0,13,15,24,365,154,106,163,5,9,72,90,0,13,72,90
1400000US48453001918,48453001918,"Census Tract 19.18, Travis County, Texas",2535,197,2158,241,0,13,3,5,70,53,0,13,46,57,258,186,138,159,120,105
1400000US48453001919,48453001919,"Census Tract 19.19, Travis County, Texas",3875,206,3557,201,41,61,15,22,88,55,0,13,39,34,135,87,38,52,97,71
1400000US48453002002,48453002002,"Census Tract 20.02, Travis County, Texas",2945,286,2790,294,30,47,0,13,0,13,7,13,99,88,19,23,0,13,19,23
1400000US48453002003,48453002003,"Census Tract 20.03, Travis County, Texas",4026,411,3343,470,219,220,37,37,38,29,0,13,325,180,64,56,0,13,64,56
1400000US48453002004,48453002004,"Census Tract 20.04, Travis County, Texas",2035,172,1773,191,21,25,68,88,77,56,0,13,26,30,70,54,8,12,62,49
1400000US48453002005,48453002005,"Census Tract 20.05, Travis County, Texas",4848,641,4172,664,212,117,0,13,37,35,0,13,87,86,340,234,0,13,340,234
1400000US48453002104,48453002104,"Census Tract 21.04, Travis County, Texas",3007,350,2312,335,532,357,0,13,64,64,0,13,30,29,69,60,0,13,69,60
1400000US48453002105,48453002105,"Census Tract 21.05, Travis County, Texas",5338,581,3654,571,784,357,132,169,202,175,0,18,432,311,134,80,0,18,134,80
1400000US48453002106,48453002106,"Census Tract 21.06, Travis County, Texas",3565,489,2534,540,579,192,57,83,178,147,0,13,15,23,202,201,0,13,202,201
1400000US48453002107,48453002107,"Census Tract 21.07, Travis County, Texas",4227,472,2439,515,1294,414,6,10,6,13,0,13,388,250,94,65,38,52,56,43
1400000US48453002108,48453002108,"Census Tract 21.08, Travis County, Texas",3963,609,2103,566,1685,217,15,25,0,13,0,13,87,109,73,67,58,64,15,18
1400000US48453002109,48453002109,"Census Tract 21.09, Travis County, Texas",3498,377,1428,422,1782,393,33,46,18,26,0,13,216,147,21,16,0,13,21,16
1400000US48453002110,48453002110,"Census Tract 21.10, Travis County, Texas",4475,465,1861,529,1338,313,70,111,0,13,0,13,1065,325,141,98,62,67,79,76
1400000US48453002111,48453002111,"Census Tract 21.11, Travis County, Texas",4549,435,2911,403,733,242,144,151,32,34,8,15,549,244,172,126,31,34,141,117
1400000US48453002112,48453002112,"Census Tract 21.12, Travis County, Texas",4861,481,3279,536,1162,336,48,57,50,39,0,13,222,168,100,67,29,45,71,55
1400000US48453002113,48453002113,"Census Tract 21.13, Travis County, Texas",3728,443,2330,428,1029,291,11,18,7,12,0,13,196,194,155,132,28,46,127,123
1400000US48453002201,48453002201,"Census Tract 22.01, Travis County, Texas",1760,249,786,235,807,225,0,13,0,13,0,13,134,123,33,34,4,7,29,33
1400000US48453002202,48453002202,"Census Tract 22.02, Travis County, Texas",9243,1103,4928,994,2876,736,0,18,0,18,0,18,533,430,906,737,245,220,661,770
1400000US48453002207,48453002207,"Census Tract 22.07, Travis County, Texas",9261,1054,5797,1033,2068,523,0,18,20,29,0,18,884,571,492,347,263,292,229,193
1400000US48453002208,48453002208,"Census Tract 22.08, Travis County, Texas",7386,903,4362,796,2045,506,0,18,20,24,0,18,920,508,39,29,24,27,15,20
1400000US48453002209,48453002209,"Census Tract 22.09, Travis County, Texas",8502,931,5658,967,1723,511,89,89,20,31,0,18,574,237,438,351,313,300,125,122
1400000US48453002210,48453002210,"Census Tract 22.10, Travis County, Texas",3316,715,2880,672,75,88,83,128,0,13,0,13,247,200,31,35,0,13,31,35
1400000US48453002211,48453002211,"Census Tract 22.11, Travis County, Texas",2240,342,1569,309,397,132,13,30,106,126,0,13,148,137,7,8,0,13,7,8
1400000US48453002212,48453002212,"Census Tract 22.12, Travis County, Texas",563,315,180,87,90,71,0,13,0,13,0,13,254,312,39,38,39,38,0,13
1400000US48453002304,48453002304,"Census Tract 23.04, Travis County, Texas",3596,628,2085,448,237,196,0,13,91,70,7,13,1126,595,50,50,0,13,50,50
1400000US48453002307,48453002307,"Census Tract 23.07, Travis County, Texas",5665,812,4022,746,430,242,0,18,33,40,0,18,1089,696,91,57,14,21,77,54
1400000US48453002308,48453002308,"Census Tract 23.08, Travis County, Texas",5579,665,4983,678,201,98,76,41,130,79,0,18,54,57,135,110,11,17,124,106
1400000US48453002310,48453002310,"Census Tract 23.10, Travis County, Texas",2930,391,1736,413,266,130,0,13,10,17,0,13,854,375,64,57,26,26,38,49
1400000US48453002312,48453002312,"Census Tract 23.12, Travis County, Texas",6820,714,4251,645,490,163,100,159,1,2,0,18,1848,632,130,115,9,18,121,114
1400000US48453002313,48453002313,"Census Tract 23.13, Travis County, Texas",4651,426,2263,459,781,303,0,13,253,159,32,46,855,282,467,238,227,161,240,140
1400000US48453002314,48453002314,"Census Tract 23.14, Travis County, Texas",4648,634,2705,452,539,275,91,131,102,81,0,13,1081,527,130,81,58,56,72,62
1400000US48453002315,48453002315,"Census Tract 23.15, Travis County, Texas",3148,397,1828,370,275,180,0,13,17,23,0,13,836,359,192,158,80,127,112,90
1400000US48453002316,48453002316,"Census Tract 23.16, Travis County, Texas",5514,563,3346,533,302,213,0,18,82,95,0,18,1686,697,98,81,47,58,51,44
1400000US48453002317,48453002317,"Census Tract 23.17, Travis County, Texas",4933,620,2513,692,904,433,0,13,381,198,0,13,935,371,200,151,0,13,200,151
1400000US48453002318,48453002318,"Census Tract 23.18, Travis County, Texas",8291,808,4892,963,856,260,6,22,804,400,0,18,1492,648,241,255,0,18,241,255
1400000US48453002319,48453002319,"Census Tract 23.19, Travis County, Texas",1335,191,921,190,364,94,17,23,0,13,0,13,7,13,26,31,0,13,26,31
1400000US48453002402,48453002402,"Census Tract 24.02, Travis County, Texas",6788,540,5070,625,429,266,76,72,158,97,0,18,708,581,347,293,0,18,347,293
1400000US48453002403,48453002403,"Census Tract 24.03, Travis County, Texas",2603,493,2223,513,190,145,22,35,34,45,0,13,99,92,35,37,35,37,0,13
1400000US48453002407,48453002407,"Census Tract 24.07, Travis County, Texas",5154,451,4462,460,135,96,0,18,193,132,0,18,140,153,224,100,118,85,106,68
1400000US48453002409,48453002409,"Census Tract 24.09, Travis County, Texas",3266,223,2829,317,175,121,58,86,20,32,19,30,127,102,38,34,24,24,14,24
1400000US48453002410,48453002410,"Census Tract 24.10, Travis County, Texas",3805,345,3100,388,202,181,91,117,100,104,0,13,279,276,33,32,17,20,16,25
1400000US48453002411,48453002411,"Census Tract 24.11, Travis County, Texas",6118,558,2946,704,637,320,156,240,10,13,0,18,2201,623,168,124,95,108,73,68
1400000US48453002412,48453002412,"Census Tract 24.12, Travis County, Texas",5813,445,3646,626,367,205,37,60,29,28,0,18,1715,533,19,31,19,31,0,18
1400000US48453002413,48453002413,"Census Tract 24.13, Travis County, Texas",5062,437,2901,687,665,243,188,258,0,18,0,18,1206,395,102,123,2,9,100,124
1400000US48453002419,48453002419,"Census Tract 24.19, Travis County, Texas",4329,375,2529,388,554,219,108,157,30,35,0,13,1035,417,73,53,0,13,73,53
1400000US48453002421,48453002421,"Census Tract 24.21, Travis County, Texas",7456,625,6013,664,474,320,37,47,353,176,0,18,356,254,223,140,49,61,174,131
1400000US48453002422,48453002422,"Census Tract 24.22, Travis County, Texas",5506,579,4024,604,314,218,0,18,81,81,0,18,632,354,455,299,268,240,187,153
1400000US48453002423,48453002423,"Census Tract 24.23, Travis County, Texas",5616,686,4780,748,253,162,24,31,130,112,0,18,311,317,118,100,18,33,100,93
1400000US48453002424,48453002424,"Census Tract 24.24, Travis County, Texas",3650,385,3158,397,206,138,44,59,18,28,0,13,186,122,38,34,9,15,29,30
1400000US48453002425,48453002425,"Census Tract 24.25, Travis County, Texas",2949,275,2403,389,29,47,0,13,158,130,0,13,326,205,33,55,0,13,33,55
1400000US48453002426,48453002426,"Census Tract 24.26, Travis County, Texas",7900,830,4762,828,763,308,186,163,158,153,0,18,1654,722,377,288,0,18,377,288
1400000US48453002427,48453002427,"Census Tract 24.27, Travis County, Texas",8139,963,5369,1098,307,143,139,212,12,20,0,18,2027,743,285,180,0,18,285,180
1400000US48453002428,48453002428,"Census Tract 24.28, Travis County, Texas",6452,648,4394,836,520,385,141,174,391,345,0,18,917,567,89,70,0,18,89,70
1400000US48453002429,48453002429,"Census Tract 24.29, Travis County, Texas",761,132,479,96,41,43,0,13,38,82,9,18,162,121,32,41,7,11,25,39
1400000US48453002430,48453002430,"Census Tract 24.30, Travis County, Texas",3480,459,2148,517,181,117,16,27,0,13,0,13,958,374,177,208,0,13,177,208
1400000US48453002431,48453002431,"Census Tract 24.31, Travis County, Texas",7331,704,4702,842,590,193,0,18,0,18,0,18,1849,652,190,192,142,186,48,59
1400000US48453002432,48453002432,"Census Tract 24.32, Travis County, Texas",1991,448,1267,347,108,144,53,86,0,13,0,13,475,382,88,113,88,113,0,13
1400000US48453002433,48453002433,"Census Tract 24.33, Travis County, Texas",6282,744,3892,738,1023,440,14,24,225,182,0,18,874,441,254,182,57,99,197,148
1400000US48453002434,48453002434,"Census Tract 24.34, Travis County, Texas",1913,333,1562,376,59,62,4,7,0,13,11,18,221,110,56,47,2,4,54,46
1400000US48453002435,48453002435,"Census Tract 24.35, Travis County, Texas",6844,867,3470,646,869,430,152,170,199,254,0,18,1804,746,350,265,16,27,334,261
1400000US48453002436,48453002436,"Census Tract 24.36, Travis County, Texas",2295,359,1852,359,0,13,0,13,0,13,0,13,398,248,45,41,42,41,3,7
1400000US48453002500,48453002500,"Census Tract 25, Travis County, Texas",5413,323,4528,369,82,65,0,18,409,225,0,18,200,133,194,149,34,41,160,137
1400000US48453980000,48453980000,"Census Tract 9800, Travis County, Texas",210,164,135,101,55,44,0,13,0,13,0,13,20,36,0,13,0,13,0,13
1400000US48491020105,48491020105,"Census Tract 201.05, Williamson County, Texas",4232,435,4189,447,0,13,25,38,0,13,0,13,18,28,0,13,0,13,0,13
1400000US48491020106,48491020106,"Census Tract 201.06, Williamson County, Texas",3593,274,3205,308,102,112,0,13,102,97,0,13,65,72,119,95,0,13,119,95
1400000US48491020107,48491020107,"Census Tract 201.07, Williamson County, Texas",4609,266,4535,264,0,13,29,47,28,31,0,13,0,13,17,27,17,27,0,13
1400000US48491020108,48491020108,"Census Tract 201.08, Williamson County, Texas",2878,218,2708,207,168,219,0,13,0,13,0,13,2,8,0,13,0,13,0,13
1400000US48491020109,48491020109,"Census Tract 201.09, Williamson County, Texas",2838,355,2619,305,49,78,0,13,137,197,16,25,0,13,17,26,0,13,17,26
1400000US48491020110,48491020110,"Census Tract 201.10, Williamson County, Texas",3499,270,3368,269,0,13,0,13,0,13,0,13,106,128,25,27,0,13,25,27
1400000US48491020111,48491020111,"Census Tract 201.11, Williamson County, Texas",3088,227,2832,247,74,74,0,13,13,20,0,13,133,132,36,35,0,13,36,35
1400000US48491020112,48491020112,"Census Tract 201.12, Williamson County, Texas",2976,227,2770,241,0,13,0,13,95,106,0,13,7,13,104,79,0,13,104,79
1400000US48491020113,48491020113,"Census Tract 201.13, Williamson County, Texas",2838,467,2697,462,0,13,0,13,0,13,0,13,61,65,80,90,0,13,80,90
1400000US48491020114,48491020114,"Census Tract 201.14, Williamson County, Texas",5480,876,4867,929,214,110,0,18,63,74,0,18,226,176,110,112,0,18,110,112
1400000US48491020115,48491020115,"Census Tract 201.15, Williamson County, Texas",2661,234,2509,277,82,106,0,13,20,33,0,13,37,52,13,20,0,13,13,20
1400000US48491020201,48491020201,"Census Tract 202.01, Williamson County, Texas",1374,256,1348,248,0,13,0,13,17,29,0,13,9,22,0,13,0,13,0,13
1400000US48491020202,48491020202,"Census Tract 202.02, Williamson County, Texas",5066,506,4904,494,12,23,22,36,0,18,0,18,58,62,70,82,59,76,11,18
1400000US48491020203,48491020203,"Census Tract 202.03, Williamson County, Texas",2704,193,2665,199,0,13,22,32,0,13,0,13,17,18,0,13,0,13,0,13
1400000US48491020204,48491020204,"Census Tract 202.04, Williamson County, Texas",4309,506,4152,494,0,13,4,7,37,36,0,13,3,5,113,101,90,95,23,29
1400000US48491020301,48491020301,"Census Tract 203.01, Williamson County, Texas",6783,525,6132,564,108,97,39,33,178,196,0,18,243,170,83,74,0,18,83,74
1400000US48491020302,48491020302,"Census Tract 203.02, Williamson County, Texas",3174,391,2787,397,0,13,24,26,23,25,0,13,207,170,133,95,31,41,102,91
1400000US48491020310,48491020310,"Census Tract 203.10, Williamson County, Texas",2783,258,2538,257,56,85,0,13,41,43,0,13,32,41,116,102,0,13,116,102
1400000US48491020311,48491020311,"Census Tract 203.11, Williamson County, Texas",3084,254,2265,273,61,60,0,13,451,211,0,13,119,86,188,121,0,13,188,121
1400000US48491020312,48491020312,"Census Tract 203.12, Williamson County, Texas",7805,648,6616,755,299,208,0,18,78,124,0,18,582,359,230,194,37,45,193,187
1400000US48491020313,48491020313,"Census Tract 203.13, Williamson County, Texas",8924,653,7011,689,133,116,32,48,898,286,23,39,504,377,323,183,104,112,219,147
1400000US48491020314,48491020314,"Census Tract 203.14, Williamson County, Texas",5316,366,4102,498,164,126,0,18,377,285,0,18,284,240,389,274,0,18,389,274
1400000US48491020315,48491020315,"Census Tract 203.15, Williamson County, Texas",4807,365,3815,573,275,363,9,15,525,149,0,13,159,224,24,24,8,13,16,20
1400000US48491020316,48491020316,"Census Tract 203.16, Williamson County, Texas",3523,532,2445,293,371,435,0,13,363,224,0,13,255,361,89,84,0,13,89,84
1400000US48491020317,48491020317,"Census Tract 203.17, Williamson County, Texas",3427,433,2662,419,224,177,0,13,377,381,0,13,29,37,135,120,0,13,135,120
1400000US48491020318,48491020318,"Census Tract 203.18, Williamson County, Texas",8904,539,7174,640,321,272,3,13,897,489,0,18,49,56,460,295,51,58,409,290
1400000US48491020319,48491020319,"Census Tract 203.19, Williamson County, Texas",5325,325,4713,427,95,87,0,18,91,55,0,18,175,146,251,208,57,101,194,165
1400000US48491020320,48491020320,"Census Tract 203.20, Williamson County, Texas",8221,675,7572,775,123,154,67,62,107,114,0,18,262,281,90,60,24,36,66,58
1400000US48491020321,48491020321,"Census Tract 203.21, Williamson County, Texas",1705,239,1490,240,39,62,1,2,5,9,0,13,155,166,15,22,15,22,0,13
1400000US48491020322,48491020322,"Census Tract 203.22, Williamson County, Texas",8906,480,7898,582,399,230,0,18,282,177,0,18,199,143,128,105,30,46,98,96
1400000US48491020323,48491020323,"Census Tract 203.23, Williamson County, Texas",3212,312,2683,358,247,164,0,13,0,13,0,13,175,162,107,101,85,92,22,31
1400000US48491020324,48491020324,"Census Tract 203.24, Williamson County, Texas",6354,446,5497,528,287,226,49,57,204,210,0,18,214,155,103,80,30,36,73,72
1400000US48491020325,48491020325,"Census Tract 203.25, Williamson County, Texas",3205,352,2011,603,712,456,8,14,89,93,0,13,339,447,46,56,0,13,46,56
1400000US48491020326,48491020326,"Census Tract 203.26, Williamson County, Texas",6267,389,5537,458,26,29,0,18,327,104,0,18,226,167,151,104,36,59,115,84
1400000US48491020327,48491020327,"Census Tract 203.27, Williamson County, Texas",2333,226,1790,287,0,13,23,25,4,7,0,13,252,264,264,276,17,30,247,292
1400000US48491020328,48491020328,"Census Tract 203.28, Williamson County, Texas",6799,504,5710,350,420,256,16,26,427,389,0,18,124,136,102,134,0,18,102,134
1400000US48491020403,48491020403,"Census Tract 204.03, Williamson County, Texas",1879,155,1647,189,30,23,0,13,91,96,0,13,63,51,48,41,8,11,40,39
1400000US48491020404,48491020404,"Census Tract 204.04, Williamson County, Texas",3299,232,2833,267,34,43,0,13,255,152,0,13,73,69,104,101,13,18,91,86
1400000US48491020405,48491020405,"Census Tract 204.05, Williamson County, Texas",5739,553,4102,568,330,175,15,34,749,225,0,18,415,320,128,92,22,33,106,86
1400000US48491020406,48491020406,"Census Tract 204.06, Williamson County, Texas",5906,599,4423,669,584,345,51,70,365,201,0,18,187,180,296,233,0,18,296,233
1400000US48491020408,48491020408,"Census Tract 204.08, Williamson County, Texas",4676,473,3711,623,667,346,0,13,165,105,0,13,74,90,59,57,0,13,59,57
1400000US48491020409,48491020409,"Census Tract 204.09, Williamson County, Texas",3791,291,2828,316,371,189,0,13,271,201,0,13,14,25,307,190,0,13,307,190
1400000US48491020410,48491020410,"Census Tract 204.10, Williamson County, Texas",5806,422,4365,645,576,381,0,18,647,138,0,18,23,35,195,120,22,34,173,118
1400000US48491020411,48491020411,"Census Tract 204.11, Williamson County, Texas",5461,398,4103,469,454,308,0,18,708,215,0,18,89,109,107,139,0,18,107,139
1400000US48491020503,48491020503,"Census Tract 205.03, Williamson County, Texas",4832,320,4256,322,106,131,0,13,306,186,0,13,18,22,146,104,18,33,128,96
1400000US48491020504,48491020504,"Census Tract 205.04, Williamson County, Texas",8972,692,6784,821,559,222,467,228,369,235,17,26,173,152,603,304,177,201,426,222
1400000US48491020505,48491020505,"Census Tract 205.05, Williamson County, Texas",2850,214,2133,271,171,161,0,13,542,240,0,13,0,13,4,8,0,13,4,8
1400000US48491020506,48491020506,"Census Tract 205.06, Williamson County, Texas",8767,541,6913,540,564,236,0,18,819,214,0,18,63,65,408,207,0,18,408,207
1400000US48491020507,48491020507,"Census Tract 205.07, Williamson County, Texas",3319,583,2064,615,263,341,0,13,629,156,0,13,206,173,157,128,7,11,150,126
1400000US48491020508,48491020508,"Census Tract 205.08, Williamson County, Texas",4375,451,3384,499,348,250,0,13,339,173,0,13,162,157,142,147,0,13,142,147
1400000US48491020509,48491020509,"Census Tract 205.09, Williamson County, Texas",6685,391,5068,364,10,22,0,18,1399,410,0,18,43,43,165,165,79,132,86,107
1400000US48491020510,48491020510,"Census Tract 205.10, Williamson County, Texas",10135,728,7384,696,542,333,0,20,1738,302,7,12,183,202,281,194,0,20,281,194
1400000US48491020602,48491020602,"Census Tract 206.02, Williamson County, Texas",4871,388,3931,413,278,192,28,28,126,114,0,13,287,186,221,145,49,64,172,137
1400000US48491020603,48491020603,"Census Tract 206.03, Williamson County, Texas",9399,503,7748,569,187,138,0,18,1039,190,0,18,73,79,352,208,89,137,263,150
1400000US48491020604,48491020604,"Census Tract 206.04, Williamson County, Texas",5431,634,4574,684,221,176,0,18,288,241,0,18,239,199,109,69,11,17,98,62
1400000US48491020605,48491020605,"Census Tract 206.05, Williamson County, Texas",7335,526,6105,573,289,175,0,18,282,136,0,18,116,110,543,275,166,194,377,221
1400000US48491020701,48491020701,"Census Tract 207.01, Williamson County, Texas",2492,449,1980,393,221,172,0,13,23,25,0,13,137,127,131,127,44,78,87,103
1400000US48491020703,48491020703,"Census Tract 207.03, Williamson County, Texas",11852,823,8376,958,2110,751,0,20,602,278,0,20,319,241,445,302,58,55,387,297
1400000US48491020704,48491020704,"Census Tract 207.04, Williamson County, Texas",6034,546,5000,664,565,174,28,31,144,166,0,18,279,278,18,28,18,28,0,18
1400000US48491020706,48491020706,"Census Tract 207.06, Williamson County, Texas",3660,449,3069,364,282,239,0,13,234,155,0,13,27,80,48,50,0,13,48,50
1400000US48491020707,48491020707,"Census Tract 207.07, Williamson County, Texas",4788,575,3490,486,900,413,0,13,52,50,20,32,112,71,214,126,18,31,196,128
1400000US48491020708,48491020708,"Census Tract 207.08, Williamson County, Texas",6531,763,4972,815,421,251,0,18,844,367,0,18,34,42,260,169,0,18,260,169
1400000US48491020803,48491020803,"Census Tract 208.03, Williamson County, Texas",3835,495,3137,631,92,117,0,13,31,47,0,13,411,324,164,222,0,13,164,222
1400000US48491020804,48491020804,"Census Tract 208.04, Williamson County, Texas",9520,612,7809,594,361,267,16,22,768,256,0,18,25,32,541,301,44,54,497,304
1400000US48491020805,48491020805,"Census Tract 208.05, Williamson County, Texas",7299,651,6444,710,711,309,0,18,0,18,0,18,39,48,105,124,16,28,89,112
1400000US48491020806,48491020806,"Census Tract 208.06, Williamson County, Texas",2397,380,2039,436,222,216,12,20,37,46,0,13,22,37,65,50,0,13,65,50
1400000US48491020807,48491020807,"Census Tract 208.07, Williamson County, Texas",6931,484,5327,756,1319,571,0,18,0,18,0,18,190,190,95,92,15,26,80,81
1400000US48491020808,48491020808,"Census Tract 208.08, Williamson County, Texas",1352,212,1142,219,111,100,0,13,0,13,0,13,0,13,99,105,0,13,99,105
1400000US48491020809,48491020809,"Census Tract 208.09, Williamson County, Texas",6265,470,4429,593,1213,350,32,47,57,84,0,18,322,213,212,157,162,154,50,66
1400000US48491020900,48491020900,"Census Tract 209, Williamson County, Texas",4325,409,4129,428,103,58,2,3,0,13,0,13,29,19,62,53,0,13,62,53
1400000US48491021000,48491021000,"Census Tract 210, Williamson County, Texas",3219,338,2293,315,668,164,0,13,10,18,0,13,208,141,40,34,11,18,29,29
1400000US48491021100,48491021100,"Census Tract 211, Williamson County, Texas",2941,385,2241,372,339,174,6,11,0,13,0,13,274,172,81,60,28,37,53,51
1400000US48491021201,48491021201,"Census Tract 212.01, Williamson County, Texas",2876,329,2577,297,50,53,0,13,11,18,0,13,200,191,38,67,38,67,0,13
1400000US48491021202,48491021202,"Census Tract 212.02, Williamson County, Texas",3200,330,2746,358,297,176,0,13,0,13,0,13,88,70,69,72,9,14,60,67
1400000US48491021203,48491021203,"Census Tract 212.03, Williamson County, Texas",3105,338,2327,292,335,211,0,13,8,12,0,13,126,132,309,206,35,53,274,205
1400000US48491021300,48491021300,"Census Tract 213, Williamson County, Texas",4137,354,3383,345,514,166,0,13,39,29,8,16,155,86,38,30,4,6,34,29
1400000US48491021401,48491021401,"Census Tract 214.01, Williamson County, Texas",10018,784,8403,691,570,460,14,21,104,77,0,20,733,518,194,173,170,171,24,24
1400000US48491021402,48491021402,"Census Tract 214.02, Williamson County, Texas",4182,492,3484,487,327,146,14,22,0,13,0,13,223,140,134,105,39,55,95,92
1400000US48491021403,48491021403,"Census Tract 214.03, Williamson County, Texas",3783,447,2859,559,513,324,4,7,82,90,0,13,255,207,70,67,44,53,26,41
1400000US48491021502,48491021502,"Census Tract 215.02, Williamson County, Texas",5156,543,3990,493,647,276,0,18,7,11,0,18,373,247,139,102,24,27,115,100
1400000US48491021503,48491021503,"Census Tract 215.03, Williamson County, Texas",4453,650,3758,522,401,243,0,13,57,68,0,13,100,92,137,91,33,50,104,79
1400000US48491021504,48491021504,"Census Tract 215.04, Williamson County, Texas",6255,646,4591,840,443,281,0,18,740,356,0,18,428,523,53,70,53,70,0,18
1400000US48491021505,48491021505,"Census Tract 215.05, Williamson County, Texas",7438,582,5710,799,639,261,202,155,180,163,0,18,584,321,123,136,28,44,95,129
1400000US48491021506,48491021506,"Census Tract 215.06, Williamson County, Texas",2747,268,2350,263,189,134,45,61,47,65,28,50,22,33,66,56,6,11,60,55
1400000US48491021507,48491021507,"Census Tract 215.07, Williamson County, Texas",8967,793,6587,715,981,443,67,107,780,370,0,18,300,240,252,177,105,108,147,130
1400000US48491021508,48491021508,"Census Tract 215.08, Williamson County, Texas",7289,1002,6456,1154,359,243,0,18,87,85,0,18,262,263,125,140,18,30,107,136
1400000US48491021601,48491021601,"Census Tract 216.01, Williamson County, Texas",3401,475,3094,511,124,146,0,13,17,28,0,13,65,80,101,78,26,43,75,76
1400000US48491021602,48491021602,"Census Tract 216.02, Williamson County, Texas",2727,343,2519,321,0,13,0,13,40,61,0,13,168,220,0,13,0,13,0,13
1400000US48491021603,48491021603,"Census Tract 216.03, Williamson County, Texas",1740,216,1641,247,7,13,16,24,5,11,0,13,60,62,11,16,0,13,11,16
