GEO.id,GEO.id2,GEO.display-label,HD01_VD01,HD02_VD01,HD01_VD02,HD02_VD02,HD01_VD03,HD02_VD03,HD01_VD04,HD02_VD04,HD01_VD05,HD02_VD05,HD01_VD06,HD02_VD06,HD01_VD07,HD02_VD07,HD01_VD08,HD02_VD08,HD01_VD09,HD02_VD09,HD01_VD10,HD02_VD10
Id,Id2,Geography,Estimate; Total:,Margin of Error; Total:,Estimate; Total: - White alone,Margin of Error; Total: - White alone,Estimate; Total: - Black or African American alone,Margin of Error; Total: - Black or African American alone,Estimate; Total: - American Indian and Alaska Native alone,Margin of Error; Total: - American Indian and Alaska Native alone,Estimate; Total: - Asian alone,Margin of Error; Total: - Asian alone,Estimate; Total: - Native Hawaiian and Other Pacific Islander alone,Margin of Error; Total: - Native Hawaiian and Other Pacific Islander alone,Estimate; Total: - Some other race alone,Margin of Error; Total: - Some other race alone,Estimate; Total: - Two or more races:,Margin of Error; Total: - Two or more races:,Estimate; Total: - Two or more races: - Two races including Some other race,Margin of Error; Total: - Two or more races: - Two races including Some other race,"Estimate; Total: - Two or more races: - Two races excluding Some other race, and three or more races","Margin of Error; Total: - Two or more races: - Two races excluding Some other race, and three or more races"
1400000US48021950100,48021950100,"Census Tract 9501, Bastrop County, Texas",9742,1000,7611,897,351,294,160,208,47,56,0,95,1306,769,267,148,5,9,262,145
1400000US48021950200,48021950200,"Census Tract 9502, Bastrop County, Texas",8048,417,5406,548,1710,350,27,37,0,95,0,95,678,359,227,178,149,138,78,105
1400000US48021950300,48021950300,"Census Tract 9503, Bastrop County, Texas",12147,896,9818,876,1385,368,12,20,244,124,0,95,480,299,208,153,42,40,166,135
1400000US48021950400,48021950400,"Census Tract 9504, Bastrop County, Texas",8153,826,6886,831,915,258,49,46,45,64,7,12,192,164,59,55,0,95,59,55
1400000US48021950501,48021950501,"Census Tract 9505.01, Bastrop County, Texas",7537,710,5855,671,669,249,29,31,13,24,16,23,730,319,225,214,70,63,155,202
1400000US48021950502,48021950502,"Census Tract 9505.02, Bastrop County, Texas",5692,724,5545,711,5,10,12,20,13,22,0,95,40,46,77,92,0,95,77,92
1400000US48021950600,48021950600,"Census Tract 9506, Bastrop County, Texas",4350,579,3908,555,16,21,139,129,0,95,0,95,220,252,67,81,0,95,67,81
1400000US48021950700,48021950700,"Census Tract 9507, Bastrop County, Texas",4260,270,3216,369,688,223,0,95,131,107,0,95,225,199,0,95,0,95,0,95
1400000US48021950801,48021950801,"Census Tract 9508.01, Bastrop County, Texas",6149,977,5073,1062,143,128,141,139,0,95,0,95,675,433,117,118,0,95,117,118
1400000US48021950802,48021950802,"Census Tract 9508.02, Bastrop County, Texas",7290,968,6563,969,181,163,12,21,0,95,0,95,466,370,68,65,0,95,68,65
1400000US48055960101,48055960101,"Census Tract 9601.01, Caldwell County, Texas",5822,801,3818,623,167,177,10,13,0,95,0,95,1722,865,105,113,46,76,59,95
1400000US48055960102,48055960102,"Census Tract 9601.02, Caldwell County, Texas",3749,543,3068,417,108,99,17,25,0,95,0,95,512,441,44,50,1,11,43,47
1400000US48055960200,48055960200,"Census Tract 9602, Caldwell County, Texas",5488,481,3124,428,897,203,75,72,10,18,4,7,1299,391,79,54,49,44,30,33
1400000US48055960300,48055960300,"Census Tract 9603, Caldwell County, Texas",3964,383,2945,379,130,104,26,44,0,95,0,95,845,290,18,20,0,95,18,20
1400000US48055960400,48055960400,"Census Tract 9604, Caldwell County, Texas",3590,418,2114,388,246,176,49,86,19,25,0,95,1034,391,128,98,36,40,92,90
1400000US48055960500,48055960500,"Census Tract 9605, Caldwell County, Texas",7069,705,3971,587,489,261,5,10,0,95,0,95,2300,629,304,199,42,44,262,189
1400000US48055960600,48055960600,"Census Tract 9606, Caldwell County, Texas",2328,380,2022,346,83,73,11,17,46,83,0,95,139,99,27,45,5,12,22,34
1400000US48055960700,48055960700,"Census Tract 9607, Caldwell County, Texas",5785,226,3588,516,585,309,301,273,0,95,0,95,1183,503,128,192,128,192,0,95
1400000US48209010100,48209010100,"Census Tract 101, Hays County, Texas",2213,292,1894,279,106,108,0,95,0,95,0,95,181,131,32,46,0,95,32,46
1400000US48209010200,48209010200,"Census Tract 102, Hays County, Texas",6449,954,5013,772,306,138,15,21,176,109,15,21,924,276,0,95,0,95,0,95
1400000US48209010302,48209010302,"Census Tract 103.02, Hays County, Texas",4214,442,2138,358,165,95,27,30,53,81,0,95,1708,365,123,141,62,80,61,92
1400000US48209010303,48209010303,"Census Tract 103.03, Hays County, Texas",6980,726,5005,683,761,193,50,45,47,38,11,23,1066,339,40,50,14,22,26,45
1400000US48209010304,48209010304,"Census Tract 103.04, Hays County, Texas",5430,525,3596,550,289,160,0,95,137,106,49,69,1153,400,206,194,16,26,190,191
1400000US48209010400,48209010400,"Census Tract 104, Hays County, Texas",7626,647,4419,764,229,159,72,115,170,112,0,95,2607,554,129,118,74,83,55,81
1400000US48209010500,48209010500,"Census Tract 105, Hays County, Texas",3385,407,1974,412,176,129,0,95,0,95,0,95,1070,320,165,196,0,95,165,196
1400000US48209010600,48209010600,"Census Tract 106, Hays County, Texas",9402,730,7776,538,494,305,126,93,22,20,0,95,830,648,154,116,46,52,108,98
1400000US48209010701,48209010701,"Census Tract 107.01, Hays County, Texas",6658,691,5608,619,160,143,23,30,212,123,0,95,484,220,171,112,28,32,143,105
1400000US48209010702,48209010702,"Census Tract 107.02, Hays County, Texas",2486,419,2163,394,133,165,0,95,0,95,0,95,174,134,16,24,16,24,0,95
1400000US48209010803,48209010803,"Census Tract 108.03, Hays County, Texas",3928,466,3800,489,0,95,44,47,0,95,0,95,26,31,58,60,13,21,45,55
1400000US48209010804,48209010804,"Census Tract 108.04, Hays County, Texas",8886,575,8245,569,204,224,106,98,52,50,0,95,127,104,152,128,28,44,124,114
1400000US48209010805,48209010805,"Census Tract 108.05, Hays County, Texas",5731,572,5151,560,66,114,104,121,279,222,0,95,73,80,58,58,0,95,58,58
1400000US48209010806,48209010806,"Census Tract 108.06, Hays County, Texas",3900,464,3718,514,12,14,0,95,111,111,0,95,59,91,0,95,0,95,0,95
1400000US48209010807,48209010807,"Census Tract 108.07, Hays County, Texas",1972,462,1788,408,1,3,0,95,19,24,0,95,72,55,92,104,15,33,77,94
1400000US48209010808,48209010808,"Census Tract 108.08, Hays County, Texas",5889,526,5435,505,0,95,32,28,0,95,0,95,313,185,109,75,10,20,99,73
1400000US48209010809,48209010809,"Census Tract 108.09, Hays County, Texas",5421,615,4868,560,124,122,57,56,60,60,0,95,312,150,0,95,0,95,0,95
1400000US48209010901,48209010901,"Census Tract 109.01, Hays County, Texas",7613,491,6923,476,60,73,0,95,90,67,0,95,424,179,116,92,28,43,88,81
1400000US48209010902,48209010902,"Census Tract 109.02, Hays County, Texas",9708,832,8282,811,73,56,70,83,71,58,0,95,1071,302,141,104,101,94,40,36
1400000US48209010905,48209010905,"Census Tract 109.05, Hays County, Texas",5327,573,4083,507,223,172,32,50,65,66,0,95,708,365,216,199,24,40,192,201
1400000US48209010906,48209010906,"Census Tract 109.06, Hays County, Texas",10851,889,5801,755,410,162,6,12,283,146,0,95,4128,907,223,145,89,69,134,110
1400000US48209010907,48209010907,"Census Tract 109.07, Hays County, Texas",9906,970,5749,1086,341,218,46,46,34,39,0,95,3555,927,181,121,79,76,102,96
1400000US48209010908,48209010908,"Census Tract 109.08, Hays County, Texas",6733,847,4078,625,206,153,17,32,55,77,0,95,2299,848,78,76,65,77,13,23
1400000US48209010909,48209010909,"Census Tract 109.09, Hays County, Texas",4208,410,3794,430,0,95,35,52,97,80,0,95,248,165,34,41,34,41,0,95
1400000US48209010910,48209010910,"Census Tract 109.10, Hays County, Texas",7911,718,5055,807,667,222,0,95,32,32,0,95,1876,682,281,181,89,73,192,163
1400000US48453000101,48453000101,"Census Tract 1.01, Travis County, Texas",3801,342,3607,362,23,37,0,95,27,42,0,95,92,72,52,44,24,30,28,35
1400000US48453000102,48453000102,"Census Tract 1.02, Travis County, Texas",2526,160,2483,160,13,22,18,25,0,95,0,95,12,18,0,95,0,95,0,95
1400000US48453000203,48453000203,"Census Tract 2.03, Travis County, Texas",1373,253,1118,233,15,23,0,95,140,102,0,95,71,83,29,35,0,95,29,35
1400000US48453000204,48453000204,"Census Tract 2.04, Travis County, Texas",2994,277,2588,284,115,109,0,95,199,109,0,95,11,18,81,71,0,95,81,71
1400000US48453000205,48453000205,"Census Tract 2.05, Travis County, Texas",3158,257,2727,356,143,105,2,4,106,112,15,25,145,122,20,30,0,95,20,30
1400000US48453000206,48453000206,"Census Tract 2.06, Travis County, Texas",3246,332,3046,354,79,67,0,95,64,97,0,95,34,56,23,38,0,95,23,38
1400000US48453000302,48453000302,"Census Tract 3.02, Travis County, Texas",5411,482,4368,577,140,128,0,95,521,242,0,95,62,61,320,165,34,50,286,153
1400000US48453000304,48453000304,"Census Tract 3.04, Travis County, Texas",3349,461,2761,505,60,87,0,95,199,132,0,95,113,102,216,105,88,51,128,88
1400000US48453000305,48453000305,"Census Tract 3.05, Travis County, Texas",3064,312,2797,271,0,95,0,95,165,141,0,95,25,29,77,77,10,17,67,77
1400000US48453000306,48453000306,"Census Tract 3.06, Travis County, Texas",1830,388,1056,318,369,162,0,95,47,47,0,95,323,278,35,41,0,95,35,41
1400000US48453000307,48453000307,"Census Tract 3.07, Travis County, Texas",1664,202,1361,217,71,45,0,95,0,95,0,95,232,184,0,95,0,95,0,95
1400000US48453000401,48453000401,"Census Tract 4.01, Travis County, Texas",3236,379,2720,382,161,93,3,5,229,86,0,95,39,35,84,76,0,95,84,76
1400000US48453000402,48453000402,"Census Tract 4.02, Travis County, Texas",2471,318,1656,260,560,216,34,52,98,150,0,95,39,35,84,57,22,32,62,45
1400000US48453000500,48453000500,"Census Tract 5, Travis County, Texas",4547,514,3843,500,38,27,16,25,496,224,0,95,64,68,90,66,13,21,77,63
1400000US48453000601,48453000601,"Census Tract 6.01, Travis County, Texas",9381,1395,6366,1186,559,255,1,4,1620,560,0,95,700,338,135,69,27,29,108,62
1400000US48453000603,48453000603,"Census Tract 6.03, Travis County, Texas",7128,711,5151,803,174,121,0,95,1492,504,0,95,142,97,169,109,4,8,165,108
1400000US48453000604,48453000604,"Census Tract 6.04, Travis County, Texas",5032,944,3913,816,74,111,42,48,745,295,2,4,161,99,95,102,2,4,93,101
1400000US48453000700,48453000700,"Census Tract 7, Travis County, Texas",1157,187,1004,158,2,5,0,95,143,140,0,95,8,15,0,95,0,95,0,95
1400000US48453000801,48453000801,"Census Tract 8.01, Travis County, Texas",1394,255,844,230,168,126,0,95,4,10,0,95,378,198,0,95,0,95,0,95
1400000US48453000802,48453000802,"Census Tract 8.02, Travis County, Texas",3127,490,1121,370,1346,238,37,50,114,116,0,95,476,317,33,37,0,95,33,37
1400000US48453000803,48453000803,"Census Tract 8.03, Travis County, Texas",1953,280,1115,206,564,118,9,16,0,95,0,95,180,197,85,72,15,25,70,69
1400000US48453000804,48453000804,"Census Tract 8.04, Travis County, Texas",2528,301,1432,332,558,163,0,95,17,18,0,95,485,305,36,35,0,95,36,35
1400000US48453000901,48453000901,"Census Tract 9.01, Travis County, Texas",1860,208,1045,247,380,148,0,95,74,79,0,95,341,155,20,34,11,31,9,15
1400000US48453000902,48453000902,"Census Tract 9.02, Travis County, Texas",5348,706,3615,549,153,111,106,109,23,35,0,95,1326,825,125,122,28,30,97,121
1400000US48453001000,48453001000,"Census Tract 10, Travis County, Texas",3751,474,2550,502,95,77,35,55,131,160,0,95,918,301,22,25,13,20,9,14
1400000US48453001100,48453001100,"Census Tract 11, Travis County, Texas",3800,510,3060,391,395,191,0,95,172,113,0,95,92,80,81,79,62,72,19,30
1400000US48453001200,48453001200,"Census Tract 12, Travis County, Texas",3632,469,3182,467,20,34,0,95,284,138,0,95,74,118,72,64,0,95,72,64
1400000US48453001303,48453001303,"Census Tract 13.03, Travis County, Texas",2358,306,2119,275,59,65,3,5,34,26,0,95,127,114,16,19,0,95,16,19
1400000US48453001304,48453001304,"Census Tract 13.04, Travis County, Texas",3790,248,3434,254,7,10,40,45,75,64,0,95,89,71,145,125,21,25,124,121
1400000US48453001305,48453001305,"Census Tract 13.05, Travis County, Texas",5551,533,4447,531,345,203,94,114,80,78,0,95,531,243,54,40,24,26,30,35
1400000US48453001307,48453001307,"Census Tract 13.07, Travis County, Texas",3780,407,2794,377,266,165,0,95,48,46,0,95,621,437,51,40,7,11,44,39
1400000US48453001308,48453001308,"Census Tract 13.08, Travis County, Texas",2731,406,2313,389,116,82,11,17,0,95,0,95,252,175,39,44,0,95,39,44
1400000US48453001401,48453001401,"Census Tract 14.01, Travis County, Texas",2913,262,2501,284,20,23,105,128,86,77,0,95,92,70,109,89,0,95,109,89
1400000US48453001402,48453001402,"Census Tract 14.02, Travis County, Texas",2701,212,2466,242,84,55,0,95,0,95,17,31,85,84,49,43,0,95,49,43
1400000US48453001403,48453001403,"Census Tract 14.03, Travis County, Texas",1315,158,883,181,29,43,5,9,0,95,0,95,398,167,0,95,0,95,0,95
1400000US48453001501,48453001501,"Census Tract 15.01, Travis County, Texas",4850,263,4640,311,22,36,0,95,61,56,0,95,88,105,39,37,11,20,28,24
1400000US48453001503,48453001503,"Census Tract 15.03, Travis County, Texas",3862,413,3156,392,201,167,0,95,47,40,0,95,346,230,112,103,23,28,89,97
1400000US48453001504,48453001504,"Census Tract 15.04, Travis County, Texas",4644,396,3925,381,108,135,0,95,284,180,0,95,190,164,137,91,41,63,96,74
1400000US48453001505,48453001505,"Census Tract 15.05, Travis County, Texas",4220,283,3995,287,37,41,0,95,52,51,0,95,99,104,37,40,14,24,23,31
1400000US48453001602,48453001602,"Census Tract 16.02, Travis County, Texas",3234,365,2358,265,56,66,0,95,560,170,0,95,77,61,183,178,52,77,131,172
1400000US48453001603,48453001603,"Census Tract 16.03, Travis County, Texas",4448,333,4273,316,70,88,0,95,74,69,0,95,21,24,10,18,0,95,10,18
1400000US48453001604,48453001604,"Census Tract 16.04, Travis County, Texas",3855,238,3663,253,0,95,49,60,27,26,0,95,11,18,105,96,0,95,105,96
1400000US48453001605,48453001605,"Census Tract 16.05, Travis County, Texas",3817,554,3522,558,25,27,161,165,18,29,0,95,49,38,42,44,0,95,42,44
1400000US48453001606,48453001606,"Census Tract 16.06, Travis County, Texas",584,423,499,340,76,98,9,18,0,95,0,95,0,95,0,95,0,95,0,95
1400000US48453001705,48453001705,"Census Tract 17.05, Travis County, Texas",4594,255,4268,267,100,150,0,95,190,120,0,95,36,56,0,95,0,95,0,95
1400000US48453001706,48453001706,"Census Tract 17.06, Travis County, Texas",3570,286,3155,290,94,95,11,17,160,92,0,95,75,73,75,84,0,95,75,84
1400000US48453001707,48453001707,"Census Tract 17.07, Travis County, Texas",5221,631,4113,427,56,72,0,95,270,193,0,95,761,665,21,31,0,95,21,31
1400000US48453001712,48453001712,"Census Tract 17.12, Travis County, Texas",3703,341,3276,320,148,126,0,95,0,95,0,95,191,125,88,81,15,22,73,77
1400000US48453001713,48453001713,"Census Tract 17.13, Travis County, Texas",3895,432,3144,334,57,60,47,47,36,45,0,95,538,424,73,54,21,35,52,42
1400000US48453001714,48453001714,"Census Tract 17.14, Travis County, Texas",11986,611,9063,741,501,239,81,96,1676,251,0,95,412,200,253,170,34,44,219,166
1400000US48453001716,48453001716,"Census Tract 17.16, Travis County, Texas",4843,270,4535,282,0,95,0,95,194,79,0,95,40,44,74,65,55,47,19,34
1400000US48453001718,48453001718,"Census Tract 17.18, Travis County, Texas",5440,325,4657,323,3,11,0,95,657,203,0,95,37,58,86,67,0,95,86,67
1400000US48453001719,48453001719,"Census Tract 17.19, Travis County, Texas",3830,218,3505,247,37,35,8,13,185,138,33,53,7,12,55,35,10,16,45,31
1400000US48453001722,48453001722,"Census Tract 17.22, Travis County, Texas",4187,294,3236,321,95,73,14,27,512,202,0,95,242,195,88,70,15,29,73,66
1400000US48453001728,48453001728,"Census Tract 17.28, Travis County, Texas",6516,429,5753,496,295,208,16,24,77,67,0,95,170,165,205,165,154,155,51,51
1400000US48453001729,48453001729,"Census Tract 17.29, Travis County, Texas",4666,475,3853,569,88,64,31,39,79,89,0,95,457,282,158,123,22,32,136,123
1400000US48453001733,48453001733,"Census Tract 17.33, Travis County, Texas",3321,390,3180,406,65,63,0,95,38,40,0,95,38,56,0,95,0,95,0,95
1400000US48453001737,48453001737,"Census Tract 17.37, Travis County, Texas",10085,315,8311,435,88,70,117,87,973,203,17,25,256,163,323,143,97,111,226,103
1400000US48453001738,48453001738,"Census Tract 17.38, Travis County, Texas",6676,294,6156,279,101,141,9,13,210,109,0,95,183,150,17,28,0,95,17,28
1400000US48453001740,48453001740,"Census Tract 17.40, Travis County, Texas",4098,288,3330,295,132,133,16,25,295,80,0,95,96,118,229,124,43,43,186,113
1400000US48453001741,48453001741,"Census Tract 17.41, Travis County, Texas",3615,372,3130,340,0,95,71,77,53,78,0,95,303,269,58,70,0,95,58,70
1400000US48453001742,48453001742,"Census Tract 17.42, Travis County, Texas",5108,607,3645,405,0,95,23,38,235,166,10,19,1195,542,0,95,0,95,0,95
1400000US48453001745,48453001745,"Census Tract 17.45, Travis County, Texas",2491,245,2071,256,183,177,0,95,61,62,0,95,46,71,130,168,0,95,130,168
1400000US48453001746,48453001746,"Census Tract 17.46, Travis County, Texas",3990,328,3518,374,53,51,0,95,106,74,0,95,290,209,23,37,23,37,0,95
1400000US48453001747,48453001747,"Census Tract 17.47, Travis County, Texas",5196,463,3921,515,437,292,0,95,155,112,0,95,427,225,256,140,29,38,227,141
1400000US48453001748,48453001748,"Census Tract 17.48, Travis County, Texas",4892,406,4330,430,52,49,0,95,122,107,31,50,268,258,89,70,42,50,47,48
1400000US48453001749,48453001749,"Census Tract 17.49, Travis County, Texas",5659,572,4361,542,280,248,0,95,738,360,0,95,185,199,95,83,32,49,63,63
1400000US48453001750,48453001750,"Census Tract 17.50, Travis County, Texas",5124,454,3883,543,121,108,31,42,237,180,0,95,770,469,82,59,44,53,38,29
1400000US48453001751,48453001751,"Census Tract 17.51, Travis County, Texas",1953,161,1817,169,28,40,8,12,36,56,0,95,0,95,64,49,11,17,53,45
1400000US48453001752,48453001752,"Census Tract 17.52, Travis County, Texas",3757,451,2223,300,212,162,70,111,1077,363,0,95,84,69,91,110,0,95,91,110
1400000US48453001753,48453001753,"Census Tract 17.53, Travis County, Texas",1182,102,834,117,14,23,0,95,146,86,0,95,126,121,62,54,0,95,62,54
1400000US48453001754,48453001754,"Census Tract 17.54, Travis County, Texas",4587,367,3607,450,277,239,0,95,181,81,0,95,344,234,178,138,33,54,145,121
1400000US48453001755,48453001755,"Census Tract 17.55, Travis County, Texas",5813,254,3857,265,19,21,19,32,1663,205,0,95,177,145,78,54,0,95,78,54
1400000US48453001756,48453001756,"Census Tract 17.56, Travis County, Texas",4020,337,3150,336,75,64,0,95,536,241,0,95,85,101,174,106,10,15,164,106
1400000US48453001757,48453001757,"Census Tract 17.57, Travis County, Texas",1975,164,1739,184,25,39,0,95,169,167,0,95,0,95,42,50,0,95,42,50
1400000US48453001760,48453001760,"Census Tract 17.60, Travis County, Texas",14133,977,11596,932,221,151,53,55,1508,377,0,95,435,242,320,160,53,84,267,141
1400000US48453001761,48453001761,"Census Tract 17.61, Travis County, Texas",6820,466,5632,433,192,198,0,95,667,293,68,82,84,86,177,127,0,95,177,127
1400000US48453001764,48453001764,"Census Tract 17.64, Travis County, Texas",5557,589,5287,510,0,95,0,95,35,32,0,95,217,171,18,18,0,95,18,18
1400000US48453001765,48453001765,"Census Tract 17.65, Travis County, Texas",14221,632,12308,643,273,180,0,95,873,238,0,95,516,228,251,146,131,122,120,82
1400000US48453001766,48453001766,"Census Tract 17.66, Travis County, Texas",7102,701,6255,776,40,61,27,30,63,58,0,95,585,235,132,94,33,53,99,78
1400000US48453001768,48453001768,"Census Tract 17.68, Travis County, Texas",5368,543,4950,546,82,89,0,95,58,44,0,95,256,172,22,25,0,95,22,25
1400000US48453001769,48453001769,"Census Tract 17.69, Travis County, Texas",5249,321,4587,366,2,4,0,95,325,184,0,95,126,77,209,166,103,154,106,72
1400000US48453001770,48453001770,"Census Tract 17.70, Travis County, Texas",11279,491,9386,526,265,167,42,47,752,204,0,95,410,215,424,226,250,182,174,137
1400000US48453001771,48453001771,"Census Tract 17.71, Travis County, Texas",3977,276,3775,333,0,95,0,95,0,95,0,95,158,194,44,47,21,38,23,44
1400000US48453001772,48453001772,"Census Tract 17.72, Travis County, Texas",2763,500,1764,630,311,347,0,95,23,28,0,95,602,356,63,73,36,46,27,54
1400000US48453001773,48453001773,"Census Tract 17.73, Travis County, Texas",5388,337,4968,366,37,26,36,39,199,122,0,95,11,14,137,103,39,46,98,95
1400000US48453001774,48453001774,"Census Tract 17.74, Travis County, Texas",7651,511,6344,544,156,125,7,12,236,165,0,95,696,344,212,150,27,34,185,145
1400000US48453001775,48453001775,"Census Tract 17.75, Travis County, Texas",4293,263,3612,315,38,55,42,75,334,171,0,95,181,150,86,74,27,33,59,64
1400000US48453001776,48453001776,"Census Tract 17.76, Travis County, Texas",2387,240,1945,211,232,174,0,95,0,95,0,95,108,59,102,99,72,85,30,50
1400000US48453001777,48453001777,"Census Tract 17.77, Travis County, Texas",5561,462,4240,557,670,339,0,95,142,137,0,95,263,179,246,136,41,65,205,137
1400000US48453001778,48453001778,"Census Tract 17.78, Travis County, Texas",3582,284,3414,283,0,95,0,95,75,103,0,95,93,85,0,95,0,95,0,95
1400000US48453001779,48453001779,"Census Tract 17.79, Travis County, Texas",5984,263,5754,288,100,141,0,95,0,95,0,95,45,74,85,60,0,95,85,60
1400000US48453001780,48453001780,"Census Tract 17.80, Travis County, Texas",4115,414,3920,427,37,46,0,95,65,56,0,95,19,29,74,64,40,58,34,25
1400000US48453001781,48453001781,"Census Tract 17.81, Travis County, Texas",2272,192,2026,221,0,95,0,95,117,89,0,95,14,23,115,94,25,42,90,81
1400000US48453001782,48453001782,"Census Tract 17.82, Travis County, Texas",5017,375,3164,444,396,280,0,95,1208,389,0,95,126,133,123,96,58,57,65,74
1400000US48453001783,48453001783,"Census Tract 17.83, Travis County, Texas",5313,348,4999,319,0,95,0,95,158,143,0,95,100,82,56,63,0,95,56,63
1400000US48453001784,48453001784,"Census Tract 17.84, Travis County, Texas",5225,306,4493,362,0,95,0,95,652,178,0,95,6,11,74,67,6,11,68,66
1400000US48453001785,48453001785,"Census Tract 17.85, Travis County, Texas",3932,288,2527,329,483,218,0,95,623,287,0,95,216,163,83,72,10,18,73,70
1400000US48453001786,48453001786,"Census Tract 17.86, Travis County, Texas",5171,503,3647,428,119,85,10,27,1027,404,0,95,225,161,143,111,0,95,143,111
1400000US48453001804,48453001804,"Census Tract 18.04, Travis County, Texas",5885,610,4207,657,360,190,59,90,567,224,0,95,625,434,67,75,19,31,48,69
1400000US48453001805,48453001805,"Census Tract 18.05, Travis County, Texas",4547,537,2041,404,551,247,0,95,113,114,0,95,1618,594,224,129,135,90,89,70
1400000US48453001806,48453001806,"Census Tract 18.06, Travis County, Texas",6486,657,3894,595,742,260,0,95,9,14,0,95,1795,754,46,51,0,95,46,51
1400000US48453001811,48453001811,"Census Tract 18.11, Travis County, Texas",3032,567,2097,553,587,218,10,14,10,16,0,95,323,333,5,8,0,95,5,8
1400000US48453001812,48453001812,"Census Tract 18.12, Travis County, Texas",7381,705,4813,634,1156,330,0,95,43,32,0,95,1263,616,106,94,39,46,67,82
1400000US48453001813,48453001813,"Census Tract 18.13, Travis County, Texas",6538,758,4174,916,464,188,45,53,95,149,0,95,1714,663,46,86,46,86,0,95
1400000US48453001817,48453001817,"Census Tract 18.17, Travis County, Texas",3687,400,2943,343,149,115,0,95,312,235,0,95,270,252,13,22,0,95,13,22
1400000US48453001818,48453001818,"Census Tract 18.18, Travis County, Texas",5593,718,3642,810,73,73,39,61,92,72,0,95,1661,739,86,83,0,95,86,83
1400000US48453001819,48453001819,"Census Tract 18.19, Travis County, Texas",4856,553,1631,435,698,247,0,95,242,132,0,95,2189,698,96,68,41,45,55,50
1400000US48453001820,48453001820,"Census Tract 18.20, Travis County, Texas",6864,639,2594,568,860,342,34,58,182,121,33,54,3124,642,37,38,0,95,37,38
1400000US48453001821,48453001821,"Census Tract 18.21, Travis County, Texas",5312,525,2829,467,457,160,77,116,158,105,0,95,1567,497,224,227,54,54,170,220
1400000US48453001822,48453001822,"Census Tract 18.22, Travis County, Texas",6809,723,2707,593,1062,392,61,72,209,157,0,95,2618,704,152,186,0,95,152,186
1400000US48453001823,48453001823,"Census Tract 18.23, Travis County, Texas",6300,665,3322,915,652,186,0,95,83,148,0,95,2124,575,119,79,67,54,52,55
1400000US48453001824,48453001824,"Census Tract 18.24, Travis County, Texas",1817,286,1155,154,120,70,18,32,55,45,0,95,435,308,34,29,0,95,34,29
1400000US48453001826,48453001826,"Census Tract 18.26, Travis County, Texas",2059,263,1119,244,421,249,0,95,386,170,0,95,106,119,27,44,27,44,0,95
1400000US48453001828,48453001828,"Census Tract 18.28, Travis County, Texas",3656,228,3278,358,47,45,0,95,18,21,0,95,222,275,91,79,42,48,49,53
1400000US48453001829,48453001829,"Census Tract 18.29, Travis County, Texas",2699,236,2101,298,173,139,0,95,199,156,0,95,139,88,87,71,20,24,67,67
1400000US48453001832,48453001832,"Census Tract 18.32, Travis County, Texas",3069,417,2567,434,337,182,0,95,32,46,0,95,14,16,119,107,58,75,61,87
1400000US48453001833,48453001833,"Census Tract 18.33, Travis County, Texas",7388,698,3380,708,1515,619,148,186,377,281,0,95,1734,743,234,174,129,141,105,110
1400000US48453001834,48453001834,"Census Tract 18.34, Travis County, Texas",7687,620,3467,420,1354,372,22,37,992,348,192,218,1398,510,262,153,87,74,175,137
1400000US48453001835,48453001835,"Census Tract 18.35, Travis County, Texas",5213,590,2583,500,857,405,130,147,227,168,0,95,1361,614,55,76,0,95,55,76
1400000US48453001839,48453001839,"Census Tract 18.39, Travis County, Texas",6200,501,2882,459,935,311,144,197,1815,282,0,95,286,204,138,135,0,95,138,135
1400000US48453001840,48453001840,"Census Tract 18.40, Travis County, Texas",8435,817,4287,711,1363,614,197,199,797,457,0,95,1745,659,46,58,0,95,46,58
1400000US48453001841,48453001841,"Census Tract 18.41, Travis County, Texas",16730,1029,9339,1115,2712,444,100,119,2607,610,0,95,1704,738,268,154,15,25,253,153
1400000US48453001842,48453001842,"Census Tract 18.42, Travis County, Texas",7342,606,4657,661,696,258,27,43,309,181,0,95,1514,654,139,110,9,16,130,108
1400000US48453001843,48453001843,"Census Tract 18.43, Travis County, Texas",2280,161,1490,234,156,90,0,95,110,87,0,95,474,97,50,43,8,12,42,40
1400000US48453001844,48453001844,"Census Tract 18.44, Travis County, Texas",3454,343,1820,330,778,327,43,63,254,148,0,95,503,218,56,62,0,95,56,62
1400000US48453001845,48453001845,"Census Tract 18.45, Travis County, Texas",3209,320,2351,367,212,120,0,95,341,158,0,95,256,177,49,38,0,95,49,38
1400000US48453001846,48453001846,"Census Tract 18.46, Travis County, Texas",2494,196,2208,247,47,53,0,95,122,100,0,95,30,32,87,64,17,26,70,59
1400000US48453001847,48453001847,"Census Tract 18.47, Travis County, Texas",7293,574,4096,559,1111,520,41,44,1511,479,0,95,318,214,216,151,63,57,153,130
1400000US48453001848,48453001848,"Census Tract 18.48, Travis County, Texas",4532,391,2640,263,561,234,53,80,801,167,0,95,377,213,100,70,53,55,47,31
1400000US48453001849,48453001849,"Census Tract 18.49, Travis County, Texas",5651,557,2863,437,602,328,104,125,1333,430,0,95,678,440,71,60,0,95,71,60
1400000US48453001850,48453001850,"Census Tract 18.50, Travis County, Texas",4303,467,2224,430,449,226,19,37,409,175,0,95,1034,454,168,107,40,61,128,91
1400000US48453001851,48453001851,"Census Tract 18.51, Travis County, Texas",8443,681,5400,735,970,327,85,75,1123,237,0,95,421,223,444,247,66,66,378,228
1400000US48453001853,48453001853,"Census Tract 18.53, Travis County, Texas",3110,201,2042,297,328,196,0,95,345,176,0,95,222,175,173,133,0,95,173,133
1400000US48453001854,48453001854,"Census Tract 18.54, Travis County, Texas",4493,431,2306,385,1270,329,0,95,71,74,0,95,755,450,91,75,0,95,91,75
1400000US48453001855,48453001855,"Census Tract 18.55, Travis County, Texas",13145,771,6789,780,3139,787,10,17,1762,614,0,95,944,422,501,227,222,158,279,164
1400000US48453001856,48453001856,"Census Tract 18.56, Travis County, Texas",5332,642,3023,503,910,490,0,95,497,270,0,95,741,387,161,154,112,141,49,49
1400000US48453001857,48453001857,"Census Tract 18.57, Travis County, Texas",4841,729,2983,683,626,261,0,95,504,192,0,95,492,299,236,296,22,39,214,275
1400000US48453001858,48453001858,"Census Tract 18.58, Travis County, Texas",14265,953,10974,1048,1052,527,58,75,665,242,0,95,971,567,545,239,165,160,380,183
1400000US48453001859,48453001859,"Census Tract 18.59, Travis County, Texas",1080,219,1019,200,0,95,0,95,61,111,0,95,0,95,0,95,0,95,0,95
1400000US48453001860,48453001860,"Census Tract 18.60, Travis County, Texas",4055,400,2598,372,917,270,0,95,181,301,0,95,238,165,121,128,12,19,109,128
1400000US48453001861,48453001861,"Census Tract 18.61, Travis County, Texas",4431,563,2649,585,677,387,0,95,451,419,0,95,593,325,61,71,35,36,26,47
1400000US48453001862,48453001862,"Census Tract 18.62, Travis County, Texas",5549,484,2964,530,1293,367,21,31,685,238,0,95,367,244,219,186,58,66,161,190
1400000US48453001863,48453001863,"Census Tract 18.63, Travis County, Texas",3603,403,1846,427,1019,371,116,138,312,193,110,159,176,135,24,31,0,95,24,31
1400000US48453001864,48453001864,"Census Tract 18.64, Travis County, Texas",2817,313,1781,250,658,275,0,95,174,133,0,95,162,119,42,52,0,95,42,52
1400000US48453001901,48453001901,"Census Tract 19.01, Travis County, Texas",5550,900,5169,667,113,95,40,45,33,39,0,95,166,178,29,33,13,21,16,27
1400000US48453001908,48453001908,"Census Tract 19.08, Travis County, Texas",7791,794,6371,818,88,123,0,95,550,163,0,95,574,214,208,165,0,95,208,165
1400000US48453001910,48453001910,"Census Tract 19.10, Travis County, Texas",3970,253,3437,310,29,66,0,95,279,173,0,95,118,87,107,83,0,95,107,83
1400000US48453001911,48453001911,"Census Tract 19.11, Travis County, Texas",2964,218,2686,259,74,102,0,95,77,89,0,95,89,73,38,47,0,95,38,47
1400000US48453001912,48453001912,"Census Tract 19.12, Travis County, Texas",3943,404,3541,413,53,44,0,95,330,189,0,95,0,95,19,22,0,95,19,22
1400000US48453001913,48453001913,"Census Tract 19.13, Travis County, Texas",4801,359,4511,334,8,13,0,95,219,100,0,95,18,20,45,54,0,95,45,54
1400000US48453001914,48453001914,"Census Tract 19.14, Travis County, Texas",5917,365,5238,390,0,95,8,14,409,198,0,95,146,108,116,76,31,36,85,67
1400000US48453001915,48453001915,"Census Tract 19.15, Travis County, Texas",1806,315,1645,338,27,46,0,95,101,107,0,95,33,36,0,95,0,95,0,95
1400000US48453001916,48453001916,"Census Tract 19.16, Travis County, Texas",3484,425,2957,443,14,22,0,95,288,103,0,95,0,95,225,183,0,95,225,183
1400000US48453001917,48453001917,"Census Tract 19.17, Travis County, Texas",4618,267,4156,261,0,95,15,23,436,183,0,95,0,95,11,17,0,95,11,17
1400000US48453001918,48453001918,"Census Tract 19.18, Travis County, Texas",2413,164,2178,214,0,95,0,95,92,67,0,95,0,95,143,125,0,95,143,125
1400000US48453001919,48453001919,"Census Tract 19.19, Travis County, Texas",3802,165,3534,208,38,58,13,19,72,53,0,95,39,35,106,72,66,65,40,36
1400000US48453002002,48453002002,"Census Tract 20.02, Travis County, Texas",2769,322,2266,375,47,55,5,13,0,95,0,95,401,252,50,39,14,22,36,37
1400000US48453002003,48453002003,"Census Tract 20.03, Travis County, Texas",3878,546,2565,466,181,208,22,35,10,16,0,95,1018,509,82,102,55,89,27,33
1400000US48453002004,48453002004,"Census Tract 20.04, Travis County, Texas",2117,339,1640,249,40,40,37,43,50,45,0,95,283,332,67,65,12,19,55,59
1400000US48453002005,48453002005,"Census Tract 20.05, Travis County, Texas",4522,496,3224,518,250,139,0,95,44,44,0,95,872,468,132,105,0,95,132,105
1400000US48453002104,48453002104,"Census Tract 21.04, Travis County, Texas",3117,368,2500,337,475,317,23,36,48,71,0,95,20,27,51,44,0,95,51,44
1400000US48453002105,48453002105,"Census Tract 21.05, Travis County, Texas",5310,649,3221,613,677,400,138,158,196,140,0,95,1007,520,71,59,0,95,71,59
1400000US48453002106,48453002106,"Census Tract 21.06, Travis County, Texas",3373,560,2385,563,499,100,47,85,247,180,0,95,76,77,119,112,32,44,87,112
1400000US48453002107,48453002107,"Census Tract 21.07, Travis County, Texas",4122,461,2045,467,1577,286,6,9,0,95,0,95,469,256,25,31,0,95,25,31
1400000US48453002108,48453002108,"Census Tract 21.08, Travis County, Texas",3814,569,1553,586,1950,298,0,95,0,95,0,95,231,194,80,70,44,57,36,42
1400000US48453002109,48453002109,"Census Tract 21.09, Travis County, Texas",3171,360,961,247,1754,348,18,31,35,41,0,95,387,272,16,18,0,95,16,18
1400000US48453002110,48453002110,"Census Tract 21.10, Travis County, Texas",4451,526,1644,537,1237,259,0,95,27,32,0,95,1418,474,125,82,82,73,43,41
1400000US48453002111,48453002111,"Census Tract 21.11, Travis County, Texas",4365,440,2410,351,649,213,169,148,12,20,11,20,1049,396,65,76,7,13,58,73
1400000US48453002112,48453002112,"Census Tract 21.12, Travis County, Texas",4836,555,2852,613,1434,435,26,32,15,20,0,95,456,236,53,51,22,34,31,40
1400000US48453002113,48453002113,"Census Tract 21.13, Travis County, Texas",3635,389,2179,361,1035,283,11,17,0,95,0,95,338,285,72,61,26,42,46,47
1400000US48453002201,48453002201,"Census Tract 22.01, Travis County, Texas",1783,290,499,220,1020,289,0,95,0,95,0,95,258,183,6,10,6,10,0,95
1400000US48453002202,48453002202,"Census Tract 22.02, Travis County, Texas",8714,1033,3028,933,3253,648,0,95,0,95,0,95,1725,762,708,732,224,203,484,700
1400000US48453002207,48453002207,"Census Tract 22.07, Travis County, Texas",7954,656,3421,784,2335,598,0,95,221,268,0,95,1850,711,127,99,33,53,94,91
1400000US48453002208,48453002208,"Census Tract 22.08, Travis County, Texas",6728,877,3577,717,1184,331,2,4,0,95,0,95,1862,712,103,100,75,98,28,26
1400000US48453002209,48453002209,"Census Tract 22.09, Travis County, Texas",7320,966,4370,1137,1601,413,29,34,99,124,0,95,841,284,380,315,156,155,224,199
1400000US48453002210,48453002210,"Census Tract 22.10, Travis County, Texas",3055,598,2311,564,31,34,189,238,29,43,0,95,415,301,80,83,4,8,76,83
1400000US48453002211,48453002211,"Census Tract 22.11, Travis County, Texas",1455,476,761,451,347,246,56,75,0,95,0,95,291,295,0,95,0,95,0,95
1400000US48453002212,48453002212,"Census Tract 22.12, Travis County, Texas",712,109,399,124,123,65,0,95,0,95,0,95,169,100,21,36,21,36,0,95
1400000US48453002304,48453002304,"Census Tract 23.04, Travis County, Texas",4270,707,1509,507,178,110,0,95,118,107,27,47,2424,702,14,24,0,95,14,24
1400000US48453002307,48453002307,"Census Tract 23.07, Travis County, Texas",5567,801,3448,737,220,138,0,95,140,133,0,95,1660,601,99,65,31,35,68,54
1400000US48453002308,48453002308,"Census Tract 23.08, Travis County, Texas",5603,725,4224,741,336,270,36,42,131,96,0,95,634,477,242,159,29,30,213,155
1400000US48453002310,48453002310,"Census Tract 23.10, Travis County, Texas",2624,377,915,345,218,115,0,95,13,22,0,95,1439,386,39,32,32,31,7,9
1400000US48453002312,48453002312,"Census Tract 23.12, Travis County, Texas",6409,593,3011,536,581,303,0,95,1,3,0,95,2610,760,206,165,81,112,125,116
1400000US48453002313,48453002313,"Census Tract 23.13, Travis County, Texas",4495,511,1754,482,559,284,33,53,315,182,65,99,1502,408,267,182,203,162,64,72
1400000US48453002314,48453002314,"Census Tract 23.14, Travis County, Texas",5256,697,2509,424,578,212,0,95,409,226,0,95,1660,624,100,84,55,61,45,54
1400000US48453002315,48453002315,"Census Tract 23.15, Travis County, Texas",3336,469,1204,218,322,180,0,95,22,18,0,95,1648,463,140,137,78,123,62,70
1400000US48453002316,48453002316,"Census Tract 23.16, Travis County, Texas",5856,749,1994,544,468,331,0,95,56,62,0,95,3277,758,61,77,45,73,16,24
1400000US48453002317,48453002317,"Census Tract 23.17, Travis County, Texas",4715,470,1884,553,954,481,0,95,452,278,0,95,1334,442,91,105,0,95,91,105
1400000US48453002318,48453002318,"Census Tract 23.18, Travis County, Texas",5714,691,2681,710,561,214,25,31,416,190,40,52,1909,620,82,80,0,95,82,80
1400000US48453002319,48453002319,"Census Tract 23.19, Travis County, Texas",642,214,464,169,168,83,0,95,0,95,0,95,0,95,10,17,0,95,10,17
1400000US48453002402,48453002402,"Census Tract 24.02, Travis County, Texas",6165,626,4616,625,371,174,0,95,159,86,0,95,807,460,212,189,23,21,189,186
1400000US48453002403,48453002403,"Census Tract 24.03, Travis County, Texas",3209,538,2007,447,71,95,21,33,140,180,0,95,970,497,0,95,0,95,0,95
1400000US48453002407,48453002407,"Census Tract 24.07, Travis County, Texas",4247,408,3666,420,98,101,0,95,162,135,0,95,206,148,115,76,68,66,47,28
1400000US48453002409,48453002409,"Census Tract 24.09, Travis County, Texas",3373,303,2203,388,40,35,73,107,53,52,14,25,956,505,34,35,14,16,20,31
1400000US48453002410,48453002410,"Census Tract 24.10, Travis County, Texas",3746,346,2745,371,103,79,86,99,118,115,0,95,658,348,36,36,19,21,17,28
1400000US48453002411,48453002411,"Census Tract 24.11, Travis County, Texas",6089,385,1914,504,495,200,0,95,7,13,0,95,3543,583,130,154,14,16,116,153
1400000US48453002412,48453002412,"Census Tract 24.12, Travis County, Texas",5508,425,1990,505,139,78,0,95,20,22,0,95,3359,549,0,95,0,95,0,95
1400000US48453002413,48453002413,"Census Tract 24.13, Travis County, Texas",4355,444,1513,523,595,262,108,167,3,5,0,95,2102,629,34,38,0,95,34,38
1400000US48453002419,48453002419,"Census Tract 24.19, Travis County, Texas",3912,367,1850,349,495,196,0,95,56,60,0,95,1511,397,0,95,0,95,0,95
1400000US48453002421,48453002421,"Census Tract 24.21, Travis County, Texas",6325,586,4477,554,704,386,104,105,191,81,0,95,642,298,207,121,72,70,135,105
1400000US48453002422,48453002422,"Census Tract 24.22, Travis County, Texas",5270,492,3700,531,264,120,47,79,90,96,0,95,731,282,438,255,249,193,189,176
1400000US48453002423,48453002423,"Census Tract 24.23, Travis County, Texas",5753,912,4704,1035,150,121,7,13,219,131,13,22,556,329,104,84,47,53,57,51
1400000US48453002424,48453002424,"Census Tract 24.24, Travis County, Texas",3212,376,2551,384,136,87,46,58,11,18,0,95,426,198,42,39,19,23,23,32
1400000US48453002425,48453002425,"Census Tract 24.25, Travis County, Texas",2972,343,1786,330,392,353,0,95,27,41,0,95,700,377,67,90,6,11,61,91
1400000US48453002426,48453002426,"Census Tract 24.26, Travis County, Texas",6643,645,2790,478,778,289,445,390,205,204,0,95,2305,698,120,130,58,97,62,89
1400000US48453002427,48453002427,"Census Tract 24.27, Travis County, Texas",7173,802,3228,688,312,148,183,268,33,38,0,95,3157,960,260,217,22,34,238,214
1400000US48453002428,48453002428,"Census Tract 24.28, Travis County, Texas",5277,670,3473,334,196,197,138,146,305,274,0,95,1029,668,136,97,0,95,136,97
1400000US48453002429,48453002429,"Census Tract 24.29, Travis County, Texas",562,135,386,96,15,25,0,95,0,95,0,95,146,137,15,24,0,95,15,24
1400000US48453002430,48453002430,"Census Tract 24.30, Travis County, Texas",3359,392,1954,501,236,155,0,95,0,95,0,95,1132,417,37,48,24,29,13,23
1400000US48453002431,48453002431,"Census Tract 24.31, Travis County, Texas",6844,644,3454,689,535,193,0,95,3,6,64,71,2481,620,307,245,113,183,194,175
1400000US48453002432,48453002432,"Census Tract 24.32, Travis County, Texas",2121,450,1355,320,95,135,0,95,0,95,0,95,540,409,131,163,131,163,0,95
1400000US48453002433,48453002433,"Census Tract 24.33, Travis County, Texas",5409,627,2960,607,902,285,16,27,130,151,0,95,1148,584,253,180,61,105,192,130
1400000US48453002434,48453002434,"Census Tract 24.34, Travis County, Texas",1616,218,1075,239,34,48,14,19,0,95,8,17,462,164,23,35,0,95,23,35
1400000US48453002435,48453002435,"Census Tract 24.35, Travis County, Texas",6466,787,2897,599,608,331,156,152,115,94,0,95,2377,885,313,227,0,95,313,227
1400000US48453002436,48453002436,"Census Tract 24.36, Travis County, Texas",2007,516,1378,551,0,95,11,19,0,95,0,95,583,360,35,37,21,31,14,22
1400000US48453002500,48453002500,"Census Tract 25, Travis County, Texas",5153,300,4209,306,212,182,0,95,363,176,0,95,179,134,190,130,45,54,145,104
1400000US48453980000,48453980000,"Census Tract 9800, Travis County, Texas",19,35,15,28,4,7,0,95,0,95,0,95,0,95,0,95,0,95,0,95
1400000US48491020105,48491020105,"Census Tract 201.05, Williamson County, Texas",3489,407,3426,456,0,95,15,28,0,95,0,95,48,78,0,95,0,95,0,95
1400000US48491020106,48491020106,"Census Tract 201.06, Williamson County, Texas",2981,320,2691,302,73,75,0,95,102,117,0,95,7,12,108,81,17,29,91,73
1400000US48491020107,48491020107,"Census Tract 201.07, Williamson County, Texas",4617,351,4566,358,0,95,29,46,22,37,0,95,0,95,0,95,0,95,0,95
1400000US48491020108,48491020108,"Census Tract 201.08, Williamson County, Texas",2961,250,2550,273,307,371,0,95,0,95,0,95,46,71,58,81,0,95,58,81
1400000US48491020109,48491020109,"Census Tract 201.09, Williamson County, Texas",2631,448,2426,460,49,80,0,95,43,68,17,28,70,77,26,30,0,95,26,30
1400000US48491020110,48491020110,"Census Tract 201.10, Williamson County, Texas",3741,275,3639,267,16,26,0,95,0,95,0,95,86,120,0,95,0,95,0,95
1400000US48491020111,48491020111,"Census Tract 201.11, Williamson County, Texas",2805,297,2463,217,0,95,0,95,39,57,0,95,120,123,183,192,0,95,183,192
1400000US48491020112,48491020112,"Census Tract 201.12, Williamson County, Texas",3069,340,2986,335,0,95,0,95,39,113,0,95,0,95,44,59,0,95,44,59
1400000US48491020113,48491020113,"Census Tract 201.13, Williamson County, Texas",2433,297,2315,310,0,95,0,95,0,95,0,95,26,35,92,92,25,41,67,81
1400000US48491020114,48491020114,"Census Tract 201.14, Williamson County, Texas",4992,802,4280,798,130,112,0,95,143,130,0,95,362,226,77,94,0,95,77,94
1400000US48491020115,48491020115,"Census Tract 201.15, Williamson County, Texas",2045,331,1987,331,0,95,0,95,21,34,0,95,37,61,0,95,0,95,0,95
1400000US48491020201,48491020201,"Census Tract 202.01, Williamson County, Texas",1459,219,1367,225,34,55,0,95,18,29,12,25,28,55,0,95,0,95,0,95
1400000US48491020202,48491020202,"Census Tract 202.02, Williamson County, Texas",4536,407,4250,432,21,43,25,32,0,95,0,95,11,20,229,178,38,61,191,169
1400000US48491020203,48491020203,"Census Tract 202.03, Williamson County, Texas",2565,303,2534,298,0,95,12,20,0,95,0,95,0,95,19,8,0,95,19,8
1400000US48491020204,48491020204,"Census Tract 202.04, Williamson County, Texas",4497,644,4082,631,0,95,3,6,0,95,0,95,367,370,45,63,45,63,0,95
1400000US48491020301,48491020301,"Census Tract 203.01, Williamson County, Texas",5421,578,4878,584,66,52,57,43,157,198,0,95,94,88,169,98,0,95,169,98
1400000US48491020302,48491020302,"Census Tract 203.02, Williamson County, Texas",2644,377,2280,316,0,95,9,14,11,14,0,95,193,179,151,195,126,190,25,35
1400000US48491020310,48491020310,"Census Tract 203.10, Williamson County, Texas",2345,122,2076,201,43,67,0,95,8,13,0,95,26,29,192,173,0,95,192,173
1400000US48491020311,48491020311,"Census Tract 203.11, Williamson County, Texas",2611,240,1886,260,80,74,0,95,484,211,0,95,151,115,10,15,0,95,10,15
1400000US48491020312,48491020312,"Census Tract 203.12, Williamson County, Texas",6309,494,5283,521,110,165,22,40,210,193,0,95,562,336,122,120,28,43,94,113
1400000US48491020313,48491020313,"Census Tract 203.13, Williamson County, Texas",8235,644,5869,549,461,346,0,95,649,291,25,38,844,424,387,183,224,167,163,145
1400000US48491020314,48491020314,"Census Tract 203.14, Williamson County, Texas",5271,674,4364,859,179,130,0,95,169,206,0,95,293,288,266,238,0,95,266,238
1400000US48491020315,48491020315,"Census Tract 203.15, Williamson County, Texas",3427,636,2361,801,403,388,10,18,471,306,0,95,182,269,0,95,0,95,0,95
1400000US48491020316,48491020316,"Census Tract 203.16, Williamson County, Texas",3202,486,2237,330,352,365,0,95,194,155,0,95,250,336,169,153,0,95,169,153
1400000US48491020317,48491020317,"Census Tract 203.17, Williamson County, Texas",2793,412,2264,391,153,131,0,95,153,96,0,95,94,137,129,124,23,37,106,117
1400000US48491020318,48491020318,"Census Tract 203.18, Williamson County, Texas",8254,441,6284,490,536,342,48,88,754,449,0,95,232,170,400,234,75,117,325,218
1400000US48491020319,48491020319,"Census Tract 203.19, Williamson County, Texas",5245,523,4653,660,224,216,0,95,0,95,0,95,198,183,170,187,0,95,170,187
1400000US48491020320,48491020320,"Census Tract 203.20, Williamson County, Texas",6866,592,6059,688,337,232,29,30,66,55,0,95,279,240,96,83,24,29,72,61
1400000US48491020321,48491020321,"Census Tract 203.21, Williamson County, Texas",1649,287,1509,299,65,104,35,44,0,95,0,95,21,26,19,32,19,32,0,95
1400000US48491020322,48491020322,"Census Tract 203.22, Williamson County, Texas",8383,444,6864,562,441,279,54,77,279,165,0,95,522,262,223,174,40,40,183,172
1400000US48491020323,48491020323,"Census Tract 203.23, Williamson County, Texas",2718,268,2447,291,205,156,0,95,17,30,0,95,25,72,24,32,24,32,0,95
1400000US48491020324,48491020324,"Census Tract 203.24, Williamson County, Texas",5378,439,4821,480,92,82,32,43,44,41,0,95,336,187,53,84,0,95,53,84
1400000US48491020325,48491020325,"Census Tract 203.25, Williamson County, Texas",3431,520,1956,790,627,486,4,8,214,223,0,95,618,569,12,20,0,95,12,20
1400000US48491020326,48491020326,"Census Tract 203.26, Williamson County, Texas",6070,395,5079,481,110,112,0,95,354,110,0,95,403,210,124,97,53,69,71,54
1400000US48491020327,48491020327,"Census Tract 203.27, Williamson County, Texas",2549,323,2214,352,12,20,11,18,0,95,0,95,242,189,70,95,70,95,0,95
1400000US48491020328,48491020328,"Census Tract 203.28, Williamson County, Texas",6573,335,5261,490,616,443,30,35,263,230,0,95,311,222,92,127,84,127,8,15
1400000US48491020403,48491020403,"Census Tract 204.03, Williamson County, Texas",1920,246,1519,211,18,24,0,95,152,136,16,23,161,118,54,50,10,16,44,46
1400000US48491020404,48491020404,"Census Tract 204.04, Williamson County, Texas",3406,259,2929,303,0,95,0,95,181,112,0,95,223,105,73,89,11,17,62,73
1400000US48491020405,48491020405,"Census Tract 204.05, Williamson County, Texas",5726,486,3804,388,507,234,32,58,605,287,0,95,540,353,238,171,19,30,219,167
1400000US48491020406,48491020406,"Census Tract 204.06, Williamson County, Texas",5949,558,4849,471,174,174,0,95,292,182,0,95,294,267,340,231,0,95,340,231
1400000US48491020408,48491020408,"Census Tract 204.08, Williamson County, Texas",4119,400,3229,493,524,312,0,95,226,146,0,95,30,44,110,94,0,95,110,94
1400000US48491020409,48491020409,"Census Tract 204.09, Williamson County, Texas",3967,404,2859,418,679,489,13,22,256,188,0,95,11,18,149,124,0,95,149,124
1400000US48491020410,48491020410,"Census Tract 204.10, Williamson County, Texas",6027,498,4534,482,476,349,80,103,599,182,0,95,93,84,245,171,75,80,170,120
1400000US48491020411,48491020411,"Census Tract 204.11, Williamson County, Texas",5974,596,4210,588,422,153,0,95,964,275,0,95,295,235,83,80,0,95,83,80
1400000US48491020503,48491020503,"Census Tract 205.03, Williamson County, Texas",4720,321,4306,355,38,44,0,95,240,142,0,95,17,27,119,99,0,95,119,99
1400000US48491020504,48491020504,"Census Tract 205.04, Williamson County, Texas",8648,821,6299,858,634,283,441,205,540,274,14,22,312,189,408,211,115,145,293,139
1400000US48491020505,48491020505,"Census Tract 205.05, Williamson County, Texas",2935,169,2327,303,153,111,25,42,274,243,0,95,58,91,98,132,0,95,98,132
1400000US48491020506,48491020506,"Census Tract 205.06, Williamson County, Texas",8649,686,6936,740,461,199,88,89,686,248,0,95,112,109,366,188,58,79,308,171
1400000US48491020507,48491020507,"Census Tract 205.07, Williamson County, Texas",2775,404,1915,350,5,9,0,95,523,134,0,95,140,90,192,122,0,95,192,122
1400000US48491020508,48491020508,"Census Tract 205.08, Williamson County, Texas",4529,423,3445,461,387,208,0,95,378,214,0,95,149,165,170,177,0,95,170,177
1400000US48491020509,48491020509,"Census Tract 205.09, Williamson County, Texas",6892,396,5253,505,207,133,0,95,1090,307,0,95,105,83,237,234,80,128,157,192
1400000US48491020510,48491020510,"Census Tract 205.10, Williamson County, Texas",9332,556,6509,458,487,260,0,95,1884,328,11,18,277,247,164,154,0,95,164,154
1400000US48491020602,48491020602,"Census Tract 206.02, Williamson County, Texas",5175,561,3969,621,283,202,36,29,162,124,0,95,385,194,340,205,62,66,278,181
1400000US48491020603,48491020603,"Census Tract 206.03, Williamson County, Texas",8103,522,6774,582,197,107,0,95,868,240,0,95,56,73,208,201,158,201,50,56
1400000US48491020604,48491020604,"Census Tract 206.04, Williamson County, Texas",4850,479,4015,600,96,123,0,95,190,173,0,95,477,346,72,60,0,95,72,60
1400000US48491020605,48491020605,"Census Tract 206.05, Williamson County, Texas",6752,448,5526,438,307,133,0,95,418,178,0,95,232,143,269,179,158,148,111,77
1400000US48491020701,48491020701,"Census Tract 207.01, Williamson County, Texas",2489,426,1852,443,281,217,0,95,0,95,0,95,187,225,169,154,55,60,114,143
1400000US48491020703,48491020703,"Census Tract 207.03, Williamson County, Texas",11194,845,7595,910,1563,622,0,95,717,299,0,95,526,275,793,464,49,55,744,467
1400000US48491020704,48491020704,"Census Tract 207.04, Williamson County, Texas",5278,393,4323,462,431,177,91,88,39,39,0,95,355,275,39,60,0,95,39,60
1400000US48491020706,48491020706,"Census Tract 207.06, Williamson County, Texas",4192,424,3407,460,341,300,0,95,149,107,0,95,177,199,118,114,0,95,118,114
1400000US48491020707,48491020707,"Census Tract 207.07, Williamson County, Texas",4421,574,3414,693,478,254,0,95,77,146,15,25,187,224,250,182,53,84,197,129
1400000US48491020708,48491020708,"Census Tract 207.08, Williamson County, Texas",6269,738,4561,781,591,538,0,95,871,357,0,95,131,156,115,87,19,30,96,81
1400000US48491020803,48491020803,"Census Tract 208.03, Williamson County, Texas",3926,659,2548,591,60,99,0,95,50,58,0,95,1027,644,241,183,94,124,147,128
1400000US48491020804,48491020804,"Census Tract 208.04, Williamson County, Texas",7385,456,6646,499,90,132,26,31,290,140,0,95,21,23,312,223,0,95,312,223
1400000US48491020805,48491020805,"Census Tract 208.05, Williamson County, Texas",6747,586,5999,604,559,197,4,8,0,95,0,95,98,98,87,91,44,63,43,68
1400000US48491020806,48491020806,"Census Tract 208.06, Williamson County, Texas",1722,316,1607,337,65,89,0,95,0,95,0,95,50,83,0,95,0,95,0,95
1400000US48491020807,48491020807,"Census Tract 208.07, Williamson County, Texas",6589,406,5339,524,1072,319,0,95,7,12,0,95,150,124,21,33,16,30,5,15
1400000US48491020808,48491020808,"Census Tract 208.08, Williamson County, Texas",1482,375,1323,312,45,49,0,95,0,95,0,95,114,160,0,95,0,95,0,95
1400000US48491020809,48491020809,"Census Tract 208.09, Williamson County, Texas",5565,480,4066,568,780,327,36,51,5,9,0,95,624,305,54,67,54,67,0,95
1400000US48491020900,48491020900,"Census Tract 209, Williamson County, Texas",4020,379,3865,385,81,46,2,3,0,95,0,95,28,30,44,41,0,95,44,41
1400000US48491021000,48491021000,"Census Tract 210, Williamson County, Texas",3130,333,2069,418,713,231,0,95,10,19,0,95,318,192,20,24,20,24,0,95
1400000US48491021100,48491021100,"Census Tract 211, Williamson County, Texas",2695,427,1953,436,163,147,6,12,238,353,0,95,306,204,29,50,0,95,29,50
1400000US48491021201,48491021201,"Census Tract 212.01, Williamson County, Texas",2766,268,2511,275,47,57,0,95,34,48,0,95,174,140,0,95,0,95,0,95
1400000US48491021202,48491021202,"Census Tract 212.02, Williamson County, Texas",2979,339,2603,362,252,143,0,95,10,18,17,28,60,53,37,59,17,29,20,30
1400000US48491021203,48491021203,"Census Tract 212.03, Williamson County, Texas",2967,494,2466,406,277,237,0,95,0,95,0,95,204,168,20,38,20,38,0,95
1400000US48491021300,48491021300,"Census Tract 213, Williamson County, Texas",3631,353,3023,296,288,124,8,11,31,29,12,22,213,126,56,42,20,22,36,30
1400000US48491021401,48491021401,"Census Tract 214.01, Williamson County, Texas",9433,668,7260,742,610,459,4,6,166,161,0,95,1048,701,345,326,159,181,186,263
1400000US48491021402,48491021402,"Census Tract 214.02, Williamson County, Texas",4156,525,3453,466,389,172,25,39,0,95,0,95,121,102,168,142,63,72,105,106
1400000US48491021403,48491021403,"Census Tract 214.03, Williamson County, Texas",3692,444,2609,615,472,351,5,9,12,19,0,95,384,213,210,155,67,69,143,140
1400000US48491021502,48491021502,"Census Tract 215.02, Williamson County, Texas",4914,459,3962,556,461,179,0,95,8,12,0,95,409,241,74,49,32,36,42,37
1400000US48491021503,48491021503,"Census Tract 215.03, Williamson County, Texas",3912,457,3149,452,435,191,0,95,63,53,0,95,153,128,112,75,24,37,88,71
1400000US48491021504,48491021504,"Census Tract 215.04, Williamson County, Texas",4787,741,3478,808,420,423,0,95,394,204,0,95,495,485,0,95,0,95,0,95
1400000US48491021505,48491021505,"Census Tract 215.05, Williamson County, Texas",6792,508,4857,577,1050,299,141,116,160,124,0,95,414,236,170,146,41,49,129,138
1400000US48491021506,48491021506,"Census Tract 215.06, Williamson County, Texas",2400,422,1898,417,136,98,37,54,50,62,0,95,223,172,56,70,0,95,56,70
1400000US48491021507,48491021507,"Census Tract 215.07, Williamson County, Texas",7669,764,5750,657,1221,458,0,95,413,242,0,95,69,72,216,138,81,71,135,129
1400000US48491021508,48491021508,"Census Tract 215.08, Williamson County, Texas",6047,980,5084,1043,541,446,6,14,269,157,0,95,137,159,10,23,0,95,10,23
1400000US48491021601,48491021601,"Census Tract 216.01, Williamson County, Texas",2754,356,2445,392,101,76,0,95,20,33,0,95,32,57,156,89,35,55,121,88
1400000US48491021602,48491021602,"Census Tract 216.02, Williamson County, Texas",3451,516,3236,532,0,95,0,95,38,59,0,95,177,257,0,95,0,95,0,95
1400000US48491021603,48491021603,"Census Tract 216.03, Williamson County, Texas",1816,218,1720,208,18,22,14,22,9,13,0,95,7,12,48,49,16,26,32,38
