GEO.id,GEO.id2,GEO.display-label,HD01_VD01,HD01_VD02,HD01_VD03
Id,Id2,Geography,Estimate; Total:,Estimate; Total: - Allocated,Estimate; Total: - Not allocated
1400000US48021950100,48021950100,"Census Tract 9501, Bastrop County, Texas",8478,166,8312
1400000US48021950200,48021950200,"Census Tract 9502, Bastrop County, Texas",8365,130,8235
1400000US48021950300,48021950300,"Census Tract 9503, Bastrop County, Texas",14644,92,14552
1400000US48021950400,48021950400,"Census Tract 9504, Bastrop County, Texas",8707,231,8476
1400000US48021950501,48021950501,"Census Tract 9505.01, Bastrop County, Texas",8352,243,8109
1400000US48021950502,48021950502,"Census Tract 9505.02, Bastrop County, Texas",5842,311,5531
1400000US48021950600,48021950600,"Census Tract 9506, Bastrop County, Texas",5151,39,5112
1400000US48021950700,48021950700,"Census Tract 9507, Bastrop County, Texas",4285,86,4199
1400000US48021950801,48021950801,"Census Tract 9508.01, Bastrop County, Texas",7287,246,7041
1400000US48021950802,48021950802,"Census Tract 9508.02, Bastrop County, Texas",7175,138,7037
1400000US48055960101,48055960101,"Census Tract 9601.01, Caldwell County, Texas",6313,218,6095
1400000US48055960102,48055960102,"Census Tract 9601.02, Caldwell County, Texas",3764,47,3717
1400000US48055960200,48055960200,"Census Tract 9602, Caldwell County, Texas",5264,92,5172
1400000US48055960300,48055960300,"Census Tract 9603, Caldwell County, Texas",4402,71,4331
1400000US48055960400,48055960400,"Census Tract 9604, Caldwell County, Texas",3884,82,3802
1400000US48055960500,48055960500,"Census Tract 9605, Caldwell County, Texas",8309,104,8205
1400000US48055960600,48055960600,"Census Tract 9606, Caldwell County, Texas",1979,30,1949
1400000US48055960700,48055960700,"Census Tract 9607, Caldwell County, Texas",5933,44,5889
1400000US48209010100,48209010100,"Census Tract 101, Hays County, Texas",2700,101,2599
1400000US48209010200,48209010200,"Census Tract 102, Hays County, Texas",5777,268,5509
1400000US48209010302,48209010302,"Census Tract 103.02, Hays County, Texas",4518,113,4405
1400000US48209010303,48209010303,"Census Tract 103.03, Hays County, Texas",8042,30,8012
1400000US48209010304,48209010304,"Census Tract 103.04, Hays County, Texas",6922,236,6686
1400000US48209010400,48209010400,"Census Tract 104, Hays County, Texas",11360,60,11300
1400000US48209010500,48209010500,"Census Tract 105, Hays County, Texas",5074,286,4788
1400000US48209010600,48209010600,"Census Tract 106, Hays County, Texas",10168,394,9774
1400000US48209010701,48209010701,"Census Tract 107.01, Hays County, Texas",8865,263,8602
1400000US48209010702,48209010702,"Census Tract 107.02, Hays County, Texas",2865,116,2749
1400000US48209010803,48209010803,"Census Tract 108.03, Hays County, Texas",4351,61,4290
1400000US48209010804,48209010804,"Census Tract 108.04, Hays County, Texas",9307,57,9250
1400000US48209010805,48209010805,"Census Tract 108.05, Hays County, Texas",7905,165,7740
1400000US48209010806,48209010806,"Census Tract 108.06, Hays County, Texas",3940,37,3903
1400000US48209010807,48209010807,"Census Tract 108.07, Hays County, Texas",1955,7,1948
1400000US48209010808,48209010808,"Census Tract 108.08, Hays County, Texas",6046,2,6044
1400000US48209010809,48209010809,"Census Tract 108.09, Hays County, Texas",5393,81,5312
1400000US48209010901,48209010901,"Census Tract 109.01, Hays County, Texas",7960,112,7848
1400000US48209010902,48209010902,"Census Tract 109.02, Hays County, Texas",13518,332,13186
1400000US48209010905,48209010905,"Census Tract 109.05, Hays County, Texas",6703,197,6506
1400000US48209010906,48209010906,"Census Tract 109.06, Hays County, Texas",13567,350,13217
1400000US48209010907,48209010907,"Census Tract 109.07, Hays County, Texas",12060,130,11930
1400000US48209010908,48209010908,"Census Tract 109.08, Hays County, Texas",10857,159,10698
1400000US48209010909,48209010909,"Census Tract 109.09, Hays County, Texas",6502,13,6489
1400000US48209010910,48209010910,"Census Tract 109.10, Hays County, Texas",9331,221,9110
1400000US48453000101,48453000101,"Census Tract 1.01, Travis County, Texas",4331,125,4206
1400000US48453000102,48453000102,"Census Tract 1.02, Travis County, Texas",2572,64,2508
1400000US48453000203,48453000203,"Census Tract 2.03, Travis County, Texas",1470,64,1406
1400000US48453000204,48453000204,"Census Tract 2.04, Travis County, Texas",3090,64,3026
1400000US48453000205,48453000205,"Census Tract 2.05, Travis County, Texas",4227,16,4211
1400000US48453000206,48453000206,"Census Tract 2.06, Travis County, Texas",3201,131,3070
1400000US48453000302,48453000302,"Census Tract 3.02, Travis County, Texas",5170,43,5127
1400000US48453000304,48453000304,"Census Tract 3.04, Travis County, Texas",3204,24,3180
1400000US48453000305,48453000305,"Census Tract 3.05, Travis County, Texas",3436,214,3222
1400000US48453000306,48453000306,"Census Tract 3.06, Travis County, Texas",4239,121,4118
1400000US48453000307,48453000307,"Census Tract 3.07, Travis County, Texas",1831,0,1831
1400000US48453000401,48453000401,"Census Tract 4.01, Travis County, Texas",3732,36,3696
1400000US48453000402,48453000402,"Census Tract 4.02, Travis County, Texas",3578,111,3467
1400000US48453000500,48453000500,"Census Tract 5, Travis County, Texas",4626,40,4586
1400000US48453000601,48453000601,"Census Tract 6.01, Travis County, Texas",10035,1508,8527
1400000US48453000603,48453000603,"Census Tract 6.03, Travis County, Texas",7587,242,7345
1400000US48453000604,48453000604,"Census Tract 6.04, Travis County, Texas",6885,777,6108
1400000US48453000700,48453000700,"Census Tract 7, Travis County, Texas",1121,23,1098
1400000US48453000801,48453000801,"Census Tract 8.01, Travis County, Texas",1753,69,1684
1400000US48453000802,48453000802,"Census Tract 8.02, Travis County, Texas",3670,29,3641
1400000US48453000803,48453000803,"Census Tract 8.03, Travis County, Texas",2327,49,2278
1400000US48453000804,48453000804,"Census Tract 8.04, Travis County, Texas",2426,12,2414
1400000US48453000901,48453000901,"Census Tract 9.01, Travis County, Texas",2378,89,2289
1400000US48453000902,48453000902,"Census Tract 9.02, Travis County, Texas",5369,285,5084
1400000US48453001000,48453001000,"Census Tract 10, Travis County, Texas",3709,414,3295
1400000US48453001100,48453001100,"Census Tract 11, Travis County, Texas",5719,26,5693
1400000US48453001200,48453001200,"Census Tract 12, Travis County, Texas",5049,30,5019
1400000US48453001303,48453001303,"Census Tract 13.03, Travis County, Texas",3586,91,3495
1400000US48453001304,48453001304,"Census Tract 13.04, Travis County, Texas",4031,109,3922
1400000US48453001305,48453001305,"Census Tract 13.05, Travis County, Texas",5617,72,5545
1400000US48453001307,48453001307,"Census Tract 13.07, Travis County, Texas",3832,58,3774
1400000US48453001308,48453001308,"Census Tract 13.08, Travis County, Texas",2965,175,2790
1400000US48453001401,48453001401,"Census Tract 14.01, Travis County, Texas",3331,14,3317
1400000US48453001402,48453001402,"Census Tract 14.02, Travis County, Texas",2755,43,2712
1400000US48453001403,48453001403,"Census Tract 14.03, Travis County, Texas",1576,25,1551
1400000US48453001501,48453001501,"Census Tract 15.01, Travis County, Texas",5369,180,5189
1400000US48453001503,48453001503,"Census Tract 15.03, Travis County, Texas",4077,77,4000
1400000US48453001504,48453001504,"Census Tract 15.04, Travis County, Texas",5197,460,4737
1400000US48453001505,48453001505,"Census Tract 15.05, Travis County, Texas",4377,204,4173
1400000US48453001602,48453001602,"Census Tract 16.02, Travis County, Texas",3291,45,3246
1400000US48453001603,48453001603,"Census Tract 16.03, Travis County, Texas",4994,99,4895
1400000US48453001604,48453001604,"Census Tract 16.04, Travis County, Texas",4285,0,4285
1400000US48453001605,48453001605,"Census Tract 16.05, Travis County, Texas",3717,7,3710
1400000US48453001606,48453001606,"Census Tract 16.06, Travis County, Texas",16,0,16
1400000US48453001705,48453001705,"Census Tract 17.05, Travis County, Texas",4900,77,4823
1400000US48453001706,48453001706,"Census Tract 17.06, Travis County, Texas",3722,70,3652
1400000US48453001707,48453001707,"Census Tract 17.07, Travis County, Texas",4965,28,4937
1400000US48453001712,48453001712,"Census Tract 17.12, Travis County, Texas",4955,38,4917
1400000US48453001713,48453001713,"Census Tract 17.13, Travis County, Texas",4625,74,4551
1400000US48453001714,48453001714,"Census Tract 17.14, Travis County, Texas",14685,660,14025
1400000US48453001716,48453001716,"Census Tract 17.16, Travis County, Texas",5824,0,5824
1400000US48453001718,48453001718,"Census Tract 17.18, Travis County, Texas",5944,120,5824
1400000US48453001719,48453001719,"Census Tract 17.19, Travis County, Texas",4123,13,4110
1400000US48453001722,48453001722,"Census Tract 17.22, Travis County, Texas",3365,41,3324
1400000US48453001728,48453001728,"Census Tract 17.28, Travis County, Texas",7159,20,7139
1400000US48453001729,48453001729,"Census Tract 17.29, Travis County, Texas",4797,89,4708
1400000US48453001733,48453001733,"Census Tract 17.33, Travis County, Texas",3887,152,3735
1400000US48453001737,48453001737,"Census Tract 17.37, Travis County, Texas",10891,196,10695
1400000US48453001738,48453001738,"Census Tract 17.38, Travis County, Texas",6595,222,6373
1400000US48453001740,48453001740,"Census Tract 17.40, Travis County, Texas",4907,102,4805
1400000US48453001741,48453001741,"Census Tract 17.41, Travis County, Texas",3038,23,3015
1400000US48453001742,48453001742,"Census Tract 17.42, Travis County, Texas",6435,151,6284
1400000US48453001745,48453001745,"Census Tract 17.45, Travis County, Texas",2347,19,2328
1400000US48453001746,48453001746,"Census Tract 17.46, Travis County, Texas",4114,23,4091
1400000US48453001747,48453001747,"Census Tract 17.47, Travis County, Texas",5699,152,5547
1400000US48453001748,48453001748,"Census Tract 17.48, Travis County, Texas",6980,97,6883
1400000US48453001749,48453001749,"Census Tract 17.49, Travis County, Texas",6445,0,6445
1400000US48453001750,48453001750,"Census Tract 17.50, Travis County, Texas",4852,40,4812
1400000US48453001751,48453001751,"Census Tract 17.51, Travis County, Texas",2247,5,2242
1400000US48453001752,48453001752,"Census Tract 17.52, Travis County, Texas",3973,46,3927
1400000US48453001753,48453001753,"Census Tract 17.53, Travis County, Texas",1097,14,1083
1400000US48453001754,48453001754,"Census Tract 17.54, Travis County, Texas",5056,52,5004
1400000US48453001755,48453001755,"Census Tract 17.55, Travis County, Texas",6272,59,6213
1400000US48453001756,48453001756,"Census Tract 17.56, Travis County, Texas",4404,45,4359
1400000US48453001757,48453001757,"Census Tract 17.57, Travis County, Texas",2104,9,2095
1400000US48453001760,48453001760,"Census Tract 17.60, Travis County, Texas",17139,99,17040
1400000US48453001761,48453001761,"Census Tract 17.61, Travis County, Texas",7397,84,7313
1400000US48453001764,48453001764,"Census Tract 17.64, Travis County, Texas",6793,160,6633
1400000US48453001765,48453001765,"Census Tract 17.65, Travis County, Texas",14196,136,14060
1400000US48453001766,48453001766,"Census Tract 17.66, Travis County, Texas",8022,97,7925
1400000US48453001768,48453001768,"Census Tract 17.68, Travis County, Texas",7795,48,7747
1400000US48453001769,48453001769,"Census Tract 17.69, Travis County, Texas",5558,74,5484
1400000US48453001770,48453001770,"Census Tract 17.70, Travis County, Texas",12539,161,12378
1400000US48453001771,48453001771,"Census Tract 17.71, Travis County, Texas",4318,35,4283
1400000US48453001772,48453001772,"Census Tract 17.72, Travis County, Texas",3913,203,3710
1400000US48453001773,48453001773,"Census Tract 17.73, Travis County, Texas",7718,95,7623
1400000US48453001774,48453001774,"Census Tract 17.74, Travis County, Texas",8558,36,8522
1400000US48453001775,48453001775,"Census Tract 17.75, Travis County, Texas",6815,154,6661
1400000US48453001776,48453001776,"Census Tract 17.76, Travis County, Texas",3162,8,3154
1400000US48453001777,48453001777,"Census Tract 17.77, Travis County, Texas",5854,128,5726
1400000US48453001778,48453001778,"Census Tract 17.78, Travis County, Texas",4392,13,4379
1400000US48453001779,48453001779,"Census Tract 17.79, Travis County, Texas",6200,55,6145
1400000US48453001780,48453001780,"Census Tract 17.80, Travis County, Texas",4011,54,3957
1400000US48453001781,48453001781,"Census Tract 17.81, Travis County, Texas",2410,3,2407
1400000US48453001782,48453001782,"Census Tract 17.82, Travis County, Texas",5469,120,5349
1400000US48453001783,48453001783,"Census Tract 17.83, Travis County, Texas",5514,55,5459
1400000US48453001784,48453001784,"Census Tract 17.84, Travis County, Texas",6071,72,5999
1400000US48453001785,48453001785,"Census Tract 17.85, Travis County, Texas",4821,185,4636
1400000US48453001786,48453001786,"Census Tract 17.86, Travis County, Texas",5478,97,5381
1400000US48453001804,48453001804,"Census Tract 18.04, Travis County, Texas",7188,251,6937
1400000US48453001805,48453001805,"Census Tract 18.05, Travis County, Texas",4889,273,4616
1400000US48453001806,48453001806,"Census Tract 18.06, Travis County, Texas",7191,183,7008
1400000US48453001811,48453001811,"Census Tract 18.11, Travis County, Texas",3488,104,3384
1400000US48453001812,48453001812,"Census Tract 18.12, Travis County, Texas",7778,168,7610
1400000US48453001813,48453001813,"Census Tract 18.13, Travis County, Texas",6970,22,6948
1400000US48453001817,48453001817,"Census Tract 18.17, Travis County, Texas",3946,41,3905
1400000US48453001818,48453001818,"Census Tract 18.18, Travis County, Texas",5705,100,5605
1400000US48453001819,48453001819,"Census Tract 18.19, Travis County, Texas",4281,223,4058
1400000US48453001820,48453001820,"Census Tract 18.20, Travis County, Texas",7485,170,7315
1400000US48453001821,48453001821,"Census Tract 18.21, Travis County, Texas",6189,104,6085
1400000US48453001822,48453001822,"Census Tract 18.22, Travis County, Texas",6973,168,6805
1400000US48453001823,48453001823,"Census Tract 18.23, Travis County, Texas",7620,56,7564
1400000US48453001824,48453001824,"Census Tract 18.24, Travis County, Texas",1681,6,1675
1400000US48453001826,48453001826,"Census Tract 18.26, Travis County, Texas",2660,51,2609
1400000US48453001828,48453001828,"Census Tract 18.28, Travis County, Texas",4120,40,4080
1400000US48453001829,48453001829,"Census Tract 18.29, Travis County, Texas",2374,0,2374
1400000US48453001832,48453001832,"Census Tract 18.32, Travis County, Texas",2857,11,2846
1400000US48453001833,48453001833,"Census Tract 18.33, Travis County, Texas",8873,775,8098
1400000US48453001834,48453001834,"Census Tract 18.34, Travis County, Texas",9443,165,9278
1400000US48453001835,48453001835,"Census Tract 18.35, Travis County, Texas",6097,84,6013
1400000US48453001839,48453001839,"Census Tract 18.39, Travis County, Texas",7227,241,6986
1400000US48453001840,48453001840,"Census Tract 18.40, Travis County, Texas",11109,105,11004
1400000US48453001841,48453001841,"Census Tract 18.41, Travis County, Texas",17045,33,17012
1400000US48453001842,48453001842,"Census Tract 18.42, Travis County, Texas",10402,57,10345
1400000US48453001843,48453001843,"Census Tract 18.43, Travis County, Texas",2444,25,2419
1400000US48453001844,48453001844,"Census Tract 18.44, Travis County, Texas",3982,33,3949
1400000US48453001845,48453001845,"Census Tract 18.45, Travis County, Texas",2859,95,2764
1400000US48453001846,48453001846,"Census Tract 18.46, Travis County, Texas",2350,19,2331
1400000US48453001847,48453001847,"Census Tract 18.47, Travis County, Texas",6880,49,6831
1400000US48453001848,48453001848,"Census Tract 18.48, Travis County, Texas",5054,112,4942
1400000US48453001849,48453001849,"Census Tract 18.49, Travis County, Texas",6183,42,6141
1400000US48453001850,48453001850,"Census Tract 18.50, Travis County, Texas",3833,0,3833
1400000US48453001851,48453001851,"Census Tract 18.51, Travis County, Texas",10347,48,10299
1400000US48453001853,48453001853,"Census Tract 18.53, Travis County, Texas",3259,48,3211
1400000US48453001854,48453001854,"Census Tract 18.54, Travis County, Texas",5826,336,5490
1400000US48453001855,48453001855,"Census Tract 18.55, Travis County, Texas",16056,160,15896
1400000US48453001856,48453001856,"Census Tract 18.56, Travis County, Texas",7952,90,7862
1400000US48453001857,48453001857,"Census Tract 18.57, Travis County, Texas",6277,142,6135
1400000US48453001858,48453001858,"Census Tract 18.58, Travis County, Texas",20897,382,20515
1400000US48453001859,48453001859,"Census Tract 18.59, Travis County, Texas",2032,28,2004
1400000US48453001860,48453001860,"Census Tract 18.60, Travis County, Texas",4295,46,4249
1400000US48453001861,48453001861,"Census Tract 18.61, Travis County, Texas",5155,37,5118
1400000US48453001862,48453001862,"Census Tract 18.62, Travis County, Texas",6355,14,6341
1400000US48453001863,48453001863,"Census Tract 18.63, Travis County, Texas",3490,25,3465
1400000US48453001864,48453001864,"Census Tract 18.64, Travis County, Texas",2922,54,2868
1400000US48453001901,48453001901,"Census Tract 19.01, Travis County, Texas",5795,13,5782
1400000US48453001908,48453001908,"Census Tract 19.08, Travis County, Texas",8673,592,8081
1400000US48453001910,48453001910,"Census Tract 19.10, Travis County, Texas",4476,113,4363
1400000US48453001911,48453001911,"Census Tract 19.11, Travis County, Texas",3151,41,3110
1400000US48453001912,48453001912,"Census Tract 19.12, Travis County, Texas",3675,37,3638
1400000US48453001913,48453001913,"Census Tract 19.13, Travis County, Texas",4843,0,4843
1400000US48453001914,48453001914,"Census Tract 19.14, Travis County, Texas",6301,127,6174
1400000US48453001915,48453001915,"Census Tract 19.15, Travis County, Texas",1740,65,1675
1400000US48453001916,48453001916,"Census Tract 19.16, Travis County, Texas",3208,23,3185
1400000US48453001917,48453001917,"Census Tract 19.17, Travis County, Texas",4844,41,4803
1400000US48453001918,48453001918,"Census Tract 19.18, Travis County, Texas",2540,57,2483
1400000US48453001919,48453001919,"Census Tract 19.19, Travis County, Texas",3979,55,3924
1400000US48453002002,48453002002,"Census Tract 20.02, Travis County, Texas",3223,92,3131
1400000US48453002003,48453002003,"Census Tract 20.03, Travis County, Texas",4185,16,4169
1400000US48453002004,48453002004,"Census Tract 20.04, Travis County, Texas",2442,18,2424
1400000US48453002005,48453002005,"Census Tract 20.05, Travis County, Texas",5702,6,5696
1400000US48453002104,48453002104,"Census Tract 21.04, Travis County, Texas",3379,363,3016
1400000US48453002105,48453002105,"Census Tract 21.05, Travis County, Texas",5001,111,4890
1400000US48453002106,48453002106,"Census Tract 21.06, Travis County, Texas",2788,47,2741
1400000US48453002107,48453002107,"Census Tract 21.07, Travis County, Texas",4403,97,4306
1400000US48453002108,48453002108,"Census Tract 21.08, Travis County, Texas",3985,47,3938
1400000US48453002109,48453002109,"Census Tract 21.09, Travis County, Texas",4105,60,4045
1400000US48453002110,48453002110,"Census Tract 21.10, Travis County, Texas",4283,80,4203
1400000US48453002111,48453002111,"Census Tract 21.11, Travis County, Texas",5305,200,5105
1400000US48453002112,48453002112,"Census Tract 21.12, Travis County, Texas",5284,217,5067
1400000US48453002113,48453002113,"Census Tract 21.13, Travis County, Texas",3722,92,3630
1400000US48453002201,48453002201,"Census Tract 22.01, Travis County, Texas",2075,70,2005
1400000US48453002202,48453002202,"Census Tract 22.02, Travis County, Texas",9104,385,8719
1400000US48453002207,48453002207,"Census Tract 22.07, Travis County, Texas",9841,899,8942
1400000US48453002208,48453002208,"Census Tract 22.08, Travis County, Texas",8616,74,8542
1400000US48453002209,48453002209,"Census Tract 22.09, Travis County, Texas",9416,374,9042
1400000US48453002210,48453002210,"Census Tract 22.10, Travis County, Texas",3848,573,3275
1400000US48453002211,48453002211,"Census Tract 22.11, Travis County, Texas",2901,42,2859
1400000US48453002212,48453002212,"Census Tract 22.12, Travis County, Texas",910,24,886
1400000US48453002304,48453002304,"Census Tract 23.04, Travis County, Texas",3155,55,3100
1400000US48453002307,48453002307,"Census Tract 23.07, Travis County, Texas",5592,56,5536
1400000US48453002308,48453002308,"Census Tract 23.08, Travis County, Texas",6397,384,6013
1400000US48453002310,48453002310,"Census Tract 23.10, Travis County, Texas",3391,323,3068
1400000US48453002312,48453002312,"Census Tract 23.12, Travis County, Texas",7906,109,7797
1400000US48453002313,48453002313,"Census Tract 23.13, Travis County, Texas",4510,159,4351
1400000US48453002314,48453002314,"Census Tract 23.14, Travis County, Texas",5093,30,5063
1400000US48453002315,48453002315,"Census Tract 23.15, Travis County, Texas",3083,125,2958
1400000US48453002316,48453002316,"Census Tract 23.16, Travis County, Texas",5290,94,5196
1400000US48453002317,48453002317,"Census Tract 23.17, Travis County, Texas",5675,228,5447
1400000US48453002318,48453002318,"Census Tract 23.18, Travis County, Texas",9939,254,9685
1400000US48453002319,48453002319,"Census Tract 23.19, Travis County, Texas",2239,5,2234
1400000US48453002402,48453002402,"Census Tract 24.02, Travis County, Texas",7716,137,7579
1400000US48453002403,48453002403,"Census Tract 24.03, Travis County, Texas",2661,80,2581
1400000US48453002407,48453002407,"Census Tract 24.07, Travis County, Texas",5570,216,5354
1400000US48453002409,48453002409,"Census Tract 24.09, Travis County, Texas",3596,252,3344
1400000US48453002410,48453002410,"Census Tract 24.10, Travis County, Texas",4221,57,4164
1400000US48453002411,48453002411,"Census Tract 24.11, Travis County, Texas",6794,154,6640
1400000US48453002412,48453002412,"Census Tract 24.12, Travis County, Texas",6319,229,6090
1400000US48453002413,48453002413,"Census Tract 24.13, Travis County, Texas",5112,202,4910
1400000US48453002419,48453002419,"Census Tract 24.19, Travis County, Texas",4552,58,4494
1400000US48453002421,48453002421,"Census Tract 24.21, Travis County, Texas",9897,95,9802
1400000US48453002422,48453002422,"Census Tract 24.22, Travis County, Texas",5846,117,5729
1400000US48453002423,48453002423,"Census Tract 24.23, Travis County, Texas",5571,92,5479
1400000US48453002424,48453002424,"Census Tract 24.24, Travis County, Texas",3903,98,3805
1400000US48453002425,48453002425,"Census Tract 24.25, Travis County, Texas",3177,0,3177
1400000US48453002426,48453002426,"Census Tract 24.26, Travis County, Texas",10539,250,10289
1400000US48453002427,48453002427,"Census Tract 24.27, Travis County, Texas",8025,195,7830
1400000US48453002428,48453002428,"Census Tract 24.28, Travis County, Texas",6988,119,6869
1400000US48453002429,48453002429,"Census Tract 24.29, Travis County, Texas",1530,42,1488
1400000US48453002430,48453002430,"Census Tract 24.30, Travis County, Texas",3316,160,3156
1400000US48453002431,48453002431,"Census Tract 24.31, Travis County, Texas",8368,748,7620
1400000US48453002432,48453002432,"Census Tract 24.32, Travis County, Texas",2273,166,2107
1400000US48453002433,48453002433,"Census Tract 24.33, Travis County, Texas",7691,427,7264
1400000US48453002434,48453002434,"Census Tract 24.34, Travis County, Texas",1858,73,1785
1400000US48453002435,48453002435,"Census Tract 24.35, Travis County, Texas",7900,611,7289
1400000US48453002436,48453002436,"Census Tract 24.36, Travis County, Texas",2758,121,2637
1400000US48453002500,48453002500,"Census Tract 25, Travis County, Texas",5642,12,5630
1400000US48453980000,48453980000,"Census Tract 9800, Travis County, Texas",0,0,0
1400000US48491020105,48491020105,"Census Tract 201.05, Williamson County, Texas",6046,37,6009
1400000US48491020106,48491020106,"Census Tract 201.06, Williamson County, Texas",4092,9,4083
1400000US48491020107,48491020107,"Census Tract 201.07, Williamson County, Texas",5678,36,5642
1400000US48491020108,48491020108,"Census Tract 201.08, Williamson County, Texas",2914,0,2914
1400000US48491020109,48491020109,"Census Tract 201.09, Williamson County, Texas",3525,52,3473
1400000US48491020110,48491020110,"Census Tract 201.10, Williamson County, Texas",4015,64,3951
1400000US48491020111,48491020111,"Census Tract 201.11, Williamson County, Texas",3363,48,3315
1400000US48491020112,48491020112,"Census Tract 201.12, Williamson County, Texas",3337,31,3306
1400000US48491020113,48491020113,"Census Tract 201.13, Williamson County, Texas",2811,0,2811
1400000US48491020114,48491020114,"Census Tract 201.14, Williamson County, Texas",5868,107,5761
1400000US48491020115,48491020115,"Census Tract 201.15, Williamson County, Texas",3844,33,3811
1400000US48491020201,48491020201,"Census Tract 202.01, Williamson County, Texas",1596,13,1583
1400000US48491020202,48491020202,"Census Tract 202.02, Williamson County, Texas",5873,32,5841
1400000US48491020203,48491020203,"Census Tract 202.03, Williamson County, Texas",3217,36,3181
1400000US48491020204,48491020204,"Census Tract 202.04, Williamson County, Texas",4939,97,4842
1400000US48491020301,48491020301,"Census Tract 203.01, Williamson County, Texas",7112,141,6971
1400000US48491020302,48491020302,"Census Tract 203.02, Williamson County, Texas",4594,172,4422
1400000US48491020310,48491020310,"Census Tract 203.10, Williamson County, Texas",3202,50,3152
1400000US48491020311,48491020311,"Census Tract 203.11, Williamson County, Texas",4772,103,4669
1400000US48491020312,48491020312,"Census Tract 203.12, Williamson County, Texas",8923,114,8809
1400000US48491020313,48491020313,"Census Tract 203.13, Williamson County, Texas",10179,407,9772
1400000US48491020314,48491020314,"Census Tract 203.14, Williamson County, Texas",6189,99,6090
1400000US48491020315,48491020315,"Census Tract 203.15, Williamson County, Texas",7274,139,7135
1400000US48491020316,48491020316,"Census Tract 203.16, Williamson County, Texas",3762,20,3742
1400000US48491020317,48491020317,"Census Tract 203.17, Williamson County, Texas",4094,26,4068
1400000US48491020318,48491020318,"Census Tract 203.18, Williamson County, Texas",8446,189,8257
1400000US48491020319,48491020319,"Census Tract 203.19, Williamson County, Texas",6417,29,6388
1400000US48491020320,48491020320,"Census Tract 203.20, Williamson County, Texas",7271,133,7138
1400000US48491020321,48491020321,"Census Tract 203.21, Williamson County, Texas",1870,248,1622
1400000US48491020322,48491020322,"Census Tract 203.22, Williamson County, Texas",9334,69,9265
1400000US48491020323,48491020323,"Census Tract 203.23, Williamson County, Texas",3167,29,3138
1400000US48491020324,48491020324,"Census Tract 203.24, Williamson County, Texas",8286,115,8171
1400000US48491020325,48491020325,"Census Tract 203.25, Williamson County, Texas",3240,29,3211
1400000US48491020326,48491020326,"Census Tract 203.26, Williamson County, Texas",6143,180,5963
1400000US48491020327,48491020327,"Census Tract 203.27, Williamson County, Texas",2563,11,2552
1400000US48491020328,48491020328,"Census Tract 203.28, Williamson County, Texas",7460,46,7414
1400000US48491020403,48491020403,"Census Tract 204.03, Williamson County, Texas",2310,28,2282
1400000US48491020404,48491020404,"Census Tract 204.04, Williamson County, Texas",3838,34,3804
1400000US48491020405,48491020405,"Census Tract 204.05, Williamson County, Texas",6946,24,6922
1400000US48491020406,48491020406,"Census Tract 204.06, Williamson County, Texas",6393,45,6348
1400000US48491020408,48491020408,"Census Tract 204.08, Williamson County, Texas",5025,124,4901
1400000US48491020409,48491020409,"Census Tract 204.09, Williamson County, Texas",5442,44,5398
1400000US48491020410,48491020410,"Census Tract 204.10, Williamson County, Texas",6010,89,5921
1400000US48491020411,48491020411,"Census Tract 204.11, Williamson County, Texas",5805,98,5707
1400000US48491020503,48491020503,"Census Tract 205.03, Williamson County, Texas",5496,48,5448
1400000US48491020504,48491020504,"Census Tract 205.04, Williamson County, Texas",9598,302,9296
1400000US48491020505,48491020505,"Census Tract 205.05, Williamson County, Texas",2870,64,2806
1400000US48491020506,48491020506,"Census Tract 205.06, Williamson County, Texas",7873,91,7782
1400000US48491020507,48491020507,"Census Tract 205.07, Williamson County, Texas",3406,187,3219
1400000US48491020508,48491020508,"Census Tract 205.08, Williamson County, Texas",4901,30,4871
1400000US48491020509,48491020509,"Census Tract 205.09, Williamson County, Texas",7151,46,7105
1400000US48491020510,48491020510,"Census Tract 205.10, Williamson County, Texas",10351,94,10257
1400000US48491020602,48491020602,"Census Tract 206.02, Williamson County, Texas",5700,73,5627
1400000US48491020603,48491020603,"Census Tract 206.03, Williamson County, Texas",10233,185,10048
1400000US48491020604,48491020604,"Census Tract 206.04, Williamson County, Texas",5799,50,5749
1400000US48491020605,48491020605,"Census Tract 206.05, Williamson County, Texas",7146,138,7008
1400000US48491020701,48491020701,"Census Tract 207.01, Williamson County, Texas",2312,47,2265
1400000US48491020703,48491020703,"Census Tract 207.03, Williamson County, Texas",10810,210,10600
1400000US48491020704,48491020704,"Census Tract 207.04, Williamson County, Texas",6264,136,6128
1400000US48491020706,48491020706,"Census Tract 207.06, Williamson County, Texas",4129,127,4002
1400000US48491020707,48491020707,"Census Tract 207.07, Williamson County, Texas",5033,0,5033
1400000US48491020708,48491020708,"Census Tract 207.08, Williamson County, Texas",8409,168,8241
1400000US48491020803,48491020803,"Census Tract 208.03, Williamson County, Texas",4674,26,4648
1400000US48491020804,48491020804,"Census Tract 208.04, Williamson County, Texas",10583,79,10504
1400000US48491020805,48491020805,"Census Tract 208.05, Williamson County, Texas",7307,0,7307
1400000US48491020806,48491020806,"Census Tract 208.06, Williamson County, Texas",4655,49,4606
1400000US48491020807,48491020807,"Census Tract 208.07, Williamson County, Texas",9339,87,9252
1400000US48491020808,48491020808,"Census Tract 208.08, Williamson County, Texas",1594,92,1502
1400000US48491020809,48491020809,"Census Tract 208.09, Williamson County, Texas",6899,37,6862
1400000US48491020900,48491020900,"Census Tract 209, Williamson County, Texas",4236,245,3991
1400000US48491021000,48491021000,"Census Tract 210, Williamson County, Texas",3045,120,2925
1400000US48491021100,48491021100,"Census Tract 211, Williamson County, Texas",3068,107,2961
1400000US48491021201,48491021201,"Census Tract 212.01, Williamson County, Texas",2976,139,2837
1400000US48491021202,48491021202,"Census Tract 212.02, Williamson County, Texas",3558,30,3528
1400000US48491021203,48491021203,"Census Tract 212.03, Williamson County, Texas",2802,28,2774
1400000US48491021300,48491021300,"Census Tract 213, Williamson County, Texas",3934,53,3881
1400000US48491021401,48491021401,"Census Tract 214.01, Williamson County, Texas",10932,446,10486
1400000US48491021402,48491021402,"Census Tract 214.02, Williamson County, Texas",4906,24,4882
1400000US48491021403,48491021403,"Census Tract 214.03, Williamson County, Texas",4567,0,4567
1400000US48491021502,48491021502,"Census Tract 215.02, Williamson County, Texas",5923,198,5725
1400000US48491021503,48491021503,"Census Tract 215.03, Williamson County, Texas",4899,92,4807
1400000US48491021504,48491021504,"Census Tract 215.04, Williamson County, Texas",7936,107,7829
1400000US48491021505,48491021505,"Census Tract 215.05, Williamson County, Texas",7947,27,7920
1400000US48491021506,48491021506,"Census Tract 215.06, Williamson County, Texas",3446,129,3317
1400000US48491021507,48491021507,"Census Tract 215.07, Williamson County, Texas",10542,65,10477
1400000US48491021508,48491021508,"Census Tract 215.08, Williamson County, Texas",7721,27,7694
1400000US48491021601,48491021601,"Census Tract 216.01, Williamson County, Texas",4115,96,4019
1400000US48491021602,48491021602,"Census Tract 216.02, Williamson County, Texas",2926,21,2905
1400000US48491021603,48491021603,"Census Tract 216.03, Williamson County, Texas",1423,25,1398
