GEO.id,Id
GEO.id2,Id2
GEO.display-label,Geography
HC01_EST_VC02,Total; Estimate; Population 18 to 24 years
HC02_EST_VC02,Percent; Estimate; Population 18 to 24 years
HC01_EST_VC03,Total; Estimate; Population 18 to 24 years - Less than high school graduate
HC02_EST_VC03,Percent; Estimate; Population 18 to 24 years - Less than high school graduate
HC01_EST_VC04,Total; Estimate; Population 18 to 24 years - High school graduate (includes equivalency)
HC02_EST_VC04,Percent; Estimate; Population 18 to 24 years - High school graduate (includes equivalency)
HC01_EST_VC05,Total; Estimate; Population 18 to 24 years - Some college or associate's degree
HC02_EST_VC05,Percent; Estimate; Population 18 to 24 years - Some college or associate's degree
HC01_EST_VC06,Total; Estimate; Population 18 to 24 years - Bachelor's degree or higher
HC02_EST_VC06,Percent; Estimate; Population 18 to 24 years - Bachelor's degree or higher
HC01_EST_VC08,Total; Estimate; Population 25 years and over
HC02_EST_VC08,Percent; Estimate; Population 25 years and over
HC01_EST_VC09,Total; Estimate; Population 25 years and over - Less than 9th grade
HC02_EST_VC09,Percent; Estimate; Population 25 years and over - Less than 9th grade
HC01_EST_VC10,"Total; Estimate; Population 25 years and over - 9th to 12th grade, no diploma"
HC02_EST_VC10,"Percent; Estimate; Population 25 years and over - 9th to 12th grade, no diploma"
HC01_EST_VC11,Total; Estimate; Population 25 years and over - High school graduate (includes equivalency)
HC02_EST_VC11,Percent; Estimate; Population 25 years and over - High school graduate (includes equivalency)
HC01_EST_VC12,"Total; Estimate; Population 25 years and over - Some college, no degree"
HC02_EST_VC12,"Percent; Estimate; Population 25 years and over - Some college, no degree"
HC01_EST_VC13,Total; Estimate; Population 25 years and over - Associate's degree
HC02_EST_VC13,Percent; Estimate; Population 25 years and over - Associate's degree
HC01_EST_VC14,Total; Estimate; Population 25 years and over - Bachelor's degree
HC02_EST_VC14,Percent; Estimate; Population 25 years and over - Bachelor's degree
HC01_EST_VC15,Total; Estimate; Population 25 years and over - Graduate or professional degree
HC02_EST_VC15,Percent; Estimate; Population 25 years and over - Graduate or professional degree
HC01_EST_VC17,Total; Estimate; Percent high school graduate or higher
HC02_EST_VC17,Percent; Estimate; Percent high school graduate or higher
HC01_EST_VC18,Total; Estimate; Percent bachelor's degree or higher
HC02_EST_VC18,Percent; Estimate; Percent bachelor's degree or higher
HC01_EST_VC20,Total; Estimate; Population 25 to 34 years
HC02_EST_VC20,Percent; Estimate; Population 25 to 34 years
HC01_EST_VC21,Total; Estimate; Population 25 to 34 years - High school graduate or higher
HC02_EST_VC21,Percent; Estimate; Population 25 to 34 years - High school graduate or higher
HC01_EST_VC22,Total; Estimate; Population 25 to 34 years - Bachelor's degree or higher
HC02_EST_VC22,Percent; Estimate; Population 25 to 34 years - Bachelor's degree or higher
HC01_EST_VC24,Total; Estimate; Population 35 to 44 years
HC02_EST_VC24,Percent; Estimate; Population 35 to 44 years
HC01_EST_VC25,Total; Estimate; Population 35 to 44 years - High school graduate or higher
HC02_EST_VC25,Percent; Estimate; Population 35 to 44 years - High school graduate or higher
HC01_EST_VC26,Total; Estimate; Population 35 to 44 years - Bachelor's degree or higher
HC02_EST_VC26,Percent; Estimate; Population 35 to 44 years - Bachelor's degree or higher
HC01_EST_VC28,Total; Estimate; Population 45 to 64 years
HC02_EST_VC28,Percent; Estimate; Population 45 to 64 years
HC01_EST_VC29,Total; Estimate; Population 45 to 64 years - High school graduate or higher
HC02_EST_VC29,Percent; Estimate; Population 45 to 64 years - High school graduate or higher
HC01_EST_VC30,Total; Estimate; Population 45 to 64 years - Bachelor's degree or higher
HC02_EST_VC30,Percent; Estimate; Population 45 to 64 years - Bachelor's degree or higher
HC01_EST_VC32,Total; Estimate; Population 65 years and over
HC02_EST_VC32,Percent; Estimate; Population 65 years and over
HC01_EST_VC33,Total; Estimate; Population 65 years and over - High school graduate or higher
HC02_EST_VC33,Percent; Estimate; Population 65 years and over - High school graduate or higher
HC01_EST_VC34,Total; Estimate; Population 65 years and over - Bachelor's degree or higher
HC02_EST_VC34,Percent; Estimate; Population 65 years and over - Bachelor's degree or higher
HC01_EST_VC37,Total; Estimate; RACE AND HISPANIC OR LATINO ORIGIN BY EDUCATIONAL ATTAINMENT - White alone
HC02_EST_VC37,Percent; Estimate; RACE AND HISPANIC OR LATINO ORIGIN BY EDUCATIONAL ATTAINMENT - White alone
HC01_EST_VC38,Total; Estimate; RACE AND HISPANIC OR LATINO ORIGIN BY EDUCATIONAL ATTAINMENT - White alone - High school graduate or higher
HC02_EST_VC38,Percent; Estimate; RACE AND HISPANIC OR LATINO ORIGIN BY EDUCATIONAL ATTAINMENT - White alone - High school graduate or higher
HC01_EST_VC39,Total; Estimate; RACE AND HISPANIC OR LATINO ORIGIN BY EDUCATIONAL ATTAINMENT - White alone - Bachelor's degree or higher
HC02_EST_VC39,Percent; Estimate; RACE AND HISPANIC OR LATINO ORIGIN BY EDUCATIONAL ATTAINMENT - White alone - Bachelor's degree or higher
HC01_EST_VC41,"Total; Estimate; White alone, not Hispanic or Latino"
HC02_EST_VC41,"Percent; Estimate; White alone, not Hispanic or Latino"
HC01_EST_VC42,"Total; Estimate; White alone, not Hispanic or Latino - High school graduate or higher"
HC02_EST_VC42,"Percent; Estimate; White alone, not Hispanic or Latino - High school graduate or higher"
HC01_EST_VC43,"Total; Estimate; White alone, not Hispanic or Latino - Bachelor's degree or higher"
HC02_EST_VC43,"Percent; Estimate; White alone, not Hispanic or Latino - Bachelor's degree or higher"
HC01_EST_VC45,Total; Estimate; Black alone
HC02_EST_VC45,Percent; Estimate; Black alone
HC01_EST_VC46,Total; Estimate; Black alone - High school graduate or higher
HC02_EST_VC46,Percent; Estimate; Black alone - High school graduate or higher
HC01_EST_VC47,Total; Estimate; Black alone - Bachelor's degree or higher
HC02_EST_VC47,Percent; Estimate; Black alone - Bachelor's degree or higher
HC01_EST_VC49,Total; Estimate; American Indian or Alaska Native alone
HC02_EST_VC49,Percent; Estimate; American Indian or Alaska Native alone
HC01_EST_VC50,Total; Estimate; American Indian or Alaska Native alone - High school graduate or higher
HC02_EST_VC50,Percent; Estimate; American Indian or Alaska Native alone - High school graduate or higher
HC01_EST_VC51,Total; Estimate; American Indian or Alaska Native alone - Bachelor's degree or higher
HC02_EST_VC51,Percent; Estimate; American Indian or Alaska Native alone - Bachelor's degree or higher
HC01_EST_VC53,Total; Estimate; Asian alone
HC02_EST_VC53,Percent; Estimate; Asian alone
HC01_EST_VC54,Total; Estimate; Asian alone - High school graduate or higher
HC02_EST_VC54,Percent; Estimate; Asian alone - High school graduate or higher
HC01_EST_VC55,Total; Estimate; Asian alone - Bachelor's degree or higher
HC02_EST_VC55,Percent; Estimate; Asian alone - Bachelor's degree or higher
HC01_EST_VC57,Total; Estimate; Native Hawaiian and Other Pacific Islander alone
HC02_EST_VC57,Percent; Estimate; Native Hawaiian and Other Pacific Islander alone
HC01_EST_VC58,Total; Estimate; Native Hawaiian and Other Pacific Islander alone - High school graduate or higher
HC02_EST_VC58,Percent; Estimate; Native Hawaiian and Other Pacific Islander alone - High school graduate or higher
HC01_EST_VC59,Total; Estimate; Native Hawaiian and Other Pacific Islander alone - Bachelor's degree or higher
HC02_EST_VC59,Percent; Estimate; Native Hawaiian and Other Pacific Islander alone - Bachelor's degree or higher
HC01_EST_VC61,Total; Estimate; Some other race alone
HC02_EST_VC61,Percent; Estimate; Some other race alone
HC01_EST_VC62,Total; Estimate; Some other race alone - High school graduate or higher
HC02_EST_VC62,Percent; Estimate; Some other race alone - High school graduate or higher
HC01_EST_VC63,Total; Estimate; Some other race alone - Bachelor's degree or higher
HC02_EST_VC63,Percent; Estimate; Some other race alone - Bachelor's degree or higher
HC01_EST_VC65,Total; Estimate; Two or more races
HC02_EST_VC65,Percent; Estimate; Two or more races
HC01_EST_VC66,Total; Estimate; Two or more races - High school graduate or higher
HC02_EST_VC66,Percent; Estimate; Two or more races - High school graduate or higher
HC01_EST_VC67,Total; Estimate; Two or more races - Bachelor's degree or higher
HC02_EST_VC67,Percent; Estimate; Two or more races - Bachelor's degree or higher
HC01_EST_VC69,Total; Estimate; Hispanic or Latino Origin
HC02_EST_VC69,Percent; Estimate; Hispanic or Latino Origin
HC01_EST_VC70,Total; Estimate; Hispanic or Latino Origin - High school graduate or higher
HC02_EST_VC70,Percent; Estimate; Hispanic or Latino Origin - High school graduate or higher
HC01_EST_VC71,Total; Estimate; Hispanic or Latino Origin - Bachelor's degree or higher
HC02_EST_VC71,Percent; Estimate; Hispanic or Latino Origin - Bachelor's degree or higher
HC01_EST_VC74,Total; Estimate; POVERTY RATE FOR THE POPULATION 25 YEARS AND OVER FOR WHOM POVERTY STATUS IS DETERMINED BY EDUCATIONAL ATTAINMENT LEVEL - Less than high school graduate
HC02_EST_VC74,Percent; Estimate; POVERTY RATE FOR THE POPULATION 25 YEARS AND OVER FOR WHOM POVERTY STATUS IS DETERMINED BY EDUCATIONAL ATTAINMENT LEVEL - Less than high school graduate
HC01_EST_VC75,Total; Estimate; POVERTY RATE FOR THE POPULATION 25 YEARS AND OVER FOR WHOM POVERTY STATUS IS DETERMINED BY EDUCATIONAL ATTAINMENT LEVEL - High school graduate (includes equivalency)
HC02_EST_VC75,Percent; Estimate; POVERTY RATE FOR THE POPULATION 25 YEARS AND OVER FOR WHOM POVERTY STATUS IS DETERMINED BY EDUCATIONAL ATTAINMENT LEVEL - High school graduate (includes equivalency)
HC01_EST_VC76,Total; Estimate; POVERTY RATE FOR THE POPULATION 25 YEARS AND OVER FOR WHOM POVERTY STATUS IS DETERMINED BY EDUCATIONAL ATTAINMENT LEVEL - Some college or associate's degree
HC02_EST_VC76,Percent; Estimate; POVERTY RATE FOR THE POPULATION 25 YEARS AND OVER FOR WHOM POVERTY STATUS IS DETERMINED BY EDUCATIONAL ATTAINMENT LEVEL - Some college or associate's degree
HC01_EST_VC77,Total; Estimate; POVERTY RATE FOR THE POPULATION 25 YEARS AND OVER FOR WHOM POVERTY STATUS IS DETERMINED BY EDUCATIONAL ATTAINMENT LEVEL - Bachelor's degree or higher
HC02_EST_VC77,Percent; Estimate; POVERTY RATE FOR THE POPULATION 25 YEARS AND OVER FOR WHOM POVERTY STATUS IS DETERMINED BY EDUCATIONAL ATTAINMENT LEVEL - Bachelor's degree or higher
HC01_EST_VC80,Total; Estimate; MEDIAN EARNINGS IN THE PAST 12 MONTHS (IN 2016 INFLATION-ADJUSTED DOLLARS) - Population 25 years and over with earnings
HC02_EST_VC80,Percent; Estimate; MEDIAN EARNINGS IN THE PAST 12 MONTHS (IN 2016 INFLATION-ADJUSTED DOLLARS) - Population 25 years and over with earnings
HC01_EST_VC81,Total; Estimate; MEDIAN EARNINGS IN THE PAST 12 MONTHS (IN 2016 INFLATION-ADJUSTED DOLLARS) - Population 25 years and over with earnings - Less than high school graduate
HC02_EST_VC81,Percent; Estimate; MEDIAN EARNINGS IN THE PAST 12 MONTHS (IN 2016 INFLATION-ADJUSTED DOLLARS) - Population 25 years and over with earnings - Less than high school graduate
HC01_EST_VC82,Total; Estimate; MEDIAN EARNINGS IN THE PAST 12 MONTHS (IN 2016 INFLATION-ADJUSTED DOLLARS) - Population 25 years and over with earnings - High school graduate (includes equivalency)
HC02_EST_VC82,Percent; Estimate; MEDIAN EARNINGS IN THE PAST 12 MONTHS (IN 2016 INFLATION-ADJUSTED DOLLARS) - Population 25 years and over with earnings - High school graduate (includes equivalency)
HC01_EST_VC83,Total; Estimate; MEDIAN EARNINGS IN THE PAST 12 MONTHS (IN 2016 INFLATION-ADJUSTED DOLLARS) - Population 25 years and over with earnings - Some college or associate's degree
HC02_EST_VC83,Percent; Estimate; MEDIAN EARNINGS IN THE PAST 12 MONTHS (IN 2016 INFLATION-ADJUSTED DOLLARS) - Population 25 years and over with earnings - Some college or associate's degree
HC01_EST_VC84,Total; Estimate; MEDIAN EARNINGS IN THE PAST 12 MONTHS (IN 2016 INFLATION-ADJUSTED DOLLARS) - Population 25 years and over with earnings - Bachelor's degree
HC02_EST_VC84,Percent; Estimate; MEDIAN EARNINGS IN THE PAST 12 MONTHS (IN 2016 INFLATION-ADJUSTED DOLLARS) - Population 25 years and over with earnings - Bachelor's degree
HC01_EST_VC85,Total; Estimate; MEDIAN EARNINGS IN THE PAST 12 MONTHS (IN 2016 INFLATION-ADJUSTED DOLLARS) - Population 25 years and over with earnings - Graduate or professional degree
HC02_EST_VC85,Percent; Estimate; MEDIAN EARNINGS IN THE PAST 12 MONTHS (IN 2016 INFLATION-ADJUSTED DOLLARS) - Population 25 years and over with earnings - Graduate or professional degree
