GEO.id,GEO.id2,GEO.display-label,HC01_EST_VC01,HC01_EST_VC02,HC01_EST_VC03,HC01_EST_VC04,HC01_EST_VC05,HC01_EST_VC07,HC01_EST_VC08,HC01_EST_VC09,HC01_EST_VC10,HC01_EST_VC11,HC01_EST_VC12,HC01_EST_VC13,HC01_EST_VC14,HC01_EST_VC16,HC01_EST_VC17,HC01_EST_VC19,HC01_EST_VC20,HC01_EST_VC21,HC01_EST_VC23,HC01_EST_VC24,HC01_EST_VC25,HC01_EST_VC27,HC01_EST_VC28,HC01_EST_VC29,HC01_EST_VC31,HC01_EST_VC32,HC01_EST_VC33,HC01_EST_VC36,HC01_EST_VC37,HC01_EST_VC38,HC01_EST_VC39,HC01_EST_VC42,HC01_EST_VC43,HC01_EST_VC44,HC01_EST_VC45,HC01_EST_VC46,HC01_EST_VC47,HC01_EST_VC50
Id,Id2,Geography,Total; Estimate; Population 18 to 24 years,Total; Estimate; Less than high school graduate,Total; Estimate; High school graduate (includes equivalency),Total; Estimate; Some college or associate's degree,Total; Estimate; Bachelor's degree or higher,Total; Estimate; Population 25 years and over,Total; Estimate; Population 25 years and over - Less than 9th grade,"Total; Estimate; Population 25 years and over - 9th to 12th grade, no diploma",Total; Estimate; Population 25 years and over - High school graduate (includes equivalency),"Total; Estimate; Population 25 years and over - Some college, no degree",Total; Estimate; Population 25 years and over - Associate's degree,Total; Estimate; Population 25 years and over - Bachelor's degree,Total; Estimate; Population 25 years and over - Graduate or professional degree,Total; Estimate; Percent high school graduate or higher,Total; Estimate; Percent bachelor's degree or higher,Total; Estimate; Population 25 to 34 years,Total; Estimate; Population 25 to 34 years - High school graduate or higher,Total; Estimate; Population 25 to 34 years - Bachelor's degree or higher,Total; Estimate; Population 35 to 44 years,Total; Estimate; Population 35 to 44 years - High school graduate or higher,Total; Estimate; Population 35 to 44 years - Bachelor's degree or higher,Total; Estimate; Population 45 to 64 years,Total; Estimate; Population 45 to 64 years - High school graduate or higher,Total; Estimate; Population 45 to 64 years - Bachelor's degree or higher,Total; Estimate; Population 65 years and over,Total; Estimate; Population 65 years and over - High school graduate or higher,Total; Estimate; Population 65 years and over - Bachelor's degree or higher,Total; Estimate; POVERTY RATE FOR THE POPULATION 25 YEARS AND OVER FOR WHOM POVERTY STATUS IS DETERMINED BY EDUCATIONAL ATTAINMENT LEVEL - Less than high school graduate,Total; Estimate; POVERTY RATE FOR THE POPULATION 25 YEARS AND OVER FOR WHOM POVERTY STATUS IS DETERMINED BY EDUCATIONAL ATTAINMENT LEVEL - High school graduate (includes equivalency),Total; Estimate; POVERTY RATE FOR THE POPULATION 25 YEARS AND OVER FOR WHOM POVERTY STATUS IS DETERMINED BY EDUCATIONAL ATTAINMENT LEVEL - Some college or associate's degree,Total; Estimate; POVERTY RATE FOR THE POPULATION 25 YEARS AND OVER FOR WHOM POVERTY STATUS IS DETERMINED BY EDUCATIONAL ATTAINMENT LEVEL - Bachelor's degree or higher,Total; Estimate; MEDIAN EARNINGS IN THE PAST 12 MONTHS (IN 2014 INFLATION-ADJUSTED DOLLARS) - Population 25 years and over with earnings,Total; Estimate; MEDIAN EARNINGS IN THE PAST 12 MONTHS (IN 2014 INFLATION-ADJUSTED DOLLARS) - Population 25 years and over with earnings - Less than high school graduate,Total; Estimate; MEDIAN EARNINGS IN THE PAST 12 MONTHS (IN 2014 INFLATION-ADJUSTED DOLLARS) - Population 25 years and over with earnings - High school graduate (includes equivalency),Total; Estimate; MEDIAN EARNINGS IN THE PAST 12 MONTHS (IN 2014 INFLATION-ADJUSTED DOLLARS) - Population 25 years and over with earnings - Some college or associate's degree,Total; Estimate; MEDIAN EARNINGS IN THE PAST 12 MONTHS (IN 2014 INFLATION-ADJUSTED DOLLARS) - Population 25 years and over with earnings - Bachelor's degree,Total; Estimate; MEDIAN EARNINGS IN THE PAST 12 MONTHS (IN 2014 INFLATION-ADJUSTED DOLLARS) - Population 25 years and over with earnings - Graduate or professional degree,Total; Estimate; PERCENT IMPUTED - Educational attainment
1400000US48021950100,48021950100,"Census Tract 9501, Bastrop County, Texas",535,17.0,52.9,23.0,7.1,6550,9.1,11.9,29.9,25.7,6.2,13.1,4.1,79.0,17.1,1163,83.9,17.2,1263,74.7,16.1,2832,78.9,17.5,1292,78.8,17.4,20.8,17.0,5.8,1.9,36056,28144,30976,41472,38289,53203,12.3
1400000US48021950200,48021950200,"Census Tract 9502, Bastrop County, Texas",747,12.0,32.4,55.6,0.0,4734,13.8,10.6,30.4,21.5,6.4,11.9,5.4,75.6,17.4,936,73.6,15.8,962,71.5,12.8,1771,83.1,26.1,1065,68.6,8.4,36.7,21.5,6.3,2.1,38235,25721,30349,46940,64737,56696,9.4
1400000US48021950300,48021950300,"Census Tract 9503, Bastrop County, Texas",1086,18.4,35.5,46.0,0.0,9245,4.8,4.2,27.3,27.5,8.4,18.6,9.3,91.0,27.8,1211,88.5,43.3,1701,93.4,27.0,4400,95.1,21.1,1933,81.2,34.1,31.0,5.6,4.5,5.4,33667,26064,33474,22450,52254,50957,5.5
1400000US48021950400,48021950400,"Census Tract 9504, Bastrop County, Texas",864,23.5,26.7,41.0,8.8,5356,9.6,5.6,26.7,29.1,8.5,13.5,7.0,84.8,20.6,705,84.5,10.8,1155,89.5,16.8,2283,89.3,28.1,1213,72.1,15.7,32.0,9.3,3.8,2.0,34457,27188,31711,36000,41455,48667,8.1
1400000US48021950501,48021950501,"Census Tract 9505.01, Bastrop County, Texas",613,20.1,48.3,31.6,0.0,5545,13.1,14.5,31.1,28.1,4.2,6.0,3.0,72.4,8.9,1287,78.6,1.8,1401,66.0,7.1,2264,74.1,14.3,593,67.6,8.6,36.7,10.2,8.2,8.6,26950,27367,28272,25112,30417,46111,5.5
1400000US48021950502,48021950502,"Census Tract 9505.02, Bastrop County, Texas",186,26.9,38.2,26.9,8.1,3907,6.3,2.7,35.7,22.8,9.4,16.8,6.4,91.1,23.2,574,90.2,24.0,680,86.6,26.5,1978,91.8,16.8,675,94.2,37.8,59.9,6.0,7.9,7.0,42883,12992,28859,46857,50430,48792,7.3
1400000US48021950600,48021950600,"Census Tract 9506, Bastrop County, Texas",262,14.1,32.1,50.0,3.8,3595,5.6,10.1,33.7,27.0,8.1,12.9,2.6,84.3,15.5,663,80.5,7.2,453,90.1,8.8,1845,85.0,17.2,634,82.2,24.1,36.8,12.9,8.2,0.0,35725,18846,37875,33333,45283,43971,2.9
1400000US48021950700,48021950700,"Census Tract 9507, Bastrop County, Texas",318,19.2,46.9,26.4,7.5,2722,11.2,8.8,34.9,23.1,3.7,13.7,4.6,80.0,18.3,375,90.9,22.4,509,80.6,23.4,993,81.2,22.1,845,73.5,9.0,39.7,14.7,6.5,5.1,26798,16552,22093,32109,51875,53750,13.5
1400000US48021950801,48021950801,"Census Tract 9508.01, Bastrop County, Texas",531,49.9,38.8,11.3,0.0,4399,19.6,20.1,33.7,16.0,4.9,3.5,2.2,60.3,5.6,1178,54.8,8.1,924,55.1,3.1,1806,67.6,4.4,491,56.2,9.0,35.8,3.7,4.2,4.0,30872,27044,35046,31270,45568,16853,17.7
1400000US48021950802,48021950802,"Census Tract 9508.02, Bastrop County, Texas",659,14.7,57.5,23.1,4.7,4318,14.6,17.1,35.8,15.5,8.2,6.4,2.4,68.3,8.9,949,63.6,7.3,944,72.5,5.1,1681,74.7,12.6,744,54.6,7.3,31.2,18.2,8.7,0.0,32376,23292,31601,41719,61319,50583,8.9
1400000US48055960101,48055960101,"Census Tract 9601.01, Caldwell County, Texas",329,12.5,54.4,33.1,0.0,3521,13.7,12.8,33.5,21.3,7.1,6.9,4.5,73.4,11.4,798,69.2,6.8,825,75.4,12.5,1396,79.6,13.5,502,60.0,11.4,22.9,13.2,6.8,0.2,28000,25471,22850,35313,31250,50833,4.4
1400000US48055960102,48055960102,"Census Tract 9601.02, Caldwell County, Texas",294,34.4,23.8,41.8,0.0,2490,3.7,6.5,38.8,20.5,10.0,12.8,7.8,89.8,20.6,428,90.7,14.0,290,86.2,22.8,1210,94.9,25.6,562,80.2,13.5,39.9,9.8,11.9,9.2,36154,35179,39022,32574,43000,74851,4.2
1400000US48055960200,48055960200,"Census Tract 9602, Caldwell County, Texas",647,7.1,40.8,39.7,12.4,3566,13.3,11.2,41.2,19.9,2.9,8.3,3.1,75.4,11.4,998,81.9,11.5,879,76.1,5.0,1073,70.5,11.9,616,72.6,19.6,22.8,10.6,4.5,10.6,28113,16155,26071,31985,38393,46550,3.8
1400000US48055960300,48055960300,"Census Tract 9603, Caldwell County, Texas",334,15.3,59.9,13.2,11.7,2885,4.3,10.4,36.6,20.9,7.1,13.0,7.6,85.3,20.6,540,87.8,19.6,709,88.7,15.8,1142,87.2,23.6,494,73.1,21.5,39.5,8.5,6.2,10.1,35938,23875,35153,34451,50450,77813,4.2
1400000US48055960400,48055960400,"Census Tract 9604, Caldwell County, Texas",315,8.6,74.3,17.1,0.0,2337,10.4,10.8,39.2,24.2,6.6,5.8,3.1,78.8,8.9,468,91.9,2.8,602,79.9,14.5,784,81.9,8.7,483,59.8,8.3,21.5,11.1,8.6,7.2,24713,17895,22212,27158,47734,51384,6.8
1400000US48055960500,48055960500,"Census Tract 9605, Caldwell County, Texas",1756,24.4,50.1,23.7,1.8,4365,12.3,10.3,28.4,25.8,5.3,14.1,3.6,77.3,17.8,919,88.8,23.9,972,83.3,19.8,1854,72.7,14.6,620,64.7,15.2,18.4,24.2,13.0,4.9,28891,17167,28750,29629,41125,76250,4.7
1400000US48055960600,48055960600,"Census Tract 9606, Caldwell County, Texas",148,11.5,26.4,44.6,17.6,1547,6.8,12.0,38.3,17.4,8.3,12.9,4.3,81.2,17.2,178,92.1,27.5,226,96.0,23.9,687,77.7,18.5,456,74.8,7.9,27.5,5.9,2.8,2.6,38869,34063,23529,45571,49808,44583,8.1
1400000US48055960700,48055960700,"Census Tract 9607, Caldwell County, Texas",756,19.8,46.6,33.6,0.0,3821,13.5,15.0,30.9,20.1,3.1,15.5,1.9,71.5,17.5,593,54.8,9.6,532,80.1,15.6,1504,78.2,18.4,1192,67.6,21.1,19.0,10.8,3.7,0.0,28565,21850,20475,44591,67500,73580,9.7
1400000US48209010100,48209010100,"Census Tract 101, Hays County, Texas",1001,0.9,7.5,72.3,19.3,1371,0.8,4.4,31.3,17.9,6.1,25.5,14.0,94.8,39.5,529,97.0,37.8,284,87.0,37.7,350,100.0,42.3,208,91.3,41.3,42.2,15.0,11.7,16.1,26363,14297,21638,28125,19440,36842,3.6
1400000US48209010200,48209010200,"Census Tract 102, Hays County, Texas",4861,0.1,11.1,87.7,1.0,478,1.5,0.8,10.9,25.1,2.3,44.6,14.9,97.7,59.4,207,100.0,68.1,87,100.0,32.2,130,94.6,58.5,54,92.6,72.2,0.0,15.4,43.0,7.1,14702,-,-,11806,14247,88500,0.0
1400000US48209010302,48209010302,"Census Tract 103.02, Hays County, Texas",993,8.0,38.0,37.9,16.2,2325,7.1,9.7,45.1,20.3,2.3,11.9,3.6,83.1,15.4,822,96.5,20.7,442,80.8,25.8,764,74.6,8.0,297,71.7,4.7,28.1,18.6,12.5,7.2,23876,19077,22377,24293,39049,40481,5.8
1400000US48209010303,48209010303,"Census Tract 103.03, Hays County, Texas",3714,5.2,11.6,75.0,8.2,2913,8.1,6.1,26.7,25.2,9.6,19.7,4.5,85.8,24.2,1456,88.7,23.4,539,82.7,17.1,546,81.9,16.5,372,84.1,49.2,27.9,6.7,34.7,10.5,28267,19572,31335,26923,39643,27366,5.9
1400000US48209010304,48209010304,"Census Tract 103.04, Hays County, Texas",2661,8.0,15.2,65.5,11.3,2784,12.7,10.3,21.4,23.1,10.6,19.3,2.5,77.0,21.8,1420,86.6,25.2,483,78.5,21.7,638,57.2,17.4,243,70.0,14.0,46.4,23.6,22.1,33.1,18863,18975,19083,17917,22889,16667,11.7
1400000US48209010400,48209010400,"Census Tract 104, Hays County, Texas",2069,4.1,14.4,73.1,8.5,5220,4.4,9.0,24.3,26.4,7.8,22.5,5.6,86.6,28.1,1359,94.6,39.5,1138,87.6,24.9,1486,82.7,23.4,1237,81.4,24.3,18.2,11.0,19.0,3.4,28511,13635,24776,28187,40673,42377,6.0
1400000US48209010500,48209010500,"Census Tract 105, Hays County, Texas",587,14.1,21.5,35.1,29.3,2583,12.9,12.4,23.9,25.7,5.3,17.2,2.7,74.7,19.9,910,80.2,31.3,585,89.2,22.9,684,64.2,7.9,404,59.2,9.9,40.9,19.4,27.0,15.8,21241,17064,16956,20825,36319,16406,12.3
1400000US48209010600,48209010600,"Census Tract 106, Hays County, Texas",984,25.0,15.2,51.9,7.8,6781,2.0,2.9,17.3,24.5,5.4,31.4,16.4,95.0,47.8,1431,98.2,35.8,1064,92.9,52.4,2777,96.2,56.8,1509,91.4,39.2,3.0,7.6,4.0,3.1,41320,26440,23565,40403,41813,55536,5.2
1400000US48209010701,48209010701,"Census Tract 107.01, Hays County, Texas",4217,1.0,6.0,79.3,13.7,2822,3.0,3.3,15.0,26.9,5.9,28.3,17.6,93.7,45.9,1318,89.4,38.5,186,100.0,59.7,777,95.2,45.6,541,100.0,59.3,5.1,12.1,34.3,7.5,29531,14282,35781,21167,30587,58667,3.7
1400000US48209010702,48209010702,"Census Tract 107.02, Hays County, Texas",1400,0.0,5.0,90.9,4.1,1489,2.1,4.4,22.4,25.1,9.5,26.5,9.9,93.5,36.5,290,100.0,39.7,252,90.9,42.9,633,92.7,33.2,314,91.1,35.0,41.2,11.1,6.2,14.5,35721,14063,30272,36971,21731,71607,7.1
1400000US48209010803,48209010803,"Census Tract 108.03, Hays County, Texas",212,18.9,47.6,31.1,2.4,3253,1.6,4.0,19.0,28.5,5.9,25.7,15.4,94.5,41.1,410,100.0,12.2,322,97.5,40.7,1649,93.9,46.8,872,91.9,44.0,20.6,16.2,13.5,6.0,36039,31591,31150,20000,37345,51806,3.6
1400000US48209010804,48209010804,"Census Tract 108.04, Hays County, Texas",397,15.4,45.1,31.2,8.3,6616,0.7,1.9,15.2,24.5,4.5,37.3,15.8,97.3,53.1,535,95.0,25.4,775,96.6,60.6,3221,99.2,57.2,2085,95.4,51.1,20.8,8.2,4.7,0.9,44018,33269,26745,38906,54063,65955,8.0
1400000US48209010805,48209010805,"Census Tract 108.05, Hays County, Texas",130,13.1,36.2,46.9,3.8,4480,0.0,0.9,10.1,12.9,9.6,41.8,24.6,99.1,66.5,512,100.0,78.7,1559,100.0,76.6,1771,98.7,58.0,638,97.2,55.3,0.0,31.5,0.0,1.9,78732,33750,29519,46831,95951,93457,4.3
1400000US48209010806,48209010806,"Census Tract 108.06, Hays County, Texas",124,5.6,46.8,47.6,0.0,2501,1.4,1.2,16.4,15.4,2.6,37.0,26.0,97.4,63.1,370,100.0,77.6,503,96.0,66.4,1131,98.7,62.0,497,94.0,51.3,38.5,10.8,18.2,2.0,57304,"2,500-",43816,27656,64572,95079,8.5
1400000US48209010807,48209010807,"Census Tract 108.07, Hays County, Texas",101,16.8,64.4,18.8,0.0,1460,4.3,2.3,23.4,22.1,8.1,25.8,14.0,93.4,39.8,99,99.0,26.3,348,96.8,54.9,670,95.4,35.7,343,84.5,36.4,16.7,20.6,10.7,2.2,37675,28125,25350,23750,79023,39250,10.9
1400000US48209010808,48209010808,"Census Tract 108.08, Hays County, Texas",313,21.4,43.1,19.5,16.0,3886,0.8,3.2,14.8,22.2,9.4,32.1,17.4,95.9,49.5,475,95.8,43.8,718,97.4,59.6,1911,97.1,45.4,782,91.9,53.7,30.4,3.1,11.8,7.7,43879,26458,29958,42405,54469,77782,6.7
1400000US48209010809,48209010809,"Census Tract 108.09, Hays County, Texas",527,10.4,20.1,47.4,22.0,3502,1.1,5.1,14.1,23.2,7.6,33.2,15.7,93.7,48.9,240,94.6,48.3,704,86.4,48.6,2063,95.7,49.6,495,95.6,46.3,22.4,3.0,3.3,2.2,50208,21094,40792,39830,61667,109022,5.1
1400000US48209010901,48209010901,"Census Tract 109.01, Hays County, Texas",652,22.1,24.8,44.9,8.1,5619,0.4,2.2,19.7,22.1,4.6,34.3,16.7,97.4,51.0,500,96.8,48.6,1026,98.5,62.3,3023,98.0,51.0,1070,95.0,41.0,13.8,6.0,1.6,0.9,57060,88269,43969,55417,64583,61332,3.0
1400000US48209010902,48209010902,"Census Tract 109.02, Hays County, Texas",1188,8.8,34.1,50.8,6.3,7102,3.5,3.3,22.9,26.3,7.5,25.5,11.1,93.2,36.6,1222,96.8,43.7,1619,96.7,45.9,3197,92.2,33.0,1064,86.7,24.8,27.5,8.6,4.1,2.1,46832,18333,35508,46042,57278,59268,5.1
1400000US48209010905,48209010905,"Census Tract 109.05, Hays County, Texas",369,20.6,49.3,30.1,0.0,3709,6.5,6.5,23.4,28.0,8.6,16.1,10.9,87.0,27.0,985,90.8,27.3,868,93.1,24.3,1344,87.6,26.6,512,67.8,31.8,20.1,18.4,7.7,0.4,36321,21167,26586,38367,60515,70250,3.6
1400000US48209010906,48209010906,"Census Tract 109.06, Hays County, Texas",1023,19.2,35.0,36.1,9.8,7245,8.8,9.2,24.6,31.3,5.8,16.1,4.4,82.0,20.4,2275,88.4,18.0,1997,81.7,22.9,2443,75.7,22.0,530,85.1,14.3,44.8,12.3,2.8,0.9,35970,17125,38750,29924,50875,52689,3.8
1400000US48209010907,48209010907,"Census Tract 109.07, Hays County, Texas",1304,29.4,42.2,23.5,4.9,6454,15.9,13.2,28.6,18.7,9.1,12.1,2.5,71.0,14.6,1546,75.9,20.3,1888,65.1,17.3,2498,77.5,10.4,522,46.0,7.5,26.3,13.4,8.0,1.9,31782,25944,30641,30755,50382,92550,10.9
1400000US48209010908,48209010908,"Census Tract 109.08, Hays County, Texas",752,22.3,27.9,43.0,6.8,6056,11.8,8.5,25.8,21.0,6.5,19.8,6.7,79.7,26.5,2060,86.0,25.2,1663,77.8,25.0,1859,71.4,23.0,474,92.2,50.6,43.2,12.2,8.9,4.1,34940,22671,36055,34512,46292,43580,6.0
1400000US48209010909,48209010909,"Census Tract 109.09, Hays County, Texas",236,12.3,30.1,48.3,9.3,3335,1.1,3.0,13.3,27.3,9.8,31.6,13.9,95.9,45.5,1066,95.7,47.2,997,95.4,46.0,983,97.0,48.6,289,94.1,26.3,0.0,2.0,0.0,1.5,51483,58036,30303,46612,58703,53407,3.7
1400000US48209010910,48209010910,"Census Tract 109.10, Hays County, Texas",661,10.7,36.2,47.4,5.7,4886,4.2,10.7,24.7,29.6,6.2,21.8,2.9,85.1,24.6,1301,91.9,24.5,1793,88.5,27.9,1411,85.0,23.6,381,46.2,13.4,4.3,5.9,2.6,5.2,33779,28659,33490,31620,44904,62500,6.8
1400000US48453000101,48453000101,"Census Tract 1.01, Travis County, Texas",260,10.0,26.2,44.6,19.2,2997,0.8,2.2,9.8,12.5,4.8,38.3,31.6,97.0,69.9,608,100.0,88.7,558,97.8,62.9,997,96.9,74.9,834,94.4,54.8,27.3,22.4,3.1,4.4,55324,-,17950,31333,63864,76622,4.6
1400000US48453000102,48453000102,"Census Tract 1.02, Travis County, Texas",121,20.7,28.1,41.3,9.9,1956,0.7,1.8,2.9,10.3,1.2,39.8,43.2,97.4,83.0,141,90.8,60.3,345,99.7,86.7,831,98.8,84.2,639,95.9,84.5,14.0,1.8,9.3,1.2,73636,-,30139,46184,71250,104722,4.6
1400000US48453000203,48453000203,"Census Tract 2.03, Travis County, Texas",533,2.4,9.0,50.3,38.3,880,6.8,2.7,3.1,11.8,2.2,36.5,36.9,90.5,73.4,503,98.6,80.7,129,100.0,87.6,169,69.2,53.8,79,68.4,45.6,36.6,22.2,23.5,6.7,44015,-,-,46719,46182,43098,3.6
1400000US48453000204,48453000204,"Census Tract 2.04, Travis County, Texas",660,3.5,7.6,61.8,27.1,2055,1.0,0.3,3.6,19.2,4.8,41.2,30.0,98.7,71.2,702,100.0,69.4,518,96.3,73.6,655,100.0,73.9,180,95.6,61.7,0.0,50.0,28.1,4.7,46442,-,9813,26429,51080,62639,2.3
1400000US48453000205,48453000205,"Census Tract 2.05, Travis County, Texas",482,0.0,8.5,53.5,38.0,2897,1.3,4.7,16.9,7.3,5.5,34.6,29.7,94.0,64.2,1031,98.7,83.0,894,98.1,79.1,646,87.3,36.2,326,81.0,19.6,0.0,18.7,0.0,6.6,43619,23750,30110,38295,42938,63178,6.2
1400000US48453000206,48453000206,"Census Tract 2.06, Travis County, Texas",314,3.2,10.5,33.4,52.9,2421,0.5,4.5,9.8,19.9,2.3,33.1,30.0,95.0,63.1,854,100.0,77.9,553,100.0,64.7,652,86.8,49.4,362,90.6,50.3,58.3,21.9,14.3,3.9,53259,-,45507,31211,51146,70734,6.0
1400000US48453000302,48453000302,"Census Tract 3.02, Travis County, Texas",1050,1.2,14.5,52.1,32.2,3500,0.6,0.7,9.9,16.3,3.8,35.8,32.9,98.7,68.7,1487,100.0,81.6,854,100.0,55.9,873,95.0,54.9,286,100.0,82.9,100.0,38.0,23.6,15.5,36404,-,14375,38553,40781,43697,3.3
1400000US48453000304,48453000304,"Census Tract 3.04, Travis County, Texas",962,6.7,4.0,41.0,48.4,1892,4.1,2.1,10.0,11.5,3.8,38.3,30.2,93.8,68.6,884,92.1,80.3,515,100.0,67.2,429,92.5,53.1,64,76.6,20.3,72.6,51.1,24.4,6.6,32042,3620,5469,30909,40809,39063,5.0
1400000US48453000305,48453000305,"Census Tract 3.05, Travis County, Texas",514,0.0,4.9,67.9,27.2,2372,0.0,1.5,10.2,19.1,2.5,43.4,23.3,98.5,66.7,1457,97.9,75.7,374,98.4,66.8,488,100.0,43.6,53,100.0,32.1,66.7,16.2,30.5,9.3,32250,9375,27093,25104,33855,44000,1.8
1400000US48453000306,48453000306,"Census Tract 3.06, Travis County, Texas",435,22.5,15.4,46.2,15.9,2224,3.9,4.8,3.7,14.8,8.0,29.9,35.0,91.4,64.9,869,94.1,64.7,651,95.9,70.7,544,85.7,54.6,160,77.5,77.5,49.0,26.5,3.0,3.5,42750,21607,35938,33042,46156,60966,3.8
1400000US48453000307,48453000307,"Census Tract 3.07, Travis County, Texas",137,4.4,19.7,60.6,15.3,1427,6.4,1.7,8.6,12.8,6.4,40.1,24.0,91.9,64.1,454,100.0,74.9,372,86.0,64.0,422,86.3,64.7,179,97.2,35.2,87.0,13.0,10.2,14.6,37610,-,23828,24563,36513,61833,3.1
1400000US48453000401,48453000401,"Census Tract 4.01, Travis County, Texas",1199,1.0,15.4,55.5,28.1,1914,0.6,0.5,5.4,17.8,2.3,46.2,27.1,98.9,73.4,996,100.0,84.7,335,100.0,63.9,432,94.9,58.6,151,100.0,61.6,0.0,17.4,2.9,7.8,35031,-,10417,36053,26736,50625,4.1
1400000US48453000402,48453000402,"Census Tract 4.02, Travis County, Texas",235,0.0,0.0,78.7,21.3,2234,6.1,3.4,15.3,11.1,4.2,40.6,19.2,90.5,59.8,1045,96.0,77.1,371,100.0,67.9,398,92.0,50.0,420,66.9,19.0,39.7,25.5,31.1,6.3,42428,16000,40900,28385,42679,46339,11.9
1400000US48453000500,48453000500,"Census Tract 5, Travis County, Texas",1842,0.7,14.4,60.5,24.3,2613,1.6,0.0,2.8,20.8,2.3,42.1,30.5,98.4,72.6,1553,99.9,79.3,460,100.0,62.2,502,96.0,62.2,98,78.6,68.4,50.0,12.5,16.4,9.9,30591,-,18079,26017,26374,39028,4.7
1400000US48453000601,48453000601,"Census Tract 6.01, Travis County, Texas",9035,0.1,7.4,91.7,0.8,337,32.0,2.4,9.8,19.9,10.4,15.1,10.4,65.6,25.5,203,91.6,32.5,23,21.7,21.7,100,19.0,9.0,11,100.0,54.5,62.1,0.0,59.0,49.4,9485,13661,31063,4896,6442,30341,5.3
1400000US48453000603,48453000603,"Census Tract 6.03, Travis County, Texas",6648,0.0,6.6,85.8,7.6,691,2.0,2.7,2.9,31.8,1.6,30.1,28.8,95.2,58.9,459,100.0,61.9,145,100.0,60.7,87,62.1,40.2,0,-,-,42.4,100.0,45.4,44.9,18189,-,-,18036,30703,14208,2.6
1400000US48453000604,48453000604,"Census Tract 6.04, Travis County, Texas",5896,0.3,8.3,85.9,5.6,495,7.7,2.4,4.6,20.0,3.4,28.7,33.1,89.9,61.8,313,100.0,80.8,26,100.0,0.0,156,67.9,34.0,0,-,-,76.0,43.5,25.7,21.1,28000,-,-,45592,28143,27500,7.7
1400000US48453000700,48453000700,"Census Tract 7, Travis County, Texas",237,5.1,13.5,44.7,36.7,843,3.2,0.0,8.8,12.3,3.2,43.5,28.9,96.8,72.5,371,97.0,73.3,124,91.1,50.8,183,100.0,85.2,165,97.0,72.7,81.5,4.1,8.4,9.5,40170,-,30000,35313,39250,50481,2.6
1400000US48453000801,48453000801,"Census Tract 8.01, Travis County, Texas",85,41.2,25.9,21.2,11.8,1237,26.5,13.3,25.7,11.4,1.3,16.2,5.7,60.2,21.8,278,61.5,28.1,194,87.1,20.6,358,64.8,26.0,407,42.5,14.5,20.5,27.7,21.5,7.7,26250,16295,30313,31094,50000,61875,10.0
1400000US48453000802,48453000802,"Census Tract 8.02, Travis County, Texas",225,31.1,26.2,37.8,4.9,1987,10.8,10.4,26.5,23.5,1.9,19.3,7.7,78.9,27.0,776,87.8,40.1,371,73.9,18.9,604,70.9,20.2,236,78.0,14.0,72.4,16.3,24.4,13.1,26359,10500,25461,33000,39205,48359,7.1
1400000US48453000803,48453000803,"Census Tract 8.03, Travis County, Texas",294,12.6,19.4,57.8,10.2,1876,3.0,10.3,16.3,24.3,1.4,30.3,14.4,86.7,44.7,682,94.3,61.7,497,80.9,31.8,521,85.0,43.0,176,78.4,19.9,43.6,23.2,5.7,16.5,34946,12337,31250,35391,34732,58295,5.4
1400000US48453000804,48453000804,"Census Tract 8.04, Travis County, Texas",170,26.5,33.5,26.5,13.5,1606,13.8,8.7,14.3,19.7,5.3,24.7,13.4,77.5,38.1,668,88.8,53.7,364,70.6,29.9,423,70.2,26.0,151,64.2,22.5,71.8,31.7,26.1,14.2,24795,20602,24091,22586,35000,46250,4.0
1400000US48453000901,48453000901,"Census Tract 9.01, Travis County, Texas",505,0.0,10.9,65.5,23.6,1287,9.1,10.0,19.0,16.5,4.7,23.9,16.8,80.9,40.6,550,91.1,63.1,257,89.5,35.4,352,74.4,18.8,128,37.5,14.8,33.7,12.2,14.3,5.9,30747,16042,28523,25074,37396,55125,5.0
1400000US48453000902,48453000902,"Census Tract 9.02, Travis County, Texas",458,36.5,35.4,18.3,9.8,3394,13.4,12.9,28.8,13.5,3.4,21.7,6.4,73.7,28.0,878,90.0,45.6,1035,79.4,38.7,1040,70.5,10.6,441,35.1,9.1,28.5,41.7,28.8,3.8,25053,16602,15682,21635,38418,77625,8.7
1400000US48453001000,48453001000,"Census Tract 10, Travis County, Texas",248,30.6,31.5,32.3,5.6,3068,18.9,11.1,23.3,13.9,1.6,21.4,9.8,70.0,31.2,826,88.5,49.4,673,83.4,42.2,921,63.3,19.7,648,42.1,13.0,35.3,22.8,19.6,6.9,27813,16887,16942,32778,39297,49938,11.0
1400000US48453001100,48453001100,"Census Tract 11, Travis County, Texas",262,21.4,9.2,27.1,42.4,4332,2.8,3.3,7.3,11.3,3.8,32.7,38.8,93.9,71.5,1921,96.2,78.4,681,99.3,78.7,1351,88.7,60.5,379,91.0,62.8,73.7,38.0,44.6,1.0,85678,11563,52827,14000,81607,125245,4.8
1400000US48453001200,48453001200,"Census Tract 12, Travis County, Texas",345,2.9,7.0,24.9,65.2,3878,0.0,0.0,3.2,10.7,2.6,47.8,35.7,100.0,83.5,1773,100.0,84.6,832,100.0,80.2,969,100.0,85.9,304,100.0,78.3,-,0.0,11.3,6.6,53774,-,-,23396,59609,68148,1.0
1400000US48453001303,48453001303,"Census Tract 13.03, Travis County, Texas",150,2.0,0.0,21.3,76.7,2303,2.6,0.6,6.3,16.2,5.2,40.7,28.4,96.7,69.1,655,99.8,78.2,481,100.0,67.8,885,98.6,67.6,282,78.0,55.0,31.5,36.1,20.9,4.9,49639,-,16618,26815,67468,49512,4.4
1400000US48453001304,48453001304,"Census Tract 13.04, Travis County, Texas",159,13.2,33.3,35.2,18.2,3089,0.4,1.6,9.0,18.5,7.3,43.9,19.4,98.1,63.3,1377,97.8,62.7,662,98.3,67.5,865,100.0,68.3,185,90.3,28.6,42.4,3.2,11.3,5.0,44353,18281,27217,34130,45273,59688,5.9
1400000US48453001305,48453001305,"Census Tract 13.05, Travis County, Texas",389,13.9,18.0,50.4,17.7,4170,4.6,5.0,10.6,11.1,6.6,42.2,19.9,90.4,62.1,1519,94.5,68.2,1088,94.1,57.6,1229,89.8,66.4,334,62.0,33.5,34.3,16.9,9.7,9.6,43203,14583,21218,30707,56734,54583,2.2
1400000US48453001307,48453001307,"Census Tract 13.07, Travis County, Texas",415,3.6,22.2,42.9,31.3,2510,1.9,6.5,18.9,20.1,4.5,36.3,11.8,91.6,48.1,914,98.1,59.2,595,94.1,52.3,809,86.3,38.7,192,75.5,22.4,21.9,30.6,18.0,6.9,38977,13750,26612,25109,42217,73426,8.5
1400000US48453001308,48453001308,"Census Tract 13.08, Travis County, Texas",336,38.1,12.2,26.8,22.9,2143,9.1,7.6,19.1,21.3,4.4,25.7,12.7,83.3,38.4,799,87.7,47.4,422,87.2,38.2,694,83.4,35.4,228,60.1,16.2,29.1,16.3,12.9,9.1,30353,14531,25380,29886,42031,52344,5.2
1400000US48453001401,48453001401,"Census Tract 14.01, Travis County, Texas",398,5.8,0.0,40.7,53.5,2460,0.9,0.5,4.9,14.2,4.2,50.1,25.2,98.6,75.3,1167,99.5,80.5,362,100.0,91.7,671,99.1,64.1,260,91.2,58.1,-,16.5,21.4,4.5,48868,-,23894,25357,45344,55833,7.4
1400000US48453001402,48453001402,"Census Tract 14.02, Travis County, Texas",387,0.0,0.0,75.7,24.3,1997,0.8,0.4,9.5,22.5,4.4,40.1,22.4,98.8,62.4,781,98.0,56.3,402,98.0,66.7,688,100.0,71.1,126,100.0,39.7,66.7,18.5,11.7,7.2,40354,-,18438,36250,40066,59125,0.7
1400000US48453001403,48453001403,"Census Tract 14.03, Travis County, Texas",46,10.9,8.7,21.7,58.7,1257,4.4,4.9,28.2,16.4,7.2,27.0,11.8,90.7,38.8,493,93.1,44.2,226,95.1,42.5,396,89.1,32.1,142,79.6,33.1,63.2,11.5,5.1,9.0,28333,18603,21349,24063,49659,40625,2.8
1400000US48453001501,48453001501,"Census Tract 15.01, Travis County, Texas",230,3.5,17.0,56.5,23.0,4058,0.0,1.0,11.1,16.5,5.1,42.6,23.6,99.0,66.2,547,97.8,78.4,986,100.0,67.8,1763,98.9,64.1,762,98.6,60.2,54.8,20.8,15.7,1.3,47660,-,16901,28040,65375,79766,4.8
1400000US48453001503,48453001503,"Census Tract 15.03, Travis County, Texas",284,5.6,5.6,55.3,33.5,3089,4.5,6.8,16.3,22.3,5.9,26.0,18.2,88.7,44.2,1194,91.8,39.7,721,92.5,58.5,902,82.5,40.9,272,85.3,36.8,15.1,23.6,13.9,6.1,32437,30625,25692,29583,45694,53792,5.5
1400000US48453001504,48453001504,"Census Tract 15.04, Travis County, Texas",227,10.1,11.0,32.2,46.7,4067,1.3,1.9,17.3,17.3,6.1,33.0,23.0,96.7,56.0,1444,99.2,62.9,1055,97.3,70.9,1055,97.4,44.9,513,87.1,28.8,42.6,1.3,4.3,2.0,43026,11515,20511,38594,47282,58015,6.2
1400000US48453001505,48453001505,"Census Tract 15.05, Travis County, Texas",704,4.3,8.4,60.5,26.8,3062,5.3,4.0,11.1,14.3,5.6,37.3,22.4,90.7,59.7,818,95.6,70.0,816,96.8,67.2,1042,85.8,60.4,386,80.3,20.2,8.5,0.0,11.7,8.2,46674,16996,24535,30742,52911,61628,6.9
1400000US48453001602,48453001602,"Census Tract 16.02, Travis County, Texas",252,8.7,4.4,25.0,61.9,2456,1.8,0.2,3.0,9.4,2.4,42.6,40.6,98.1,83.3,1284,100.0,89.5,418,100.0,83.0,631,93.2,72.3,123,96.7,75.6,0.0,6.8,13.7,12.2,36023,-,21500,22917,37236,34783,1.4
1400000US48453001603,48453001603,"Census Tract 16.03, Travis County, Texas",167,9.0,0.0,79.0,12.0,3084,0.0,0.5,1.8,4.3,0.0,51.0,42.3,99.5,93.4,715,97.9,91.5,664,100.0,98.6,1331,100.0,95.0,374,100.0,81.8,0.0,0.0,0.0,2.7,67273,-,30469,46750,55144,74912,5.0
1400000US48453001604,48453001604,"Census Tract 16.04, Travis County, Texas",57,17.5,0.0,70.2,12.3,2884,2.6,0.9,2.3,6.7,1.0,44.0,42.4,96.5,86.4,302,100.0,87.4,518,100.0,95.0,1424,99.0,92.8,640,86.4,64.8,0.0,0.0,2.7,4.6,76771,11607,26518,27750,52685,120952,2.2
1400000US48453001605,48453001605,"Census Tract 16.05, Travis County, Texas",247,0.4,6.1,25.9,67.6,2876,0.2,0.1,3.1,10.8,1.5,46.8,37.5,99.7,84.3,1070,100.0,89.2,533,98.5,81.4,919,99.9,84.9,354,100.0,72.3,11.1,32.6,8.8,10.7,50699,"250,000+",10688,37159,44576,67298,3.0
1400000US48453001606,48453001606,"Census Tract 16.06, Travis County, Texas",3,33.3,33.3,33.3,0.0,109,3.7,15.6,54.1,26.6,0.0,0.0,0.0,80.7,0.0,18,88.9,0.0,22,95.5,0.0,42,88.1,0.0,27,51.9,0.0,95.2,69.5,48.3,-,17750,-,20625,"2,500-",-,-,35.8
1400000US48453001705,48453001705,"Census Tract 17.05, Travis County, Texas",187,11.2,23.0,41.7,24.1,3457,0.0,1.5,4.0,18.8,2.7,43.5,29.4,98.5,72.9,486,94.9,75.7,672,100.0,69.9,1390,98.2,78.7,909,99.7,64.7,0.0,24.8,0.0,4.1,70285,-,-,52936,65625,83750,6.7
1400000US48453001706,48453001706,"Census Tract 17.06, Travis County, Texas",245,2.0,16.3,11.0,70.6,2717,0.0,0.3,7.4,17.2,4.6,39.6,31.0,99.7,70.6,690,98.8,58.6,496,100.0,83.5,975,100.0,72.7,556,100.0,70.1,100.0,13.5,4.1,1.8,52670,-,15000,40927,48520,76677,3.7
1400000US48453001707,48453001707,"Census Tract 17.07, Travis County, Texas",540,3.1,13.7,50.0,33.1,3709,0.0,1.2,11.7,15.8,3.5,41.6,26.2,98.7,67.8,802,100.0,69.0,711,98.0,67.8,1227,98.0,60.3,969,99.1,76.3,23.4,9.2,0.3,7.5,43694,-,25080,26736,38924,60526,3.2
1400000US48453001712,48453001712,"Census Tract 17.12, Travis County, Texas",162,34.0,29.0,32.1,4.9,3443,4.6,7.6,22.2,27.5,6.7,25.2,6.2,87.8,31.4,733,68.6,34.0,824,87.3,36.0,1101,96.0,25.1,785,94.6,33.0,26.8,14.3,11.3,3.1,31667,21210,33715,23750,42727,65833,4.3
1400000US48453001713,48453001713,"Census Tract 17.13, Travis County, Texas",275,6.5,41.8,39.3,12.4,3265,1.2,4.1,18.5,30.4,5.5,28.8,11.4,94.7,40.2,945,93.9,43.0,708,100.0,57.3,1080,91.9,28.5,532,94.7,36.1,53.5,10.9,12.0,3.0,36107,15903,31688,31578,44612,49125,2.0
1400000US48453001714,48453001714,"Census Tract 17.14, Travis County, Texas",1057,2.1,25.8,39.5,32.5,8849,0.4,2.2,9.1,17.8,7.0,35.5,28.0,97.4,63.6,2125,91.9,48.3,2176,100.0,64.2,3523,99.4,76.4,1025,96.9,49.6,70.5,4.0,10.0,1.9,50371,-,28494,38836,49752,89306,2.1
1400000US48453001716,48453001716,"Census Tract 17.16, Travis County, Texas",317,3.2,17.7,38.5,40.7,3874,1.8,0.4,6.8,10.7,6.7,43.8,29.7,97.8,73.6,915,92.6,70.3,963,100.0,78.6,1486,100.0,74.4,510,96.5,67.5,0.0,11.7,13.5,2.5,63936,-,50966,34936,72885,79712,5.5
1400000US48453001718,48453001718,"Census Tract 17.18, Travis County, Texas",511,7.8,6.1,62.4,23.7,4207,0.7,0.9,5.0,13.9,3.5,39.2,36.7,98.4,75.9,1196,98.7,78.4,833,100.0,82.4,1402,98.4,83.2,776,96.1,51.8,0.0,0.5,7.6,4.3,54333,-,19716,34605,56495,68068,4.2
1400000US48453001719,48453001719,"Census Tract 17.19, Travis County, Texas",74,23.0,17.6,59.5,0.0,3164,0.0,0.3,6.6,9.7,2.4,43.8,37.2,99.7,80.9,348,100.0,74.7,642,100.0,89.9,1416,100.0,84.8,758,98.5,69.0,0.0,3.8,5.7,2.1,85221,-,31193,51964,78281,108750,2.1
1400000US48453001722,48453001722,"Census Tract 17.22, Travis County, Texas",346,0.0,23.4,40.5,36.1,2937,0.0,2.4,9.9,16.4,6.7,37.2,27.3,97.6,64.5,1409,97.8,59.8,469,94.5,65.7,798,98.4,70.1,261,100.0,70.9,20.0,5.5,4.6,5.8,40728,34167,17143,37159,45190,43186,3.1
1400000US48453001728,48453001728,"Census Tract 17.28, Travis County, Texas",609,18.7,30.7,38.6,12.0,5471,1.5,6.1,15.8,27.3,3.0,34.5,11.7,92.3,46.2,1337,97.8,57.7,1324,91.9,46.5,2251,90.0,41.8,559,89.6,36.1,35.1,9.8,4.0,0.0,39296,8750,23638,30948,44917,53899,3.8
1400000US48453001729,48453001729,"Census Tract 17.29, Travis County, Texas",209,0.0,21.1,52.6,26.3,3639,0.5,1.5,26.5,24.1,4.5,26.9,16.0,97.9,42.9,1295,97.6,37.2,1040,100.0,51.2,964,95.4,41.3,340,100.0,43.8,1.3,16.4,4.0,1.8,42440,"2,500-",40908,39127,46190,63413,4.5
1400000US48453001733,48453001733,"Census Tract 17.33, Travis County, Texas",146,15.1,24.7,60.3,0.0,2610,6.9,1.0,10.3,22.8,5.5,30.9,22.6,92.1,53.5,300,85.3,64.7,577,78.5,46.4,1340,97.4,57.9,393,99.5,40.2,20.4,12.9,5.8,3.7,64555,31111,24276,60984,78523,80227,8.3
1400000US48453001737,48453001737,"Census Tract 17.37, Travis County, Texas",242,10.7,50.4,34.7,4.1,7599,1.1,1.0,5.7,16.0,6.5,41.1,28.6,97.9,69.7,1566,97.6,71.6,2030,98.9,75.6,3045,97.6,69.2,958,97.6,55.6,0.6,0.7,4.0,2.7,63071,-,38469,39665,71250,79542,6.4
1400000US48453001738,48453001738,"Census Tract 17.38, Travis County, Texas",338,3.8,24.3,49.1,22.8,4683,0.7,1.1,9.9,20.0,4.6,39.0,24.6,98.2,63.6,621,100.0,55.2,1152,100.0,67.4,2183,98.3,68.4,727,93.5,50.3,0.0,0.2,10.1,2.9,53370,13750,38054,41731,53028,90327,2.2
1400000US48453001740,48453001740,"Census Tract 17.40, Travis County, Texas",445,20.4,11.5,46.3,21.8,3145,0.8,1.7,10.7,15.5,6.3,49.1,16.0,97.6,65.1,986,98.8,79.2,688,96.8,57.6,1194,97.6,58.9,277,94.9,60.3,18.2,9.9,3.2,7.1,51149,22625,43910,26202,56141,71109,3.8
1400000US48453001741,48453001741,"Census Tract 17.41, Travis County, Texas",107,53.3,15.0,31.8,0.0,2447,0.7,3.6,16.8,27.3,2.0,33.1,16.5,95.7,49.6,298,85.6,23.8,392,100.0,61.7,1378,98.2,56.2,379,90.2,33.2,0.0,11.9,7.4,1.7,57731,24485,32464,43289,61648,100250,5.0
1400000US48453001742,48453001742,"Census Tract 17.42, Travis County, Texas",625,27.2,19.8,53.0,0.0,4106,7.1,6.3,22.6,22.0,4.7,22.4,15.0,86.6,37.4,917,88.1,32.1,1012,85.6,50.4,1687,86.2,26.6,490,86.9,57.6,56.5,11.6,9.8,5.2,42141,14709,24697,40694,52478,108297,5.0
1400000US48453001745,48453001745,"Census Tract 17.45, Travis County, Texas",55,74.5,0.0,25.5,0.0,1929,1.7,2.3,14.0,25.6,3.3,29.1,24.0,96.0,53.1,402,94.5,45.3,321,95.0,70.1,764,97.0,58.5,442,96.2,38.5,39.7,14.4,7.9,1.0,50500,3917,32222,37625,87333,71389,7.7
1400000US48453001746,48453001746,"Census Tract 17.46, Travis County, Texas",166,11.4,16.3,38.6,33.7,2910,3.6,2.0,22.4,20.2,6.4,34.7,10.5,94.4,45.3,981,97.9,45.7,588,97.6,51.5,1057,93.8,44.7,284,77.8,33.1,33.6,9.1,5.1,6.0,42518,30536,21788,38819,51845,55125,5.8
1400000US48453001747,48453001747,"Census Tract 17.47, Travis County, Texas",588,12.2,49.7,30.3,7.8,3850,2.6,5.2,23.2,30.3,4.0,25.6,9.1,92.1,34.6,1078,96.0,28.6,962,94.3,43.0,1241,90.5,34.5,569,84.7,32.3,20.8,16.1,13.7,10.9,33295,30568,20686,35149,43987,72384,6.7
1400000US48453001748,48453001748,"Census Tract 17.48, Travis County, Texas",611,9.5,34.0,42.2,14.2,4651,0.9,3.7,18.9,23.7,5.8,30.1,17.0,95.4,47.1,1692,98.4,42.9,1074,98.0,65.5,1378,97.8,42.2,507,73.8,35.3,0.5,22.3,0.1,3.7,36522,23981,20955,35742,43732,63977,5.0
1400000US48453001749,48453001749,"Census Tract 17.49, Travis County, Texas",455,4.8,21.3,43.7,30.1,4455,1.5,2.1,10.3,17.0,1.7,37.7,29.6,96.4,67.3,1601,99.0,79.2,872,94.3,66.3,1308,97.4,63.3,674,90.9,48.4,25.7,20.1,6.2,2.1,46004,10658,16551,37552,51314,52094,3.0
1400000US48453001750,48453001750,"Census Tract 17.50, Travis County, Texas",415,0.5,17.3,39.3,42.9,3576,2.8,3.7,10.1,18.0,5.5,40.0,19.9,93.4,59.8,1447,95.8,65.3,795,89.6,60.3,984,93.2,58.7,350,93.1,39.4,41.7,16.3,7.1,3.8,50461,14333,33393,35911,53996,81406,6.8
1400000US48453001751,48453001751,"Census Tract 17.51, Travis County, Texas",82,32.9,23.2,11.0,32.9,1613,0.0,0.4,6.0,10.5,3.2,44.2,35.8,99.6,80.0,151,100.0,83.4,288,98.3,87.8,573,100.0,82.5,601,99.8,72.9,0.0,9.4,5.9,3.0,58750,-,9063,43024,60000,95208,4.1
1400000US48453001752,48453001752,"Census Tract 17.52, Travis County, Texas",980,0.7,13.6,48.3,37.4,2330,2.7,0.5,10.7,17.6,4.3,32.9,31.3,96.9,64.2,1424,100.0,65.7,429,97.4,69.0,380,100.0,66.3,97,36.1,12.4,15.1,16.8,35.8,18.3,25714,-,28000,18203,25757,27273,7.1
1400000US48453001753,48453001753,"Census Tract 17.53, Travis County, Texas",114,2.6,6.1,33.3,57.9,848,1.4,1.5,7.0,17.7,2.8,40.2,29.4,97.1,69.6,555,95.5,69.0,97,100.0,77.3,169,100.0,71.6,27,100.0,40.7,48.0,27.1,9.8,4.7,46509,-,36250,40341,50333,54808,6.4
1400000US48453001754,48453001754,"Census Tract 17.54, Travis County, Texas",293,17.4,21.2,55.6,5.8,3760,3.9,1.9,11.1,25.7,4.7,40.3,12.4,94.2,52.7,865,94.7,48.9,989,97.8,67.0,1389,94.2,51.0,517,86.5,36.2,0.0,0.0,12.3,6.1,42927,15341,42000,34375,64107,51172,13.0
1400000US48453001755,48453001755,"Census Tract 17.55, Travis County, Texas",174,17.8,26.4,29.9,25.9,3997,0.0,1.2,3.2,11.6,3.2,33.4,47.5,98.8,80.9,299,100.0,67.2,1085,100.0,84.4,2049,99.1,86.0,564,94.9,62.6,0.0,0.0,2.7,2.0,95724,-,-,45476,92337,121318,1.1
1400000US48453001756,48453001756,"Census Tract 17.56, Travis County, Texas",126,0.0,31.7,51.6,16.7,3026,0.6,1.1,9.8,20.8,4.9,39.4,23.3,98.3,62.7,707,100.0,47.5,677,99.0,75.3,1214,98.9,65.6,428,92.8,59.8,13.7,1.3,6.2,2.1,52711,-,33889,32361,60781,85000,6.2
1400000US48453001757,48453001757,"Census Tract 17.57, Travis County, Texas",118,0.0,6.8,34.7,58.5,1605,0.8,1.2,9.4,17.5,1.2,39.8,30.2,98.0,69.9,142,100.0,67.6,399,100.0,81.7,578,100.0,77.5,486,93.4,51.9,40.6,0.0,9.7,2.5,68472,-,19597,40313,69318,81518,14.5
1400000US48453001760,48453001760,"Census Tract 17.60, Travis County, Texas",598,6.5,25.8,62.7,5.0,9482,0.3,0.4,8.2,13.5,4.9,42.1,30.5,99.3,72.6,903,100.0,80.3,3965,99.5,81.2,3346,99.4,66.2,1268,97.9,57.2,0.0,2.6,1.3,2.9,70239,-,31845,57685,66065,99452,5.2
1400000US48453001761,48453001761,"Census Tract 17.61, Travis County, Texas",587,5.5,18.9,52.0,23.7,4849,0.4,1.2,5.3,15.7,4.1,42.3,31.2,98.5,73.4,1131,100.0,53.9,959,95.8,78.7,2003,98.4,82.6,756,100.0,71.6,76.7,16.3,14.7,3.9,70471,-,18836,30000,75199,127850,3.3
1400000US48453001764,48453001764,"Census Tract 17.64, Travis County, Texas",216,18.5,11.6,44.9,25.0,4333,0.4,1.6,16.7,21.2,8.3,35.4,16.4,98.0,51.7,352,100.0,58.2,733,98.2,63.8,2314,97.7,46.6,934,97.6,52.6,34.1,10.9,3.5,2.4,56360,18333,26585,48512,71114,62443,7.3
1400000US48453001765,48453001765,"Census Tract 17.65, Travis County, Texas",740,22.7,32.6,26.9,17.8,8391,0.4,1.2,7.1,13.6,6.4,47.0,24.2,98.4,71.2,1104,100.0,50.5,2806,100.0,76.4,3590,98.7,73.9,891,89.9,69.8,0.0,9.9,3.4,2.3,68864,108145,27679,39132,82800,97961,2.1
1400000US48453001766,48453001766,"Census Tract 17.66, Travis County, Texas",429,10.7,52.7,26.1,10.5,5152,6.1,6.9,23.7,28.9,5.7,18.5,10.3,87.0,28.7,874,86.5,7.8,727,94.8,57.4,2514,86.0,26.8,1037,84.6,31.1,5.7,14.2,10.7,3.9,37150,15982,21779,36445,76339,58147,6.3
1400000US48453001768,48453001768,"Census Tract 17.68, Travis County, Texas",237,26.6,29.1,37.1,7.2,4367,0.5,2.4,18.5,21.4,6.1,32.6,18.4,97.1,51.0,619,100.0,55.4,998,100.0,66.6,2035,96.6,43.9,715,92.3,45.7,17.0,15.2,5.4,0.7,60806,11250,35645,51250,67065,79539,4.8
1400000US48453001769,48453001769,"Census Tract 17.69, Travis County, Texas",301,6.6,11.3,57.8,24.3,3894,1.3,2.7,14.4,25.4,3.5,32.5,20.2,96.0,52.7,701,90.0,34.4,839,95.9,60.4,1754,99.8,55.1,600,91.8,56.3,1.9,8.4,2.3,7.6,44012,-,37569,36440,54605,49712,3.5
1400000US48453001770,48453001770,"Census Tract 17.70, Travis County, Texas",375,9.6,17.1,48.8,24.5,7554,0.6,1.3,3.4,14.2,5.3,45.8,29.5,98.1,75.2,1060,100.0,79.1,2461,100.0,85.3,3138,98.5,72.2,895,89.4,53.3,0.0,0.0,2.8,1.8,80065,-,188194,51658,81330,99875,1.9
1400000US48453001771,48453001771,"Census Tract 17.71, Travis County, Texas",166,4.8,5.4,84.3,5.4,3096,0.0,0.8,7.7,24.2,3.5,41.5,22.3,99.2,63.8,172,100.0,13.4,565,100.0,70.4,1531,100.0,72.1,828,96.9,54.3,0.0,6.7,7.1,2.4,59375,-,25417,42768,74792,100787,2.3
1400000US48453001772,48453001772,"Census Tract 17.72, Travis County, Texas",288,37.2,21.2,38.9,2.8,2358,1.3,5.4,20.6,32.4,3.5,33.2,3.6,93.3,36.9,782,98.3,58.7,623,95.7,25.8,721,85.2,24.4,232,95.3,31.5,22.2,14.0,7.8,3.1,45329,40759,25370,36597,62029,48594,4.7
1400000US48453001773,48453001773,"Census Tract 17.73, Travis County, Texas",241,20.3,16.2,42.3,21.2,4746,0.0,0.9,8.5,18.0,5.8,44.7,22.1,99.1,66.8,391,100.0,65.5,1214,99.7,75.5,2003,100.0,70.1,1138,96.5,52.3,0.0,9.7,3.2,5.2,62337,-,71250,47805,62394,101833,6.5
1400000US48453001774,48453001774,"Census Tract 17.74, Travis County, Texas",418,24.4,12.2,52.6,10.8,5345,1.8,3.3,9.7,23.2,4.2,39.1,18.6,94.9,57.7,1293,96.9,54.3,1626,98.0,68.1,1841,93.0,56.1,585,87.5,41.5,1.5,9.2,1.8,1.5,51948,40238,40577,49911,54379,51536,2.3
1400000US48453001775,48453001775,"Census Tract 17.75, Travis County, Texas",177,0.0,0.6,63.3,36.2,3486,1.1,1.3,11.6,17.8,4.3,41.6,22.4,97.6,64.0,583,100.0,78.4,915,100.0,75.2,1452,97.0,58.2,536,92.5,45.0,20.0,3.5,2.3,0.2,61946,-,27500,48125,66942,77111,5.2
1400000US48453001776,48453001776,"Census Tract 17.76, Travis County, Texas",233,0.9,26.2,67.4,5.6,2036,0.9,1.6,19.5,27.3,9.0,29.3,12.5,97.5,41.8,528,100.0,34.1,532,100.0,35.3,789,94.9,54.5,187,94.7,28.3,0.0,14.4,9.9,2.2,36798,31477,19929,35648,45893,61742,2.9
1400000US48453001777,48453001777,"Census Tract 17.77, Travis County, Texas",567,14.8,13.4,62.8,9.0,4106,1.2,2.6,19.8,23.0,6.9,33.7,12.7,96.2,46.4,1334,93.6,49.2,831,98.4,36.5,1593,97.7,55.0,348,94.3,20.7,4.5,9.2,5.9,6.2,42885,51066,29621,36467,45972,72045,5.4
1400000US48453001778,48453001778,"Census Tract 17.78, Travis County, Texas",146,19.2,24.0,42.5,14.4,3018,0.3,2.1,10.5,27.0,5.2,36.0,18.9,97.6,54.9,430,97.0,39.8,522,98.5,66.5,1254,99.2,57.4,812,95.0,51.6,28.6,0.0,12.3,6.8,49383,-,19712,36184,76250,50972,8.0
1400000US48453001779,48453001779,"Census Tract 17.79, Travis County, Texas",292,28.8,49.3,15.4,6.5,4717,5.3,0.8,19.1,23.0,11.8,30.9,9.1,94.0,40.0,616,80.8,43.5,769,90.8,28.0,2094,95.5,34.0,1238,100.0,55.8,0.0,8.7,2.3,6.7,38931,20127,21970,39107,51250,42045,2.4
1400000US48453001780,48453001780,"Census Tract 17.80, Travis County, Texas",131,12.2,52.7,22.1,13.0,3433,2.2,1.7,23.0,27.0,11.8,22.2,12.2,96.1,34.3,392,99.5,23.5,525,100.0,31.4,1817,94.6,36.6,699,95.1,36.8,33.3,4.7,13.2,1.2,41365,8365,26620,41558,73214,106500,4.4
1400000US48453001781,48453001781,"Census Tract 17.81, Travis County, Texas",76,6.6,21.1,72.4,0.0,1744,0.9,0.0,6.5,21.2,4.8,36.5,30.0,99.1,66.5,328,100.0,56.7,311,100.0,84.9,594,97.3,68.0,511,100.0,59.9,0.0,0.0,11.7,4.5,67000,-,33802,24833,94219,85337,0.9
1400000US48453001782,48453001782,"Census Tract 17.82, Travis County, Texas",324,9.0,20.7,61.1,9.3,3498,3.0,0.9,7.0,11.1,5.2,36.8,35.8,96.0,72.7,350,100.0,60.3,829,100.0,73.9,1728,98.3,81.3,591,81.6,53.1,63.0,13.1,20.9,7.2,66533,-,24286,20909,65438,91432,2.9
1400000US48453001783,48453001783,"Census Tract 17.83, Travis County, Texas",263,15.6,29.7,51.7,3.0,3727,0.0,0.7,11.8,11.9,6.3,38.9,30.3,99.3,69.2,298,100.0,74.5,973,100.0,80.1,2064,98.7,64.7,392,100.0,61.7,100.0,12.7,5.4,2.2,52956,-,34013,26806,57008,92813,4.3
1400000US48453001784,48453001784,"Census Tract 17.84, Travis County, Texas",238,19.3,22.7,39.5,18.5,3562,0.7,0.1,8.6,7.7,4.9,48.2,29.6,99.2,77.9,315,99.4,93.7,1369,100.0,87.8,1525,98.9,74.6,353,96.9,39.7,0.0,3.2,0.0,2.1,69297,-,24050,42227,74879,102832,1.9
1400000US48453001785,48453001785,"Census Tract 17.85, Travis County, Texas",540,1.9,47.4,33.9,16.9,3039,2.1,2.0,6.2,31.9,1.8,41.3,14.7,95.9,56.0,1332,97.6,59.6,718,97.5,63.6,855,92.0,50.4,134,94.0,14.9,15.1,1.1,4.3,5.2,46092,46942,26250,38148,48542,55536,8.0
1400000US48453001786,48453001786,"Census Tract 17.86, Travis County, Texas",683,3.2,24.2,49.5,23.1,3920,3.3,6.6,11.1,25.9,4.4,33.1,15.5,90.1,48.6,1657,97.8,63.0,1067,91.7,57.5,1115,76.4,20.6,81,100.0,21.0,8.2,12.6,8.2,3.6,39711,22344,30331,36926,48230,53042,1.8
1400000US48453001804,48453001804,"Census Tract 18.04, Travis County, Texas",663,30.3,22.9,34.7,12.1,4398,16.8,13.3,18.7,19.4,5.1,19.0,7.7,69.8,26.6,1425,68.6,26.5,1426,68.2,29.2,1313,73.3,22.2,234,67.5,35.9,38.7,46.4,23.4,7.0,21182,17927,14748,21313,36337,55956,8.4
1400000US48453001805,48453001805,"Census Tract 18.05, Travis County, Texas",456,6.6,50.2,38.4,4.8,2971,16.1,11.2,36.5,15.7,3.1,11.9,5.6,72.8,17.5,1123,74.3,14.6,630,63.7,17.8,955,73.6,21.2,263,85.2,16.0,29.4,26.2,28.5,14.8,16857,14361,17409,20817,27277,46379,9.4
1400000US48453001806,48453001806,"Census Tract 18.06, Travis County, Texas",911,21.7,35.3,34.6,8.3,3787,16.1,17.5,37.3,14.8,2.4,11.6,0.3,66.4,12.0,1584,76.5,22.3,894,50.2,1.5,1058,67.6,6.9,251,55.8,5.2,36.1,18.5,19.7,22.3,21809,16461,20385,25202,26076,-,11.6
1400000US48453001811,48453001811,"Census Tract 18.11, Travis County, Texas",375,33.1,25.1,33.6,8.3,2448,29.5,13.4,21.9,17.8,2.2,10.3,4.9,57.1,15.2,891,66.1,9.4,257,22.2,5.1,1041,52.8,20.9,259,78.0,22.0,46.1,45.9,18.4,20.4,18214,16589,16076,24955,65357,56250,12.6
1400000US48453001812,48453001812,"Census Tract 18.12, Travis County, Texas",974,32.4,32.6,19.3,15.6,4700,26.7,14.3,27.9,14.0,2.1,10.4,4.5,58.9,14.9,2098,74.8,25.4,1141,48.3,4.1,1121,39.3,7.2,340,61.5,11.8,38.5,20.9,30.5,12.6,21515,18357,19375,25577,35319,27404,13.9
1400000US48453001813,48453001813,"Census Tract 18.13, Travis County, Texas",836,35.6,32.5,27.5,4.3,3650,17.7,15.8,26.5,17.9,3.3,13.0,5.8,66.5,18.8,1519,61.7,14.2,738,61.7,8.1,1156,72.3,29.2,237,83.5,30.8,29.3,22.4,23.2,18.0,21187,17429,21010,29077,34441,75469,16.9
1400000US48453001817,48453001817,"Census Tract 18.17, Travis County, Texas",216,0.0,24.5,56.5,19.0,3109,0.7,1.4,14.7,21.4,7.1,32.5,22.2,97.9,54.7,994,100.0,71.4,469,100.0,55.0,1024,98.7,52.6,622,91.6,31.0,15.4,17.7,12.0,7.2,40386,-,26723,39571,40315,58832,9.7
1400000US48453001818,48453001818,"Census Tract 18.18, Travis County, Texas",557,42.5,26.4,12.2,18.9,3539,13.4,6.7,19.6,19.8,4.8,23.8,11.9,79.9,35.7,1071,87.3,40.8,1041,73.3,27.8,964,73.7,36.1,463,90.7,40.8,53.4,55.9,1.1,6.9,27935,16240,17703,35301,37500,52379,5.0
1400000US48453001819,48453001819,"Census Tract 18.19, Travis County, Texas",538,25.8,48.7,22.9,2.6,2678,32.7,20.7,24.0,9.4,2.1,6.3,4.7,46.6,11.1,1166,40.3,6.9,645,43.7,13.0,770,54.8,11.3,97,76.3,45.4,47.9,21.9,20.1,0.0,20905,19922,22024,20602,23558,32031,14.9
1400000US48453001820,48453001820,"Census Tract 18.20, Travis County, Texas",778,48.2,17.4,33.3,1.2,3997,13.6,19.0,24.3,21.1,7.3,9.9,4.7,67.4,14.7,1403,60.2,15.2,1186,54.4,10.2,1207,84.5,15.2,201,91.5,34.3,38.9,19.8,17.9,15.0,22508,17597,19769,33723,26987,36328,12.0
1400000US48453001821,48453001821,"Census Tract 18.21, Travis County, Texas",602,17.9,50.2,25.6,6.3,3764,15.8,6.0,29.7,18.7,6.5,18.8,4.6,78.2,23.3,1037,72.3,18.8,1050,78.4,22.4,1292,78.1,24.7,385,93.5,33.5,24.2,16.6,19.3,7.7,27367,16978,24508,29971,39808,46806,15.2
1400000US48453001822,48453001822,"Census Tract 18.22, Travis County, Texas",759,33.9,61.8,4.3,0.0,4274,21.6,15.0,29.8,15.5,3.4,12.9,1.8,63.5,14.8,1680,58.4,15.1,1108,60.7,14.8,1203,69.7,16.0,283,77.7,7.4,23.2,19.8,19.2,13.9,24806,23060,22612,22974,34816,70705,24.1
1400000US48453001823,48453001823,"Census Tract 18.23, Travis County, Texas",805,33.4,42.6,17.4,6.6,4167,29.2,14.1,26.7,19.5,2.9,5.7,1.8,56.7,7.5,1712,55.8,3.2,956,55.3,14.4,1323,60.0,7.4,176,48.3,12.5,32.1,25.4,38.9,0.0,20362,16949,24497,20573,23397,4879,13.7
1400000US48453001824,48453001824,"Census Tract 18.24, Travis County, Texas",69,13.0,7.2,43.5,36.2,1252,3.0,1.5,16.1,25.5,8.8,32.8,12.4,95.5,45.2,288,100.0,45.8,277,100.0,48.4,417,96.6,44.8,270,84.4,41.9,53.6,18.4,8.9,5.8,40400,-,17813,32946,53426,52206,4.5
1400000US48453001826,48453001826,"Census Tract 18.26, Travis County, Texas",412,11.4,26.0,61.4,1.2,1523,1.6,0.5,20.5,24.8,8.2,29.5,14.8,97.8,44.4,505,100.0,49.3,341,96.5,54.5,484,95.7,37.2,193,100.0,31.6,27.3,1.6,12.2,1.3,43787,-,31181,42500,59609,77857,6.4
1400000US48453001828,48453001828,"Census Tract 18.28, Travis County, Texas",206,1.9,19.9,59.2,18.9,2979,1.6,2.1,13.6,18.4,6.3,38.3,19.7,96.3,58.0,617,95.3,53.8,600,98.3,73.3,1431,95.9,57.1,331,96.1,41.7,4.5,7.1,1.9,1.7,47113,16471,38611,45223,53242,61184,6.2
1400000US48453001829,48453001829,"Census Tract 18.29, Travis County, Texas",431,0.0,2.6,76.6,20.9,1886,0.0,1.7,20.6,20.9,5.8,35.3,15.6,98.3,50.8,757,100.0,54.0,501,97.4,43.7,493,98.2,53.5,135,91.9,49.6,0.0,5.7,15.4,3.8,40492,-,29119,33939,58095,43750,5.7
1400000US48453001832,48453001832,"Census Tract 18.32, Travis County, Texas",198,47.5,28.8,23.7,0.0,2188,6.0,12.8,20.4,28.5,9.2,18.2,4.7,81.1,22.9,523,94.6,17.2,664,68.4,18.7,686,90.8,35.3,315,64.4,14.6,32.4,16.3,16.8,4.6,27783,12624,28990,26524,42955,49625,7.4
1400000US48453001833,48453001833,"Census Tract 18.33, Travis County, Texas",506,21.7,19.2,53.2,5.9,5124,14.8,21.8,21.5,19.7,3.8,11.5,6.9,63.4,18.4,1557,36.0,6.3,1248,69.2,22.2,1392,77.1,26.7,927,81.1,21.0,36.8,21.6,15.0,6.6,25892,18762,27013,26544,49792,83958,18.0
1400000US48453001834,48453001834,"Census Tract 18.34, Travis County, Texas",763,6.6,28.3,51.9,13.2,5829,1.9,5.1,20.8,25.4,7.3,25.6,13.8,92.9,39.5,2085,94.5,40.0,1617,89.7,43.7,1692,93.6,37.1,435,94.3,30.1,33.7,9.6,10.3,7.3,34060,25500,26496,30958,48193,58315,4.4
1400000US48453001835,48453001835,"Census Tract 18.35, Travis County, Texas",680,14.9,39.4,28.8,16.9,3361,23.1,10.7,16.2,19.1,5.9,17.5,7.6,66.3,25.1,1229,67.6,40.3,699,76.1,18.6,1121,67.3,17.7,312,35.6,6.7,57.8,19.6,7.5,8.5,29700,19205,24954,36216,42261,48304,9.8
1400000US48453001839,48453001839,"Census Tract 18.39, Travis County, Texas",752,9.4,16.4,45.5,28.7,5026,6.2,3.9,21.9,21.8,6.9,26.9,12.3,89.8,39.2,1659,96.9,39.7,1265,85.6,39.0,1665,92.1,39.7,437,66.4,36.2,27.6,23.5,4.1,1.6,39106,33594,30287,38476,52080,60047,9.4
1400000US48453001840,48453001840,"Census Tract 18.40, Travis County, Texas",819,33.1,35.7,25.2,6.1,6253,8.1,8.2,19.6,28.0,8.2,20.6,7.4,83.8,28.0,2376,88.6,40.6,1508,74.1,21.2,1981,88.5,21.9,388,68.0,9.0,21.9,15.4,6.2,4.9,36812,25542,24183,40738,51657,45156,12.2
1400000US48453001841,48453001841,"Census Tract 18.41, Travis County, Texas",1349,25.0,25.8,39.0,10.2,10882,8.7,5.8,24.6,22.7,6.6,22.4,9.1,85.4,31.6,2725,84.6,36.0,2986,83.4,30.0,3966,88.2,32.1,1205,83.3,23.5,44.9,4.6,4.6,2.0,40237,23648,30560,44804,48161,70742,9.4
1400000US48453001842,48453001842,"Census Tract 18.42, Travis County, Texas",781,13.6,42.4,44.0,0.0,5794,14.5,5.7,29.7,22.9,8.4,13.1,5.7,79.8,18.8,1781,82.5,26.4,1641,74.1,18.7,2013,79.6,11.2,359,92.5,24.0,30.2,10.3,6.1,2.1,35195,18767,26706,39171,54554,46500,5.0
1400000US48453001843,48453001843,"Census Tract 18.43, Travis County, Texas",150,8.7,40.7,36.0,14.7,1742,8.5,5.6,16.1,19.9,6.0,30.4,13.7,85.9,44.0,419,64.0,39.6,284,91.9,50.4,806,93.8,44.3,233,91.0,43.3,46.1,3.9,2.4,8.5,39026,26587,40313,31576,53938,48676,2.3
1400000US48453001844,48453001844,"Census Tract 18.44, Travis County, Texas",619,9.0,35.5,50.4,5.0,2501,3.0,3.6,23.8,28.1,8.8,24.3,8.6,93.5,32.8,862,100.0,43.0,569,95.6,31.1,714,87.8,25.1,356,85.7,26.4,5.9,18.1,19.1,3.8,29080,15605,30833,25357,37466,50313,20.1
1400000US48453001845,48453001845,"Census Tract 18.45, Travis County, Texas",311,17.0,15.1,50.2,17.7,2320,5.7,3.8,11.3,28.5,5.2,29.2,16.3,90.5,45.4,780,90.3,45.8,395,85.3,40.3,839,92.3,51.8,306,92.8,33.7,57.5,11.8,16.1,3.9,38486,13000,29708,30313,44451,56528,5.6
1400000US48453001846,48453001846,"Census Tract 18.46, Travis County, Texas",250,1.2,16.8,82.0,0.0,1765,0.0,0.6,11.2,22.2,10.8,37.7,17.5,99.4,55.2,173,100.0,59.5,340,100.0,71.2,947,100.0,52.5,305,96.4,43.3,0.0,11.1,4.8,7.8,52188,-,51736,34464,60542,72344,12.6
1400000US48453001847,48453001847,"Census Tract 18.47, Travis County, Texas",949,4.2,35.1,53.7,7.0,4734,6.6,3.5,14.1,20.8,6.9,36.2,11.7,89.9,48.0,1375,92.8,64.1,1155,92.2,42.6,1788,84.6,41.6,416,96.2,36.8,28.5,8.4,10.6,4.1,43185,9937,37225,39274,50915,65513,5.2
1400000US48453001848,48453001848,"Census Tract 18.48, Travis County, Texas",510,15.7,39.4,39.6,5.3,3440,1.8,9.0,23.0,16.3,8.8,25.6,15.4,89.2,41.0,974,97.4,56.1,864,87.4,33.4,1241,91.2,40.3,361,64.8,21.3,9.2,2.5,11.9,3.5,32800,26875,27734,31429,54167,64375,8.5
1400000US48453001849,48453001849,"Census Tract 18.49, Travis County, Texas",814,0.0,22.7,49.9,27.4,4024,0.9,3.1,13.9,17.0,9.9,41.4,13.9,96.0,55.2,2382,97.9,68.4,826,97.7,44.8,684,88.2,26.9,132,93.9,28.8,42.8,10.4,2.9,6.8,41825,22917,36845,32023,50875,76125,4.3
1400000US48453001850,48453001850,"Census Tract 18.50, Travis County, Texas",654,11.8,37.5,43.9,6.9,2903,0.7,3.5,22.7,20.7,5.8,30.3,16.3,95.8,46.6,1382,100.0,58.8,719,90.5,48.1,691,94.4,24.3,111,87.4,22.5,0.0,4.9,13.7,11.7,30096,11875,19375,30111,37535,39819,13.1
1400000US48453001851,48453001851,"Census Tract 18.51, Travis County, Texas",812,4.8,21.7,64.7,8.9,6358,1.7,1.6,16.2,25.1,10.5,32.7,12.2,96.7,45.0,2441,96.8,49.5,1442,100.0,42.6,1798,98.0,46.7,677,86.1,29.2,0.0,10.8,6.4,3.7,40928,40182,30370,26038,48185,68571,5.8
1400000US48453001853,48453001853,"Census Tract 18.53, Travis County, Texas",128,6.3,44.5,35.2,14.1,2343,0.8,2.0,18.3,17.3,5.3,36.7,19.6,97.2,56.3,712,99.2,54.5,463,100.0,75.2,850,97.3,55.1,318,88.4,35.8,1.5,2.8,4.0,4.3,52109,-,36806,47743,59118,70956,3.3
1400000US48453001854,48453001854,"Census Tract 18.54, Travis County, Texas",203,45.3,9.9,39.9,4.9,3030,8.4,6.5,21.2,32.2,10.8,17.1,3.8,85.1,20.9,832,87.4,21.2,768,83.9,21.0,1123,87.4,21.8,307,73.3,16.9,40.0,3.9,3.5,0.0,38422,23365,31301,40118,51154,54655,11.2
1400000US48453001855,48453001855,"Census Tract 18.55, Travis County, Texas",1098,5.0,38.3,56.4,0.3,9234,0.4,2.2,21.4,22.9,9.9,31.4,11.8,97.4,43.2,1973,100.0,48.0,2595,99.2,44.2,3974,96.9,44.1,692,86.3,19.8,5.9,22.8,7.8,8.5,42932,60398,30888,38707,51476,70106,2.4
1400000US48453001856,48453001856,"Census Tract 18.56, Travis County, Texas",264,9.1,53.0,35.6,2.3,5029,4.5,6.3,19.4,25.5,8.3,25.6,10.4,89.2,36.0,1274,94.4,50.1,1227,83.6,34.2,1831,93.1,29.2,697,79.1,31.3,23.0,13.2,5.7,0.0,39018,32037,26620,31082,56293,73481,9.2
1400000US48453001857,48453001857,"Census Tract 18.57, Travis County, Texas",401,26.4,35.4,34.7,3.5,4155,5.8,4.6,23.3,26.9,13.5,17.9,8.0,89.6,25.9,948,92.0,27.3,1033,93.0,16.0,1654,85.6,30.8,520,91.0,27.5,36.6,10.5,7.0,0.0,36589,8913,24138,39773,53261,63780,5.0
1400000US48453001858,48453001858,"Census Tract 18.58, Travis County, Texas",839,7.5,35.0,50.3,7.2,11616,1.4,1.5,13.2,22.5,12.2,34.3,14.9,97.1,49.2,2892,95.7,54.4,3378,98.5,49.1,4376,98.5,50.2,970,89.8,29.7,5.0,0.9,1.0,2.0,50540,46731,27880,45428,62850,68278,6.9
1400000US48453001859,48453001859,"Census Tract 18.59, Travis County, Texas",76,14.5,38.2,26.3,21.1,1021,6.4,11.7,29.9,18.3,6.4,9.5,17.9,82.0,27.4,197,83.8,27.9,148,81.1,30.4,406,94.1,27.8,270,63.0,24.8,15.2,7.9,4.8,2.1,46197,40735,25625,47432,51591,58549,9.3
1400000US48453001860,48453001860,"Census Tract 18.60, Travis County, Texas",221,0.0,70.1,29.9,0.0,2687,2.7,5.6,28.1,33.5,13.2,10.2,6.7,91.7,16.9,583,92.6,11.1,673,90.2,15.3,914,89.7,14.4,517,95.9,29.6,4.5,12.7,7.1,17.0,32008,22183,32123,31462,29205,39651,5.5
1400000US48453001861,48453001861,"Census Tract 18.61, Travis County, Texas",206,44.7,12.6,19.4,23.3,3360,0.6,1.3,24.6,30.5,9.6,25.0,8.5,98.2,33.5,826,97.6,39.5,933,96.9,46.9,1489,99.2,22.4,112,100.0,24.1,47.5,4.0,4.4,0.0,40844,8875,24144,51705,57787,42664,5.4
1400000US48453001862,48453001862,"Census Tract 18.62, Travis County, Texas",312,21.5,21.5,52.6,4.5,3945,5.7,7.7,16.9,24.5,11.4,23.7,10.3,86.7,33.9,714,86.8,20.7,1161,94.2,47.7,1636,82.5,31.4,434,81.8,28.3,27.5,12.3,8.9,0.1,50191,7371,19773,44103,66403,76071,6.5
1400000US48453001863,48453001863,"Census Tract 18.63, Travis County, Texas",502,7.4,26.5,52.8,13.3,2601,8.7,6.0,28.7,26.3,6.7,19.6,3.9,85.3,23.6,1169,85.7,23.6,639,88.4,23.5,647,78.1,18.5,146,100.0,45.9,15.7,13.4,25.5,22.5,24823,24697,25063,23566,32222,20694,9.0
1400000US48453001864,48453001864,"Census Tract 18.64, Travis County, Texas",341,10.0,31.7,41.3,17.0,2037,2.0,1.3,29.2,28.8,10.6,19.8,8.3,96.7,28.1,944,98.7,33.7,341,97.4,32.6,498,98.4,17.7,254,85.0,22.0,35.8,5.6,2.6,5.8,34635,-,23873,34679,43980,48550,9.9
1400000US48453001901,48453001901,"Census Tract 19.01, Travis County, Texas",293,6.1,8.2,0.0,85.7,4372,0.0,0.4,5.2,14.0,4.8,39.3,36.3,99.6,75.6,1673,100.0,74.6,1012,100.0,73.0,1126,100.0,75.0,561,96.6,84.7,0.0,9.7,6.7,6.0,44746,-,27216,37741,39167,65761,2.6
1400000US48453001908,48453001908,"Census Tract 19.08, Travis County, Texas",446,41.3,12.1,34.8,11.9,6522,2.6,2.9,9.3,16.1,4.2,38.1,26.6,94.4,64.7,1809,91.7,61.5,1332,94.4,72.4,2209,95.2,60.2,1172,97.2,69.4,56.2,22.2,10.0,2.0,55796,18259,34099,30201,65789,104405,8.2
1400000US48453001910,48453001910,"Census Tract 19.10, Travis County, Texas",197,16.2,13.7,35.5,34.5,3194,0.5,0.9,7.6,15.2,4.9,42.4,28.3,98.6,70.8,508,96.7,54.7,744,100.0,67.7,1246,100.0,79.5,696,95.8,70.0,65.4,24.3,0.9,2.7,61071,-,26645,60583,48537,79429,6.8
1400000US48453001911,48453001911,"Census Tract 19.11, Travis County, Texas",350,7.4,6.3,34.0,52.3,2358,0.0,0.3,6.8,12.4,7.4,41.4,31.7,99.7,73.1,1348,100.0,73.4,422,98.1,62.8,532,100.0,80.1,56,100.0,76.8,0.0,0.0,8.8,3.7,49375,-,29310,38304,53542,59464,0.7
1400000US48453001912,48453001912,"Census Tract 19.12, Travis County, Texas",164,23.2,56.7,9.1,11.0,2806,0.0,1.1,5.2,11.9,3.0,38.7,40.2,98.9,78.8,308,100.0,69.5,583,100.0,89.5,1417,98.9,83.3,498,96.6,59.2,46.9,10.3,9.8,7.4,102353,-,22232,40313,64963,147222,1.7
1400000US48453001913,48453001913,"Census Tract 19.13, Travis County, Texas",101,16.8,21.8,6.9,54.5,3283,0.0,0.6,4.6,13.5,2.2,43.2,35.9,99.4,79.1,253,100.0,78.7,846,100.0,75.5,1719,98.8,81.0,465,100.0,78.5,0.0,0.0,2.1,3.1,99911,-,75543,41500,75938,135227,4.6
1400000US48453001914,48453001914,"Census Tract 19.14, Travis County, Texas",441,5.2,20.2,49.4,25.2,4282,2.7,0.3,2.8,16.3,5.1,41.4,31.3,97.1,72.7,925,100.0,77.7,764,98.4,77.9,1771,98.0,72.6,822,90.5,62.5,0.0,0.0,2.2,3.9,54990,70625,25272,39632,58670,77788,3.3
1400000US48453001915,48453001915,"Census Tract 19.15, Travis County, Texas",119,18.5,44.5,31.1,5.9,1372,3.1,1.6,14.4,21.9,3.8,36.5,18.7,95.3,55.2,400,99.3,51.0,276,100.0,81.9,321,85.7,45.8,375,96.0,48.3,0.0,16.3,8.5,1.9,48269,103350,45000,32734,50793,57604,10.3
1400000US48453001916,48453001916,"Census Tract 19.16, Travis County, Texas",129,20.9,38.8,27.9,12.4,1913,0.0,0.5,3.1,8.3,1.4,42.4,44.3,99.5,86.8,144,93.8,56.9,405,100.0,92.3,1208,100.0,88.5,156,100.0,86.5,0.0,0.0,0.0,2.0,121705,-,80313,25208,90893,169000,3.0
1400000US48453001917,48453001917,"Census Tract 19.17, Travis County, Texas",152,11.8,21.1,48.7,18.4,3211,0.0,0.4,1.9,12.4,1.7,46.8,36.7,99.6,83.5,270,100.0,74.4,750,100.0,94.4,1640,100.0,84.8,551,97.5,69.3,0.0,0.0,10.6,3.4,83000,-,81250,35833,87344,103750,3.6
1400000US48453001918,48453001918,"Census Tract 19.18, Travis County, Texas",94,21.3,10.6,39.4,28.7,1774,0.0,0.3,6.2,11.0,1.7,43.5,37.3,99.7,80.8,41,100.0,100.0,350,100.0,80.9,1012,100.0,79.6,371,98.7,81.7,0.0,0.0,9.3,10.5,75417,-,26250,72778,50556,106875,7.0
1400000US48453001919,48453001919,"Census Tract 19.19, Travis County, Texas",119,46.2,30.3,8.4,15.1,2603,0.7,0.3,8.8,11.9,0.9,39.5,38.0,99.0,77.4,321,98.8,65.7,520,100.0,87.1,1234,100.0,85.1,528,96.0,57.2,0.0,12.2,3.0,0.9,101292,-,37000,111161,71406,122763,5.0
1400000US48453002002,48453002002,"Census Tract 20.02, Travis County, Texas",200,8.0,6.5,64.5,21.0,2347,2.1,6.1,15.5,25.0,9.0,28.2,14.2,91.8,42.4,593,95.1,41.5,697,98.0,69.7,700,90.4,29.4,357,76.8,15.7,16.6,2.8,5.6,1.8,34809,10625,20234,33039,43321,82542,7.3
1400000US48453002003,48453002003,"Census Tract 20.03, Travis County, Texas",474,31.2,17.7,39.9,11.2,2493,12.9,7.1,23.9,21.1,6.7,18.5,9.8,80.0,28.3,600,86.5,46.8,726,62.5,23.3,887,91.4,21.5,280,75.0,22.9,40.9,16.1,23.9,16.6,34674,21302,27019,38051,46298,48750,12.1
1400000US48453002004,48453002004,"Census Tract 20.04, Travis County, Texas",216,5.6,12.0,60.6,21.8,1755,1.3,2.2,8.2,25.9,9.5,40.9,12.1,96.5,52.9,1000,98.3,62.8,240,100.0,52.9,410,93.2,37.1,105,83.8,21.0,45.2,14.6,13.5,9.3,24054,-,16858,18125,24844,35372,3.0
1400000US48453002005,48453002005,"Census Tract 20.05, Travis County, Texas",637,15.7,30.1,35.8,18.4,2939,4.8,4.4,14.4,27.2,5.0,30.5,13.6,90.7,44.1,1395,93.2,37.4,555,95.0,73.2,763,88.7,45.7,226,72.1,8.8,55.8,30.7,17.2,5.9,31426,4479,20757,24978,45981,48663,11.5
1400000US48453002104,48453002104,"Census Tract 21.04, Travis County, Texas",160,4.4,11.9,40.6,43.1,2353,5.9,4.1,23.0,19.5,4.8,28.9,13.8,90.0,42.7,780,88.8,43.1,598,91.5,52.0,762,90.8,31.2,213,87.3,55.9,51.9,41.5,19.8,0.8,35060,21635,13716,36196,47857,67750,8.5
1400000US48453002105,48453002105,"Census Tract 21.05, Travis County, Texas",802,17.1,24.7,39.7,18.6,3207,18.3,5.9,27.0,14.5,3.4,19.9,11.0,75.8,30.9,1070,81.7,45.3,959,82.2,23.0,804,71.9,25.9,374,51.3,20.9,35.5,30.2,36.1,5.4,25174,18083,21441,21296,49926,50082,12.7
1400000US48453002106,48453002106,"Census Tract 21.06, Travis County, Texas",206,8.3,43.2,48.5,0.0,2209,16.4,12.3,16.0,14.1,3.6,22.6,15.0,71.3,37.6,563,55.2,41.2,456,99.6,55.7,746,77.2,39.3,444,52.7,11.7,52.7,33.4,9.7,3.1,38008,14391,25303,38813,52823,56042,5.7
1400000US48453002107,48453002107,"Census Tract 21.07, Travis County, Texas",338,16.0,40.2,40.5,3.3,2448,14.7,10.2,27.3,20.3,3.1,18.6,5.7,75.1,24.3,814,75.3,30.7,410,62.4,18.3,785,76.1,20.1,439,85.0,25.5,34.8,32.1,19.7,7.7,24760,16324,21019,23063,42353,54722,10.7
1400000US48453002108,48453002108,"Census Tract 21.08, Travis County, Texas",418,29.4,30.4,36.4,3.8,2168,8.2,4.2,31.7,24.8,3.9,18.5,8.7,87.5,27.2,620,86.8,36.5,421,84.3,34.2,743,90.8,19.8,384,85.9,18.8,67.0,18.9,8.1,10.9,25778,11384,15500,20795,40772,51645,5.4
1400000US48453002109,48453002109,"Census Tract 21.09, Travis County, Texas",224,25.0,40.2,27.7,7.1,2927,7.0,15.6,31.0,21.1,4.1,15.2,6.0,77.4,21.2,852,80.8,33.8,592,82.8,25.7,815,82.9,14.4,668,61.5,9.4,45.2,21.5,20.2,1.9,25934,7040,22438,26552,39565,44514,11.2
1400000US48453002110,48453002110,"Census Tract 21.10, Travis County, Texas",544,34.0,24.8,23.2,18.0,2594,19.9,18.4,24.1,22.9,4.9,7.4,2.5,61.8,9.9,751,82.3,19.7,454,71.1,13.4,1083,48.9,4.4,306,42.8,0.0,42.5,19.2,24.3,6.6,26026,19421,25525,24730,47222,53750,7.8
1400000US48453002111,48453002111,"Census Tract 21.11, Travis County, Texas",448,35.3,53.1,10.3,1.3,3353,22.8,14.9,27.9,14.3,4.0,12.8,3.3,62.4,16.1,1041,63.7,17.8,880,67.7,26.7,967,63.6,8.5,465,46.9,8.0,44.4,29.6,16.2,7.2,28750,19348,33244,33977,40148,40688,16.5
1400000US48453002112,48453002112,"Census Tract 21.12, Travis County, Texas",669,26.5,32.6,32.6,8.4,2781,26.8,11.5,21.1,16.3,6.2,15.0,3.2,61.7,18.2,828,64.6,21.5,827,65.1,20.6,932,56.7,15.1,194,59.3,8.2,33.4,43.0,21.8,18.2,22392,20053,18047,23590,43636,49621,5.4
1400000US48453002113,48453002113,"Census Tract 21.13, Travis County, Texas",198,34.8,29.3,35.9,0.0,2663,10.1,8.7,18.6,22.0,6.1,20.5,14.0,81.3,34.6,667,73.6,37.2,525,84.2,44.2,1042,81.1,31.9,429,90.0,25.4,33.1,18.8,10.5,6.0,38429,21118,23452,40167,42911,62417,6.8
1400000US48453002201,48453002201,"Census Tract 22.01, Travis County, Texas",204,42.2,9.8,48.0,0.0,1149,15.1,16.3,33.0,21.8,7.7,3.0,3.0,68.7,6.1,197,71.6,18.8,318,52.5,1.9,462,79.9,3.2,172,65.1,7.0,30.0,18.5,1.5,12.9,22235,16806,22526,35536,45313,11042,9.6
1400000US48453002202,48453002202,"Census Tract 22.02, Travis County, Texas",953,35.9,42.4,21.7,0.0,4555,17.3,18.1,30.4,19.7,4.6,8.2,1.7,64.6,9.9,1725,68.1,0.6,1202,59.7,16.3,1355,61.2,14.8,273,81.7,15.8,44.6,23.1,25.8,0.0,19688,15774,19595,22111,31974,-,12.3
1400000US48453002207,48453002207,"Census Tract 22.07, Travis County, Texas",434,48.2,19.8,25.1,6.9,5818,14.3,16.0,25.6,28.2,2.3,11.0,2.6,69.6,13.6,1856,64.9,12.8,1739,62.0,17.8,1900,76.4,9.2,323,97.8,21.1,16.8,15.6,2.3,11.5,25163,21302,20200,33021,36538,39432,9.6
1400000US48453002208,48453002208,"Census Tract 22.08, Travis County, Texas",826,34.9,34.9,29.7,0.6,4633,21.5,20.7,26.4,18.7,2.0,6.8,3.9,57.8,10.7,1457,65.4,10.8,1504,48.0,5.5,1216,68.0,18.5,456,39.0,6.8,37.3,24.8,21.3,1.9,22940,21905,18574,26888,50762,64468,11.5
1400000US48453002209,48453002209,"Census Tract 22.09, Travis County, Texas",678,41.3,16.4,42.3,0.0,5267,7.6,11.7,26.1,29.7,6.3,13.6,4.9,80.7,18.5,1860,77.0,19.4,1368,85.7,24.6,1595,82.8,16.8,444,73.0,2.7,23.1,8.4,13.3,1.6,32908,27702,32071,33669,41856,50373,14.8
1400000US48453002210,48453002210,"Census Tract 22.10, Travis County, Texas",207,15.5,51.7,15.9,16.9,2130,11.2,10.3,39.9,19.1,10.3,5.1,4.1,78.5,9.2,545,69.2,5.1,514,78.4,7.8,743,83.8,10.9,328,81.7,14.3,30.7,10.9,6.7,0.0,35239,23750,34762,51205,46188,45833,11.8
1400000US48453002211,48453002211,"Census Tract 22.11, Travis County, Texas",157,17.2,39.5,32.5,10.8,1694,21.3,16.5,20.1,16.5,3.7,15.0,7.0,62.2,22.0,676,57.4,19.5,445,62.7,19.6,485,66.6,29.9,88,72.7,9.1,35.9,6.6,9.6,0.0,35187,21520,33000,39735,50526,47407,7.2
1400000US48453002212,48453002212,"Census Tract 22.12, Travis County, Texas",134,40.3,18.7,41.0,0.0,328,3.4,16.2,41.2,16.2,14.9,5.2,3.0,80.5,8.2,25,80.0,0.0,172,70.9,15.7,111,100.0,0.0,20,55.0,0.0,0.0,0.0,0.0,0.0,28828,-,26469,38485,-,-,2.7
1400000US48453002304,48453002304,"Census Tract 23.04, Travis County, Texas",526,62.5,13.7,4.4,19.4,2364,30.2,17.1,11.3,10.6,2.1,19.0,9.7,52.7,28.7,1044,47.6,30.2,757,57.2,30.4,529,59.7,25.1,34,0.0,0.0,51.3,36.0,12.6,8.8,18509,12586,25444,34167,41050,63438,20.2
1400000US48453002307,48453002307,"Census Tract 23.07, Travis County, Texas",1032,17.1,19.5,51.0,12.5,3806,16.1,13.1,10.3,28.2,8.2,17.6,6.5,70.8,24.1,1550,70.5,29.5,1004,79.2,22.5,948,61.8,19.9,304,72.7,14.8,21.9,14.6,17.4,11.1,26566,16549,23031,28100,37823,43665,12.7
1400000US48453002308,48453002308,"Census Tract 23.08, Travis County, Texas",1886,2.7,12.0,71.9,13.5,3106,5.5,4.1,19.4,17.3,4.2,29.3,20.1,90.3,49.4,1266,92.0,56.3,648,87.3,48.8,999,94.0,44.2,193,70.5,32.6,38.3,25.5,7.6,12.1,32363,24464,15556,34265,42298,46635,6.9
1400000US48453002310,48453002310,"Census Tract 23.10, Travis County, Texas",235,36.2,44.3,17.0,2.6,1551,27.1,21.7,26.6,13.7,4.1,4.4,2.5,51.2,6.8,600,54.8,8.8,361,34.3,0.0,380,59.7,10.8,210,54.3,5.7,45.4,39.1,20.3,4.7,20996,16790,26844,19808,41736,42500,10.8
1400000US48453002312,48453002312,"Census Tract 23.12, Travis County, Texas",790,23.5,36.2,32.7,7.6,3853,23.2,19.2,29.4,14.2,1.7,8.6,3.7,57.6,12.3,1298,65.3,16.0,1011,73.1,13.6,1066,47.5,9.5,478,26.6,5.4,41.0,35.5,36.8,13.3,23302,18737,21371,29444,25727,35968,11.9
1400000US48453002313,48453002313,"Census Tract 23.13, Travis County, Texas",978,13.1,26.0,48.1,12.9,2915,5.8,10.0,19.6,30.4,2.7,24.6,7.0,84.3,31.5,1305,92.3,39.2,551,88.9,43.4,911,74.2,16.4,148,58.1,12.8,30.5,13.1,9.9,20.5,26196,14911,25528,22614,33524,32238,6.7
1400000US48453002314,48453002314,"Census Tract 23.14, Travis County, Texas",1043,6.3,28.6,50.1,15.0,2487,7.1,10.6,29.4,25.1,2.2,16.0,9.7,82.3,25.7,1517,82.6,28.3,391,93.6,16.4,523,76.5,27.9,56,50.0,0.0,58.6,31.1,15.6,9.1,23516,11164,21571,21200,42917,36250,6.7
1400000US48453002315,48453002315,"Census Tract 23.15, Travis County, Texas",518,16.8,17.0,60.2,6.0,1878,17.8,13.5,19.9,18.3,4.0,19.2,7.3,68.7,26.6,901,81.1,32.5,521,55.9,20.3,372,49.5,14.5,84,100.0,54.8,53.4,46.1,16.0,5.6,22296,14016,12366,24730,31383,62656,8.9
1400000US48453002316,48453002316,"Census Tract 23.16, Travis County, Texas",799,26.5,40.7,29.0,3.8,3636,25.1,14.6,22.6,20.8,6.4,6.2,4.2,60.2,10.4,2042,68.0,10.8,825,37.6,9.2,742,63.7,11.1,27,66.7,0.0,29.1,27.9,31.1,15.1,18991,17500,16614,20647,26004,28333,17.4
1400000US48453002317,48453002317,"Census Tract 23.17, Travis County, Texas",3375,0.4,12.8,76.9,9.8,1094,23.2,12.1,20.7,17.5,7.0,13.5,5.9,64.7,19.5,585,90.9,22.9,224,26.3,21.9,170,60.6,17.6,115,12.2,0.0,52.6,34.4,29.9,37.6,25823,17371,30762,26848,14375,-,9.1
1400000US48453002318,48453002318,"Census Tract 23.18, Travis County, Texas",4177,10.8,4.5,73.4,11.2,3952,22.7,6.3,21.7,11.4,5.0,23.1,9.7,71.0,32.8,1707,93.4,48.3,821,68.5,34.3,1271,50.3,14.2,153,6.5,6.5,66.3,44.0,16.8,22.0,20150,9196,19679,36156,21814,39566,16.0
1400000US48453002319,48453002319,"Census Tract 23.19, Travis County, Texas",556,61.0,24.5,14.6,0.0,1130,17.0,32.9,29.6,9.9,3.1,4.6,2.8,50.1,7.4,529,49.5,9.3,221,49.3,8.6,372,50.3,4.3,8,100.0,0.0,0.0,83.3,71.4,-,17903,12692,25345,27083,26029,-,9.3
1400000US48453002402,48453002402,"Census Tract 24.02, Travis County, Texas",636,18.7,6.3,58.8,16.2,5375,11.3,7.1,17.8,21.6,4.3,27.1,10.9,81.6,38.0,1836,85.0,51.6,1227,94.3,42.5,1615,81.1,32.1,697,51.2,7.5,54.8,13.4,6.6,7.5,30681,14646,19446,32222,37329,50351,10.1
1400000US48453002403,48453002403,"Census Tract 24.03, Travis County, Texas",276,0.0,3.6,69.6,26.8,1842,11.6,3.3,29.2,20.1,2.7,20.2,13.0,85.2,33.2,602,89.2,36.7,376,92.3,40.7,613,77.2,32.5,251,84.5,15.1,15.8,6.7,9.7,7.7,33681,22703,33931,37632,41023,38036,3.3
1400000US48453002407,48453002407,"Census Tract 24.07, Travis County, Texas",443,13.1,19.4,58.7,8.8,3911,5.1,6.2,23.8,23.0,5.6,25.2,11.2,88.7,36.3,1144,94.8,53.3,713,89.8,42.4,1378,82.7,20.8,676,89.5,33.0,11.3,5.6,1.5,3.0,42383,13246,50265,37397,47995,46875,3.6
1400000US48453002409,48453002409,"Census Tract 24.09, Travis County, Texas",356,21.6,30.9,41.3,6.2,2399,3.3,8.0,34.3,27.8,6.4,17.0,3.2,88.7,20.2,742,98.5,36.3,556,76.1,16.0,739,90.1,6.1,362,84.8,22.4,25.4,6.4,14.8,26.9,28819,25855,33490,26635,39375,31538,2.4
1400000US48453002410,48453002410,"Census Tract 24.10, Travis County, Texas",483,10.4,20.5,42.7,26.5,2536,10.5,14.3,20.3,28.3,7.8,13.1,5.6,75.2,18.7,785,80.1,26.9,548,66.2,19.0,890,83.9,15.3,313,53.7,7.7,21.3,18.2,13.2,17.9,26983,17599,26076,33894,32286,31188,8.4
1400000US48453002411,48453002411,"Census Tract 24.11, Travis County, Texas",656,37.3,32.3,27.9,2.4,3406,23.7,16.7,25.5,22.1,5.1,6.1,0.7,59.5,6.8,953,66.0,7.6,1017,56.1,6.4,1230,57.6,5.4,206,57.8,14.1,51.2,33.0,20.0,16.4,20281,15761,18519,34102,27109,6250,8.0
1400000US48453002412,48453002412,"Census Tract 24.12, Travis County, Texas",660,27.6,36.4,36.1,0.0,3377,24.3,22.9,30.3,13.3,2.8,5.1,1.4,52.8,6.5,1000,70.2,12.0,729,39.0,4.5,1368,47.6,3.6,280,52.1,5.7,30.3,14.6,1.8,27.5,23136,18665,25373,30962,32788,52031,8.5
1400000US48453002413,48453002413,"Census Tract 24.13, Travis County, Texas",483,39.1,17.8,33.1,9.9,2381,34.8,10.4,35.8,8.6,1.9,6.5,2.1,54.8,8.5,979,59.1,8.8,621,52.0,8.5,652,53.1,6.6,129,44.2,16.3,51.4,16.5,33.6,0.0,21796,17321,22585,30493,31250,45759,7.8
1400000US48453002419,48453002419,"Census Tract 24.19, Travis County, Texas",817,21.1,37.3,36.2,5.4,2449,5.2,9.4,27.2,30.7,6.9,17.1,3.6,85.4,20.6,1445,88.2,19.7,547,81.4,23.4,381,81.4,19.4,76,80.3,25.0,48.6,14.6,20.7,12.7,26676,18750,29139,22440,29621,52933,4.6
1400000US48453002421,48453002421,"Census Tract 24.21, Travis County, Texas",1201,11.1,19.2,49.8,20.0,5948,0.7,4.2,19.7,21.3,12.1,31.0,11.0,95.1,42.0,2753,92.6,44.6,1082,97.1,40.7,1678,100.0,42.8,435,86.4,25.5,22.5,12.1,2.8,3.1,39588,21490,26483,34673,46368,49250,3.7
1400000US48453002422,48453002422,"Census Tract 24.22, Travis County, Texas",651,18.4,22.6,55.1,3.8,3919,5.7,11.3,28.1,25.5,4.3,20.9,4.2,83.0,25.1,956,89.3,40.2,1197,78.2,23.1,1405,84.6,18.1,361,75.6,18.3,20.4,15.9,22.7,31.6,28813,20697,26745,32578,27131,42109,13.2
1400000US48453002423,48453002423,"Census Tract 24.23, Travis County, Texas",410,12.4,2.4,66.6,18.5,4072,5.0,5.2,22.7,29.2,6.7,21.7,9.7,89.9,31.3,1398,95.6,34.8,826,85.8,37.4,1492,92.6,26.0,356,65.2,25.8,22.5,8.4,14.3,4.5,33846,34375,25767,34081,37734,49728,13.4
1400000US48453002424,48453002424,"Census Tract 24.24, Travis County, Texas",434,31.8,16.1,36.2,15.9,2551,9.0,16.5,18.9,20.8,7.4,17.4,9.9,74.5,27.4,671,85.2,36.4,544,69.1,24.6,991,68.7,26.1,345,78.6,17.7,30.3,9.6,17.8,10.0,27720,18287,19714,31103,31581,60536,6.6
1400000US48453002425,48453002425,"Census Tract 24.25, Travis County, Texas",277,4.0,58.1,37.9,0.0,2135,2.0,3.0,20.1,24.7,9.8,33.7,6.8,95.1,40.5,792,100.0,43.8,611,93.8,23.6,614,93.3,58.1,118,78.0,13.6,0.0,5.8,2.0,2.0,38583,21480,22120,37000,50991,45132,3.4
1400000US48453002426,48453002426,"Census Tract 24.26, Travis County, Texas",775,16.8,43.6,39.6,0.0,4987,10.4,8.9,29.9,22.2,6.7,18.9,3.0,80.7,21.9,1668,85.0,23.3,1377,80.8,26.8,1635,75.4,16.3,307,85.3,22.5,24.3,7.7,3.7,3.4,36242,25957,35957,31657,46086,87734,6.0
1400000US48453002427,48453002427,"Census Tract 24.27, Travis County, Texas",823,30.7,34.6,31.5,3.2,5146,24.1,14.4,28.3,16.7,5.5,7.5,3.5,61.5,11.0,1582,85.0,13.3,1285,62.5,20.5,1783,43.7,4.3,496,47.6,3.2,45.5,19.2,8.8,7.1,25159,17344,26095,29318,41935,40156,15.3
1400000US48453002428,48453002428,"Census Tract 24.28, Travis County, Texas",452,0.0,36.5,59.3,4.2,4535,2.2,2.2,26.3,27.8,3.1,27.2,11.4,95.6,38.5,1574,99.1,31.6,526,92.8,28.9,1316,94.3,41.5,1119,93.7,49.3,7.1,7.8,2.1,4.5,32375,18350,28864,30358,43871,79648,7.1
1400000US48453002429,48453002429,"Census Tract 24.29, Travis County, Texas",168,0.0,11.3,82.7,6.0,535,0.7,3.9,6.9,18.9,14.0,35.7,19.8,95.3,55.5,276,100.0,61.6,70,100.0,64.3,146,85.6,47.3,43,90.7,30.2,84.0,0.0,0.0,1.3,39643,-,50703,37292,36591,83281,10.8
1400000US48453002430,48453002430,"Census Tract 24.30, Travis County, Texas",311,63.0,13.8,18.6,4.5,1971,18.9,18.2,14.8,19.5,6.9,17.4,4.4,63.0,21.8,632,56.0,22.6,399,56.6,24.8,829,67.4,19.3,111,91.9,24.3,14.8,13.4,2.7,5.4,25882,21667,19821,31369,31667,39803,3.7
1400000US48453002431,48453002431,"Census Tract 24.31, Travis County, Texas",579,33.5,33.7,30.1,2.8,4696,19.1,13.2,25.2,17.0,4.9,14.9,5.6,67.7,20.5,1636,63.4,18.6,1147,71.6,24.4,1637,69.0,21.4,276,68.5,10.5,22.1,11.6,11.6,2.1,27832,23081,23533,40643,50079,39891,10.8
1400000US48453002432,48453002432,"Census Tract 24.32, Travis County, Texas",258,44.2,2.7,40.7,12.4,1310,26.1,20.8,24.1,15.6,6.0,5.0,2.3,53.1,7.3,316,40.2,0.0,373,54.7,6.4,370,68.9,8.1,251,43.8,16.7,30.9,13.6,20.8,15.6,19375,18188,18800,23239,16667,-,12.5
1400000US48453002433,48453002433,"Census Tract 24.33, Travis County, Texas",381,19.7,28.6,47.0,4.7,3625,10.5,12.6,34.8,19.7,6.4,12.1,3.9,76.9,16.0,1167,90.9,17.5,881,73.7,11.6,1246,66.5,19.3,331,75.2,10.0,33.9,14.4,9.7,4.1,27444,18145,28917,27167,32007,55679,8.7
1400000US48453002434,48453002434,"Census Tract 24.34, Travis County, Texas",144,10.4,45.8,43.8,0.0,1185,11.9,14.9,41.0,19.7,2.4,8.1,2.1,73.2,10.2,225,61.8,2.7,357,81.0,7.3,462,78.6,17.7,141,54.6,5.0,37.2,29.0,15.3,0.8,31401,20893,31227,34279,49808,48750,17.6
1400000US48453002435,48453002435,"Census Tract 24.35, Travis County, Texas",779,36.1,42.6,15.0,6.3,4532,17.9,10.0,23.2,29.7,4.7,11.9,2.6,72.1,14.5,1454,87.3,18.5,1239,73.3,13.2,1454,60.7,11.9,385,53.8,13.0,35.2,17.6,3.5,1.4,33940,22122,31295,38957,36625,58750,3.0
1400000US48453002436,48453002436,"Census Tract 24.36, Travis County, Texas",115,12.2,31.3,53.9,2.6,1485,17.9,18.2,35.5,16.0,5.1,6.1,1.3,63.9,7.3,222,64.4,2.3,369,61.8,4.9,608,57.4,5.8,286,80.1,17.8,31.7,3.4,16.3,0.0,18943,14259,22031,26071,36058,-,4.8
1400000US48453002500,48453002500,"Census Tract 25, Travis County, Texas",307,4.6,7.2,35.8,52.4,4348,2.7,1.0,11.6,16.2,6.4,31.6,30.4,96.2,62.0,1468,96.8,63.4,717,100.0,71.5,1409,100.0,65.4,754,84.5,43.8,10.4,3.4,9.6,4.2,49629,-,43664,27140,52989,64914,4.9
1400000US48453980000,48453980000,"Census Tract 9800, Travis County, Texas",28,60.7,39.3,0.0,0.0,196,18.4,28.6,31.1,20.9,0.0,1.0,0.0,53.1,1.0,47,83.0,0.0,39,20.5,5.1,110,51.8,0.0,0,-,-,-,-,-,-,8681,"2,500-",9444,9792,-,-,1.5
1400000US48491020105,48491020105,"Census Tract 201.05, Williamson County, Texas",93,0.0,57.0,43.0,0.0,4128,0.2,0.5,16.4,20.4,5.2,35.3,21.9,99.3,57.3,124,100.0,0.0,279,100.0,52.3,849,99.1,48.4,2876,99.3,62.8,0.0,1.2,2.1,2.4,36228,-,32371,35156,77875,67708,1.5
1400000US48491020106,48491020106,"Census Tract 201.06, Williamson County, Texas",95,0.0,52.6,31.6,15.8,2724,0.0,2.0,9.8,18.6,7.3,38.8,23.5,98.0,62.3,463,94.6,51.2,438,100.0,85.6,1144,98.1,63.5,679,98.8,52.7,0.0,15.0,4.4,1.6,63393,-,61563,62641,60556,91600,4.7
1400000US48491020107,48491020107,"Census Tract 201.07, Williamson County, Texas",18,0.0,0.0,100.0,0.0,5032,0.4,2.2,16.7,20.7,7.4,28.0,24.6,97.4,52.6,105,100.0,31.4,0,-,-,831,100.0,51.7,4096,96.9,53.3,10.9,1.5,5.7,6.5,23832,-,34659,21324,13971,52426,5.2
1400000US48491020108,48491020108,"Census Tract 201.08, Williamson County, Texas",121,0.0,5.8,81.0,13.2,2218,0.5,0.0,13.3,19.1,2.4,41.6,23.1,99.5,64.7,175,100.0,44.6,330,97.3,83.0,1011,100.0,69.3,702,99.9,54.6,10.0,10.5,0.0,1.8,63155,-,51111,53567,69706,62989,1.4
1400000US48491020109,48491020109,"Census Tract 201.09, Williamson County, Texas",155,0.0,21.9,54.8,23.2,2067,0.3,2.0,16.4,21.5,14.9,29.5,15.4,97.7,44.9,78,100.0,25.6,503,95.0,61.6,1062,99.3,43.2,424,96.2,32.8,0.0,0.0,2.1,4.4,58953,-,46806,57750,59559,87727,3.7
1400000US48491020110,48491020110,"Census Tract 201.10, Williamson County, Texas",109,31.2,17.4,36.7,14.7,2572,2.9,4.9,12.1,21.8,10.3,31.9,16.1,92.2,48.0,347,93.1,26.5,464,94.6,51.1,1085,94.6,60.9,676,86.2,36.2,14.4,0.0,5.2,0.7,57664,28854,21821,67292,50185,63988,4.4
1400000US48491020111,48491020111,"Census Tract 201.11, Williamson County, Texas",190,32.6,28.9,38.4,0.0,2320,2.5,4.2,22.7,31.3,5.0,22.0,12.3,93.3,34.3,288,89.9,6.6,289,100.0,33.9,918,91.0,41.7,825,94.8,35.9,5.2,7.2,2.5,11.4,37750,21346,19083,33768,49881,53714,2.2
1400000US48491020112,48491020112,"Census Tract 201.12, Williamson County, Texas",178,12.4,33.7,51.1,2.8,2180,3.6,1.1,19.6,21.1,11.4,26.6,16.7,95.3,43.3,127,100.0,44.1,229,80.8,51.1,1251,96.6,37.3,573,97.4,52.9,0.0,0.0,2.5,0.0,54779,30134,31193,54286,74886,81897,2.2
1400000US48491020113,48491020113,"Census Tract 201.13, Williamson County, Texas",217,25.8,35.0,11.5,27.6,1711,2.3,7.5,34.9,21.3,10.1,17.4,6.4,90.1,23.8,331,86.1,28.1,357,86.3,15.4,730,96.4,29.6,293,83.6,14.7,17.7,2.2,5.2,1.8,41595,9946,36944,43773,58860,41927,4.3
1400000US48491020114,48491020114,"Census Tract 201.14, Williamson County, Texas",412,43.0,29.9,27.2,0.0,3397,2.6,7.9,31.1,25.0,8.3,15.6,9.5,89.5,25.1,551,88.0,27.0,666,89.0,29.1,1540,91.0,21.9,640,87.8,27.0,28.4,9.5,9.6,5.3,30487,23284,25819,27794,48365,48705,3.6
1400000US48491020115,48491020115,"Census Tract 201.15, Williamson County, Texas",116,39.7,13.8,32.8,13.8,2071,0.5,0.3,5.8,21.3,5.1,29.4,37.6,99.2,67.0,118,100.0,96.6,509,100.0,61.3,715,98.5,55.8,729,99.2,77.1,0.0,12.5,15.5,7.1,52488,-,29205,61750,78209,51426,3.9
1400000US48491020201,48491020201,"Census Tract 202.01, Williamson County, Texas",111,25.2,38.7,34.2,1.8,1098,9.8,8.4,30.4,29.0,9.2,6.7,6.5,81.8,13.2,191,75.9,0.0,243,78.2,16.0,441,89.3,20.6,223,75.8,6.7,2.5,3.6,26.0,0.0,30825,19881,33333,28875,50750,46250,3.0
1400000US48491020202,48491020202,"Census Tract 202.02, Williamson County, Texas",374,9.1,50.5,36.1,4.3,3402,3.2,6.3,20.9,21.5,11.1,28.2,8.8,90.5,37.0,568,91.7,32.0,910,94.0,50.1,1437,89.9,32.4,487,84.4,32.0,25.4,3.7,9.3,3.7,39677,25163,30720,36528,54922,67961,3.6
1400000US48491020203,48491020203,"Census Tract 202.03, Williamson County, Texas",11,100.0,0.0,0.0,0.0,2955,0.6,2.7,17.7,20.3,10.6,24.5,23.5,96.6,48.0,0,-,-,42,100.0,14.3,858,100.0,46.2,2055,95.2,49.4,0.0,0.0,3.5,0.6,25197,-,17841,27045,36250,15000,1.0
1400000US48491020204,48491020204,"Census Tract 202.04, Williamson County, Texas",201,6.5,57.2,28.9,7.5,2934,3.9,4.8,33.9,26.5,9.2,14.3,7.4,91.3,21.7,441,81.9,9.5,382,98.2,7.9,1470,91.0,32.9,641,94.5,12.6,16.1,1.0,4.6,0.9,42135,23990,40642,40521,56750,91098,2.2
1400000US48491020301,48491020301,"Census Tract 203.01, Williamson County, Texas",361,24.9,28.0,44.3,2.8,4507,3.5,5.3,24.3,29.1,11.4,19.4,6.9,91.1,26.3,937,94.0,18.7,1257,92.9,30.4,1621,92.0,32.6,692,81.9,14.3,20.1,11.3,0.7,2.2,40670,19435,36908,40074,45652,50441,10.2
1400000US48491020302,48491020302,"Census Tract 203.02, Williamson County, Texas",260,5.4,57.3,28.8,8.5,2114,1.6,5.0,24.6,29.5,4.3,24.8,10.3,93.5,35.1,418,98.6,40.2,636,93.1,34.4,761,92.9,38.6,299,88.6,20.1,0.0,3.7,4.6,0.0,44821,58125,38977,34479,51938,64250,4.7
1400000US48491020310,48491020310,"Census Tract 203.10, Williamson County, Texas",200,6.0,31.0,56.5,6.5,1889,0.5,1.9,25.8,24.9,8.9,25.8,12.2,97.6,38.0,190,100.0,42.1,479,100.0,30.9,840,97.0,39.5,380,94.5,41.6,19.6,3.5,8.5,0.0,54456,-,53850,52601,63583,80750,8.1
1400000US48491020311,48491020311,"Census Tract 203.11, Williamson County, Texas",322,0.0,12.7,73.3,14.0,2574,0.0,0.3,7.1,19.9,14.3,36.3,22.1,99.7,58.4,1009,100.0,56.7,805,100.0,70.1,590,98.5,52.5,170,100.0,33.5,0.0,0.0,8.4,1.2,46478,-,31953,25705,56304,65167,4.3
1400000US48491020312,48491020312,"Census Tract 203.12, Williamson County, Texas",627,8.6,29.5,59.3,2.6,5023,9.4,4.4,27.8,29.8,11.8,10.5,6.3,86.2,16.8,1522,92.2,8.0,1647,90.4,24.5,1482,79.4,16.3,372,70.4,21.2,8.2,6.0,3.6,2.5,33979,21806,30259,40662,37199,51815,1.7
1400000US48491020313,48491020313,"Census Tract 203.13, Williamson County, Texas",750,14.5,17.7,66.0,1.7,5700,2.9,3.9,16.6,23.7,6.7,30.1,16.1,93.2,46.2,1663,93.4,44.9,1737,97.9,60.7,1818,90.5,34.6,482,86.1,41.9,0.0,14.7,7.7,4.4,48108,15250,23361,41762,66650,80395,4.6
1400000US48491020314,48491020314,"Census Tract 203.14, Williamson County, Texas",400,11.3,21.8,64.5,2.5,3464,7.9,2.3,23.9,27.3,12.3,22.8,3.5,89.8,26.4,1056,96.8,30.9,974,93.3,34.8,1206,81.4,16.4,228,86.8,21.9,14.2,9.2,1.7,2.5,39549,25242,25657,39988,49153,48214,6.6
1400000US48491020315,48491020315,"Census Tract 203.15, Williamson County, Texas",660,7.6,38.6,47.3,6.5,3385,2.4,0.3,8.4,19.5,8.4,38.9,22.2,97.3,61.1,623,96.5,58.3,1184,100.0,73.1,1238,98.5,54.6,340,85.0,47.6,0.0,24.7,3.0,1.7,61667,-,16910,51055,91417,105417,2.1
1400000US48491020316,48491020316,"Census Tract 203.16, Williamson County, Texas",194,15.5,41.2,38.7,4.6,2565,1.8,0.2,23.4,29.7,11.5,22.4,11.0,98.0,33.4,770,100.0,26.9,570,98.9,58.9,896,99.3,25.6,329,88.1,25.5,0.0,10.3,12.2,3.4,44844,-,29109,33021,63006,81728,2.8
1400000US48491020317,48491020317,"Census Tract 203.17, Williamson County, Texas",183,4.4,34.4,50.3,10.9,2275,2.3,1.3,20.1,18.1,5.6,34.1,18.5,96.4,52.5,424,96.0,46.5,744,99.1,66.1,772,100.0,47.2,335,82.4,42.4,8.4,4.4,4.8,4.1,56507,-,28598,41875,66726,77619,3.2
1400000US48491020318,48491020318,"Census Tract 203.18, Williamson County, Texas",517,17.4,23.6,55.7,3.3,5637,1.3,2.5,19.3,27.3,6.3,33.6,9.7,96.2,43.2,1490,95.6,53.4,1230,100.0,60.4,2213,97.9,37.0,704,85.8,11.2,3.3,0.2,7.4,1.9,39299,14015,30610,33810,46674,70000,3.8
1400000US48491020319,48491020319,"Census Tract 203.19, Williamson County, Texas",448,63.4,23.7,12.9,0.0,3371,0.6,3.5,18.6,37.3,8.0,26.3,5.7,95.9,32.0,792,97.3,26.4,1179,94.3,44.4,1073,95.2,22.3,327,100.0,32.7,8.6,5.6,5.1,1.0,44311,44931,21845,41810,47685,52604,2.7
1400000US48491020320,48491020320,"Census Tract 203.20, Williamson County, Texas",708,13.1,43.6,43.2,0.0,4979,1.3,2.5,14.5,27.5,10.0,32.8,11.4,96.2,44.2,1347,91.4,41.2,1704,98.3,43.4,1520,99.4,46.8,408,90.9,47.5,1.0,22.4,4.3,3.7,52825,18839,25925,54979,57902,57872,1.5
1400000US48491020321,48491020321,"Census Tract 203.21, Williamson County, Texas",67,44.8,34.3,20.9,0.0,1229,10.1,7.6,33.4,22.5,11.9,10.3,4.3,82.3,14.6,340,76.8,15.3,239,82.0,18.4,470,91.3,15.1,180,70.0,7.2,33.2,1.5,0.0,2.2,35893,32644,14679,38750,52574,49750,3.8
1400000US48491020322,48491020322,"Census Tract 203.22, Williamson County, Texas",776,0.9,31.1,62.4,5.7,5773,0.8,2.4,17.5,27.8,7.4,30.2,13.9,96.8,44.1,1138,93.1,47.7,1447,95.8,52.8,2583,98.2,41.3,605,100.0,28.4,7.5,5.4,1.2,2.2,46157,30605,21306,43877,46623,67102,7.5
1400000US48491020323,48491020323,"Census Tract 203.23, Williamson County, Texas",121,25.6,0.0,74.4,0.0,1867,6.6,5.2,14.0,40.1,5.4,22.1,6.6,88.2,28.7,492,95.5,46.1,729,87.4,28.4,498,89.6,18.7,148,62.8,5.4,25.9,11.1,5.4,1.1,44237,16468,21917,43750,52644,51450,9.8
1400000US48491020324,48491020324,"Census Tract 203.24, Williamson County, Texas",416,10.8,15.9,65.1,8.2,4538,1.6,2.3,18.5,28.3,8.2,29.8,11.2,96.1,41.1,744,93.8,35.9,1617,98.6,51.0,1632,98.8,35.9,545,83.5,34.1,16.9,0.0,5.4,1.7,48724,26779,38456,38993,69858,60625,4.8
1400000US48491020325,48491020325,"Census Tract 203.25, Williamson County, Texas",413,1.7,21.8,75.5,1.0,1985,8.1,20.9,27.2,18.7,6.1,8.8,10.2,71.0,19.0,499,47.5,7.4,563,90.2,26.6,696,85.3,23.7,227,31.3,11.0,2.6,5.4,12.0,2.1,23621,20981,20375,31296,44567,46389,13.2
1400000US48491020326,48491020326,"Census Tract 203.26, Williamson County, Texas",267,10.1,24.3,60.7,4.9,3907,0.0,1.7,10.6,19.6,8.4,40.0,19.8,98.3,59.8,560,98.2,64.5,1091,100.0,67.6,1707,99.4,57.5,549,91.6,46.4,0.0,9.2,1.5,3.7,62784,-,40938,51223,72368,75081,3.1
1400000US48491020327,48491020327,"Census Tract 203.27, Williamson County, Texas",181,9.4,32.6,52.5,5.5,1518,0.0,3.4,26.4,30.2,10.5,25.0,4.6,96.6,29.6,273,100.0,49.1,302,100.0,22.5,638,96.2,35.6,305,91.1,6.6,7.8,0.0,13.1,0.0,49417,46250,30417,46719,53958,128284,3.3
1400000US48491020328,48491020328,"Census Tract 203.28, Williamson County, Texas",451,11.8,39.7,24.8,23.7,4499,0.5,1.2,18.5,33.9,11.6,23.8,10.5,98.3,34.3,979,100.0,42.4,1330,99.5,43.5,1617,98.8,24.8,573,91.1,25.8,22.1,1.7,3.3,2.8,41736,-,23182,34962,65885,56389,4.9
1400000US48491020403,48491020403,"Census Tract 204.03, Williamson County, Texas",161,11.8,31.1,51.6,5.6,1402,1.7,2.1,24.3,27.0,7.5,32.0,5.4,96.2,37.4,412,92.5,43.0,208,100.0,36.5,577,98.8,33.8,205,92.7,37.6,15.1,25.8,7.5,10.7,26450,20000,21164,25250,48000,48036,9.7
1400000US48491020404,48491020404,"Census Tract 204.04, Williamson County, Texas",323,8.4,23.2,68.4,0.0,2580,0.7,5.2,20.3,27.6,8.8,27.4,9.9,94.1,37.3,693,99.0,47.5,468,89.1,37.6,1104,94.9,35.7,315,87.9,20.3,7.2,10.5,0.9,1.2,46152,5341,44673,38613,58444,72813,2.6
1400000US48491020405,48491020405,"Census Tract 204.05, Williamson County, Texas",581,25.0,34.9,11.0,29.1,4272,1.8,4.5,28.4,19.0,6.1,28.6,11.5,93.7,40.2,1133,86.8,29.9,1024,98.5,39.2,1506,96.5,44.9,609,91.3,49.3,14.8,8.7,10.6,5.2,32031,18043,31450,29680,40068,52204,3.3
1400000US48491020406,48491020406,"Census Tract 204.06, Williamson County, Texas",958,5.5,32.5,45.8,16.2,4002,0.0,4.2,20.6,33.3,9.5,24.9,7.4,95.8,32.3,1428,91.5,44.0,990,98.4,22.4,1365,97.7,29.1,219,100.0,21.0,0.6,11.0,4.3,5.4,31746,27930,22287,33315,35625,41053,3.9
1400000US48491020408,48491020408,"Census Tract 204.08, Williamson County, Texas",754,8.5,36.3,50.3,4.9,3390,0.7,2.7,19.6,38.7,5.7,23.8,8.8,96.6,32.6,1085,95.7,30.0,881,100.0,25.9,1154,94.3,44.4,270,99.3,14.8,9.6,20.7,9.0,7.9,40744,-,40033,32591,47114,66838,4.5
1400000US48491020409,48491020409,"Census Tract 204.09, Williamson County, Texas",604,9.1,16.1,56.0,18.9,3158,0.0,1.3,14.3,32.0,7.0,35.0,10.3,98.7,45.3,1048,100.0,53.6,844,100.0,37.0,946,95.7,46.1,320,100.0,37.5,29.3,0.0,3.5,4.3,44704,-,37683,36976,57235,68750,1.6
1400000US48491020410,48491020410,"Census Tract 204.10, Williamson County, Texas",728,1.8,30.9,55.1,12.2,4121,2.9,4.2,15.6,29.8,8.4,27.2,11.9,92.9,39.1,1061,95.2,33.1,1010,91.2,45.3,1612,94.7,37.5,438,84.7,45.0,0.0,14.5,6.9,4.8,37512,75323,10137,36454,51944,34236,6.2
1400000US48491020411,48491020411,"Census Tract 204.11, Williamson County, Texas",825,12.5,25.9,45.2,16.4,3628,0.7,0.0,6.7,17.9,7.0,46.5,21.1,99.3,67.6,946,100.0,76.5,906,100.0,84.1,1465,98.2,57.0,311,100.0,42.1,0.0,7.4,1.2,2.4,51765,-,60179,40729,50764,69657,3.8
1400000US48491020503,48491020503,"Census Tract 205.03, Williamson County, Texas",315,30.2,15.6,45.1,9.2,3582,0.4,0.3,14.5,24.6,7.6,35.4,17.3,99.3,52.6,416,98.6,55.0,828,100.0,62.7,1636,99.4,50.2,702,98.6,44.9,0.0,8.5,4.4,2.0,50597,-,29063,31992,75169,80800,1.2
1400000US48491020504,48491020504,"Census Tract 205.04, Williamson County, Texas",1137,4.7,27.0,56.9,11.4,5642,8.5,11.0,26.1,21.4,6.0,21.8,5.1,80.5,26.9,1859,88.6,36.5,1693,84.3,28.5,1555,77.9,19.7,535,47.7,9.3,41.1,28.5,16.4,3.1,33001,17137,30660,29119,45817,85515,6.0
1400000US48491020505,48491020505,"Census Tract 205.05, Williamson County, Texas",130,33.8,14.6,33.8,17.7,1747,2.3,3.1,10.4,17.3,11.3,34.7,20.8,94.5,55.5,255,100.0,62.4,354,100.0,67.2,856,95.2,59.5,282,80.5,22.7,0.0,0.0,6.8,0.0,55426,-,38500,43565,59861,78542,4.4
1400000US48491020506,48491020506,"Census Tract 205.06, Williamson County, Texas",514,22.0,21.2,56.8,0.0,4914,3.1,1.9,12.6,20.3,8.6,36.8,16.7,95.0,53.5,493,97.8,58.2,1635,99.3,67.4,2182,92.2,52.1,604,91.1,16.7,18.1,0.0,3.8,1.7,53672,17727,34135,42349,61544,95556,4.8
1400000US48491020507,48491020507,"Census Tract 205.07, Williamson County, Texas",287,11.8,25.1,26.1,36.9,2151,0.8,0.0,9.1,20.3,6.7,39.4,23.7,99.2,63.0,589,100.0,73.3,800,100.0,60.9,630,100.0,61.1,132,86.4,39.4,0.0,0.0,0.0,0.0,55278,-,52833,44107,68654,83333,2.8
1400000US48491020508,48491020508,"Census Tract 205.08, Williamson County, Texas",228,0.0,18.4,38.6,43.0,3284,1.8,3.3,16.6,22.0,10.3,28.7,17.3,94.9,46.0,1591,94.1,47.7,733,98.0,51.3,737,100.0,39.3,223,73.5,38.6,8.3,0.0,6.2,4.6,41937,26263,32589,40604,51410,47457,5.2
1400000US48491020509,48491020509,"Census Tract 205.09, Williamson County, Texas",213,13.1,33.3,53.5,0.0,4194,0.0,0.8,7.2,15.9,6.6,47.4,22.2,99.2,69.6,346,100.0,74.9,1631,100.0,79.2,1800,98.2,60.3,417,100.0,67.1,0.0,0.0,1.5,0.0,77201,-,41198,46379,100052,102156,6.1
1400000US48491020510,48491020510,"Census Tract 205.10, Williamson County, Texas",318,0.0,62.6,21.4,16.0,6700,1.1,1.6,13.4,17.1,8.6,35.1,23.1,97.4,58.2,1342,100.0,57.7,1923,100.0,61.6,2868,97.5,61.8,567,81.5,29.6,0.0,3.0,6.8,0.8,55455,-,21671,44237,81250,90636,2.3
1400000US48491020602,48491020602,"Census Tract 206.02, Williamson County, Texas",389,20.1,37.3,37.5,5.1,3079,6.3,4.4,22.2,23.6,11.7,21.8,10.1,89.3,31.9,455,80.7,14.3,827,91.4,45.3,1471,91.6,31.2,326,86.2,25.2,41.8,2.0,7.5,1.5,42321,23594,33191,42865,49922,103594,3.8
1400000US48491020603,48491020603,"Census Tract 206.03, Williamson County, Texas",311,30.9,29.6,26.7,12.9,5559,0.8,0.7,8.9,13.0,5.6,46.4,24.6,98.5,71.0,636,100.0,81.6,2346,99.1,79.2,2061,97.6,64.3,516,97.1,47.3,0.0,13.4,3.5,1.3,68603,25500,32361,44706,76579,101017,2.1
1400000US48491020604,48491020604,"Census Tract 206.04, Williamson County, Texas",540,7.4,32.6,51.3,8.7,3647,2.5,4.2,13.8,23.5,8.4,34.3,13.2,93.3,47.5,771,98.3,54.5,1055,100.0,47.4,1475,85.1,43.9,346,96.8,48.0,68.9,2.2,4.8,4.7,48133,9517,28918,45208,60583,56827,8.8
1400000US48491020605,48491020605,"Census Tract 206.05, Williamson County, Texas",323,13.3,34.4,39.3,13.0,4210,1.4,3.0,14.8,27.0,6.2,35.0,12.6,95.6,47.6,800,100.0,50.8,1470,99.0,55.4,1457,94.8,40.8,483,80.3,38.9,9.2,7.7,2.2,0.7,53004,30506,53681,40946,59018,61779,6.1
1400000US48491020701,48491020701,"Census Tract 207.01, Williamson County, Texas",235,16.6,57.9,23.8,1.7,1466,10.9,13.9,27.9,21.6,7.0,16.0,2.7,75.2,18.8,277,70.8,13.4,314,73.6,22.3,494,73.9,17.4,381,81.4,21.5,37.6,9.7,12.3,14.6,28571,19911,24375,37341,42500,65208,10.8
1400000US48491020703,48491020703,"Census Tract 207.03, Williamson County, Texas",1020,13.7,14.5,67.9,3.8,6708,3.6,5.5,18.2,37.0,7.8,19.6,8.3,90.9,27.9,1983,92.7,30.9,2093,93.6,32.6,2281,87.4,22.1,351,87.2,19.9,11.9,20.0,5.9,6.7,37594,15644,27266,38445,46458,50527,12.2
1400000US48491020704,48491020704,"Census Tract 207.04, Williamson County, Texas",718,5.4,60.0,24.8,9.7,3993,5.4,17.7,24.1,29.9,8.0,8.7,6.2,76.9,14.9,1206,77.4,18.9,1021,72.9,12.4,1456,75.1,11.8,310,97.1,21.9,23.2,0.0,16.2,3.2,32435,35267,31816,25762,34527,68535,7.0
1400000US48491020706,48491020706,"Census Tract 207.06, Williamson County, Texas",217,8.8,45.6,45.6,0.0,2253,1.6,3.0,4.6,21.5,8.3,44.6,16.5,95.4,61.1,231,100.0,81.4,556,94.2,76.8,1215,95.5,55.1,251,93.6,36.7,32.0,0.0,3.0,4.9,56824,46648,56250,52031,64659,52228,4.3
1400000US48491020707,48491020707,"Census Tract 207.07, Williamson County, Texas",329,14.0,46.5,32.8,6.7,2971,1.0,6.7,20.8,30.2,8.6,22.3,10.3,92.2,32.6,835,87.9,35.7,888,92.1,28.6,1021,95.9,30.1,227,92.1,48.5,6.5,14.7,7.9,2.0,37500,18224,27551,38009,42124,51767,4.7
1400000US48491020708,48491020708,"Census Tract 207.08, Williamson County, Texas",342,21.3,26.6,44.4,7.6,4692,1.8,3.3,15.0,19.8,7.6,41.3,11.2,94.9,52.5,1538,97.3,61.2,1199,91.2,56.1,1518,99.1,44.4,437,82.6,40.0,20.2,5.1,3.0,3.4,52284,-,50404,52596,55132,76913,5.0
1400000US48491020803,48491020803,"Census Tract 208.03, Williamson County, Texas",166,0.0,37.3,59.0,3.6,2537,9.3,4.2,25.9,25.7,13.6,16.4,5.0,86.5,21.3,377,80.6,25.7,815,87.0,15.8,921,96.3,27.3,424,69.6,15.1,10.2,5.3,13.0,0.0,42639,41583,31649,47361,61154,97621,2.7
1400000US48491020804,48491020804,"Census Tract 208.04, Williamson County, Texas",534,17.6,30.1,39.7,12.5,6425,0.9,1.1,14.0,23.3,7.6,36.7,16.4,98.0,53.1,1456,98.8,48.9,1360,98.7,62.9,2968,99.6,53.2,641,87.7,41.3,9.4,8.0,3.4,0.0,61034,-,31111,40575,70545,94018,5.5
1400000US48491020805,48491020805,"Census Tract 208.05, Williamson County, Texas",575,77.2,11.0,11.8,0.0,4542,0.7,2.0,33.6,25.1,14.5,18.4,5.7,97.3,24.1,1540,100.0,18.0,1123,97.2,18.4,1279,97.5,44.6,600,90.3,6.8,0.0,10.2,2.1,0.0,41986,-,32178,47853,47344,85042,2.4
1400000US48491020806,48491020806,"Census Tract 208.06, Williamson County, Texas",296,0.0,11.5,71.6,16.9,1900,10.7,4.5,19.8,30.4,6.0,21.7,6.9,84.8,28.6,563,76.9,33.0,493,91.7,38.7,650,91.8,24.8,194,66.5,2.6,26.3,0.0,7.1,0.9,45011,29028,29388,45149,66477,92083,2.8
1400000US48491020807,48491020807,"Census Tract 208.07, Williamson County, Texas",427,31.1,20.1,42.4,6.3,4802,4.7,0.4,27.1,39.7,6.4,18.5,3.1,94.9,21.6,1471,98.6,18.8,1467,100.0,24.6,1528,100.0,23.3,336,33.0,13.7,0.0,9.4,6.4,0.0,43621,-,33658,45104,47158,70677,4.7
1400000US48491020808,48491020808,"Census Tract 208.08, Williamson County, Texas",55,3.6,25.5,70.9,0.0,1102,7.3,9.2,37.5,16.4,7.2,18.3,4.2,83.6,22.5,87,100.0,0.0,278,87.1,41.0,525,76.4,18.7,212,90.1,17.0,9.9,9.0,6.9,0.0,39806,28164,41172,39596,120507,91797,2.7
1400000US48491020809,48491020809,"Census Tract 208.09, Williamson County, Texas",275,22.9,48.4,28.7,0.0,4023,3.3,5.5,24.5,28.8,14.0,19.9,4.1,91.2,24.0,1493,94.5,12.9,971,88.8,33.4,1117,90.3,30.6,442,87.6,24.2,12.1,7.5,3.5,0.0,38875,35719,21713,34611,48375,85223,3.5
1400000US48491020900,48491020900,"Census Tract 209, Williamson County, Texas",299,5.7,51.8,41.5,1.0,2905,5.6,6.2,39.5,24.7,5.6,15.7,2.8,88.2,18.4,330,93.0,17.6,526,91.6,20.0,1506,91.9,19.7,543,71.8,13.8,28.9,17.1,5.9,3.7,37847,33125,35563,35268,41793,68750,9.1
1400000US48491021000,48491021000,"Census Tract 210, Williamson County, Texas",341,33.1,41.3,21.7,3.8,2139,17.4,20.1,38.8,13.8,3.3,3.3,3.3,62.4,6.6,548,65.9,12.0,470,75.5,0.0,827,56.7,5.0,294,51.0,11.6,27.3,35.9,22.2,26.5,21144,19031,24427,17101,20417,12429,12.2
1400000US48491021100,48491021100,"Census Tract 211, Williamson County, Texas",414,12.3,49.0,33.3,5.3,1715,11.6,10.4,34.5,25.9,7.8,7.2,2.6,78.0,9.8,280,85.0,10.7,436,85.6,12.2,692,74.3,9.2,307,69.4,6.8,31.3,11.0,10.0,0.6,27377,17361,30388,25513,56875,74844,7.2
1400000US48491021201,48491021201,"Census Tract 212.01, Williamson County, Texas",204,10.3,61.8,27.9,0.0,1982,2.1,5.1,46.3,21.5,4.7,10.1,10.1,92.7,20.2,366,96.2,10.9,460,99.8,15.9,664,89.3,23.9,492,88.2,26.2,15.3,2.4,5.0,2.0,34013,25000,37938,34167,31620,24821,3.8
1400000US48491021202,48491021202,"Census Tract 212.02, Williamson County, Texas",405,13.8,40.2,40.0,5.9,2107,4.4,4.6,35.0,26.4,7.3,15.2,7.2,91.0,22.4,276,95.3,16.7,437,92.4,35.0,916,93.9,22.4,478,81.8,14.0,0.0,3.3,1.7,1.3,34901,30357,27143,32905,48542,52381,1.8
1400000US48491021203,48491021203,"Census Tract 212.03, Williamson County, Texas",196,20.4,41.8,34.2,3.6,2027,7.7,10.5,43.2,19.7,2.2,11.5,5.1,81.7,16.7,474,90.5,7.0,288,86.1,33.3,845,84.3,22.5,420,63.8,4.5,21.7,7.2,19.4,1.2,26865,13500,24595,23984,40000,64423,5.4
1400000US48491021300,48491021300,"Census Tract 213, Williamson County, Texas",376,30.9,41.8,27.4,0.0,2987,9.3,11.5,37.5,19.8,8.5,9.6,3.8,79.2,13.4,666,69.2,4.7,574,81.5,21.3,1178,89.4,12.7,569,67.7,17.2,46.7,17.2,7.1,4.2,33384,17019,33179,31080,51250,56094,4.8
1400000US48491021401,48491021401,"Census Tract 214.01, Williamson County, Texas",1516,17.6,42.2,39.2,0.9,5215,5.9,8.3,19.7,20.7,7.4,25.7,12.3,85.8,38.0,1323,83.3,34.6,1426,92.7,40.2,1787,86.9,44.6,679,73.5,22.5,1.6,2.6,7.4,4.6,39531,23604,33773,36333,52515,45976,5.5
1400000US48491021402,48491021402,"Census Tract 214.02, Williamson County, Texas",823,25.5,49.2,15.6,9.7,3029,19.1,10.3,30.5,15.7,7.2,10.2,6.9,70.6,17.1,990,77.0,13.1,492,64.6,17.3,854,61.0,21.2,693,77.5,17.7,34.9,13.3,19.9,1.4,22079,20089,19836,21796,38068,44875,12.1
1400000US48491021403,48491021403,"Census Tract 214.03, Williamson County, Texas",327,17.7,36.1,40.4,5.8,2488,7.6,9.5,29.2,20.9,3.9,21.1,7.8,83.0,28.9,798,87.2,24.2,409,80.7,27.9,918,79.2,32.4,363,85.7,31.7,2.6,25.7,23.5,3.3,26392,20039,26515,27750,41214,62250,4.9
1400000US48491021502,48491021502,"Census Tract 215.02, Williamson County, Texas",422,28.4,37.2,22.7,11.6,2924,12.9,9.9,31.0,26.6,6.5,10.7,2.4,77.2,13.1,961,80.1,20.1,854,76.3,13.1,799,76.1,8.0,310,73.5,4.5,28.1,16.0,5.8,18.5,30014,15449,31266,32219,33065,65682,4.5
1400000US48491021503,48491021503,"Census Tract 215.03, Williamson County, Texas",594,5.7,32.0,60.4,1.9,2838,5.0,7.0,32.7,30.3,9.1,9.6,6.3,88.0,15.9,886,91.9,17.8,710,79.2,19.3,858,90.4,14.8,384,90.1,7.6,24.7,21.9,3.6,6.4,30984,16713,26672,32956,43000,14507,2.5
1400000US48491021504,48491021504,"Census Tract 215.04, Williamson County, Texas",334,6.6,46.4,37.7,9.3,4323,0.0,1.0,10.4,22.9,11.0,31.9,22.7,99.0,54.6,1075,98.0,63.9,1485,100.0,68.0,1371,100.0,36.3,392,94.1,42.6,0.0,0.2,6.3,5.3,52069,-,16964,46951,57361,80563,7.4
1400000US48491021505,48491021505,"Census Tract 215.05, Williamson County, Texas",802,27.3,35.8,35.7,1.2,4285,9.5,8.0,20.6,25.6,6.6,26.0,3.7,82.5,29.7,835,90.5,27.4,1455,83.1,31.3,1607,88.2,34.5,388,38.9,9.0,5.2,3.9,3.2,2.7,39733,37851,23399,39569,60142,40353,7.2
1400000US48491021506,48491021506,"Census Tract 215.06, Williamson County, Texas",141,0.0,12.1,42.6,45.4,2113,2.4,2.7,22.2,24.3,13.3,19.8,15.3,94.9,35.1,639,97.0,32.9,492,96.1,36.8,711,92.7,34.5,271,93.7,39.1,7.5,0.0,3.5,0.0,42240,25550,37276,39681,42037,53169,7.5
1400000US48491021507,48491021507,"Census Tract 215.07, Williamson County, Texas",1117,8.2,23.5,61.6,6.7,5470,1.3,5.2,22.0,25.8,9.2,24.3,12.2,93.5,36.6,1498,91.1,47.1,1406,92.3,37.6,1807,98.4,30.9,759,88.9,27.4,0.0,13.1,5.8,5.6,39912,31544,31667,40609,53699,48015,5.0
1400000US48491021508,48491021508,"Census Tract 215.08, Williamson County, Texas",778,12.3,16.5,53.7,17.5,4504,1.3,1.2,23.1,25.6,10.9,27.6,10.2,97.5,37.9,1220,94.6,37.5,1758,100.0,36.9,1217,97.0,37.6,309,96.1,45.3,14.0,5.7,0.9,3.3,48369,24792,30445,38409,68913,53971,7.4
1400000US48491021601,48491021601,"Census Tract 216.01, Williamson County, Texas",268,20.1,49.3,22.4,8.2,2234,7.5,2.0,36.9,25.5,12.0,11.5,4.7,90.5,16.2,588,92.2,9.7,309,100.0,41.7,997,91.2,14.8,340,76.8,7.9,2.3,2.4,9.4,13.3,31539,26632,30288,36750,50372,42292,3.4
1400000US48491021602,48491021602,"Census Tract 216.02, Williamson County, Texas",196,20.9,24.5,53.6,1.0,1930,7.1,12.8,37.3,20.6,6.9,11.2,4.1,80.1,15.4,492,59.3,12.4,185,81.1,29.7,858,87.5,12.4,395,89.4,19.0,36.2,1.9,8.5,0.0,35734,25179,31632,40958,47019,42750,6.2
1400000US48491021603,48491021603,"Census Tract 216.03, Williamson County, Texas",212,24.5,39.6,34.4,1.4,977,11.7,8.8,34.7,29.1,3.9,9.3,2.6,79.5,11.9,169,85.8,15.4,136,73.5,0.0,493,84.8,13.6,179,63.7,12.8,20.5,5.6,0.0,0.0,29722,14600,27413,36563,45298,4861,5.6
