GEO.id,GEO.id2,GEO.display-label,HD01_VD01,HD02_VD01,HD01_VD02,HD02_VD02,HD01_VD03,HD02_VD03,HD01_VD04,HD02_VD04,HD01_VD05,HD02_VD05,HD01_VD06,HD02_VD06,HD01_VD07,HD02_VD07,HD01_VD08,HD02_VD08,HD01_VD09,HD02_VD09,HD01_VD10,HD02_VD10,HD01_VD11,HD02_VD11,HD01_VD12,HD02_VD12,HD01_VD13,HD02_VD13,HD01_VD14,HD02_VD14,HD01_VD15,HD02_VD15,HD01_VD16,HD02_VD16,HD01_VD17,HD02_VD17,HD01_VD18,HD02_VD18,HD01_VD19,HD02_VD19,HD01_VD20,HD02_VD20,HD01_VD21,HD02_VD21,HD01_VD22,HD02_VD22,HD01_VD23,HD02_VD23,HD01_VD24,HD02_VD24
Id,Id2,Geography,Estimate; Total:,Margin of Error; Total:,Estimate; With cash rent:,Margin of Error; With cash rent:,Estimate; With cash rent: - Less than $100,Margin of Error; With cash rent: - Less than $100,Estimate; With cash rent: - $100 to $149,Margin of Error; With cash rent: - $100 to $149,Estimate; With cash rent: - $150 to $199,Margin of Error; With cash rent: - $150 to $199,Estimate; With cash rent: - $200 to $249,Margin of Error; With cash rent: - $200 to $249,Estimate; With cash rent: - $250 to $299,Margin of Error; With cash rent: - $250 to $299,Estimate; With cash rent: - $300 to $349,Margin of Error; With cash rent: - $300 to $349,Estimate; With cash rent: - $350 to $399,Margin of Error; With cash rent: - $350 to $399,Estimate; With cash rent: - $400 to $449,Margin of Error; With cash rent: - $400 to $449,Estimate; With cash rent: - $450 to $499,Margin of Error; With cash rent: - $450 to $499,Estimate; With cash rent: - $500 to $549,Margin of Error; With cash rent: - $500 to $549,Estimate; With cash rent: - $550 to $599,Margin of Error; With cash rent: - $550 to $599,Estimate; With cash rent: - $600 to $649,Margin of Error; With cash rent: - $600 to $649,Estimate; With cash rent: - $650 to $699,Margin of Error; With cash rent: - $650 to $699,Estimate; With cash rent: - $700 to $749,Margin of Error; With cash rent: - $700 to $749,Estimate; With cash rent: - $750 to $799,Margin of Error; With cash rent: - $750 to $799,Estimate; With cash rent: - $800 to $899,Margin of Error; With cash rent: - $800 to $899,Estimate; With cash rent: - $900 to $999,Margin of Error; With cash rent: - $900 to $999,"Estimate; With cash rent: - $1,000 to $1,249","Margin of Error; With cash rent: - $1,000 to $1,249","Estimate; With cash rent: - $1,250 to $1,499","Margin of Error; With cash rent: - $1,250 to $1,499","Estimate; With cash rent: - $1,500 to $1,999","Margin of Error; With cash rent: - $1,500 to $1,999","Estimate; With cash rent: - $2,000 or more","Margin of Error; With cash rent: - $2,000 or more",Estimate; No cash rent,Margin of Error; No cash rent
1400000US48021950100,48021950100,"Census Tract 9501, Bastrop County, Texas",383,126,305,113,0,127,0,127,0,127,0,127,0,127,0,127,0,127,31,50,0,127,8,13,0,127,8,13,44,50,31,31,37,31,72,55,10,12,0,127,64,60,0,127,0,127,78,65
1400000US48021950200,48021950200,"Census Tract 9502, Bastrop County, Texas",888,259,833,256,0,127,0,127,18,30,17,25,0,127,30,28,30,34,60,93,56,71,23,30,0,127,39,51,24,40,60,94,95,100,146,116,24,38,200,142,11,20,0,127,0,127,55,54
1400000US48021950300,48021950300,"Census Tract 9503, Bastrop County, Texas",465,153,337,124,0,127,0,127,0,127,0,127,0,127,0,127,0,127,0,127,0,127,14,21,25,29,37,37,0,127,9,14,23,27,126,105,32,39,31,29,40,34,0,127,0,127,128,108
1400000US48021950400,48021950400,"Census Tract 9504, Bastrop County, Texas",949,213,816,205,0,127,0,127,0,127,0,127,0,127,0,127,31,48,11,18,0,127,16,25,10,18,0,127,15,24,8,12,43,36,12,22,281,128,281,142,0,127,82,78,26,30,133,97
1400000US48021950500,48021950500,"Census Tract 9505, Bastrop County, Texas",493,160,454,161,0,127,0,127,0,127,0,127,0,127,0,127,0,127,34,50,0,127,8,15,0,127,54,47,82,69,22,35,48,72,44,41,8,13,139,98,2,6,0,127,13,17,39,41
1400000US48021950600,48021950600,"Census Tract 9506, Bastrop County, Texas",273,121,181,101,0,127,0,127,0,127,0,127,0,127,0,127,0,127,0,127,0,127,0,127,0,127,0,127,35,54,47,47,52,61,7,11,8,13,32,33,0,127,0,127,0,127,92,59
1400000US48021950700,48021950700,"Census Tract 9507, Bastrop County, Texas",614,146,594,145,0,127,0,127,13,19,63,60,53,46,10,16,36,51,33,30,43,30,0,127,54,53,19,27,58,53,29,28,0,127,21,33,36,39,108,77,18,26,0,127,0,127,20,22
1400000US48021950800,48021950800,"Census Tract 9508, Bastrop County, Texas",453,157,366,150,0,127,0,127,0,127,0,127,0,127,0,127,0,127,0,127,0,127,0,127,50,59,15,23,24,25,40,38,0,127,145,97,76,75,0,127,16,29,0,127,0,127,87,85
1400000US48055960100,48055960100,"Census Tract 9601, Caldwell County, Texas",411,137,337,129,0,127,0,127,0,127,0,127,0,127,3,5,3,6,0,127,0,127,29,33,26,43,42,45,66,67,0,127,2,4,37,58,64,70,52,58,13,20,0,127,0,127,74,54
1400000US48055960200,48055960200,"Census Tract 9602, Caldwell County, Texas",495,140,459,131,0,127,0,127,6,11,14,21,0,127,0,127,5,8,10,16,34,39,8,15,47,62,67,51,0,127,17,20,50,46,132,82,8,13,61,53,0,127,0,127,0,127,36,49
1400000US48055960300,48055960300,"Census Tract 9603, Caldwell County, Texas",375,113,363,114,0,127,0,127,0,127,0,127,0,127,0,127,9,16,16,19,53,43,0,127,31,50,10,17,20,23,0,127,27,41,41,35,63,53,57,41,29,37,7,12,0,127,12,17
1400000US48055960400,48055960400,"Census Tract 9604, Caldwell County, Texas",538,151,503,150,7,12,0,127,8,14,15,18,11,19,0,127,0,127,0,127,36,45,7,11,29,26,37,31,16,24,28,29,40,44,70,57,80,58,105,90,14,16,0,127,0,127,35,35
1400000US48055960500,48055960500,"Census Tract 9605, Caldwell County, Texas",550,152,462,133,0,127,0,127,6,9,0,127,10,16,0,127,0,127,8,13,46,49,21,27,38,43,30,24,15,18,46,56,12,18,50,46,98,92,52,54,30,27,0,127,0,127,88,78
1400000US48055960600,48055960600,"Census Tract 9606, Caldwell County, Texas",82,61,57,51,0,127,0,127,0,127,28,41,0,127,0,127,0,127,0,127,0,127,0,127,0,127,11,19,0,127,2,4,0,127,0,127,16,26,0,127,0,127,0,127,0,127,25,30
1400000US48055960700,48055960700,"Census Tract 9607, Caldwell County, Texas",993,209,822,186,21,35,0,127,0,127,0,127,39,42,35,30,50,51,80,75,62,50,151,123,231,106,0,127,77,96,31,36,36,58,0,127,0,127,9,18,0,127,0,127,0,127,171,105
1400000US48209010100,48209010100,"Census Tract 101, Hays County, Texas",617,110,574,112,0,127,0,127,0,127,16,26,0,127,11,17,0,127,7,13,53,53,10,15,7,13,131,87,39,49,28,32,46,40,67,45,0,127,117,78,0,127,42,55,0,127,43,31
1400000US48209010200,48209010200,"Census Tract 102, Hays County, Texas",465,85,438,82,0,127,0,127,0,127,0,127,0,127,0,127,73,67,52,57,0,127,14,24,18,21,37,28,28,23,23,35,45,44,32,32,90,53,16,26,10,15,0,127,0,127,27,33
1400000US48209010301,48209010301,"Census Tract 103.01, Hays County, Texas",3650,336,3531,320,0,127,21,32,0,127,56,38,50,45,0,127,71,72,55,46,254,124,263,112,511,151,574,195,350,173,211,98,229,116,297,150,259,106,148,98,153,102,29,46,0,127,119,74
1400000US48209010302,48209010302,"Census Tract 103.02, Hays County, Texas",1250,158,1196,166,0,127,0,127,6,10,8,14,37,36,25,45,12,18,0,127,38,36,27,26,113,87,80,53,96,66,168,84,229,197,183,82,65,52,59,40,41,39,0,127,9,13,54,61
1400000US48209010400,48209010400,"Census Tract 104, Hays County, Texas",1370,229,1238,215,0,127,0,127,0,127,0,127,10,17,0,127,0,127,10,17,8,13,232,123,6,11,30,27,66,59,65,74,69,50,237,128,215,132,249,151,7,12,7,10,27,23,132,109
1400000US48209010500,48209010500,"Census Tract 105, Hays County, Texas",643,127,628,129,0,127,0,127,29,48,0,127,0,127,8,12,22,37,0,127,45,44,71,48,25,28,16,27,45,40,9,13,66,58,86,50,53,56,75,54,78,68,0,127,0,127,15,17
1400000US48209010600,48209010600,"Census Tract 106, Hays County, Texas",1248,212,1200,215,0,127,0,127,0,127,0,127,0,127,0,127,0,127,38,65,0,127,0,127,0,127,56,52,30,36,131,96,134,91,300,127,149,100,261,130,51,70,50,65,0,127,48,59
1400000US48209010700,48209010700,"Census Tract 107, Hays County, Texas",2856,298,2798,302,0,127,0,127,0,127,0,127,0,127,0,127,0,127,32,36,0,127,203,112,307,130,222,130,314,148,303,164,263,152,462,170,96,64,252,127,189,102,155,103,0,127,58,47
1400000US48209010801,48209010801,"Census Tract 108.01, Hays County, Texas",569,164,544,162,5,6,0,127,0,127,0,127,2,4,3,6,4,8,7,12,8,13,1,3,111,138,20,23,21,24,37,26,40,39,21,21,57,51,92,45,37,24,53,46,25,21,25,21
1400000US48209010802,48209010802,"Census Tract 108.02, Hays County, Texas",747,228,696,230,0,127,0,127,0,127,6,10,12,10,18,15,25,23,28,27,16,27,0,127,19,32,0,127,0,127,80,69,54,63,54,47,65,70,223,171,34,26,50,50,12,19,51,37
1400000US48209010901,48209010901,"Census Tract 109.01, Hays County, Texas",114,58,103,56,0,127,0,127,0,127,0,127,0,127,0,127,0,127,0,127,0,127,0,127,7,12,0,127,6,10,0,127,6,9,0,127,0,127,18,22,40,49,18,20,8,13,11,17
1400000US48209010902,48209010902,"Census Tract 109.02, Hays County, Texas",298,113,272,113,0,127,5,8,7,11,0,127,0,127,0,127,0,127,0,127,6,10,0,127,20,31,0,127,13,16,7,13,0,127,12,18,12,18,81,68,59,36,50,55,0,127,26,25
1400000US48209010903,48209010903,"Census Tract 109.03, Hays County, Texas",546,166,451,156,0,127,0,127,0,127,0,127,0,127,0,127,0,127,0,127,0,127,0,127,0,127,62,50,0,127,34,56,0,127,44,52,103,92,89,49,90,71,29,31,0,127,95,60
1400000US48209010904,48209010904,"Census Tract 109.04, Hays County, Texas",1465,312,1390,310,0,127,0,127,0,127,7,23,0,127,13,18,5,9,15,17,2,3,30,31,2,3,0,127,61,48,18,29,46,52,107,92,64,87,383,172,504,229,127,73,6,9,75,54
1400000US48453000101,48453000101,"Census Tract 1.01, Travis County, Texas",567,119,547,119,0,127,0,127,0,127,0,127,11,17,0,127,0,127,0,127,0,127,0,127,28,35,15,23,0,127,26,28,38,49,74,49,28,28,53,49,64,69,83,57,127,61,20,23
1400000US48453000102,48453000102,"Census Tract 1.02, Travis County, Texas",58,37,47,34,0,127,0,127,0,127,0,127,0,127,0,127,0,127,0,127,0,127,8,13,0,127,0,127,0,127,0,127,0,127,0,127,0,127,17,23,0,127,9,16,13,21,11,17
1400000US48453000201,48453000201,"Census Tract 2.01, Travis County, Texas",2266,198,2224,194,39,62,0,127,0,127,0,127,37,56,0,127,0,127,0,127,50,44,231,108,259,136,263,151,287,128,48,44,118,69,70,62,212,138,347,176,169,97,58,68,36,42,42,31
1400000US48453000203,48453000203,"Census Tract 2.03, Travis County, Texas",466,92,466,92,0,127,0,127,0,127,0,127,0,127,0,127,0,127,0,127,0,127,11,17,0,127,0,127,0,127,0,127,0,127,0,127,0,127,74,52,130,99,224,74,27,26,0,127
1400000US48453000204,48453000204,"Census Tract 2.04, Travis County, Texas",879,186,879,186,0,127,0,127,18,22,0,127,11,17,0,127,0,127,0,127,0,127,24,29,55,50,61,44,55,70,52,56,109,87,147,99,31,41,95,67,74,49,65,49,82,72,0,127
1400000US48453000301,48453000301,"Census Tract 3.01, Travis County, Texas",2255,290,2225,291,0,127,0,127,0,127,0,127,0,127,0,127,12,18,10,18,62,56,41,38,122,111,140,81,254,128,300,137,178,125,37,35,103,75,345,186,324,160,164,118,133,96,30,30
1400000US48453000302,48453000302,"Census Tract 3.02, Travis County, Texas",2065,208,2065,208,0,127,0,127,10,16,0,127,0,127,0,127,60,80,0,127,73,83,46,39,253,160,204,119,293,120,189,108,110,92,73,62,157,90,234,100,252,155,87,65,24,29,0,127
1400000US48453000303,48453000303,"Census Tract 3.03, Travis County, Texas",605,111,595,112,26,41,0,127,11,17,0,127,0,127,0,127,0,127,37,29,0,127,21,30,36,40,111,69,35,43,34,37,18,20,90,55,29,41,83,54,19,28,36,34,9,14,10,16
1400000US48453000401,48453000401,"Census Tract 4.01, Travis County, Texas",901,140,822,132,0,127,8,12,9,15,0,127,0,127,11,17,0,127,0,127,8,13,25,23,83,59,37,38,71,49,42,42,52,48,130,73,51,40,93,62,21,20,136,82,45,41,79,79
1400000US48453000402,48453000402,"Census Tract 4.02, Travis County, Texas",714,123,714,123,0,127,0,127,0,127,0,127,0,127,24,38,0,127,41,55,46,42,8,14,56,43,56,51,113,74,69,55,19,24,41,34,48,49,136,71,38,59,19,28,0,127,0,127
1400000US48453000500,48453000500,"Census Tract 5, Travis County, Texas",1844,257,1806,254,0,127,0,127,0,127,10,16,0,127,0,127,31,38,28,32,95,110,98,64,135,105,175,173,132,105,147,79,118,113,162,102,150,82,273,153,176,114,46,37,30,39,38,37
1400000US48453000601,48453000601,"Census Tract 6.01, Travis County, Texas",469,105,426,100,0,127,0,127,0,127,9,14,0,127,0,127,6,11,0,127,29,27,0,127,0,127,66,58,40,35,7,12,10,15,28,34,35,39,36,26,25,33,74,59,61,61,43,71
1400000US48453000603,48453000603,"Census Tract 6.03, Travis County, Texas",1440,178,1402,175,0,127,0,127,0,127,13,21,0,127,6,10,33,30,7,15,60,59,62,63,30,28,40,39,96,49,109,83,51,31,140,86,87,46,148,71,190,82,120,63,210,107,38,27
1400000US48453000604,48453000604,"Census Tract 6.04, Travis County, Texas",1131,159,1095,157,0,127,0,127,0,127,0,127,0,127,0,127,0,127,0,127,86,59,79,70,15,23,65,49,79,72,121,89,53,49,91,64,139,102,38,35,105,68,106,72,118,72,36,31
1400000US48453000700,48453000700,"Census Tract 7, Travis County, Texas",400,100,386,100,0,127,0,127,0,127,0,127,0,127,0,127,0,127,0,127,19,30,0,127,0,127,19,23,5,8,25,24,68,48,41,44,44,40,130,92,24,28,11,18,0,127,14,22
1400000US48453000801,48453000801,"Census Tract 8.01, Travis County, Texas",168,71,157,72,0,127,0,127,37,28,14,23,0,127,0,127,0,127,0,127,0,127,0,127,0,127,0,127,16,24,36,43,12,19,18,31,0,127,24,33,0,127,0,127,0,127,11,18
1400000US48453000802,48453000802,"Census Tract 8.02, Travis County, Texas",618,151,606,150,16,27,0,127,10,14,116,74,60,62,44,46,37,30,38,45,47,55,0,127,16,28,34,47,24,32,35,44,15,23,18,29,35,44,11,18,3,8,47,57,0,127,12,20
1400000US48453000803,48453000803,"Census Tract 8.03, Travis County, Texas",345,107,345,107,0,127,22,36,0,127,0,127,0,127,0,127,0,127,0,127,10,18,17,23,53,51,0,127,0,127,0,127,30,33,124,71,0,127,55,40,23,26,11,18,0,127,0,127
1400000US48453000804,48453000804,"Census Tract 8.04, Travis County, Texas",465,111,445,107,35,33,7,12,47,40,45,54,73,56,0,127,0,127,36,41,0,127,45,50,0,127,10,19,6,11,11,19,0,127,11,17,26,35,78,72,15,27,0,127,0,127,20,22
1400000US48453000901,48453000901,"Census Tract 9.01, Travis County, Texas",296,128,296,128,0,127,0,127,0,127,0,127,0,127,0,127,17,25,0,127,0,127,6,10,17,30,7,15,15,20,35,62,19,30,18,28,37,59,17,27,57,65,51,41,0,127,0,127
1400000US48453000902,48453000902,"Census Tract 9.02, Travis County, Texas",847,137,795,139,26,30,9,14,7,12,32,31,40,38,82,72,64,49,52,54,0,127,23,37,23,33,50,48,73,63,39,60,44,50,23,26,94,62,108,69,6,9,0,127,0,127,52,43
1400000US48453001000,48453001000,"Census Tract 10, Travis County, Texas",670,131,612,128,0,127,11,17,30,28,8,15,35,44,0,127,21,25,34,33,31,23,12,18,10,16,7,12,38,53,31,47,0,127,70,55,0,127,254,100,0,127,0,127,20,31,58,39
1400000US48453001100,48453001100,"Census Tract 11, Travis County, Texas",1090,193,1028,189,0,127,0,127,11,16,15,18,0,127,17,2,0,127,17,25,0,127,20,23,12,19,43,53,0,127,29,30,0,127,40,47,0,127,59,58,199,131,392,140,174,88,62,63
1400000US48453001200,48453001200,"Census Tract 12, Travis County, Texas",1446,238,1414,239,0,127,0,127,16,25,0,127,0,127,0,127,0,127,0,127,41,64,99,66,62,63,0,127,141,85,86,77,66,49,115,79,144,76,146,116,162,102,226,123,110,74,32,36
1400000US48453001303,48453001303,"Census Tract 13.03, Travis County, Texas",643,135,607,129,0,127,0,127,0,127,0,127,0,127,11,18,0,127,0,127,10,16,39,32,78,70,5,9,38,37,67,63,41,32,74,65,35,20,46,35,64,40,47,37,52,50,36,41
1400000US48453001304,48453001304,"Census Tract 13.04, Travis County, Texas",1160,178,1085,183,31,50,0,127,0,127,0,127,35,47,0,127,10,16,33,52,10,16,0,127,36,49,37,28,7,11,41,31,39,26,104,66,181,81,328,134,156,130,37,32,0,127,75,84
1400000US48453001305,48453001305,"Census Tract 13.05, Travis County, Texas",1604,265,1534,249,49,69,17,29,0,127,120,122,57,69,0,127,60,75,28,36,23,38,9,15,19,30,117,114,39,47,278,167,120,94,30,36,113,104,211,102,128,102,105,94,11,18,70,66
1400000US48453001307,48453001307,"Census Tract 13.07, Travis County, Texas",1313,117,1304,118,0,127,54,67,0,127,84,67,7,11,0,127,9,15,0,127,8,13,77,72,67,63,121,73,111,75,169,95,91,59,188,89,84,90,213,113,21,32,0,127,0,127,9,15
1400000US48453001308,48453001308,"Census Tract 13.08, Travis County, Texas",743,132,727,133,0,127,0,127,0,127,0,127,8,13,0,127,0,127,1,9,33,41,73,67,54,54,20,18,126,82,66,72,57,45,53,52,116,82,19,29,79,62,22,24,0,127,16,20
1400000US48453001401,48453001401,"Census Tract 14.01, Travis County, Texas",1017,156,1006,157,0,127,0,127,0,127,0,127,0,127,0,127,0,127,10,20,0,127,0,127,13,19,13,20,11,16,22,23,89,65,122,93,131,71,236,117,213,103,120,65,26,19,11,18
1400000US48453001402,48453001402,"Census Tract 14.02, Travis County, Texas",777,126,777,126,0,127,0,127,0,127,0,127,0,127,0,127,10,17,0,127,0,127,12,18,21,23,47,40,100,96,89,81,37,35,100,73,184,116,110,69,0,127,52,45,15,24,0,127
1400000US48453001403,48453001403,"Census Tract 14.03, Travis County, Texas",433,92,433,92,0,127,0,127,0,127,0,127,0,127,0,127,0,127,0,127,8,12,14,20,64,57,79,50,64,40,46,43,7,11,18,31,25,25,58,48,7,11,43,48,0,127,0,127
1400000US48453001501,48453001501,"Census Tract 15.01, Travis County, Texas",431,111,399,108,0,127,6,11,0,127,0,127,21,33,0,127,9,15,0,127,80,120,12,21,0,127,0,127,15,23,0,127,41,32,72,66,29,46,48,39,25,27,28,31,13,22,32,36
1400000US48453001503,48453001503,"Census Tract 15.03, Travis County, Texas",1013,158,1001,156,0,127,0,127,9,15,0,127,0,127,0,127,41,56,16,18,62,69,52,41,62,63,99,68,70,53,93,74,24,39,159,95,24,29,114,76,138,71,23,22,15,12,12,19
1400000US48453001504,48453001504,"Census Tract 15.04, Travis County, Texas",766,124,723,119,0,127,0,127,0,127,0,127,0,127,0,127,0,127,0,127,0,127,0,127,54,41,41,50,21,27,43,45,73,63,81,65,139,78,151,76,100,56,20,23,0,127,43,39
1400000US48453001505,48453001505,"Census Tract 15.05, Travis County, Texas",843,154,830,155,0,127,0,127,0,127,0,127,0,127,0,127,0,127,0,127,0,127,16,22,30,36,27,32,66,102,164,104,48,43,29,33,160,112,172,92,61,45,57,53,0,127,13,22
1400000US48453001602,48453001602,"Census Tract 16.02, Travis County, Texas",1289,172,1275,178,0,127,0,127,0,127,0,127,29,43,10,16,0,127,0,127,0,127,52,46,132,78,208,105,145,127,51,42,81,57,73,44,58,46,103,66,156,96,130,66,47,37,14,22
1400000US48453001603,48453001603,"Census Tract 16.03, Travis County, Texas",386,149,377,145,0,127,0,127,0,127,0,127,0,127,0,127,0,127,0,127,0,127,0,127,0,127,0,127,0,127,13,21,0,127,27,24,39,60,61,79,14,23,139,98,84,71,9,15
1400000US48453001604,48453001604,"Census Tract 16.04, Travis County, Texas",329,92,329,92,0,127,0,127,0,127,0,127,0,127,0,127,0,127,0,127,0,127,12,19,23,36,0,127,56,47,0,127,0,127,14,22,21,24,71,60,0,127,112,62,20,17,0,127
1400000US48453001605,48453001605,"Census Tract 16.05, Travis County, Texas",952,164,889,161,0,127,0,127,0,127,0,127,0,127,11,17,0,127,0,127,0,127,0,127,13,21,138,107,15,24,0,127,48,39,87,46,222,89,191,112,91,84,12,19,61,62,63,59
1400000US48453001606,48453001606,"Census Tract 16.06, Travis County, Texas",0,127,0,127,0,127,0,127,0,127,0,127,0,127,0,127,0,127,0,127,0,127,0,127,0,127,0,127,0,127,0,127,0,127,0,127,0,127,0,127,0,127,0,127,0,127,0,127
1400000US48453001705,48453001705,"Census Tract 17.05, Travis County, Texas",619,127,599,124,0,127,0,127,0,127,0,127,0,127,0,127,0,127,0,127,0,127,0,127,0,127,14,22,0,127,0,127,0,127,49,48,82,57,268,118,124,77,54,43,8,13,20,31
1400000US48453001706,48453001706,"Census Tract 17.06, Travis County, Texas",735,130,694,150,0,127,0,127,0,127,0,127,0,127,0,127,0,127,0,127,12,20,0,127,0,127,25,23,38,37,76,51,80,71,95,87,153,87,77,64,100,91,38,29,0,127,41,51
1400000US48453001707,48453001707,"Census Tract 17.07, Travis County, Texas",1263,179,1218,180,0,127,0,127,0,127,0,127,0,127,0,127,0,127,0,127,0,127,14,21,23,28,182,129,74,96,249,127,38,57,96,74,110,95,178,96,189,118,65,52,0,127,45,42
1400000US48453001712,48453001712,"Census Tract 17.12, Travis County, Texas",1000,143,970,147,0,127,8,13,24,38,0,127,16,18,0,127,8,13,11,17,32,27,18,20,57,62,81,58,87,53,71,56,42,51,146,91,157,90,98,72,33,32,54,40,27,26,30,38
1400000US48453001713,48453001713,"Census Tract 17.13, Travis County, Texas",606,114,606,114,6,11,0,127,0,127,0,127,0,127,9,14,0,127,14,22,0,127,12,18,9,15,0,127,39,28,50,62,67,57,122,73,142,80,78,55,33,50,25,28,0,127,0,127
1400000US48453001714,48453001714,"Census Tract 17.14, Travis County, Texas",2320,274,2302,273,0,127,0,127,0,127,0,127,0,127,0,127,0,127,0,127,0,127,0,127,0,127,33,37,44,71,222,147,199,126,195,143,604,203,644,183,114,96,98,90,149,115,18,29
1400000US48453001715,48453001715,"Census Tract 17.15, Travis County, Texas",661,163,661,163,0,127,0,127,0,127,0,127,0,127,8,12,0,127,0,127,49,65,15,23,43,52,0,127,0,127,84,61,36,44,129,82,0,127,201,114,54,67,33,36,9,15,0,127
1400000US48453001716,48453001716,"Census Tract 17.16, Travis County, Texas",718,135,686,143,0,127,0,127,0,127,0,127,0,127,0,127,0,127,0,127,0,127,0,127,0,127,0,127,0,127,0,127,10,17,26,31,132,92,192,114,164,95,154,105,8,12,32,31
1400000US48453001718,48453001718,"Census Tract 17.18, Travis County, Texas",1405,165,1385,167,0,127,0,127,0,127,11,17,0,127,0,127,0,127,0,127,0,127,114,131,32,52,68,54,0,127,128,84,130,94,89,54,61,46,253,103,275,157,204,109,20,23,20,22
1400000US48453001719,48453001719,"Census Tract 17.19, Travis County, Texas",44,34,35,31,0,127,0,127,0,127,0,127,0,127,0,127,0,127,0,127,0,127,0,127,0,127,0,127,0,127,0,127,0,127,0,127,0,127,0,127,0,127,11,16,24,27,9,15
1400000US48453001722,48453001722,"Census Tract 17.22, Travis County, Texas",2274,184,2262,182,0,127,0,127,0,127,0,127,0,127,0,127,9,14,0,127,0,127,0,127,111,109,50,64,147,83,307,140,186,98,549,167,352,153,486,159,55,65,10,20,0,127,12,20
1400000US48453001728,48453001728,"Census Tract 17.28, Travis County, Texas",831,165,831,165,0,127,0,127,0,127,0,127,0,127,0,127,0,127,0,127,0,127,0,127,0,127,0,127,48,56,32,36,34,38,36,37,88,67,232,120,227,133,112,80,22,39,0,127
1400000US48453001729,48453001729,"Census Tract 17.29, Travis County, Texas",764,156,746,158,0,127,0,127,0,127,0,127,0,127,0,127,0,127,0,127,0,127,0,127,0,127,0,127,0,127,44,43,30,35,47,45,140,130,206,122,224,129,55,56,0,127,18,29
1400000US48453001732,48453001732,"Census Tract 17.32, Travis County, Texas",540,164,501,163,0,127,0,127,0,127,0,127,0,127,0,127,0,127,0,127,0,127,0,127,0,127,0,127,0,127,0,127,10,15,17,23,0,127,25,29,63,84,234,131,152,73,39,36
1400000US48453001733,48453001733,"Census Tract 17.33, Travis County, Texas",82,66,67,74,0,127,0,127,0,127,0,127,0,127,0,127,0,127,0,127,0,127,0,127,11,17,0,127,0,127,0,127,0,127,0,127,0,127,43,71,9,15,0,127,4,7,15,26
1400000US48453001737,48453001737,"Census Tract 17.37, Travis County, Texas",655,172,643,170,0,127,0,127,0,127,0,127,0,127,0,127,0,127,0,127,0,127,0,127,0,127,0,127,0,127,0,127,0,127,68,56,219,131,234,156,29,35,69,48,24,29,12,19
1400000US48453001738,48453001738,"Census Tract 17.38, Travis County, Texas",328,112,328,112,0,127,0,127,0,127,0,127,0,127,0,127,0,127,0,127,0,127,0,127,10,16,55,65,26,32,45,41,0,127,32,32,12,21,0,127,22,25,94,63,32,36,0,127
1400000US48453001739,48453001739,"Census Tract 17.39, Travis County, Texas",1070,220,1070,220,0,127,0,127,0,127,0,127,0,127,0,127,13,20,0,127,0,127,0,127,0,127,0,127,0,127,69,53,11,18,160,117,274,128,284,155,195,113,64,46,0,127,0,127
1400000US48453001740,48453001740,"Census Tract 17.40, Travis County, Texas",486,100,478,98,0,127,0,127,0,127,0,127,0,127,0,127,0,127,0,127,0,127,0,127,0,127,24,37,0,127,0,127,98,73,120,75,38,35,69,59,66,49,42,33,21,30,8,15
1400000US48453001741,48453001741,"Census Tract 17.41, Travis County, Texas",252,122,222,116,0,127,0,127,0,127,0,127,0,127,0,127,0,127,49,65,0,127,0,127,0,127,0,127,33,32,14,23,0,127,0,127,36,55,15,14,41,44,34,57,0,127,30,34
1400000US48453001742,48453001742,"Census Tract 17.42, Travis County, Texas",235,111,206,107,14,21,0,127,0,127,0,127,0,127,0,127,0,127,0,127,0,127,0,127,0,127,0,127,0,127,0,127,50,77,23,36,25,29,17,27,31,33,23,18,23,26,29,31
1400000US48453001743,48453001743,"Census Tract 17.43, Travis County, Texas",378,160,346,157,0,127,0,127,0,127,0,127,0,127,0,127,0,127,0,127,0,127,0,127,9,16,0,127,0,127,0,127,0,127,15,24,38,57,35,56,0,127,117,98,132,103,32,31
1400000US48453001744,48453001744,"Census Tract 17.44, Travis County, Texas",4300,267,4246,273,0,127,0,127,0,127,0,127,0,127,0,127,32,47,0,127,0,127,0,127,18,30,51,62,245,181,185,134,356,150,1190,338,697,248,850,225,492,211,117,94,13,22,54,51
1400000US48453001745,48453001745,"Census Tract 17.45, Travis County, Texas",281,86,258,81,0,127,0,127,0,127,0,127,0,127,0,127,0,127,0,127,0,127,20,29,0,127,0,127,12,21,0,127,15,20,76,62,30,30,63,44,7,12,35,32,0,127,23,38
1400000US48453001746,48453001746,"Census Tract 17.46, Travis County, Texas",618,113,598,112,0,127,0,127,0,127,0,127,0,127,0,127,0,127,0,127,0,127,0,127,0,127,100,67,93,64,89,50,33,33,71,60,60,47,94,69,58,60,0,127,0,127,20,24
1400000US48453001747,48453001747,"Census Tract 17.47, Travis County, Texas",1048,143,1015,139,0,127,0,127,25,19,0,127,0,127,19,15,0,127,0,127,0,127,0,127,53,60,0,127,39,47,133,95,51,58,37,39,158,85,325,109,92,69,83,83,0,127,33,38
1400000US48453001748,48453001748,"Census Tract 17.48, Travis County, Texas",512,120,501,119,0,127,0,127,0,127,0,127,0,127,0,127,0,127,0,127,0,127,0,127,0,127,0,127,0,127,38,51,22,27,81,60,55,38,237,95,40,36,28,34,0,127,11,17
1400000US48453001749,48453001749,"Census Tract 17.49, Travis County, Texas",2171,208,2099,221,0,127,0,127,0,127,0,127,0,127,0,127,0,127,12,18,0,127,0,127,0,127,16,25,33,36,123,90,159,111,368,158,550,182,535,201,270,113,33,33,0,127,72,64
1400000US48453001750,48453001750,"Census Tract 17.50, Travis County, Texas",1796,171,1796,171,0,127,0,127,0,127,0,127,0,127,22,35,0,127,0,127,36,54,0,127,51,62,39,61,15,20,78,79,211,109,512,149,217,108,529,153,61,43,25,27,0,127,0,127
1400000US48453001751,48453001751,"Census Tract 17.51, Travis County, Texas",38,36,25,31,0,127,0,127,0,127,0,127,0,127,0,127,0,127,0,127,0,127,0,127,0,127,0,127,0,127,0,127,0,127,0,127,0,127,6,9,0,127,19,30,0,127,13,20
1400000US48453001752,48453001752,"Census Tract 17.52, Travis County, Texas",2130,200,2130,200,0,127,0,127,0,127,0,127,0,127,0,127,0,127,0,127,0,127,0,127,165,116,157,80,399,172,300,135,147,90,278,140,469,140,169,96,46,40,0,127,0,127,0,127
1400000US48453001753,48453001753,"Census Tract 17.53, Travis County, Texas",830,72,830,72,0,127,0,127,0,127,0,127,0,127,0,127,0,127,0,127,0,127,15,25,20,18,0,127,7,11,6,9,59,62,203,86,280,98,151,67,68,62,21,25,0,127,0,127
1400000US48453001754,48453001754,"Census Tract 17.54, Travis County, Texas",1392,153,1392,153,0,127,0,127,0,127,0,127,0,127,0,127,0,127,0,127,0,127,21,34,59,73,55,52,130,113,123,127,211,136,327,154,130,71,160,102,170,124,6,12,0,127,0,127
1400000US48453001755,48453001755,"Census Tract 17.55, Travis County, Texas",26,26,26,26,0,127,0,127,0,127,0,127,0,127,0,127,0,127,0,127,0,127,0,127,0,127,0,127,5,11,0,127,0,127,0,127,0,127,0,127,0,127,12,19,9,14,0,127
1400000US48453001756,48453001756,"Census Tract 17.56, Travis County, Texas",448,105,441,105,0,127,0,127,0,127,0,127,0,127,0,127,0,127,0,127,0,127,0,127,10,15,0,127,7,11,14,21,0,127,27,44,45,43,172,89,66,50,84,75,16,23,7,13
1400000US48453001757,48453001757,"Census Tract 17.57, Travis County, Texas",256,68,256,68,0,127,0,127,25,39,0,127,0,127,0,127,0,127,0,127,0,127,0,127,0,127,0,127,0,127,0,127,0,127,47,45,24,33,82,54,78,48,0,127,0,127,0,127
1400000US48453001758,48453001758,"Census Tract 17.58, Travis County, Texas",659,82,645,82,0,127,0,127,0,127,0,127,0,127,0,127,0,127,0,127,0,127,0,127,0,127,0,127,45,39,8,12,206,117,133,57,63,47,133,84,24,28,14,23,19,23,14,20
1400000US48453001759,48453001759,"Census Tract 17.59, Travis County, Texas",935,123,918,124,0,127,0,127,0,127,0,127,13,20,0,127,11,18,8,13,0,127,0,127,28,41,28,43,50,37,0,127,46,37,156,71,261,97,192,97,46,54,7,12,72,42,17,20
1400000US48453001760,48453001760,"Census Tract 17.60, Travis County, Texas",763,197,763,197,0,127,0,127,0,127,0,127,0,127,0,127,0,127,0,127,0,127,0,127,0,127,0,127,0,127,0,127,0,127,43,55,102,67,12,26,114,140,294,141,198,122,0,127
1400000US48453001761,48453001761,"Census Tract 17.61, Travis County, Texas",992,180,963,180,0,127,0,127,0,127,0,127,0,127,0,127,0,127,0,127,0,127,0,127,0,127,0,127,15,24,7,12,128,124,240,133,258,125,297,161,10,16,0,127,8,13,29,34
1400000US48453001762,48453001762,"Census Tract 17.62, Travis County, Texas",876,186,807,178,0,127,0,127,0,127,0,127,0,127,0,127,0,127,0,127,0,127,0,127,0,127,0,127,6,10,13,20,8,9,90,53,157,124,261,89,83,57,43,36,146,85,69,53
1400000US48453001764,48453001764,"Census Tract 17.64, Travis County, Texas",184,84,99,60,0,127,0,127,0,127,0,127,0,127,0,127,0,127,17,26,0,127,11,17,0,127,0,127,0,127,0,127,0,127,0,127,0,127,22,31,12,14,37,38,0,127,85,58
1400000US48453001765,48453001765,"Census Tract 17.65, Travis County, Texas",2191,282,2127,273,0,127,0,127,0,127,0,127,0,127,22,33,0,127,0,127,3,7,2,3,0,127,56,47,134,98,201,86,189,106,271,143,303,131,451,178,208,134,172,130,115,97,64,54
1400000US48453001766,48453001766,"Census Tract 17.66, Travis County, Texas",335,128,321,130,0,127,0,127,0,127,0,127,0,127,0,127,0,127,0,127,25,40,0,127,39,45,9,14,15,24,0,127,119,116,0,127,37,45,77,98,0,127,0,127,0,127,14,23
1400000US48453001767,48453001767,"Census Tract 17.67, Travis County, Texas",626,170,527,171,0,127,0,127,0,127,0,127,0,127,13,20,0,127,12,17,18,28,0,127,0,127,63,69,20,33,0,127,0,127,46,43,61,88,166,76,9,14,119,108,0,127,99,79
1400000US48453001768,48453001768,"Census Tract 17.68, Travis County, Texas",200,72,154,64,0,127,0,127,0,127,0,127,0,127,0,127,0,127,0,127,0,127,0,127,28,35,0,127,0,127,4,8,0,127,14,17,9,15,76,51,23,27,0,127,0,127,46,41
1400000US48453001769,48453001769,"Census Tract 17.69, Travis County, Texas",496,154,480,159,0,127,0,127,0,127,0,127,0,127,0,127,0,127,0,127,0,127,28,41,0,127,14,23,0,127,19,30,64,77,55,54,104,94,102,77,66,68,18,22,10,17,16,25
1400000US48453001804,48453001804,"Census Tract 18.04, Travis County, Texas",1728,255,1728,255,8,12,6,10,0,127,9,15,12,19,13,21,10,17,23,39,27,28,91,87,169,120,194,127,239,118,213,107,135,87,325,166,89,94,147,99,18,28,0,127,0,127,0,127
1400000US48453001805,48453001805,"Census Tract 18.05, Travis County, Texas",1155,159,1155,159,26,41,0,127,8,13,7,11,8,11,36,45,13,15,108,78,145,94,182,113,141,105,93,76,44,63,51,47,56,59,86,71,9,14,84,53,58,47,0,127,0,127,0,127
1400000US48453001806,48453001806,"Census Tract 18.06, Travis County, Texas",1743,213,1659,217,0,127,0,127,25,28,0,127,14,21,13,21,0,127,44,69,51,58,87,84,302,146,253,112,204,175,98,84,152,107,185,106,144,77,78,53,9,16,0,127,0,127,84,68
1400000US48453001811,48453001811,"Census Tract 18.11, Travis County, Texas",751,132,751,132,0,127,0,127,0,127,66,38,0,127,0,127,28,44,9,16,35,34,49,52,146,91,68,66,13,20,72,60,58,63,97,77,50,53,25,26,35,48,0,127,0,127,0,127
1400000US48453001812,48453001812,"Census Tract 18.12, Travis County, Texas",2237,207,2221,204,0,127,9,14,24,37,0,127,0,127,12,20,20,18,12,19,30,34,215,119,140,91,319,134,384,176,192,115,135,87,307,133,262,110,74,60,26,29,38,34,22,24,16,28
1400000US48453001813,48453001813,"Census Tract 18.13, Travis County, Texas",1514,166,1454,181,0,127,0,127,0,127,0,127,49,56,0,127,14,22,0,127,0,127,102,104,270,155,227,147,146,111,135,80,81,81,134,77,124,111,94,90,53,67,25,37,0,127,60,82
1400000US48453001817,48453001817,"Census Tract 18.17, Travis County, Texas",1262,208,1142,218,0,127,0,127,45,26,15,24,11,19,0,127,0,127,0,127,31,35,0,127,18,31,95,88,114,64,55,43,102,85,229,117,180,81,183,127,36,36,28,32,0,127,120,159
1400000US48453001818,48453001818,"Census Tract 18.18, Travis County, Texas",1049,194,1030,197,0,127,0,127,0,127,0,127,32,52,0,127,0,127,13,22,0,127,0,127,13,21,182,108,12,22,174,136,182,125,62,43,48,52,159,118,55,53,98,72,0,127,19,30
1400000US48453001819,48453001819,"Census Tract 18.19, Travis County, Texas",1087,93,1087,93,0,127,0,127,0,127,0,127,0,127,0,127,0,127,0,127,0,127,0,127,48,59,278,166,166,82,75,63,31,31,240,100,53,45,129,67,32,40,35,37,0,127,0,127
1400000US48453001820,48453001820,"Census Tract 18.20, Travis County, Texas",2249,230,2219,232,0,127,0,127,0,127,16,25,0,127,0,127,10,15,34,55,72,78,344,151,324,160,213,124,302,158,239,120,108,89,203,109,114,87,111,95,129,115,0,127,0,127,30,37
1400000US48453001821,48453001821,"Census Tract 18.21, Travis County, Texas",752,139,706,132,0,127,0,127,0,127,0,127,0,127,0,127,0,127,0,127,0,127,10,15,28,33,15,23,59,69,0,127,52,49,122,80,158,77,147,98,60,53,55,63,0,127,46,41
1400000US48453001822,48453001822,"Census Tract 18.22, Travis County, Texas",1728,179,1718,178,0,127,35,55,60,67,15,25,28,46,0,127,53,64,53,67,26,48,21,33,151,89,123,93,72,62,252,172,81,69,241,129,228,121,218,127,7,11,54,62,0,127,10,15
1400000US48453001823,48453001823,"Census Tract 18.23, Travis County, Texas",1565,175,1557,177,0,127,0,127,0,127,0,127,0,127,0,127,0,127,12,19,7,15,52,53,110,92,57,68,108,91,282,138,136,93,279,129,179,105,187,96,148,133,0,127,0,127,8,16
1400000US48453001824,48453001824,"Census Tract 18.24, Travis County, Texas",385,93,385,93,0,127,0,127,0,127,0,127,0,127,0,127,0,127,0,127,0,127,0,127,0,127,0,127,0,127,28,33,13,21,179,119,47,36,64,67,0,127,54,56,0,127,0,127
1400000US48453001826,48453001826,"Census Tract 18.26, Travis County, Texas",729,122,714,120,0,127,0,127,0,127,0,127,0,127,0,127,0,127,0,127,0,127,0,127,0,127,24,28,42,49,37,46,77,74,168,73,167,89,169,84,30,29,0,127,0,127,15,21
1400000US48453001828,48453001828,"Census Tract 18.28, Travis County, Texas",221,92,221,92,0,127,0,127,0,127,0,127,0,127,0,127,0,127,0,127,0,127,0,127,0,127,0,127,0,127,0,127,0,127,30,45,10,17,102,74,31,29,48,42,0,127,0,127
1400000US48453001829,48453001829,"Census Tract 18.29, Travis County, Texas",991,146,977,145,0,127,0,127,0,127,0,127,0,127,0,127,0,127,0,127,0,127,0,127,42,53,71,64,104,64,64,58,34,32,279,125,150,73,88,47,125,81,20,29,0,127,14,21
1400000US48453001832,48453001832,"Census Tract 18.32, Travis County, Texas",505,100,491,98,0,127,0,127,0,127,0,127,0,127,22,34,0,127,0,127,9,27,34,33,44,48,34,36,100,76,7,13,40,30,82,60,9,18,110,82,0,127,0,127,0,127,14,22
1400000US48453001833,48453001833,"Census Tract 18.33, Travis County, Texas",1355,172,1308,179,0,127,0,127,15,24,33,38,0,127,0,127,0,127,10,15,0,127,245,128,64,84,34,39,75,71,55,37,59,49,243,170,86,93,75,89,238,124,76,60,0,127,47,53
1400000US48453001834,48453001834,"Census Tract 18.34, Travis County, Texas",1947,250,1947,250,0,127,0,127,0,127,0,127,0,127,0,127,0,127,0,127,10,17,15,25,52,63,9,15,313,142,309,158,153,114,394,196,169,103,341,137,95,83,87,89,0,127,0,127
1400000US48453001835,48453001835,"Census Tract 18.35, Travis County, Texas",762,165,762,165,0,127,0,127,0,127,0,127,13,24,7,12,57,63,0,127,0,127,0,127,0,127,40,54,28,22,0,127,54,47,39,49,71,68,175,87,254,174,24,26,0,127,0,127
1400000US48453001836,48453001836,"Census Tract 18.36, Travis County, Texas",2383,374,2302,351,0,127,0,127,0,127,0,127,0,127,0,127,15,23,31,51,0,127,0,127,0,127,19,29,65,84,46,53,214,123,287,146,205,117,638,197,402,183,380,171,0,127,81,80
1400000US48453001837,48453001837,"Census Tract 18.37, Travis County, Texas",631,192,614,194,0,127,0,127,0,127,0,127,0,127,0,127,13,19,0,127,0,127,35,38,0,127,0,127,0,127,0,127,12,18,0,127,0,127,113,102,187,103,238,104,16,27,17,28
1400000US48453001839,48453001839,"Census Tract 18.39, Travis County, Texas",1320,184,1278,186,0,127,0,127,0,127,0,127,0,127,0,127,0,127,0,127,0,127,0,127,0,127,0,127,112,100,232,132,96,74,373,170,120,98,259,161,70,61,16,24,0,127,42,39
1400000US48453001840,48453001840,"Census Tract 18.40, Travis County, Texas",557,209,547,208,0,127,0,127,0,127,0,127,0,127,40,64,0,127,0,127,0,127,0,127,0,127,0,127,0,127,18,30,37,63,68,73,42,60,201,136,91,97,50,51,0,127,10,18
1400000US48453001841,48453001841,"Census Tract 18.41, Travis County, Texas",862,238,862,238,0,127,0,127,0,127,0,127,0,127,0,127,0,127,0,127,0,127,0,127,0,127,10,19,120,139,28,31,59,92,9,14,68,59,280,162,176,125,98,63,14,22,0,127
1400000US48453001842,48453001842,"Census Tract 18.42, Travis County, Texas",584,164,568,162,0,127,0,127,0,127,0,127,0,127,13,22,0,127,0,127,25,29,0,127,59,63,0,127,23,36,0,127,0,127,44,46,42,48,299,156,39,42,24,23,0,127,16,24
1400000US48453001843,48453001843,"Census Tract 18.43, Travis County, Texas",183,78,183,78,0,127,0,127,0,127,0,127,9,18,0,127,0,127,0,127,0,127,0,127,0,127,0,127,0,127,0,127,0,127,1,11,14,23,55,37,32,30,72,54,0,127,0,127
1400000US48453001844,48453001844,"Census Tract 18.44, Travis County, Texas",1070,120,1070,120,0,127,0,127,0,127,0,127,0,127,0,127,0,127,0,127,0,127,0,127,109,56,116,67,61,57,38,28,28,45,240,99,268,122,156,82,30,30,24,28,0,127,0,127
1400000US48453001845,48453001845,"Census Tract 18.45, Travis County, Texas",504,121,504,121,0,127,0,127,0,127,0,127,0,127,0,127,0,127,0,127,0,127,0,127,9,13,0,127,20,22,17,20,108,92,122,92,57,40,84,48,30,35,57,48,0,127,0,127
1400000US48453001846,48453001846,"Census Tract 18.46, Travis County, Texas",18,19,18,19,0,127,0,127,0,127,0,127,0,127,0,127,0,127,0,127,0,127,0,127,0,127,0,127,0,127,0,127,0,127,0,127,0,127,0,127,18,19,0,127,0,127,0,127
1400000US48453001847,48453001847,"Census Tract 18.47, Travis County, Texas",1020,201,978,200,0,127,0,127,0,127,0,127,0,127,0,127,0,127,0,127,0,127,0,127,0,127,14,23,11,18,65,51,162,113,165,96,177,114,247,128,59,74,78,74,0,127,42,42
1400000US48453001848,48453001848,"Census Tract 18.48, Travis County, Texas",1096,132,1088,131,0,127,0,127,0,127,0,127,0,127,0,127,0,127,0,127,0,127,0,127,0,127,0,127,9,14,89,75,222,122,277,108,219,110,208,113,20,24,44,38,0,127,8,15
1400000US48453001849,48453001849,"Census Tract 18.49, Travis County, Texas",3157,199,3116,202,0,127,0,127,9,14,0,127,0,127,0,127,0,127,0,127,0,127,0,127,0,127,8,14,424,258,304,138,361,157,726,221,507,206,584,157,106,84,75,55,12,21,41,65
1400000US48453001850,48453001850,"Census Tract 18.50, Travis County, Texas",1716,117,1651,144,0,127,0,127,0,127,0,127,0,127,0,127,0,127,0,127,0,127,9,14,26,32,154,103,143,85,94,52,206,92,225,86,205,113,386,139,203,85,0,127,0,127,65,71
1400000US48453001851,48453001851,"Census Tract 18.51, Travis County, Texas",2336,305,2325,303,0,127,0,127,0,127,13,20,0,127,33,47,54,65,0,127,0,127,0,127,0,127,13,21,108,82,262,154,172,99,574,228,717,224,242,164,82,51,55,44,0,127,11,18
1400000US48453001852,48453001852,"Census Tract 18.52, Travis County, Texas",3069,282,3069,282,0,127,0,127,12,20,0,127,0,127,0,127,18,29,0,127,0,127,18,28,34,38,305,148,547,182,544,215,320,150,400,144,358,148,313,134,96,90,16,27,88,68,0,127
1400000US48453001853,48453001853,"Census Tract 18.53, Travis County, Texas",177,70,177,70,0,127,0,127,0,127,0,127,0,127,0,127,0,127,0,127,0,127,0,127,0,127,0,127,0,127,0,127,0,127,19,30,29,32,87,57,9,14,33,35,0,127,0,127
1400000US48453001901,48453001901,"Census Tract 19.01, Travis County, Texas",1769,196,1705,201,0,127,0,127,0,127,0,127,0,127,0,127,0,127,15,24,0,127,0,127,10,17,0,127,125,90,146,86,265,128,261,118,306,126,457,182,73,71,30,36,17,27,64,68
1400000US48453001904,48453001904,"Census Tract 19.04, Travis County, Texas",186,96,186,96,0,127,0,127,0,127,0,127,0,127,0,127,0,127,0,127,0,127,0,127,0,127,0,127,0,127,0,127,0,127,33,50,0,127,14,21,47,50,67,56,25,21,0,127
1400000US48453001906,48453001906,"Census Tract 19.06, Travis County, Texas",127,74,127,74,0,127,0,127,0,127,0,127,0,127,6,11,0,127,0,127,0,127,0,127,0,127,0,127,0,127,0,127,0,127,0,127,0,127,7,11,25,31,63,70,26,31,0,127
1400000US48453001908,48453001908,"Census Tract 19.08, Travis County, Texas",1122,205,1122,205,0,127,31,49,0,127,0,127,0,127,0,127,0,127,0,127,0,127,0,127,0,127,13,21,63,48,0,127,83,97,181,124,212,113,286,115,120,83,91,76,42,34,0,127
1400000US48453001909,48453001909,"Census Tract 19.09, Travis County, Texas",1867,183,1842,182,0,127,0,127,10,18,0,127,0,127,0,127,15,24,0,127,0,127,0,127,0,127,0,127,13,20,31,35,79,82,173,119,288,120,660,181,288,136,119,97,166,66,25,28
1400000US48453001910,48453001910,"Census Tract 19.10, Travis County, Texas",729,135,729,135,0,127,0,127,0,127,0,127,0,127,0,127,0,127,0,127,0,127,0,127,0,127,0,127,9,14,0,127,24,23,85,55,172,94,174,58,133,68,51,38,81,51,0,127
1400000US48453001911,48453001911,"Census Tract 19.11, Travis County, Texas",1637,157,1628,155,0,127,0,127,0,127,0,127,0,127,0,127,0,127,0,127,0,127,13,21,27,35,0,127,19,21,117,78,157,89,136,90,277,112,404,120,233,96,220,94,25,24,9,14
1400000US48453001912,48453001912,"Census Tract 19.12, Travis County, Texas",173,84,173,84,0,127,0,127,0,127,0,127,0,127,0,127,0,127,0,127,0,127,0,127,0,127,0,127,0,127,0,127,0,127,0,127,22,18,62,72,17,27,72,60,0,127,0,127
1400000US48453001913,48453001913,"Census Tract 19.13, Travis County, Texas",93,52,93,52,0,127,0,127,0,127,0,127,0,127,0,127,0,127,0,127,0,127,12,18,0,127,0,127,0,127,0,127,12,20,0,127,33,29,0,127,9,15,0,127,27,28,0,127
1400000US48453002002,48453002002,"Census Tract 20.02, Travis County, Texas",598,128,590,129,0,127,0,127,0,127,0,127,8,13,0,127,0,127,0,127,0,127,86,77,33,43,50,38,41,62,0,127,0,127,119,85,80,74,101,68,42,37,30,39,0,127,8,13
1400000US48453002003,48453002003,"Census Tract 20.03, Travis County, Texas",835,115,825,116,0,127,0,127,0,127,0,127,0,127,0,127,19,31,0,127,0,127,25,38,160,89,55,34,30,39,153,97,77,75,93,76,68,50,82,65,32,33,9,13,22,34,10,14
1400000US48453002004,48453002004,"Census Tract 20.04, Travis County, Texas",1232,128,1232,128,0,127,0,127,0,127,0,127,0,127,0,127,0,127,47,48,0,127,63,56,38,30,140,80,149,88,119,65,96,59,318,111,76,60,159,82,27,30,0,127,0,127,0,127
1400000US48453002005,48453002005,"Census Tract 20.05, Travis County, Texas",2030,145,2019,148,22,33,0,127,9,17,33,49,26,40,0,127,38,44,13,22,0,127,0,127,0,127,84,62,195,117,194,101,205,96,281,112,396,143,371,131,43,52,109,99,0,127,11,15
1400000US48453002104,48453002104,"Census Tract 21.04, Travis County, Texas",398,146,379,144,0,127,0,127,0,127,0,127,0,127,0,127,0,127,0,127,16,24,0,127,34,50,31,38,11,17,6,14,17,29,47,42,45,50,79,82,50,47,43,34,0,127,19,28
1400000US48453002105,48453002105,"Census Tract 21.05, Travis County, Texas",1682,216,1682,216,0,127,0,127,0,127,16,27,0,127,54,79,0,127,59,81,82,76,20,24,140,87,44,41,278,137,257,142,274,224,233,106,58,56,97,89,37,61,33,52,0,127,0,127
1400000US48453002106,48453002106,"Census Tract 21.06, Travis County, Texas",373,106,373,106,0,127,0,127,12,19,0,127,0,127,0,127,0,127,15,23,10,17,0,127,42,54,49,46,9,13,0,127,0,127,12,20,27,46,81,66,55,39,61,63,0,127,0,127
1400000US48453002107,48453002107,"Census Tract 21.07, Travis County, Texas",662,160,644,160,27,45,0,127,0,127,0,127,22,29,9,14,0,127,43,47,14,21,17,20,58,68,31,38,84,73,44,40,4,7,53,55,52,51,141,97,38,38,7,18,0,127,18,20
1400000US48453002108,48453002108,"Census Tract 21.08, Travis County, Texas",701,122,690,123,0,127,0,127,13,21,20,34,0,127,0,127,0,127,0,127,43,43,128,87,42,46,15,17,83,58,54,45,35,36,130,78,71,52,56,50,0,127,0,127,0,127,11,17
1400000US48453002109,48453002109,"Census Tract 21.09, Travis County, Texas",654,152,640,152,0,127,0,127,5,8,0,127,5,8,9,16,26,33,13,17,0,127,75,77,0,127,20,23,21,24,21,34,127,74,100,82,0,127,163,100,17,18,38,40,0,127,14,21
1400000US48453002110,48453002110,"Census Tract 21.10, Travis County, Texas",854,143,832,145,0,127,0,127,28,34,0,127,0,127,0,127,0,127,27,44,0,127,10,17,0,127,61,63,21,28,57,61,51,62,259,146,106,92,206,119,0,127,6,13,0,127,22,27
1400000US48453002111,48453002111,"Census Tract 21.11, Travis County, Texas",726,140,645,135,45,53,26,39,26,42,7,12,30,48,8,13,0,127,15,23,70,66,43,61,0,127,0,127,41,42,30,50,60,60,116,84,58,48,9,15,17,19,44,54,0,127,81,69
1400000US48453002112,48453002112,"Census Tract 21.12, Travis County, Texas",1080,154,1066,155,0,127,0,127,0,127,0,127,31,39,0,127,0,127,0,127,80,61,64,57,75,52,117,78,140,87,45,53,49,47,231,106,35,36,109,89,51,46,39,41,0,127,14,16
1400000US48453002113,48453002113,"Census Tract 21.13, Travis County, Texas",244,81,244,81,0,127,0,127,0,127,0,127,0,127,5,11,0,127,0,127,0,127,14,18,14,17,10,15,23,34,34,41,0,127,61,51,6,10,39,41,25,26,13,19,0,127,0,127
1400000US48453002201,48453002201,"Census Tract 22.01, Travis County, Texas",198,101,198,101,0,127,0,127,0,127,0,127,0,127,0,127,0,127,0,127,0,127,0,127,0,127,0,127,0,127,0,127,51,74,102,82,0,127,33,31,0,127,12,21,0,127,0,127
1400000US48453002202,48453002202,"Census Tract 22.02, Travis County, Texas",1056,200,1056,200,0,127,0,127,0,127,9,14,17,26,0,127,0,127,18,29,0,127,26,32,0,127,0,127,9,14,38,37,0,127,299,128,237,125,234,119,159,143,0,127,10,17,0,127
1400000US48453002205,48453002205,"Census Tract 22.05, Travis County, Texas",787,215,749,207,0,127,0,127,17,26,0,127,0,127,0,127,10,16,41,67,9,15,45,70,96,91,0,127,44,36,37,46,14,23,88,93,47,50,259,132,42,43,0,127,0,127,38,44
1400000US48453002206,48453002206,"Census Tract 22.06, Travis County, Texas",711,237,692,236,0,127,0,127,0,127,2,5,0,127,0,127,0,127,12,12,18,29,16,24,3,4,0,127,8,14,65,64,5,8,98,82,10,16,192,132,210,164,53,55,0,127,19,20
1400000US48453002303,48453002303,"Census Tract 23.03, Travis County, Texas",12,17,12,17,0,127,0,127,0,127,0,127,0,127,0,127,0,127,0,127,0,127,0,127,0,127,0,127,0,127,12,17,0,127,0,127,0,127,0,127,0,127,0,127,0,127,0,127
1400000US48453002304,48453002304,"Census Tract 23.04, Travis County, Texas",1679,212,1650,208,0,127,0,127,0,127,0,127,0,127,0,127,0,127,31,51,22,25,97,79,153,87,217,116,130,88,217,115,172,110,333,149,118,78,136,92,24,35,0,127,0,127,29,48
1400000US48453002307,48453002307,"Census Tract 23.07, Travis County, Texas",1891,196,1821,186,0,127,0,127,0,127,0,127,0,127,0,127,31,47,0,127,0,127,0,127,167,103,186,122,162,91,212,112,303,152,411,176,258,150,59,66,0,127,32,54,0,127,70,63
1400000US48453002308,48453002308,"Census Tract 23.08, Travis County, Texas",1604,203,1554,207,0,127,30,38,14,24,0,127,0,127,71,72,0,127,13,22,0,127,32,51,90,80,121,94,223,158,111,84,248,131,162,104,217,123,158,88,64,54,0,127,0,127,50,57
1400000US48453002310,48453002310,"Census Tract 23.10, Travis County, Texas",444,137,444,137,0,127,0,127,7,12,0,127,45,51,0,127,0,127,19,21,0,127,8,13,58,67,25,34,0,127,16,26,12,19,106,63,31,36,117,88,0,127,0,127,0,127,0,127
1400000US48453002311,48453002311,"Census Tract 23.11, Travis County, Texas",2464,206,2305,228,89,85,24,38,29,31,0,127,0,127,21,34,31,33,90,63,107,76,44,38,107,72,62,52,116,83,158,100,132,78,232,97,176,117,427,133,127,82,333,123,0,127,159,143
1400000US48453002312,48453002312,"Census Tract 23.12, Travis County, Texas",1095,157,1058,158,0,127,0,127,0,127,0,127,9,16,0,127,0,127,25,40,56,62,51,55,0,127,62,61,153,84,102,78,80,58,200,102,100,79,99,67,11,17,110,74,0,127,37,43
1400000US48453002313,48453002313,"Census Tract 23.13, Travis County, Texas",1803,159,1792,158,0,127,0,127,0,127,0,127,0,127,0,127,0,127,15,25,84,65,136,83,178,99,116,91,151,106,104,61,164,92,394,150,275,118,157,96,0,127,18,29,0,127,11,19
1400000US48453002314,48453002314,"Census Tract 23.14, Travis County, Texas",2285,153,2251,152,0,127,0,127,22,35,0,127,31,41,0,127,0,127,0,127,0,127,43,54,181,91,206,111,285,131,328,125,270,128,409,147,197,86,157,78,109,78,13,20,0,127,34,40
1400000US48453002315,48453002315,"Census Tract 23.15, Travis County, Texas",1266,140,1266,140,0,127,0,127,0,127,0,127,0,127,0,127,0,127,11,17,12,19,100,62,275,74,163,73,120,72,79,50,63,51,262,96,47,51,134,78,0,127,0,127,0,127,0,127
1400000US48453002316,48453002316,"Census Tract 23.16, Travis County, Texas",2106,180,2106,180,0,127,0,127,6,13,0,127,38,5,22,34,0,127,0,127,17,26,225,122,69,67,471,169,192,96,238,129,180,97,236,98,271,130,51,57,0,127,90,65,0,127,0,127
1400000US48453002402,48453002402,"Census Tract 24.02, Travis County, Texas",1644,237,1626,233,0,127,14,22,13,21,0,127,0,127,0,127,0,127,12,21,16,25,0,127,31,36,139,127,47,45,22,37,53,45,140,84,351,145,560,222,129,91,99,110,0,127,18,28
1400000US48453002403,48453002403,"Census Tract 24.03, Travis County, Texas",485,123,461,124,0,127,0,127,0,127,0,127,0,127,21,35,0,127,0,127,0,127,0,127,0,127,44,61,112,62,61,69,19,29,23,28,79,54,56,35,7,12,39,45,0,127,24,30
1400000US48453002407,48453002407,"Census Tract 24.07, Travis County, Texas",208,78,183,75,0,127,0,127,0,127,0,127,0,127,0,127,0,127,0,127,0,127,0,127,0,127,0,127,0,127,13,20,0,127,34,34,44,59,54,32,3,5,19,19,16,19,25,24
1400000US48453002409,48453002409,"Census Tract 24.09, Travis County, Texas",471,129,471,129,0,127,0,127,0,127,0,127,0,127,0,127,0,127,0,127,0,127,0,127,0,127,10,16,18,20,17,27,26,42,19,29,146,91,51,39,82,59,102,79,0,127,0,127
1400000US48453002410,48453002410,"Census Tract 24.10, Travis County, Texas",1119,171,1081,174,0,127,11,17,16,14,0,127,10,16,7,12,0,127,0,127,0,127,25,24,8,12,109,94,62,35,146,93,160,104,263,119,80,69,142,86,35,35,7,12,0,127,38,42
1400000US48453002411,48453002411,"Census Tract 24.11, Travis County, Texas",880,130,861,130,0,127,0,127,0,127,0,127,0,127,0,127,0,127,0,127,0,127,0,127,0,127,0,127,72,79,43,47,48,48,154,86,283,114,221,113,30,50,10,20,0,127,19,23
1400000US48453002412,48453002412,"Census Tract 24.12, Travis County, Texas",333,103,333,103,0,127,0,127,0,127,0,127,0,127,0,127,0,127,0,127,0,127,0,127,31,40,0,127,0,127,17,23,23,31,0,127,5,9,89,62,168,95,0,127,0,127,0,127
1400000US48453002413,48453002413,"Census Tract 24.13, Travis County, Texas",699,116,699,116,0,127,0,127,0,127,0,127,23,37,0,127,0,127,24,27,0,127,0,127,48,51,47,63,9,14,19,30,42,53,52,39,227,100,189,83,19,26,0,127,0,127,0,127
1400000US48453002416,48453002416,"Census Tract 24.16, Travis County, Texas",767,265,653,238,0,127,0,127,0,127,0,127,25,34,0,127,0,127,0,127,0,127,40,45,20,33,0,127,13,21,1,10,59,69,108,112,72,83,185,111,87,65,43,53,0,127,114,94
1400000US48453002417,48453002417,"Census Tract 24.17, Travis County, Texas",800,170,796,172,0,127,0,127,0,127,0,127,0,127,0,127,12,18,36,47,0,127,51,51,14,22,39,58,60,70,53,62,47,44,114,85,177,105,107,70,72,73,0,127,14,21,4,7
1400000US48453002418,48453002418,"Census Tract 24.18, Travis County, Texas",937,186,937,186,0,127,0,127,0,127,0,127,0,127,0,127,0,127,0,127,0,127,34,54,0,127,16,26,0,127,41,37,88,63,82,75,105,65,301,161,143,91,113,80,14,22,0,127
1400000US48453002419,48453002419,"Census Tract 24.19, Travis County, Texas",1810,201,1810,201,0,127,0,127,15,24,0,127,0,127,0,127,0,127,0,127,13,20,0,127,35,43,262,96,200,80,350,136,170,82,373,120,234,95,158,86,0,127,0,127,0,127,0,127
1400000US48453002420,48453002420,"Census Tract 24.20, Travis County, Texas",1495,285,1471,285,0,127,0,127,0,127,0,127,0,127,0,127,0,127,34,54,0,127,9,14,23,36,108,119,87,91,91,84,117,80,241,133,224,144,343,161,150,89,44,59,0,127,24,35
1400000US48453002421,48453002421,"Census Tract 24.21, Travis County, Texas",830,146,781,146,0,127,0,127,0,127,0,127,0,127,0,127,0,127,0,127,0,127,0,127,0,127,24,38,25,28,0,127,0,127,163,81,128,101,243,132,168,90,30,37,0,127,49,61
1400000US48453002422,48453002422,"Census Tract 24.22, Travis County, Texas",1485,170,1445,179,0,127,0,127,0,127,11,18,0,127,0,127,17,29,0,127,12,20,24,27,19,30,177,152,139,72,135,105,111,81,248,126,162,140,262,162,98,80,30,36,0,127,40,61
1400000US48453002423,48453002423,"Census Tract 24.23, Travis County, Texas",415,130,406,130,0,127,0,127,0,127,0,127,0,127,0,127,33,49,0,127,15,24,0,127,0,127,0,127,0,127,0,127,0,127,39,46,84,73,55,35,81,55,99,73,0,127,9,15
1400000US48453002424,48453002424,"Census Tract 24.24, Travis County, Texas",637,130,626,132,12,18,9,15,58,75,0,127,0,127,16,19,0,127,0,127,0,127,30,49,63,59,0,127,80,63,0,127,64,62,125,93,41,47,92,42,36,57,0,127,0,127,11,18
1400000US48491020101,48491020101,"Census Tract 201.01, Williamson County, Texas",202,89,160,80,0,127,0,127,0,127,0,127,0,127,0,127,0,127,17,27,0,127,0,127,0,127,0,127,0,127,0,127,0,127,0,127,19,24,0,127,28,32,96,66,0,127,42,33
1400000US48491020102,48491020102,"Census Tract 201.02, Williamson County, Texas",1235,187,1202,188,13,23,0,127,0,127,17,28,46,71,0,127,0,127,38,61,0,127,82,78,12,19,167,128,63,63,81,69,97,82,150,111,90,57,259,111,26,31,61,71,0,127,33,38
1400000US48491020103,48491020103,"Census Tract 201.03, Williamson County, Texas",338,144,293,138,0,127,0,127,17,27,0,127,38,44,17,28,0,127,13,22,13,17,0,127,0,127,13,23,0,127,0,127,0,127,120,125,20,30,0,127,17,26,13,21,12,19,45,44
1400000US48491020104,48491020104,"Census Tract 201.04, Williamson County, Texas",147,85,147,85,0,127,0,127,0,127,0,127,18,29,0,127,0,127,0,127,0,127,0,127,0,127,13,21,17,27,0,127,0,127,11,18,46,61,27,42,15,21,0,127,0,127,0,127
1400000US48491020200,48491020200,"Census Tract 202, Williamson County, Texas",280,97,277,97,0,127,0,127,0,127,0,127,0,127,0,127,3,5,0,127,4,6,3,5,11,14,46,56,0,127,46,57,30,33,29,27,13,21,62,41,10,15,10,16,10,16,3,5
1400000US48491020301,48491020301,"Census Tract 203.01, Williamson County, Texas",182,64,138,55,0,127,0,127,0,127,0,127,0,127,0,127,0,127,6,10,4,6,0,127,20,21,3,5,0,127,0,127,9,13,7,11,17,22,24,28,42,28,0,127,6,9,44,33
1400000US48491020302,48491020302,"Census Tract 203.02, Williamson County, Texas",117,76,117,76,0,127,0,127,0,127,0,127,0,127,0,127,0,127,0,127,0,127,0,127,0,127,0,127,0,127,0,127,0,127,0,127,12,18,32,32,43,53,30,30,0,127,0,127
1400000US48491020303,48491020303,"Census Tract 203.03, Williamson County, Texas",743,215,721,217,0,127,0,127,0,127,0,127,0,127,0,127,0,127,0,127,0,127,0,127,48,77,0,127,0,127,46,60,43,68,55,73,36,40,114,111,221,122,158,115,0,127,22,27
1400000US48491020305,48491020305,"Census Tract 203.05, Williamson County, Texas",402,135,402,135,0,127,0,127,0,127,34,44,0,127,0,127,0,127,26,43,15,24,0,127,0,127,0,127,0,127,33,52,0,127,10,16,0,127,120,91,94,78,64,74,6,9,0,127
1400000US48491020306,48491020306,"Census Tract 203.06, Williamson County, Texas",917,213,886,208,0,127,0,127,0,127,0,127,0,127,0,127,0,127,0,127,0,127,0,127,0,127,14,20,95,71,32,41,29,33,197,126,151,107,209,109,70,52,89,79,0,127,31,37
1400000US48491020307,48491020307,"Census Tract 203.07, Williamson County, Texas",1329,220,1270,221,0,127,0,127,0,127,0,127,0,127,0,127,0,127,0,127,0,127,0,127,58,64,26,30,222,128,99,72,104,83,145,70,194,114,213,102,134,90,75,60,0,127,59,52
1400000US48491020308,48491020308,"Census Tract 203.08, Williamson County, Texas",981,167,960,171,0,127,0,127,0,127,0,127,0,127,0,127,0,127,0,127,0,127,0,127,0,127,0,127,61,59,97,66,27,28,170,111,133,112,385,160,74,65,0,127,13,21,21,24
1400000US48491020309,48491020309,"Census Tract 203.09, Williamson County, Texas",1834,298,1830,298,0,127,0,127,0,127,0,127,0,127,0,127,0,127,0,127,0,127,0,127,0,127,0,127,36,34,104,111,167,79,245,99,179,164,326,135,478,188,222,130,73,101,4,9
1400000US48491020310,48491020310,"Census Tract 203.10, Williamson County, Texas",117,47,96,56,0,127,0,127,0,127,0,127,0,127,0,127,0,127,0,127,0,127,0,127,0,127,0,127,0,127,0,127,0,127,0,127,15,25,0,127,0,127,66,48,15,23,21,32
1400000US48491020402,48491020402,"Census Tract 204.02, Williamson County, Texas",1061,162,1048,163,0,127,0,127,0,127,0,127,0,127,0,127,0,127,8,12,37,44,7,12,41,34,74,65,27,23,65,60,0,127,123,69,75,47,431,134,151,98,9,15,0,127,13,22
1400000US48491020403,48491020403,"Census Tract 204.03, Williamson County, Texas",240,53,234,52,0,127,0,127,0,127,0,127,0,127,0,127,0,127,0,127,0,127,8,13,0,127,0,127,0,127,30,30,35,37,92,60,48,46,21,22,0,127,0,127,0,127,6,12
1400000US48491020404,48491020404,"Census Tract 204.04, Williamson County, Texas",242,80,233,77,0,127,0,127,0,127,0,127,0,127,0,127,0,127,0,127,0,127,0,127,0,127,0,127,0,127,0,127,0,127,0,127,8,13,54,44,110,55,34,32,27,31,9,14
1400000US48491020405,48491020405,"Census Tract 204.05, Williamson County, Texas",975,142,922,153,0,127,0,127,0,127,0,127,0,127,0,127,0,127,0,127,0,127,3,6,22,27,106,85,128,69,84,64,53,46,201,112,152,90,155,95,9,14,9,15,0,127,53,65
1400000US48491020406,48491020406,"Census Tract 204.06, Williamson County, Texas",1791,132,1774,133,0,127,0,127,0,127,0,127,0,127,0,127,12,19,0,127,0,127,0,127,0,127,58,66,115,73,194,99,152,111,332,135,366,155,402,127,41,45,55,55,47,40,17,23
1400000US48491020407,48491020407,"Census Tract 204.07, Williamson County, Texas",1273,187,1273,187,0,127,0,127,0,127,0,127,0,127,0,127,0,127,0,127,11,17,30,47,96,86,12,19,51,62,67,57,100,72,128,89,194,104,208,102,147,91,183,81,46,38,0,127
1400000US48491020501,48491020501,"Census Tract 205.01, Williamson County, Texas",728,159,703,162,0,127,0,127,0,127,0,127,0,127,0,127,0,127,0,127,0,127,0,127,0,127,0,127,0,127,0,127,0,127,35,44,61,64,128,88,189,94,267,120,23,26,25,37
1400000US48491020502,48491020502,"Census Tract 205.02, Williamson County, Texas",1367,195,1322,195,0,127,0,127,0,127,0,127,0,127,0,127,0,127,0,127,0,127,9,15,9,15,54,68,117,59,67,54,146,97,186,89,207,101,191,84,133,91,155,71,48,37,45,58
1400000US48491020503,48491020503,"Census Tract 205.03, Williamson County, Texas",273,84,265,84,0,127,0,127,0,127,0,127,0,127,0,127,23,27,0,127,0,127,0,127,10,17,13,20,0,127,0,127,0,127,0,127,62,57,61,40,38,35,15,18,43,39,8,12
1400000US48491020504,48491020504,"Census Tract 205.04, Williamson County, Texas",1862,212,1851,213,0,127,0,127,0,127,0,127,0,127,0,127,0,127,0,127,11,17,0,127,0,127,20,33,108,73,165,113,176,89,450,157,224,107,572,155,111,84,14,22,0,127,11,17
1400000US48491020601,48491020601,"Census Tract 206.01, Williamson County, Texas",427,157,427,157,0,127,0,127,0,127,0,127,0,127,0,127,0,127,0,127,0,127,0,127,14,17,42,52,32,38,54,61,0,127,28,27,0,127,67,68,88,97,58,45,44,49,0,127
1400000US48491020602,48491020602,"Census Tract 206.02, Williamson County, Texas",473,123,446,121,0,127,0,127,0,127,0,127,0,127,0,127,7,12,0,127,25,30,0,127,15,23,11,17,0,127,11,16,5,9,82,66,30,39,130,93,92,82,38,37,0,127,27,30
1400000US48491020701,48491020701,"Census Tract 207.01, Williamson County, Texas",371,89,310,84,0,127,0,127,0,127,0,127,7,13,0,127,0,127,0,127,16,27,35,27,11,26,10,16,23,26,42,44,0,127,85,85,16,21,50,63,0,127,15,27,0,127,61,61
1400000US48491020703,48491020703,"Census Tract 207.03, Williamson County, Texas",1484,261,1464,256,0,127,0,127,0,127,0,127,0,127,0,127,0,127,0,127,0,127,47,57,38,56,0,127,0,127,110,110,132,99,175,115,249,117,466,187,166,95,81,55,0,127,20,24
1400000US48491020704,48491020704,"Census Tract 207.04, Williamson County, Texas",808,128,808,128,0,127,11,18,34,32,32,30,12,20,13,19,0,127,0,127,0,127,45,61,20,24,75,64,32,36,54,37,71,56,16,21,186,98,58,42,117,91,32,39,0,127,0,127
1400000US48491020705,48491020705,"Census Tract 207.05, Williamson County, Texas",911,220,808,202,0,127,0,127,0,127,0,127,0,127,0,127,0,127,0,127,0,127,0,127,0,127,35,43,27,33,97,113,47,44,99,70,150,110,156,123,63,47,114,88,20,24,103,104
1400000US48491020801,48491020801,"Census Tract 208.01, Williamson County, Texas",1232,227,1197,224,0,127,0,127,0,127,0,127,13,22,17,25,0,127,19,30,34,41,23,28,10,15,19,22,16,25,0,127,0,127,44,64,68,79,253,106,516,196,153,106,12,20,35,33
1400000US48491020802,48491020802,"Census Tract 208.02, Williamson County, Texas",270,122,249,121,0,127,0,127,0,127,0,127,0,127,0,127,0,127,0,127,0,127,0,127,0,127,0,127,0,127,0,127,0,127,15,25,0,127,73,58,60,52,101,92,0,127,21,23
1400000US48491020900,48491020900,"Census Tract 209, Williamson County, Texas",204,69,157,65,0,127,0,127,0,127,0,127,0,127,0,127,3,4,0,127,0,127,11,17,0,127,22,15,20,18,10,10,0,127,66,58,4,7,21,18,0,127,0,127,0,127,47,27
1400000US48491021000,48491021000,"Census Tract 210, Williamson County, Texas",359,131,317,126,0,127,0,127,0,127,0,127,31,35,0,127,16,21,26,33,113,114,8,12,0,127,23,23,37,38,7,14,9,17,38,41,0,127,9,15,0,127,0,127,0,127,42,40
1400000US48491021100,48491021100,"Census Tract 211, Williamson County, Texas",422,124,422,124,0,127,0,127,0,127,0,127,8,15,0,127,26,37,0,127,0,127,0,127,0,127,17,21,21,26,35,59,85,79,32,28,83,78,98,65,17,27,0,127,0,127,0,127
1400000US48491021201,48491021201,"Census Tract 212.01, Williamson County, Texas",62,40,49,36,0,127,0,127,0,127,0,127,0,127,0,127,0,127,0,127,0,127,0,127,0,127,0,127,0,127,0,127,0,127,8,13,13,20,4,8,24,27,0,127,0,127,13,20
1400000US48491021202,48491021202,"Census Tract 212.02, Williamson County, Texas",327,115,302,111,0,127,0,127,0,127,25,28,13,23,0,127,18,27,0,127,0,127,37,36,12,15,34,53,0,127,54,61,50,52,0,127,21,34,5,9,33,43,0,127,0,127,25,30
1400000US48491021203,48491021203,"Census Tract 212.03, Williamson County, Texas",290,101,284,101,0,127,0,127,0,127,17,27,42,59,7,11,0,127,9,14,0,127,44,45,23,39,6,11,45,49,0,127,6,10,59,48,10,17,16,32,0,127,0,127,0,127,6,10
1400000US48491021300,48491021300,"Census Tract 213, Williamson County, Texas",238,59,184,48,8,13,0,127,3,5,8,8,3,4,20,16,0,127,15,16,3,5,0,127,25,22,17,16,13,10,5,8,15,17,22,23,3,4,15,17,9,13,0,127,0,127,54,35
1400000US48491021401,48491021401,"Census Tract 214.01, Williamson County, Texas",541,143,541,143,0,127,0,127,0,127,0,127,0,127,0,127,0,127,0,127,0,127,0,127,0,127,0,127,35,57,7,11,0,127,103,77,83,69,220,102,54,43,31,38,8,14,0,127
1400000US48491021402,48491021402,"Census Tract 214.02, Williamson County, Texas",913,112,893,116,10,17,0,127,0,127,30,26,16,21,26,29,48,59,8,13,0,127,51,37,9,14,20,32,22,21,30,28,144,83,77,51,239,101,105,56,50,38,0,127,8,12,20,24
1400000US48491021403,48491021403,"Census Tract 214.03, Williamson County, Texas",384,97,374,95,0,127,0,127,0,127,0,127,0,127,0,127,0,127,0,127,14,22,0,127,0,127,0,127,0,127,12,20,28,44,104,101,56,65,66,61,67,63,27,44,0,127,10,17
1400000US48491021501,48491021501,"Census Tract 215.01, Williamson County, Texas",2384,315,2356,310,0,127,0,127,0,127,0,127,0,127,0,127,0,127,21,33,0,127,0,127,95,121,30,37,128,127,81,57,195,85,312,150,267,129,471,143,247,108,382,179,127,72,28,33
1400000US48491021502,48491021502,"Census Tract 215.02, Williamson County, Texas",791,138,781,136,0,127,0,127,0,127,0,127,0,127,0,127,0,127,0,127,0,127,0,127,0,127,0,127,38,57,7,11,63,50,93,64,207,133,268,103,105,80,0,127,0,127,10,15
1400000US48491021503,48491021503,"Census Tract 215.03, Williamson County, Texas",970,156,953,153,0,127,0,127,0,127,9,14,0,127,0,127,0,127,0,127,14,22,0,127,24,32,84,70,27,31,123,100,172,83,205,124,167,123,97,65,31,41,0,127,0,127,17,22
1400000US48491021600,48491021600,"Census Tract 216, Williamson County, Texas",482,168,433,168,0,127,0,127,3,5,0,127,3,4,0,127,0,127,0,127,0,127,33,49,4,7,8,14,33,40,0,127,0,127,135,110,27,24,141,91,46,52,0,127,0,127,49,49
