GEO.id,GEO.id2,GEO.display-label,HD01_VD01,HD02_VD01,HD01_VD02,HD02_VD02,HD01_VD03,HD02_VD03,HD01_VD04,HD02_VD04,HD01_VD05,HD02_VD05,HD01_VD06,HD02_VD06,HD01_VD07,HD02_VD07,HD01_VD08,HD02_VD08,HD01_VD09,HD02_VD09,HD01_VD10,HD02_VD10,HD01_VD11,HD02_VD11,HD01_VD12,HD02_VD12,HD01_VD13,HD02_VD13,HD01_VD14,HD02_VD14,HD01_VD15,HD02_VD15,HD01_VD16,HD02_VD16,HD01_VD17,HD02_VD17,HD01_VD18,HD02_VD18,HD01_VD19,HD02_VD19,HD01_VD20,HD02_VD20,HD01_VD21,HD02_VD21,HD01_VD22,HD02_VD22,HD01_VD23,HD02_VD23,HD01_VD24,HD02_VD24,HD01_VD25,HD02_VD25,HD01_VD26,HD02_VD26,HD01_VD27,HD02_VD27
Id,Id2,Geography,Estimate; Total:,Margin of Error; Total:,Estimate; With cash rent:,Margin of Error; With cash rent:,Estimate; With cash rent: - Less than $100,Margin of Error; With cash rent: - Less than $100,Estimate; With cash rent: - $100 to $149,Margin of Error; With cash rent: - $100 to $149,Estimate; With cash rent: - $150 to $199,Margin of Error; With cash rent: - $150 to $199,Estimate; With cash rent: - $200 to $249,Margin of Error; With cash rent: - $200 to $249,Estimate; With cash rent: - $250 to $299,Margin of Error; With cash rent: - $250 to $299,Estimate; With cash rent: - $300 to $349,Margin of Error; With cash rent: - $300 to $349,Estimate; With cash rent: - $350 to $399,Margin of Error; With cash rent: - $350 to $399,Estimate; With cash rent: - $400 to $449,Margin of Error; With cash rent: - $400 to $449,Estimate; With cash rent: - $450 to $499,Margin of Error; With cash rent: - $450 to $499,Estimate; With cash rent: - $500 to $549,Margin of Error; With cash rent: - $500 to $549,Estimate; With cash rent: - $550 to $599,Margin of Error; With cash rent: - $550 to $599,Estimate; With cash rent: - $600 to $649,Margin of Error; With cash rent: - $600 to $649,Estimate; With cash rent: - $650 to $699,Margin of Error; With cash rent: - $650 to $699,Estimate; With cash rent: - $700 to $749,Margin of Error; With cash rent: - $700 to $749,Estimate; With cash rent: - $750 to $799,Margin of Error; With cash rent: - $750 to $799,Estimate; With cash rent: - $800 to $899,Margin of Error; With cash rent: - $800 to $899,Estimate; With cash rent: - $900 to $999,Margin of Error; With cash rent: - $900 to $999,"Estimate; With cash rent: - $1,000 to $1,249","Margin of Error; With cash rent: - $1,000 to $1,249","Estimate; With cash rent: - $1,250 to $1,499","Margin of Error; With cash rent: - $1,250 to $1,499","Estimate; With cash rent: - $1,500 to $1,999","Margin of Error; With cash rent: - $1,500 to $1,999","Estimate; With cash rent: - $2,000 to $2,499","Margin of Error; With cash rent: - $2,000 to $2,499","Estimate; With cash rent: - $2,500 to $2,999","Margin of Error; With cash rent: - $2,500 to $2,999","Estimate; With cash rent: - $3,000 to $3,499","Margin of Error; With cash rent: - $3,000 to $3,499","Estimate; With cash rent: - $3,500 or more","Margin of Error; With cash rent: - $3,500 or more",Estimate; No cash rent,Margin of Error; No cash rent
1400000US48021950100,48021950100,"Census Tract 9501, Bastrop County, Texas",439,125,380,124,3,5,0,18,0,18,0,18,16,26,0,18,22,31,0,18,0,18,9,13,37,44,0,18,0,18,56,73,10,15,64,76,128,74,24,24,11,14,0,18,0,18,0,18,0,18,0,18,59,49
1400000US48021950200,48021950200,"Census Tract 9502, Bastrop County, Texas",988,246,974,243,0,18,0,18,0,18,0,18,91,98,27,46,26,42,46,42,21,34,52,84,0,18,49,70,32,50,14,21,0,18,95,129,76,66,309,152,47,50,89,70,0,18,0,18,0,18,0,18,14,23
1400000US48021950300,48021950300,"Census Tract 9503, Bastrop County, Texas",919,269,861,254,0,20,0,20,0,20,0,20,0,20,71,108,19,31,0,20,0,20,0,20,29,47,20,30,25,42,0,20,23,39,43,53,126,108,154,120,260,173,76,92,15,29,0,20,0,20,0,20,58,68
1400000US48021950400,48021950400,"Census Tract 9504, Bastrop County, Texas",1262,259,1226,249,0,18,0,18,17,28,49,82,42,42,0,18,0,18,17,28,39,56,0,18,129,108,0,18,125,116,65,90,25,43,229,119,120,99,223,113,74,79,57,56,0,18,0,18,0,18,15,25,36,50
1400000US48021950501,48021950501,"Census Tract 9505.01, Bastrop County, Texas",423,155,333,142,0,18,0,18,0,18,10,18,0,18,0,18,0,18,0,18,59,98,0,18,52,79,51,45,0,18,0,18,0,18,6,14,24,25,98,81,33,36,0,18,0,18,0,18,0,18,0,18,90,62
1400000US48021950502,48021950502,"Census Tract 9505.02, Bastrop County, Texas",244,132,207,136,0,18,0,18,0,18,0,18,0,18,0,18,26,38,0,18,0,18,0,18,11,15,0,18,56,90,7,12,0,18,0,18,11,19,24,35,2,4,70,81,0,18,0,18,0,18,0,18,37,36
1400000US48021950600,48021950600,"Census Tract 9506, Bastrop County, Texas",342,133,225,111,0,18,0,18,0,18,0,18,0,18,0,18,0,18,0,18,17,26,0,18,0,18,0,18,0,18,14,23,0,18,85,74,21,32,88,83,0,18,0,18,0,18,0,18,0,18,0,18,117,96
1400000US48021950700,48021950700,"Census Tract 9507, Bastrop County, Texas",530,138,512,136,0,13,0,13,62,37,9,15,0,13,0,13,33,38,0,13,28,46,0,13,0,13,7,12,33,30,0,13,26,27,90,63,55,35,137,77,18,20,14,19,0,13,0,13,0,13,0,13,18,17
1400000US48021950801,48021950801,"Census Tract 9508.01, Bastrop County, Texas",261,133,193,120,0,18,0,18,0,18,0,18,0,18,0,18,0,18,0,18,19,32,0,18,23,35,0,18,34,58,0,18,0,18,22,36,0,18,42,51,41,70,12,19,0,18,0,18,0,18,0,18,68,54
1400000US48021950802,48021950802,"Census Tract 9508.02, Bastrop County, Texas",308,141,261,132,0,18,0,18,0,18,0,18,0,18,0,18,0,18,0,18,0,18,0,18,0,18,19,30,0,18,46,71,25,33,25,31,14,23,56,72,36,58,40,65,0,18,0,18,0,18,0,18,47,43
1400000US48055960101,48055960101,"Census Tract 9601.01, Caldwell County, Texas",580,144,481,150,0,18,0,18,0,18,0,18,0,18,0,18,0,18,0,18,0,18,22,36,0,18,25,30,25,28,53,45,23,24,93,80,27,27,167,102,16,21,30,45,0,18,0,18,0,18,0,18,99,68
1400000US48055960102,48055960102,"Census Tract 9601.02, Caldwell County, Texas",308,123,303,124,0,13,0,13,0,13,0,13,0,13,0,13,0,13,32,52,14,23,19,31,33,38,52,64,0,13,35,51,13,22,25,29,20,28,34,41,15,24,11,18,0,13,0,13,0,13,0,13,5,9
1400000US48055960200,48055960200,"Census Tract 9602, Caldwell County, Texas",536,120,486,120,0,18,0,18,4,8,0,18,14,21,0,18,0,18,34,28,6,10,0,18,47,57,27,44,25,25,35,41,48,49,88,94,33,31,102,85,8,13,0,18,15,23,0,18,0,18,0,18,50,46
1400000US48055960300,48055960300,"Census Tract 9603, Caldwell County, Texas",517,123,489,124,21,33,0,13,0,13,0,13,31,40,0,13,16,13,0,13,8,12,0,13,20,24,8,13,34,53,0,13,0,13,56,51,65,40,75,42,144,88,11,18,0,13,0,13,0,13,0,13,28,27
1400000US48055960400,48055960400,"Census Tract 9604, Caldwell County, Texas",646,104,601,104,0,13,0,13,0,13,26,29,35,36,45,46,17,19,13,18,0,13,0,13,43,36,22,17,18,19,99,58,49,43,79,64,49,35,55,39,39,36,12,19,0,13,0,13,0,13,0,13,45,45
1400000US48055960500,48055960500,"Census Tract 9605, Caldwell County, Texas",695,145,680,143,0,18,0,18,0,18,7,12,10,13,15,19,4,5,2,3,101,69,13,15,4,6,25,29,71,60,25,29,107,65,83,55,71,48,91,72,33,52,10,10,8,15,0,18,0,18,0,18,15,11
1400000US48055960600,48055960600,"Census Tract 9606, Caldwell County, Texas",129,50,79,44,0,13,0,13,0,13,0,13,0,13,14,22,0,13,0,13,0,13,5,8,0,13,0,13,0,13,0,13,5,7,16,14,14,15,19,23,6,10,0,13,0,13,0,13,0,13,0,13,50,35
1400000US48055960700,48055960700,"Census Tract 9607, Caldwell County, Texas",869,216,832,215,0,18,0,18,0,18,23,37,23,38,17,28,29,47,50,66,66,68,103,81,11,20,128,114,116,105,32,49,40,63,130,88,52,70,0,18,0,18,12,19,0,18,0,18,0,18,0,18,37,40
1400000US48209010100,48209010100,"Census Tract 101, Hays County, Texas",933,172,895,171,0,13,0,13,0,13,0,13,0,13,0,13,0,13,0,13,0,13,0,13,0,13,12,19,65,63,43,59,122,96,179,86,90,67,221,96,50,55,75,107,38,48,0,13,0,13,0,13,38,60
1400000US48209010200,48209010200,"Census Tract 102, Hays County, Texas",370,82,370,82,0,18,0,18,5,9,0,18,0,18,8,11,0,18,0,18,7,10,0,18,7,11,17,19,52,45,33,33,38,41,33,24,69,44,34,25,13,13,0,18,31,37,23,32,0,18,0,18,0,18
1400000US48209010302,48209010302,"Census Tract 103.02, Hays County, Texas",1245,169,1154,175,0,13,0,13,0,13,8,12,24,37,9,13,9,14,24,37,48,61,33,50,10,16,83,101,9,14,138,81,70,54,188,109,212,91,210,104,71,59,8,14,0,13,0,13,0,13,0,13,91,77
1400000US48209010303,48209010303,"Census Tract 103.03, Hays County, Texas",2395,291,2395,291,0,18,0,18,0,18,0,18,0,18,14,22,0,18,0,18,0,18,19,31,101,80,116,92,19,30,35,49,74,58,367,199,587,235,621,205,129,103,223,130,90,103,0,18,0,18,0,18,0,18
1400000US48209010304,48209010304,"Census Tract 103.04, Hays County, Texas",2408,227,2364,239,30,46,0,18,0,18,21,31,58,60,34,54,16,27,66,72,40,46,0,18,79,83,99,76,101,61,273,139,320,141,429,189,293,136,360,172,145,98,0,18,0,18,0,18,0,18,0,18,44,70
1400000US48209010400,48209010400,"Census Tract 104, Hays County, Texas",2502,262,2453,252,0,20,0,20,0,20,36,56,0,20,0,20,14,22,16,27,0,20,26,21,44,45,94,80,49,41,71,69,232,141,131,75,317,149,555,231,343,173,388,192,137,133,0,20,0,20,0,20,49,71
1400000US48209010500,48209010500,"Census Tract 105, Hays County, Texas",1648,182,1637,188,0,18,0,18,0,18,17,25,0,18,40,51,0,18,0,18,11,16,27,30,69,68,119,114,39,40,55,51,99,53,193,87,283,119,309,112,267,134,96,53,13,19,0,18,0,18,0,18,11,19
1400000US48209010600,48209010600,"Census Tract 106, Hays County, Texas",1467,295,1392,285,0,20,0,20,0,20,0,20,0,20,16,26,0,20,15,24,0,20,32,50,0,20,122,144,0,20,65,60,129,83,244,155,180,100,201,107,170,127,201,153,17,31,0,20,0,20,0,20,75,75
1400000US48209010701,48209010701,"Census Tract 107.01, Hays County, Texas",2661,256,2618,265,0,18,0,18,0,18,0,18,0,18,0,18,0,18,0,18,0,18,32,38,29,36,103,88,209,158,41,70,59,97,247,141,586,246,595,226,236,134,447,181,0,18,17,28,0,18,17,27,43,49
1400000US48209010702,48209010702,"Census Tract 107.02, Hays County, Texas",487,130,440,121,0,13,0,13,0,13,0,13,0,13,0,13,0,13,0,13,16,20,35,39,71,61,128,75,30,49,22,27,0,13,0,13,26,26,25,25,50,31,37,54,0,13,0,13,0,13,0,13,47,49
1400000US48209010803,48209010803,"Census Tract 108.03, Hays County, Texas",451,120,393,108,0,13,0,13,0,13,0,13,0,13,8,14,0,13,18,26,16,14,25,21,27,32,0,13,0,13,17,21,23,26,51,58,49,44,103,59,10,12,46,39,0,13,0,13,0,13,0,13,58,53
1400000US48209010804,48209010804,"Census Tract 108.04, Hays County, Texas",412,155,397,155,0,18,0,18,0,18,0,18,0,18,0,18,0,18,0,18,0,18,0,18,0,18,0,18,13,21,0,18,0,18,4,7,40,29,73,45,164,144,101,64,2,4,0,18,0,18,0,18,15,18
1400000US48209010805,48209010805,"Census Tract 108.05, Hays County, Texas",153,108,152,108,0,18,0,18,0,18,0,18,0,18,0,18,0,18,0,18,0,18,0,18,0,18,0,18,0,18,39,63,0,18,0,18,0,18,12,20,2,3,0,18,82,81,17,25,0,18,0,18,1,2
1400000US48209010806,48209010806,"Census Tract 108.06, Hays County, Texas",183,89,158,83,0,13,0,13,0,13,0,13,0,13,0,13,0,13,0,13,6,10,0,13,0,13,21,33,3,7,0,13,31,35,33,51,0,13,37,46,0,13,13,19,14,19,0,13,0,13,0,13,25,27
1400000US48209010807,48209010807,"Census Tract 108.07, Hays County, Texas",178,50,146,47,0,13,0,13,0,13,0,13,0,13,0,13,0,13,0,13,0,13,7,10,0,13,0,13,10,11,6,9,5,7,0,13,25,22,43,40,23,12,17,16,0,13,10,15,0,13,0,13,32,18
1400000US48209010808,48209010808,"Census Tract 108.08, Hays County, Texas",355,146,337,145,0,18,0,18,0,18,13,19,0,18,0,18,58,88,10,18,0,18,0,18,3,5,16,24,0,18,0,18,7,10,64,84,39,40,9,16,40,38,20,25,58,74,0,18,0,18,0,18,18,27
1400000US48209010809,48209010809,"Census Tract 108.09, Hays County, Texas",184,75,173,71,0,18,0,18,0,18,0,18,1,5,0,18,0,18,0,18,0,18,0,18,0,18,0,18,0,18,0,18,0,18,25,24,15,21,16,25,0,18,73,53,24,26,19,27,0,18,0,18,11,17
1400000US48209010901,48209010901,"Census Tract 109.01, Hays County, Texas",175,116,171,116,0,18,0,18,0,18,0,18,0,18,0,18,0,18,0,18,0,18,2,3,0,18,0,18,0,18,2,3,0,18,3,5,0,18,75,82,1,4,74,78,14,19,0,18,0,18,0,18,4,6
1400000US48209010902,48209010902,"Census Tract 109.02, Hays County, Texas",954,262,901,260,0,20,0,20,0,20,0,20,21,35,0,20,0,20,0,20,0,20,24,39,0,20,0,20,0,20,0,20,109,158,88,104,63,66,222,141,284,217,90,111,0,20,0,20,0,20,0,20,53,58
1400000US48209010905,48209010905,"Census Tract 109.05, Hays County, Texas",468,131,367,136,0,18,0,18,0,18,0,18,8,13,0,18,0,18,0,18,0,18,17,27,0,18,12,21,0,18,11,19,12,20,51,60,48,69,78,54,35,34,55,62,40,47,0,18,0,18,0,18,101,82
1400000US48209010906,48209010906,"Census Tract 109.06, Hays County, Texas",1025,288,1025,288,0,20,0,20,0,20,0,20,0,20,0,20,0,20,0,20,11,10,6,9,0,20,74,83,18,27,15,21,8,12,17,28,25,30,119,66,311,174,351,212,70,82,0,20,0,20,0,20,0,20
1400000US48209010907,48209010907,"Census Tract 109.07, Hays County, Texas",783,195,726,193,0,20,0,20,0,20,0,20,25,40,0,20,0,20,0,20,0,20,34,55,0,20,32,44,38,58,24,26,0,20,85,78,73,74,147,100,70,62,164,94,34,60,0,20,0,20,0,20,57,66
1400000US48209010908,48209010908,"Census Tract 109.08, Hays County, Texas",916,185,916,185,0,20,0,20,0,20,0,20,0,20,0,20,0,20,0,20,13,21,0,20,61,74,0,20,12,20,61,64,50,71,62,64,239,105,168,112,109,79,141,97,0,20,0,20,0,20,0,20,0,20
1400000US48209010909,48209010909,"Census Tract 109.09, Hays County, Texas",839,145,839,145,0,18,0,18,0,18,0,18,0,18,0,18,0,18,0,18,0,18,0,18,22,34,0,18,0,18,0,18,0,18,8,13,166,105,185,93,175,103,263,99,0,18,20,33,0,18,0,18,0,18
1400000US48209010910,48209010910,"Census Tract 109.10, Hays County, Texas",618,154,584,161,0,18,0,18,0,18,0,18,0,18,0,18,0,18,0,18,0,18,0,18,15,24,18,31,19,32,10,17,0,18,17,31,68,82,72,75,163,91,140,108,62,69,0,18,0,18,0,18,34,47
1400000US48453000101,48453000101,"Census Tract 1.01, Travis County, Texas",821,118,795,117,0,13,0,13,0,13,0,13,0,13,0,13,0,13,0,13,0,13,9,14,0,13,24,28,17,18,0,13,7,11,15,24,39,30,89,43,190,82,292,106,49,30,57,55,7,12,0,13,26,23
1400000US48453000102,48453000102,"Census Tract 1.02, Travis County, Texas",65,40,49,36,0,13,0,13,0,13,0,13,0,13,0,13,8,14,0,13,0,13,0,13,0,13,0,13,0,13,0,13,0,13,0,13,0,13,11,17,16,25,0,13,0,13,14,20,0,13,0,13,16,18
1400000US48453000203,48453000203,"Census Tract 2.03, Travis County, Texas",710,60,710,60,0,13,0,13,0,13,0,13,0,13,14,22,0,13,0,13,0,13,0,13,0,13,0,13,0,13,0,13,0,13,0,13,0,13,14,18,204,60,318,64,125,43,27,24,8,9,0,13,0,13
1400000US48453000204,48453000204,"Census Tract 2.04, Travis County, Texas",943,119,904,119,0,13,11,16,0,13,0,13,10,15,0,13,10,14,0,13,12,17,0,13,0,13,6,9,22,25,26,18,120,67,128,59,225,82,131,76,94,54,77,48,8,14,15,17,0,13,9,13,39,31
1400000US48453000205,48453000205,"Census Tract 2.05, Travis County, Texas",1274,199,1274,199,0,13,0,13,0,13,0,13,0,13,0,13,0,13,0,13,15,26,0,13,34,42,62,77,0,13,48,75,131,84,82,45,131,97,357,118,215,111,136,101,17,27,15,26,31,44,0,13,0,13
1400000US48453000206,48453000206,"Census Tract 2.06, Travis County, Texas",929,118,915,113,9,14,0,13,0,13,75,51,11,17,0,13,0,13,30,44,0,13,0,13,0,13,0,13,0,13,14,16,9,13,77,64,44,34,230,87,243,87,81,43,43,56,49,61,0,13,0,13,14,23
1400000US48453000302,48453000302,"Census Tract 3.02, Travis County, Texas",1961,219,1946,215,0,18,0,18,0,18,0,18,0,18,27,41,0,18,0,18,0,18,15,24,120,107,67,54,32,28,71,45,256,135,362,127,151,75,238,87,192,94,208,87,155,94,35,39,17,28,0,18,15,24
1400000US48453000304,48453000304,"Census Tract 3.04, Travis County, Texas",939,99,914,102,0,13,0,13,0,13,0,13,0,13,0,13,0,13,0,13,0,13,0,13,0,13,56,52,20,22,28,27,23,22,118,56,170,77,260,70,113,83,99,60,11,15,11,14,0,13,5,7,25,24
1400000US48453000305,48453000305,"Census Tract 3.05, Travis County, Texas",1276,107,1252,115,0,13,0,13,7,12,0,13,0,13,0,13,0,13,0,13,0,13,7,11,24,33,73,49,39,39,74,53,122,69,106,60,125,48,149,79,170,57,228,83,66,47,48,34,0,13,14,22,24,22
1400000US48453000306,48453000306,"Census Tract 3.06, Travis County, Texas",1087,112,1070,113,0,13,0,13,0,13,16,25,0,13,0,13,0,13,16,25,0,13,0,13,41,45,102,70,61,55,84,67,24,33,76,51,27,26,55,43,70,53,362,98,107,48,7,10,8,13,14,21,17,18
1400000US48453000307,48453000307,"Census Tract 3.07, Travis County, Texas",404,57,400,58,0,13,0,13,0,13,0,13,0,13,0,13,0,13,0,13,0,13,0,13,6,9,0,13,0,13,6,9,9,10,28,30,77,42,89,47,78,37,75,44,22,17,10,12,0,13,0,13,4,7
1400000US48453000401,48453000401,"Census Tract 4.01, Travis County, Texas",1064,125,1000,119,0,13,0,13,0,13,0,13,0,13,0,13,0,13,0,13,0,13,0,13,11,12,18,19,7,10,12,14,16,18,82,48,116,54,138,54,190,69,330,93,74,42,6,9,0,13,0,13,64,36
1400000US48453000402,48453000402,"Census Tract 4.02, Travis County, Texas",942,124,942,124,0,13,0,13,7,11,0,13,0,13,0,13,0,13,0,13,0,13,0,13,0,13,19,29,39,64,45,47,19,18,207,93,148,79,169,83,109,57,106,65,74,51,0,13,0,13,0,13,0,13
1400000US48453000500,48453000500,"Census Tract 5, Travis County, Texas",1608,153,1591,157,0,13,0,13,0,13,0,13,0,13,0,13,0,13,0,13,0,13,65,72,0,13,47,58,42,29,91,71,50,44,245,110,248,110,361,128,112,62,165,80,109,91,56,53,0,13,0,13,17,27
1400000US48453000601,48453000601,"Census Tract 6.01, Travis County, Texas",321,37,315,36,0,20,0,20,0,20,0,20,0,20,0,20,0,20,0,20,8,9,5,8,5,8,4,7,0,20,29,18,37,31,38,26,24,16,68,33,3,5,47,25,47,25,0,20,0,20,0,20,6,8
1400000US48453000603,48453000603,"Census Tract 6.03, Travis County, Texas",2252,168,2209,169,0,18,0,18,0,18,0,18,0,18,0,18,0,18,0,18,7,12,0,18,40,61,11,17,60,53,30,36,17,20,230,101,258,109,436,125,248,106,343,122,419,123,27,44,46,44,37,43,43,33
1400000US48453000604,48453000604,"Census Tract 6.04, Travis County, Texas",1535,148,1468,147,0,18,6,12,0,18,52,70,14,25,0,18,0,18,14,23,0,18,8,14,0,18,10,16,73,61,13,21,50,47,93,46,201,92,242,114,160,75,275,127,127,80,56,53,21,35,53,59,67,70
1400000US48453000700,48453000700,"Census Tract 7, Travis County, Texas",438,66,427,69,0,13,0,13,0,13,0,13,0,13,0,13,0,13,0,13,0,13,0,13,18,15,41,35,16,13,13,13,10,17,20,17,62,36,119,50,49,27,74,46,0,13,5,8,0,13,0,13,11,13
1400000US48453000801,48453000801,"Census Tract 8.01, Travis County, Texas",292,71,277,70,0,13,0,13,21,26,24,25,25,16,20,18,7,10,0,13,5,9,0,13,0,13,0,13,0,13,0,13,26,29,11,12,16,25,28,26,65,38,29,32,0,13,0,13,0,13,0,13,15,11
1400000US48453000802,48453000802,"Census Tract 8.02, Travis County, Texas",817,113,797,115,14,16,25,38,52,55,100,73,64,49,85,54,31,46,0,13,34,45,20,32,46,46,8,12,0,13,65,82,28,27,15,18,37,42,50,49,96,80,14,15,13,17,0,13,0,13,0,13,20,22
1400000US48453000803,48453000803,"Census Tract 8.03, Travis County, Texas",522,98,522,98,0,13,0,13,0,13,0,13,0,13,0,13,0,13,7,10,0,13,0,13,8,14,6,10,42,42,18,27,54,52,21,21,0,13,101,70,110,66,83,58,67,52,0,13,5,8,0,13,0,13
1400000US48453000804,48453000804,"Census Tract 8.04, Travis County, Texas",619,67,583,66,51,39,3,5,24,26,45,26,31,25,39,30,21,20,0,13,34,28,30,28,11,11,8,13,0,13,10,15,16,19,17,18,38,26,61,40,39,23,64,32,37,24,4,7,0,13,0,13,36,19
1400000US48453000901,48453000901,"Census Tract 9.01, Travis County, Texas",611,86,605,85,0,13,0,13,0,13,6,9,0,13,0,13,0,13,0,13,0,13,10,11,0,13,0,13,0,13,0,13,10,16,0,13,57,39,99,58,102,48,183,61,138,57,0,13,0,13,0,13,6,10
1400000US48453000902,48453000902,"Census Tract 9.02, Travis County, Texas",1060,163,1009,144,3,7,0,18,0,18,35,32,60,61,0,18,3,7,0,18,33,34,0,18,0,18,43,47,37,42,24,26,16,17,136,74,72,55,270,113,84,61,155,86,0,18,38,42,0,18,0,18,51,52
1400000US48453001000,48453001000,"Census Tract 10, Travis County, Texas",719,129,680,122,27,41,0,13,0,13,12,15,11,16,9,15,0,13,63,52,17,20,19,21,73,54,25,41,18,21,0,13,0,13,14,23,60,67,102,66,70,40,78,46,82,52,0,13,0,13,0,13,39,44
1400000US48453001100,48453001100,"Census Tract 11, Travis County, Texas",2131,295,2071,292,0,18,0,18,0,18,50,43,51,76,0,18,0,18,0,18,0,18,0,18,0,18,0,18,17,28,0,18,0,18,57,60,0,18,134,128,130,101,720,240,317,167,279,122,194,142,122,72,60,45
1400000US48453001200,48453001200,"Census Tract 12, Travis County, Texas",2342,249,2257,244,0,18,0,18,0,18,17,27,0,18,0,18,0,18,16,25,0,18,0,18,164,107,70,54,33,39,36,41,0,18,69,70,41,43,458,190,144,91,653,213,306,134,125,91,12,18,113,75,85,74
1400000US48453001303,48453001303,"Census Tract 13.03, Travis County, Texas",1055,174,1055,174,0,13,0,13,16,25,0,13,0,13,10,16,8,13,45,50,18,28,0,13,9,15,36,42,40,31,28,45,11,18,44,45,75,65,103,75,105,82,363,108,78,77,46,33,6,10,14,23,0,13
1400000US48453001304,48453001304,"Census Tract 13.04, Travis County, Texas",934,125,905,120,0,13,0,13,8,13,0,13,0,13,0,13,0,13,0,13,0,13,0,13,0,13,11,18,29,46,0,13,26,26,77,70,110,73,105,50,131,70,320,109,43,35,16,19,7,12,22,34,29,23
1400000US48453001305,48453001305,"Census Tract 13.05, Travis County, Texas",1622,208,1566,206,44,52,29,46,0,18,26,23,0,18,0,18,0,18,40,64,38,62,0,18,0,18,18,28,0,18,74,87,0,18,183,120,62,69,202,95,315,127,278,135,198,136,45,41,5,13,9,14,56,60
1400000US48453001307,48453001307,"Census Tract 13.07, Travis County, Texas",1232,127,1217,124,0,13,0,13,49,49,14,22,36,34,0,13,47,56,36,51,8,14,0,13,8,13,12,18,20,22,40,39,18,25,154,83,235,99,331,92,94,56,84,51,31,29,0,13,0,13,0,13,15,19
1400000US48453001308,48453001308,"Census Tract 13.08, Travis County, Texas",976,116,895,116,0,13,0,13,0,13,0,13,0,13,0,13,0,13,26,42,0,13,0,13,9,14,0,13,10,15,25,40,33,41,97,56,68,52,261,84,113,62,175,69,78,51,0,13,0,13,0,13,81,50
1400000US48453001401,48453001401,"Census Tract 14.01, Travis County, Texas",1251,139,1218,138,0,13,0,13,0,13,0,13,0,13,0,13,0,13,0,13,18,29,0,13,0,13,0,13,42,53,0,13,37,44,0,13,134,82,109,73,240,86,443,110,130,62,39,35,20,23,6,11,33,38
1400000US48453001402,48453001402,"Census Tract 14.02, Travis County, Texas",735,104,720,105,0,13,0,13,7,10,0,13,0,13,7,11,0,13,0,13,0,13,0,13,0,13,9,15,0,13,19,30,13,19,40,43,54,33,231,91,104,60,140,72,52,34,7,11,0,13,37,39,15,24
1400000US48453001403,48453001403,"Census Tract 14.03, Travis County, Texas",536,71,522,72,0,13,0,13,0,13,0,13,0,13,0,13,0,13,0,13,0,13,0,13,0,13,15,23,31,31,34,25,56,38,65,46,130,54,40,24,51,36,84,42,16,21,0,13,0,13,0,13,14,11
1400000US48453001501,48453001501,"Census Tract 15.01, Travis County, Texas",517,148,502,147,0,18,0,18,0,18,73,113,0,18,0,18,0,18,0,18,16,26,0,18,0,18,0,18,0,18,15,24,117,127,61,58,0,18,69,66,88,72,30,33,0,18,0,18,33,37,0,18,15,23
1400000US48453001503,48453001503,"Census Tract 15.03, Travis County, Texas",1113,139,1100,141,0,13,0,13,0,13,0,13,0,13,0,13,7,11,0,13,12,19,22,36,31,39,46,42,57,77,82,71,49,37,86,55,80,47,172,93,111,57,225,83,46,32,30,37,13,20,31,32,13,22
1400000US48453001504,48453001504,"Census Tract 15.04, Travis County, Texas",923,220,911,219,0,18,0,18,0,18,0,18,0,18,0,18,0,18,0,18,0,18,0,18,0,18,14,21,35,55,0,18,14,21,21,26,0,18,289,174,237,112,252,117,49,58,0,18,0,18,0,18,12,20
1400000US48453001505,48453001505,"Census Tract 15.05, Travis County, Texas",1231,146,1231,146,0,13,0,13,0,13,0,13,0,13,0,13,0,13,0,13,0,13,0,13,0,13,16,25,15,24,85,71,77,71,82,67,239,131,335,110,106,69,215,129,44,52,17,26,0,13,0,13,0,13
1400000US48453001602,48453001602,"Census Tract 16.02, Travis County, Texas",1074,114,1064,115,0,13,9,13,0,13,0,13,0,13,0,13,7,11,0,13,0,13,0,13,54,63,88,61,127,62,157,60,30,25,68,38,39,30,139,73,46,29,210,88,48,32,0,13,0,13,42,42,10,15
1400000US48453001603,48453001603,"Census Tract 16.03, Travis County, Texas",334,84,327,83,0,13,0,13,0,13,0,13,0,13,0,13,0,13,0,13,0,13,0,13,0,13,0,13,0,13,0,13,0,13,18,20,24,22,7,11,19,21,72,65,94,62,62,41,18,20,13,21,7,12
1400000US48453001604,48453001604,"Census Tract 16.04, Travis County, Texas",353,103,297,97,0,13,0,13,0,13,0,13,0,13,0,13,0,13,0,13,0,13,0,13,0,13,0,13,0,13,8,11,42,44,0,13,32,30,47,41,62,58,81,63,0,13,0,13,0,13,25,26,56,38
1400000US48453001605,48453001605,"Census Tract 16.05, Travis County, Texas",993,160,925,149,0,13,0,13,0,13,0,13,0,13,0,13,0,13,9,14,0,13,0,13,45,43,0,13,6,12,10,15,27,25,98,64,38,48,218,77,145,66,226,80,70,59,17,18,16,21,0,13,68,54
1400000US48453001606,48453001606,"Census Tract 16.06, Travis County, Texas",0,13,0,13,0,13,0,13,0,13,0,13,0,13,0,13,0,13,0,13,0,13,0,13,0,13,0,13,0,13,0,13,0,13,0,13,0,13,0,13,0,13,0,13,0,13,0,13,0,13,0,13,0,13
1400000US48453001705,48453001705,"Census Tract 17.05, Travis County, Texas",780,135,780,135,0,13,0,13,0,13,0,13,0,13,0,13,0,13,0,13,0,13,0,13,0,13,0,13,14,22,14,24,0,13,0,13,41,65,114,73,245,93,267,120,43,41,42,33,0,13,0,13,0,13
1400000US48453001706,48453001706,"Census Tract 17.06, Travis County, Texas",856,103,835,104,0,13,0,13,0,13,0,13,0,13,0,13,0,13,0,13,0,13,0,13,0,13,0,13,40,28,26,41,6,9,54,35,171,86,153,62,99,58,253,106,33,31,0,13,0,13,0,13,21,20
1400000US48453001707,48453001707,"Census Tract 17.07, Travis County, Texas",1091,177,1079,176,0,13,0,13,0,13,0,13,0,13,0,13,0,13,0,13,0,13,0,13,0,13,0,13,16,28,57,45,43,49,144,86,68,53,311,132,161,75,208,116,71,58,0,13,0,13,0,13,12,19
1400000US48453001712,48453001712,"Census Tract 17.12, Travis County, Texas",1175,123,1175,123,0,13,0,13,8,13,61,32,19,20,9,14,9,14,24,38,28,44,30,48,0,13,15,26,35,49,62,52,80,49,122,79,122,90,345,111,44,36,63,56,57,65,17,20,25,19,0,13,0,13
1400000US48453001713,48453001713,"Census Tract 17.13, Travis County, Texas",816,139,746,132,0,13,0,13,30,47,0,13,0,13,0,13,0,13,0,13,0,13,45,53,13,21,6,9,0,13,19,24,31,48,43,41,35,27,151,64,253,106,88,57,32,29,0,13,0,13,0,13,70,62
1400000US48453001714,48453001714,"Census Tract 17.14, Travis County, Texas",2356,315,2356,315,0,20,0,20,0,20,0,20,0,20,0,20,0,20,0,20,0,20,0,20,0,20,0,20,0,20,0,20,68,84,183,109,480,201,1071,313,333,159,117,100,97,90,0,20,7,21,0,20,0,20
1400000US48453001716,48453001716,"Census Tract 17.16, Travis County, Texas",1411,170,1411,170,0,18,0,18,0,18,0,18,0,18,0,18,0,18,0,18,0,18,0,18,0,18,0,18,18,30,0,18,0,18,95,95,38,36,213,111,469,190,363,148,143,111,27,29,0,18,45,66,0,18
1400000US48453001718,48453001718,"Census Tract 17.18, Travis County, Texas",1335,198,1335,198,0,18,0,18,0,18,0,18,0,18,0,18,0,18,0,18,0,18,0,18,0,18,0,18,11,19,0,18,47,55,96,61,80,47,336,132,334,135,307,137,124,109,0,18,0,18,0,18,0,18
1400000US48453001719,48453001719,"Census Tract 17.19, Travis County, Texas",215,75,185,71,0,13,0,13,0,13,0,13,0,13,0,13,0,13,0,13,0,13,0,13,0,13,0,13,0,13,0,13,0,13,0,13,8,13,0,13,69,50,81,50,27,31,0,13,0,13,0,13,30,30
1400000US48453001722,48453001722,"Census Tract 17.22, Travis County, Texas",1972,158,1972,158,0,13,50,79,0,13,0,13,0,13,0,13,0,13,0,13,0,13,0,13,0,13,0,13,33,54,0,13,84,64,256,129,525,181,626,175,254,133,144,71,0,13,0,13,0,13,0,13,0,13
1400000US48453001728,48453001728,"Census Tract 17.28, Travis County, Texas",1041,183,1025,180,0,18,0,18,0,18,0,18,0,18,0,18,0,18,15,21,0,18,52,61,0,18,0,18,0,18,0,18,0,18,74,51,65,48,158,80,215,121,410,133,36,45,0,18,0,18,0,18,16,26
1400000US48453001729,48453001729,"Census Tract 17.29, Travis County, Texas",1064,190,1034,189,0,13,0,13,0,13,0,13,0,13,0,13,0,13,0,13,0,13,0,13,0,13,0,13,0,13,0,13,28,46,63,55,128,80,300,141,243,130,272,127,0,13,0,13,0,13,0,13,30,35
1400000US48453001733,48453001733,"Census Tract 17.33, Travis County, Texas",91,67,80,65,0,13,0,13,0,13,0,13,0,13,0,13,0,13,0,13,0,13,0,13,0,13,0,13,0,13,0,13,0,13,0,13,36,52,0,13,0,13,8,13,17,26,0,13,0,13,19,27,11,17
1400000US48453001737,48453001737,"Census Tract 17.37, Travis County, Texas",1123,212,1123,212,0,20,0,20,0,20,0,20,0,20,0,20,0,20,0,20,0,20,0,20,0,20,0,20,0,20,0,20,0,20,49,47,16,26,404,174,282,157,121,81,170,124,81,85,0,20,0,20,0,20
1400000US48453001738,48453001738,"Census Tract 17.38, Travis County, Texas",541,186,541,186,0,18,0,18,0,18,0,18,0,18,0,18,0,18,0,18,0,18,0,18,0,18,0,18,17,26,52,79,100,113,0,18,55,87,31,35,119,122,59,51,108,65,0,18,0,18,0,18,0,18
1400000US48453001740,48453001740,"Census Tract 17.40, Travis County, Texas",1085,108,1055,110,0,13,0,13,0,13,0,13,0,13,0,13,0,13,0,13,0,13,0,13,0,13,0,13,0,13,0,13,0,13,0,13,23,26,303,111,231,99,319,113,173,80,6,10,0,13,0,13,30,28
1400000US48453001741,48453001741,"Census Tract 17.41, Travis County, Texas",296,96,265,90,0,13,0,13,0,13,0,13,0,13,0,13,0,13,21,35,0,13,0,13,0,13,0,13,0,13,0,13,0,13,0,13,12,20,25,40,24,26,97,49,59,59,17,18,10,15,0,13,31,23
1400000US48453001742,48453001742,"Census Tract 17.42, Travis County, Texas",589,204,589,204,0,18,0,18,0,18,0,18,0,18,0,18,0,18,48,78,0,18,0,18,0,18,0,18,0,18,0,18,23,37,56,90,48,71,15,23,28,46,168,117,79,56,48,42,76,87,0,18,0,18
1400000US48453001745,48453001745,"Census Tract 17.45, Travis County, Texas",289,81,289,81,0,13,0,13,0,13,0,13,0,13,0,13,0,13,0,13,0,13,0,13,0,13,0,13,0,13,0,13,11,17,30,26,21,23,100,66,38,36,61,33,28,45,0,13,0,13,0,13,0,13
1400000US48453001746,48453001746,"Census Tract 17.46, Travis County, Texas",762,142,762,142,0,13,0,13,0,13,0,13,0,13,0,13,0,13,0,13,0,13,0,13,0,13,0,13,0,13,0,13,16,18,173,86,70,45,291,119,31,26,181,87,0,13,0,13,0,13,0,13,0,13
1400000US48453001747,48453001747,"Census Tract 17.47, Travis County, Texas",1055,128,1036,128,0,18,8,13,0,18,8,12,8,13,0,18,9,14,9,14,8,13,0,18,0,18,0,18,0,18,64,54,0,18,45,49,123,59,391,125,132,47,200,91,31,42,0,18,0,18,0,18,19,21
1400000US48453001748,48453001748,"Census Tract 17.48, Travis County, Texas",1017,148,978,147,0,18,0,18,0,18,0,18,0,18,0,18,0,18,0,18,0,18,0,18,0,18,0,18,0,18,7,12,0,18,13,22,113,87,213,92,313,107,283,120,17,24,19,32,0,18,0,18,39,37
1400000US48453001749,48453001749,"Census Tract 17.49, Travis County, Texas",1858,197,1858,197,0,18,0,18,0,18,13,22,0,18,0,18,0,18,0,18,0,18,0,18,0,18,0,18,0,18,0,18,0,18,59,60,227,128,698,153,484,175,344,139,33,39,0,18,0,18,0,18,0,18
1400000US48453001750,48453001750,"Census Tract 17.50, Travis County, Texas",1647,154,1647,154,0,13,0,13,0,13,2,3,0,13,0,13,42,64,0,13,0,13,0,13,0,13,0,13,0,13,43,70,0,13,48,39,184,130,667,168,450,159,209,97,0,13,0,13,2,4,0,13,0,13
1400000US48453001751,48453001751,"Census Tract 17.51, Travis County, Texas",126,56,126,56,0,13,0,13,0,13,0,13,0,13,0,13,0,13,0,13,0,13,0,13,0,13,0,13,0,13,23,31,0,13,6,8,4,8,6,9,23,18,11,14,13,13,12,14,5,9,23,32,0,13
1400000US48453001752,48453001752,"Census Tract 17.52, Travis County, Texas",2170,147,2170,147,0,13,0,13,0,13,0,13,0,13,38,61,0,13,0,13,0,13,5,15,0,13,21,33,14,22,81,54,178,98,376,144,545,161,653,196,223,120,36,33,0,13,0,13,0,13,0,13,0,13
1400000US48453001753,48453001753,"Census Tract 17.53, Travis County, Texas",722,69,713,69,0,13,0,13,0,13,0,13,0,13,0,13,0,13,0,13,0,13,0,13,0,13,0,13,0,13,0,13,0,13,21,16,121,41,313,59,174,55,66,33,18,20,0,13,0,13,0,13,9,13
1400000US48453001754,48453001754,"Census Tract 17.54, Travis County, Texas",1336,159,1336,159,0,18,0,18,0,18,0,18,0,18,0,18,0,18,0,18,0,18,0,18,0,18,14,22,24,31,102,90,29,47,192,102,266,103,272,108,204,119,212,127,21,24,0,18,0,18,0,18,0,18
1400000US48453001755,48453001755,"Census Tract 17.55, Travis County, Texas",114,61,92,57,0,18,0,18,0,18,0,18,0,18,0,18,0,18,0,18,0,18,0,18,0,18,0,18,0,18,0,18,0,18,6,9,0,18,0,18,35,46,0,18,0,18,51,35,0,18,0,18,22,28
1400000US48453001756,48453001756,"Census Tract 17.56, Travis County, Texas",710,127,710,127,0,13,0,13,0,13,0,13,0,13,0,13,0,13,0,13,0,13,0,13,0,13,0,13,0,13,26,35,7,10,7,11,53,40,92,60,193,86,279,118,38,36,15,17,0,13,0,13,0,13
1400000US48453001757,48453001757,"Census Tract 17.57, Travis County, Texas",378,73,378,73,0,13,0,13,0,13,0,13,0,13,0,13,0,13,0,13,0,13,0,13,0,13,0,13,0,13,0,13,0,13,0,13,50,30,116,64,99,46,69,44,0,13,0,13,7,11,37,45,0,13
1400000US48453001760,48453001760,"Census Tract 17.60, Travis County, Texas",1096,262,1096,262,0,20,0,20,0,20,0,20,0,20,0,20,0,20,0,20,0,20,0,20,0,20,0,20,0,20,0,20,0,20,0,20,84,97,320,184,178,138,224,108,75,65,175,127,0,20,40,60,0,20
1400000US48453001761,48453001761,"Census Tract 17.61, Travis County, Texas",1253,153,1201,165,0,18,0,18,0,18,0,18,0,18,0,18,0,18,0,18,0,18,0,18,0,18,0,18,0,18,0,18,0,18,52,46,91,63,529,164,328,113,121,99,33,38,39,41,0,18,8,14,52,84
1400000US48453001764,48453001764,"Census Tract 17.64, Travis County, Texas",445,131,434,132,0,18,0,18,0,18,18,27,0,18,0,18,0,18,0,18,0,18,0,18,13,21,0,18,0,18,0,18,0,18,66,59,40,49,110,81,73,52,74,42,24,20,16,25,0,18,0,18,11,13
1400000US48453001765,48453001765,"Census Tract 17.65, Travis County, Texas",835,239,805,235,0,20,0,20,0,20,0,20,0,20,0,20,0,20,0,20,0,20,0,20,2,4,40,52,2,5,3,5,20,30,233,163,4,6,321,197,61,61,36,43,69,65,2,4,12,19,0,20,30,47
1400000US48453001766,48453001766,"Census Tract 17.66, Travis County, Texas",365,161,267,128,0,18,0,18,0,18,0,18,0,18,5,8,0,18,18,29,0,18,43,63,0,18,36,39,0,18,0,18,83,88,12,19,8,14,8,13,16,26,38,55,0,18,0,18,0,18,0,18,98,108
1400000US48453001768,48453001768,"Census Tract 17.68, Travis County, Texas",703,195,617,166,0,18,0,18,0,18,0,18,0,18,0,18,0,18,0,18,0,18,0,18,0,18,0,18,56,87,0,18,16,26,57,62,32,38,232,120,127,93,64,51,33,37,0,18,0,18,0,18,86,96
1400000US48453001769,48453001769,"Census Tract 17.69, Travis County, Texas",309,111,309,111,0,18,0,18,0,18,0,18,0,18,0,18,0,18,0,18,33,37,0,18,0,18,0,18,0,18,0,18,0,18,26,31,23,35,88,45,21,34,102,80,16,27,0,18,0,18,0,18,0,18
1400000US48453001770,48453001770,"Census Tract 17.70, Travis County, Texas",292,120,292,120,0,20,0,20,0,20,0,20,0,20,0,20,0,20,0,20,0,20,0,20,0,20,0,20,0,20,0,20,0,20,0,20,0,20,0,20,0,20,32,35,172,124,69,54,13,21,6,13,0,20
1400000US48453001771,48453001771,"Census Tract 17.71, Travis County, Texas",132,73,121,72,0,13,0,13,0,13,0,13,0,13,0,13,0,13,0,13,0,13,14,21,0,13,8,12,0,13,0,13,0,13,0,13,0,13,0,13,23,26,9,14,45,55,22,23,0,13,0,13,11,18
1400000US48453001772,48453001772,"Census Tract 17.72, Travis County, Texas",218,85,218,85,0,13,0,13,0,13,0,13,0,13,14,21,0,13,0,13,8,14,0,13,0,13,0,13,0,13,0,13,0,13,0,13,37,36,15,17,53,47,91,66,0,13,0,13,0,13,0,13,0,13
1400000US48453001773,48453001773,"Census Tract 17.73, Travis County, Texas",507,120,428,103,0,18,0,18,0,18,0,18,0,18,0,18,0,18,0,18,0,18,0,18,0,18,0,18,0,18,0,18,0,18,0,18,0,18,107,82,167,88,84,53,4,7,22,28,18,16,26,29,79,73
1400000US48453001774,48453001774,"Census Tract 17.74, Travis County, Texas",443,136,443,136,0,18,0,18,0,18,0,18,0,18,0,18,0,18,0,18,0,18,0,18,0,18,0,18,0,18,12,22,0,18,0,18,0,18,0,18,26,31,355,119,50,44,0,18,0,18,0,18,0,18
1400000US48453001775,48453001775,"Census Tract 17.75, Travis County, Texas",78,58,62,55,0,18,0,18,31,49,0,18,0,18,0,18,0,18,0,18,0,18,0,18,0,18,0,18,0,18,0,18,0,18,0,18,0,18,0,18,15,19,9,14,7,11,0,18,0,18,0,18,16,18
1400000US48453001776,48453001776,"Census Tract 17.76, Travis County, Texas",373,98,363,99,0,13,0,13,0,13,0,13,0,13,0,13,0,13,0,13,0,13,0,13,0,13,0,13,0,13,11,18,0,13,26,39,29,46,76,46,88,62,110,60,23,19,0,13,0,13,0,13,10,16
1400000US48453001777,48453001777,"Census Tract 17.77, Travis County, Texas",877,143,862,145,0,18,0,18,0,18,0,18,0,18,0,18,0,18,0,18,0,18,43,70,0,18,0,18,0,18,0,18,0,18,0,18,53,67,147,89,301,112,278,125,18,29,22,34,0,18,0,18,15,18
1400000US48453001778,48453001778,"Census Tract 17.78, Travis County, Texas",524,115,524,115,0,13,0,13,0,13,0,13,0,13,0,13,0,13,0,13,0,13,0,13,0,13,0,13,0,13,18,29,0,13,27,42,0,13,123,63,208,87,98,62,14,16,27,25,9,16,0,13,0,13
1400000US48453001779,48453001779,"Census Tract 17.79, Travis County, Texas",509,170,509,170,0,18,0,18,0,18,0,18,0,18,0,18,0,18,0,18,60,95,0,18,16,26,0,18,0,18,0,18,20,32,72,85,130,131,67,63,30,34,78,68,18,31,18,29,0,18,0,18,0,18
1400000US48453001780,48453001780,"Census Tract 17.80, Travis County, Texas",253,85,216,71,0,13,0,13,0,13,8,11,0,13,0,13,0,13,0,13,0,13,0,13,0,13,0,13,31,46,10,14,5,9,7,10,5,7,54,28,42,33,54,29,0,13,0,13,0,13,0,13,37,24
1400000US48453001781,48453001781,"Census Tract 17.81, Travis County, Texas",107,39,102,38,0,13,0,13,0,13,0,13,0,13,0,13,0,13,0,13,0,13,0,13,0,13,0,13,0,13,0,13,7,11,21,19,23,21,13,15,33,27,0,13,5,7,0,13,0,13,0,13,5,7
1400000US48453001782,48453001782,"Census Tract 17.82, Travis County, Texas",318,86,308,87,0,18,0,18,0,18,0,18,0,18,0,18,0,18,0,18,13,19,0,18,0,18,0,18,0,18,0,18,0,18,9,15,9,14,78,65,82,44,72,58,9,15,0,18,25,28,11,16,10,17
1400000US48453001783,48453001783,"Census Tract 17.83, Travis County, Texas",244,87,229,87,0,18,0,18,0,18,0,18,0,18,0,18,0,18,0,18,0,18,0,18,0,18,7,12,0,18,0,18,0,18,37,58,8,14,20,16,8,12,81,48,47,48,0,18,21,22,0,18,15,17
1400000US48453001784,48453001784,"Census Tract 17.84, Travis County, Texas",353,98,353,98,0,18,0,18,0,18,0,18,0,18,0,18,0,18,14,24,0,18,0,18,0,18,0,18,0,18,0,18,0,18,0,18,0,18,56,42,73,59,79,43,21,23,45,41,37,49,28,36,0,18
1400000US48453001785,48453001785,"Census Tract 17.85, Travis County, Texas",1902,154,1902,154,0,13,0,13,0,13,0,13,0,13,0,13,0,13,0,13,0,13,0,13,0,13,12,21,43,66,0,13,40,39,276,130,200,111,710,206,418,154,151,117,52,83,0,13,0,13,0,13,0,13
1400000US48453001786,48453001786,"Census Tract 17.86, Travis County, Texas",2096,180,2096,180,0,18,0,18,0,18,0,18,0,18,0,18,0,18,0,18,0,18,0,18,0,18,0,18,0,18,0,18,0,18,115,65,193,114,609,163,626,162,481,150,48,49,24,34,0,18,0,18,0,18
1400000US48453001804,48453001804,"Census Tract 18.04, Travis County, Texas",2015,208,1909,219,0,18,0,18,0,18,13,22,0,18,20,32,0,18,0,18,74,78,16,26,47,46,87,91,212,150,151,109,255,123,281,132,363,179,171,108,128,98,77,64,14,22,0,18,0,18,0,18,106,86
1400000US48453001805,48453001805,"Census Tract 18.05, Travis County, Texas",1307,101,1252,113,0,13,0,13,54,45,43,45,12,19,78,62,16,27,10,16,0,13,39,38,86,58,74,56,104,72,71,47,132,68,113,69,194,91,89,68,51,42,72,51,6,10,0,13,8,11,0,13,55,51
1400000US48453001806,48453001806,"Census Tract 18.06, Travis County, Texas",1903,165,1890,165,33,52,0,18,0,18,27,42,0,18,0,18,32,52,41,66,0,18,0,18,91,75,152,99,89,68,236,118,145,95,305,121,269,122,246,134,151,104,73,73,0,18,0,18,0,18,0,18,13,21
1400000US48453001811,48453001811,"Census Tract 18.11, Travis County, Texas",870,111,870,111,0,13,0,13,0,13,0,13,19,20,23,26,18,28,24,36,0,13,18,24,21,33,46,46,97,73,55,54,86,70,183,86,58,41,129,74,41,48,42,32,10,15,0,13,0,13,0,13,0,13
1400000US48453001812,48453001812,"Census Tract 18.12, Travis County, Texas",2517,157,2414,176,0,18,0,18,0,18,15,22,39,60,0,18,34,38,15,24,0,18,0,18,73,72,112,93,67,53,117,82,318,139,583,189,434,145,359,132,133,83,24,39,0,18,28,22,16,26,47,43,103,91
1400000US48453001813,48453001813,"Census Tract 18.13, Travis County, Texas",1495,137,1475,145,0,18,0,18,0,18,11,16,28,35,0,18,23,32,0,18,0,18,0,18,66,58,56,47,45,39,77,45,142,74,357,101,185,77,313,96,123,72,39,45,10,15,0,18,0,18,0,18,20,32
1400000US48453001817,48453001817,"Census Tract 18.17, Travis County, Texas",1321,161,1272,156,0,13,12,19,43,41,37,54,25,20,11,17,0,13,12,19,0,13,20,32,0,13,57,68,27,31,13,20,160,135,57,40,137,83,261,109,270,129,93,63,37,51,0,13,0,13,0,13,49,46
1400000US48453001818,48453001818,"Census Tract 18.18, Travis County, Texas",1077,180,1060,179,0,18,0,18,0,18,0,18,0,18,14,23,0,18,0,18,0,18,0,18,0,18,0,18,25,42,81,92,12,19,194,109,170,127,402,142,58,49,75,75,29,34,0,18,0,18,0,18,17,27
1400000US48453001819,48453001819,"Census Tract 18.19, Travis County, Texas",1211,89,1211,89,0,13,0,13,0,13,53,51,0,13,28,43,14,22,12,18,0,13,15,23,6,10,0,13,66,53,96,59,105,55,228,94,189,81,347,102,11,17,29,24,12,13,0,13,0,13,0,13,0,13
1400000US48453001820,48453001820,"Census Tract 18.20, Travis County, Texas",2383,158,2370,159,0,18,0,18,48,58,0,18,0,18,0,18,24,40,54,60,19,31,25,40,47,53,183,110,263,143,245,119,187,110,593,198,263,113,265,135,71,65,83,76,0,18,0,18,0,18,0,18,13,22
1400000US48453001821,48453001821,"Census Tract 18.21, Travis County, Texas",1126,131,1093,130,0,18,0,18,0,18,0,18,0,18,0,18,0,18,0,18,0,18,0,18,32,28,17,27,18,29,101,66,95,69,159,80,129,72,166,78,200,90,176,86,0,18,0,18,0,18,0,18,33,33
1400000US48453001822,48453001822,"Census Tract 18.22, Travis County, Texas",1645,159,1595,167,0,18,0,18,0,18,14,23,0,18,0,18,12,19,9,14,27,44,55,65,24,27,54,48,88,73,190,130,101,80,260,126,217,112,369,145,120,89,55,55,0,18,0,18,0,18,0,18,50,57
1400000US48453001823,48453001823,"Census Tract 18.23, Travis County, Texas",1721,141,1695,147,0,18,0,18,0,18,23,35,0,18,18,28,0,18,0,18,0,18,15,23,0,18,61,60,43,36,100,68,162,75,314,107,195,102,528,147,186,96,50,47,0,18,0,18,0,18,0,18,26,29
1400000US48453001824,48453001824,"Census Tract 18.24, Travis County, Texas",290,50,286,50,0,13,0,13,0,13,0,13,0,13,0,13,0,13,0,13,0,13,0,13,0,13,0,13,0,13,0,13,5,7,27,16,82,38,79,35,47,29,46,31,0,13,0,13,0,13,0,13,4,6
1400000US48453001826,48453001826,"Census Tract 18.26, Travis County, Texas",951,95,934,95,0,13,0,13,0,13,0,13,0,13,0,13,0,13,0,13,0,13,0,13,0,13,22,36,0,13,0,13,12,19,87,64,128,74,430,112,201,93,54,33,0,13,0,13,0,13,0,13,17,20
1400000US48453001828,48453001828,"Census Tract 18.28, Travis County, Texas",351,92,351,92,0,13,0,13,0,13,0,13,0,13,0,13,0,13,0,13,0,13,0,13,0,13,0,13,0,13,15,25,0,13,0,13,64,46,79,32,54,41,113,58,26,21,0,13,0,13,0,13,0,13
1400000US48453001829,48453001829,"Census Tract 18.29, Travis County, Texas",1058,110,1058,110,0,13,0,13,0,13,0,13,0,13,0,13,0,13,0,13,0,13,0,13,0,13,22,20,0,13,17,18,73,47,356,109,158,73,303,87,29,24,100,58,0,13,0,13,0,13,0,13,0,13
1400000US48453001832,48453001832,"Census Tract 18.32, Travis County, Texas",653,90,653,90,0,13,0,13,0,13,0,13,0,13,0,13,0,13,0,13,0,13,0,13,11,17,0,13,17,20,42,54,59,56,155,89,162,78,131,77,21,25,46,43,9,14,0,13,0,13,0,13,0,13
1400000US48453001833,48453001833,"Census Tract 18.33, Travis County, Texas",1388,217,1388,217,0,18,0,18,0,18,0,18,0,18,0,18,0,18,0,18,0,18,0,18,0,18,56,64,18,28,39,45,106,93,82,59,236,158,471,214,250,147,83,70,0,18,15,25,32,37,0,18,0,18
1400000US48453001834,48453001834,"Census Tract 18.34, Travis County, Texas",2543,235,2473,233,0,18,0,18,0,18,0,18,0,18,0,18,0,18,0,18,0,18,0,18,0,18,16,25,0,18,38,39,103,47,217,107,499,149,816,221,396,161,388,157,0,18,0,18,0,18,0,18,70,73
1400000US48453001835,48453001835,"Census Tract 18.35, Travis County, Texas",1210,150,1182,150,0,18,0,18,0,18,0,18,9,15,0,18,0,18,0,18,0,18,0,18,16,28,0,18,9,14,42,48,42,43,175,104,70,55,352,104,335,122,132,66,0,18,0,18,0,18,0,18,28,32
1400000US48453001839,48453001839,"Census Tract 18.39, Travis County, Texas",1806,201,1794,204,0,18,0,18,0,18,44,68,0,18,0,18,0,18,0,18,13,20,0,18,22,33,0,18,41,64,12,23,83,77,234,91,410,164,461,146,195,95,279,130,0,18,0,18,0,18,0,18,12,20
1400000US48453001840,48453001840,"Census Tract 18.40, Travis County, Texas",1451,233,1440,234,0,20,0,20,0,20,0,20,0,20,0,20,0,20,0,20,17,28,34,54,0,20,0,20,0,20,46,72,0,20,39,64,250,116,483,164,421,184,150,111,0,20,0,20,0,20,0,20,11,18
1400000US48453001841,48453001841,"Census Tract 18.41, Travis County, Texas",1301,385,1222,375,0,20,0,20,0,20,0,20,0,20,0,20,0,20,0,20,0,20,0,20,0,20,19,32,62,97,0,20,21,37,196,170,15,24,285,198,434,222,190,134,0,20,0,20,0,20,0,20,79,117
1400000US48453001842,48453001842,"Census Tract 18.42, Travis County, Texas",1072,293,1072,293,0,20,0,20,0,20,20,30,0,20,42,65,0,20,16,27,0,20,0,20,0,20,0,20,0,20,0,20,0,20,35,57,237,145,263,151,196,159,263,151,0,20,0,20,0,20,0,20,0,20
1400000US48453001843,48453001843,"Census Tract 18.43, Travis County, Texas",356,77,311,80,0,13,0,13,0,13,0,13,0,13,0,13,0,13,0,13,0,13,0,13,0,13,15,24,14,21,0,13,0,13,0,13,0,13,60,46,52,38,170,59,0,13,0,13,0,13,0,13,45,38
1400000US48453001844,48453001844,"Census Tract 18.44, Travis County, Texas",1136,145,1117,154,0,13,0,13,0,13,0,13,0,13,0,13,0,13,0,13,0,13,0,13,0,13,0,13,47,41,14,22,56,53,100,58,171,77,418,139,176,87,135,62,0,13,0,13,0,13,0,13,19,25
1400000US48453001845,48453001845,"Census Tract 18.45, Travis County, Texas",492,115,492,115,0,13,0,13,0,13,0,13,0,13,0,13,0,13,0,13,0,13,0,13,0,13,15,24,0,13,0,13,21,33,72,61,113,67,100,64,76,50,95,57,0,13,0,13,0,13,0,13,0,13
1400000US48453001846,48453001846,"Census Tract 18.46, Travis County, Texas",75,36,75,36,0,13,0,13,0,13,0,13,0,13,0,13,0,13,0,13,0,13,0,13,0,13,0,13,0,13,0,13,0,13,0,13,18,28,0,13,0,13,23,18,28,27,6,9,0,13,0,13,0,13
1400000US48453001847,48453001847,"Census Tract 18.47, Travis County, Texas",1372,201,1372,201,0,18,0,18,0,18,26,39,0,18,0,18,0,18,0,18,20,33,0,18,54,62,0,18,0,18,0,18,14,23,78,78,262,118,549,174,135,101,153,88,81,71,0,18,0,18,0,18,0,18
1400000US48453001848,48453001848,"Census Tract 18.48, Travis County, Texas",1035,137,1035,137,0,18,0,18,8,12,0,18,0,18,0,18,0,18,0,18,0,18,7,12,0,18,0,18,0,18,0,18,9,15,103,73,144,77,368,119,298,117,82,51,16,25,0,18,0,18,0,18,0,18
1400000US48453001849,48453001849,"Census Tract 18.49, Travis County, Texas",3490,304,3367,304,0,18,24,41,0,18,0,18,0,18,0,18,0,18,0,18,0,18,0,18,0,18,0,18,20,32,34,42,54,68,314,129,487,181,1356,287,603,219,427,162,48,47,0,18,0,18,0,18,123,116
1400000US48453001850,48453001850,"Census Tract 18.50, Travis County, Texas",1694,181,1683,182,0,13,0,13,0,13,0,13,0,13,0,13,0,13,35,46,39,48,0,13,0,13,33,47,36,42,89,72,73,72,205,121,144,89,516,165,242,121,241,143,30,48,0,13,0,13,0,13,11,18
1400000US48453001851,48453001851,"Census Tract 18.51, Travis County, Texas",2662,246,2617,240,0,20,0,20,0,20,0,20,0,20,0,20,0,20,0,20,0,20,9,15,94,90,0,20,0,20,24,28,42,34,433,203,392,170,963,282,340,154,320,168,0,20,0,20,0,20,0,20,45,42
1400000US48453001853,48453001853,"Census Tract 18.53, Travis County, Texas",270,82,270,82,0,13,0,13,0,13,0,13,0,13,0,13,0,13,0,13,0,13,0,13,0,13,0,13,0,13,0,13,0,13,0,13,10,15,83,48,30,26,147,73,0,13,0,13,0,13,0,13,0,13
1400000US48453001854,48453001854,"Census Tract 18.54, Travis County, Texas",208,87,166,77,0,18,0,18,0,18,0,18,0,18,0,18,0,18,0,18,0,18,0,18,0,18,0,18,0,18,0,18,10,17,0,18,10,15,57,45,33,36,45,43,11,17,0,18,0,18,0,18,42,49
1400000US48453001855,48453001855,"Census Tract 18.55, Travis County, Texas",1277,279,1204,277,0,20,0,20,0,20,0,20,0,20,0,20,0,20,0,20,0,20,0,20,0,20,0,20,37,60,0,20,0,20,0,20,93,114,380,161,190,122,305,170,199,200,0,20,0,20,0,20,73,86
1400000US48453001856,48453001856,"Census Tract 18.56, Travis County, Texas",239,98,239,98,0,18,0,18,0,18,28,45,0,18,0,18,0,18,0,18,0,18,0,18,0,18,0,18,0,18,0,18,0,18,14,15,0,18,36,45,35,40,117,59,9,13,0,18,0,18,0,18,0,18
1400000US48453001857,48453001857,"Census Tract 18.57, Travis County, Texas",996,197,996,197,0,18,17,24,16,25,0,18,0,18,0,18,0,18,0,18,19,31,19,31,0,18,0,18,0,18,15,23,35,41,26,32,142,114,260,108,119,85,328,155,0,18,0,18,0,18,0,18,0,18
1400000US48453001858,48453001858,"Census Tract 18.58, Travis County, Texas",393,186,358,181,0,24,0,24,0,24,0,24,0,24,0,24,0,24,0,24,0,24,0,24,0,24,29,45,0,24,0,24,0,24,12,19,0,24,0,24,0,24,232,143,85,84,0,24,0,24,0,24,35,56
1400000US48453001859,48453001859,"Census Tract 18.59, Travis County, Texas",93,51,90,51,0,13,0,13,0,13,0,13,0,13,0,13,0,13,0,13,0,13,0,13,0,13,5,7,0,13,21,32,20,30,0,13,0,13,5,9,0,13,31,38,8,11,0,13,0,13,0,13,3,6
1400000US48453001860,48453001860,"Census Tract 18.60, Travis County, Texas",991,146,952,152,0,13,0,13,0,13,0,13,0,13,0,13,0,13,0,13,0,13,0,13,0,13,10,16,0,13,10,15,21,25,156,69,133,77,315,112,129,70,178,90,0,13,0,13,0,13,0,13,39,49
1400000US48453001861,48453001861,"Census Tract 18.61, Travis County, Texas",305,99,297,101,0,18,0,18,0,18,0,18,0,18,0,18,0,18,0,18,0,18,0,18,0,18,0,18,0,18,0,18,0,18,0,18,34,53,23,26,46,35,194,94,0,18,0,18,0,18,0,18,8,16
1400000US48453001862,48453001862,"Census Tract 18.62, Travis County, Texas",691,130,660,133,0,18,0,18,0,18,0,18,0,18,0,18,0,18,0,18,0,18,43,47,0,18,35,52,0,18,0,18,53,76,21,25,122,65,178,88,107,69,74,57,27,40,0,18,0,18,0,18,31,34
1400000US48453001863,48453001863,"Census Tract 18.63, Travis County, Texas",1825,108,1809,112,0,13,0,13,0,13,0,13,0,13,0,13,11,18,0,13,0,13,0,13,0,13,6,9,75,41,65,42,240,91,615,125,341,86,432,107,24,22,0,13,0,13,0,13,0,13,0,13,16,19
1400000US48453001864,48453001864,"Census Tract 18.64, Travis County, Texas",1358,116,1323,120,0,13,0,13,0,13,0,13,0,13,0,13,0,13,0,13,0,13,0,13,4,10,0,13,25,32,15,17,34,31,111,65,132,61,554,111,215,79,102,41,8,12,100,50,16,17,7,12,35,34
1400000US48453001901,48453001901,"Census Tract 19.01, Travis County, Texas",1605,209,1575,198,0,18,0,18,32,50,0,18,0,18,0,18,0,18,0,18,0,18,0,18,35,54,29,23,0,18,0,18,53,66,76,65,80,66,640,155,335,137,234,112,61,57,0,18,0,18,0,18,30,34
1400000US48453001908,48453001908,"Census Tract 19.08, Travis County, Texas",1516,215,1498,215,0,18,0,18,0,18,0,18,0,18,0,18,0,18,0,18,0,18,0,18,0,18,16,26,0,18,17,27,53,63,71,49,220,98,434,138,266,116,276,144,61,77,37,42,0,18,47,51,18,30
1400000US48453001910,48453001910,"Census Tract 19.10, Travis County, Texas",671,122,671,122,0,13,0,13,0,13,0,13,0,13,0,13,0,13,0,13,0,13,0,13,0,13,0,13,0,13,0,13,0,13,0,13,46,48,183,75,182,72,121,64,51,39,19,21,9,15,60,55,0,13
1400000US48453001911,48453001911,"Census Tract 19.11, Travis County, Texas",1626,97,1621,97,0,13,0,13,0,13,0,13,0,13,14,23,0,13,0,13,0,13,0,13,0,13,33,43,0,13,0,13,8,12,53,48,154,74,358,97,417,104,503,101,58,43,16,24,7,11,0,13,5,9
1400000US48453001912,48453001912,"Census Tract 19.12, Travis County, Texas",306,85,273,84,0,13,0,13,0,13,0,13,0,13,0,13,0,13,0,13,0,13,0,13,0,13,0,13,0,13,0,13,0,13,0,13,0,13,15,13,66,45,89,45,65,46,8,13,26,24,4,8,33,17
1400000US48453001913,48453001913,"Census Tract 19.13, Travis County, Texas",131,68,131,68,0,13,0,13,0,13,0,13,0,13,0,13,0,13,0,13,0,13,0,13,0,13,0,13,0,13,0,13,0,13,0,13,0,13,8,15,35,40,48,49,31,36,0,13,9,15,0,13,0,13
1400000US48453001914,48453001914,"Census Tract 19.14, Travis County, Texas",1223,193,1196,188,0,18,0,18,0,18,0,18,0,18,20,32,0,18,0,18,0,18,0,18,0,18,0,18,0,18,0,18,0,18,0,18,16,25,310,133,447,144,365,171,0,18,38,42,0,18,0,18,27,33
1400000US48453001915,48453001915,"Census Tract 19.15, Travis County, Texas",548,69,540,69,0,13,0,13,0,13,0,13,0,13,0,13,0,13,0,13,0,13,0,13,23,36,0,13,0,13,0,13,0,13,11,13,27,18,168,56,141,59,98,47,5,9,0,13,39,32,28,32,8,13
1400000US48453001916,48453001916,"Census Tract 19.16, Travis County, Texas",46,35,46,35,0,13,0,13,0,13,0,13,0,13,0,13,0,13,0,13,0,13,0,13,0,13,0,13,0,13,0,13,0,13,5,9,0,13,6,9,26,32,0,13,5,8,0,13,0,13,4,6,0,13
1400000US48453001917,48453001917,"Census Tract 19.17, Travis County, Texas",115,47,73,47,0,13,0,13,0,13,0,13,0,13,0,13,0,13,0,13,0,13,0,13,0,13,0,13,0,13,0,13,0,13,0,13,4,9,0,13,10,15,51,47,0,13,0,13,0,13,8,13,42,33
1400000US48453001918,48453001918,"Census Tract 19.18, Travis County, Texas",117,67,117,67,0,13,0,13,0,13,0,13,0,13,0,13,0,13,0,13,0,13,0,13,0,13,0,13,0,13,0,13,0,13,0,13,0,13,25,40,8,13,29,24,42,55,0,13,5,8,8,12,0,13
1400000US48453001919,48453001919,"Census Tract 19.19, Travis County, Texas",235,74,231,73,0,13,0,13,0,13,0,13,0,13,0,13,0,13,0,13,0,13,0,13,0,13,0,13,6,10,9,15,0,13,10,14,0,13,35,43,33,49,20,22,74,64,27,22,0,13,17,13,4,6
1400000US48453002002,48453002002,"Census Tract 20.02, Travis County, Texas",624,126,615,123,0,13,0,13,0,13,10,15,12,17,0,13,11,18,0,13,0,13,0,13,0,13,0,13,0,13,32,35,135,83,71,59,10,19,121,90,56,43,129,76,28,39,0,13,0,13,0,13,9,13
1400000US48453002003,48453002003,"Census Tract 20.03, Travis County, Texas",763,100,757,101,0,13,0,13,0,13,0,13,0,13,0,13,0,13,0,13,0,13,0,13,19,30,19,23,72,46,101,60,98,67,106,64,81,47,127,60,84,46,38,29,12,15,0,13,0,13,0,13,6,10
1400000US48453002004,48453002004,"Census Tract 20.04, Travis County, Texas",1488,81,1488,81,0,13,0,13,0,13,34,54,10,16,9,13,0,13,0,13,12,16,8,12,0,13,0,13,45,38,57,55,47,50,240,102,317,113,344,98,224,69,102,59,39,44,0,13,0,13,0,13,0,13
1400000US48453002005,48453002005,"Census Tract 20.05, Travis County, Texas",1820,198,1797,195,0,18,0,18,0,18,0,18,0,18,0,18,13,22,33,39,0,18,81,84,42,67,13,22,61,79,86,89,0,18,144,101,237,138,597,171,229,116,261,132,0,18,0,18,0,18,0,18,23,37
1400000US48453002104,48453002104,"Census Tract 21.04, Travis County, Texas",526,99,526,99,0,13,0,13,0,13,0,13,0,13,0,13,0,13,0,13,0,13,0,13,0,13,14,22,0,13,50,51,0,13,131,84,83,58,54,45,93,69,90,48,1,5,10,16,0,13,0,13,0,13
1400000US48453002105,48453002105,"Census Tract 21.05, Travis County, Texas",1778,134,1778,134,0,18,23,36,0,18,18,20,0,18,18,26,12,19,0,18,32,34,0,18,18,20,78,51,130,74,109,68,192,95,445,137,223,76,283,107,90,56,103,67,4,6,0,18,0,18,0,18,0,18
1400000US48453002106,48453002106,"Census Tract 21.06, Travis County, Texas",388,106,380,106,0,13,0,13,6,11,38,35,0,13,23,36,0,13,0,13,38,51,7,12,15,25,25,39,0,13,8,12,0,13,40,56,78,54,30,38,10,16,52,31,10,16,0,13,0,13,0,13,8,13
1400000US48453002107,48453002107,"Census Tract 21.07, Travis County, Texas",959,113,943,118,35,43,0,13,7,12,20,28,0,13,0,13,0,13,22,35,0,13,23,33,10,16,25,39,86,65,56,56,75,66,99,62,82,44,185,76,118,66,89,72,11,18,0,13,0,13,0,13,16,18
1400000US48453002108,48453002108,"Census Tract 21.08, Travis County, Texas",786,91,786,91,0,13,0,13,0,13,28,44,0,13,18,28,0,13,0,13,0,13,29,33,64,56,12,21,58,53,80,71,68,57,125,81,100,63,105,64,28,26,64,45,7,11,0,13,0,13,0,13,0,13
1400000US48453002109,48453002109,"Census Tract 21.09, Travis County, Texas",742,129,727,130,0,13,0,13,9,13,0,13,0,13,0,13,9,14,0,13,46,51,4,7,48,62,6,10,34,55,96,72,51,44,58,47,57,51,110,80,59,35,140,77,0,13,0,13,0,13,0,13,15,20
1400000US48453002110,48453002110,"Census Tract 21.10, Travis County, Texas",570,116,543,119,0,13,0,13,9,13,0,13,0,13,7,13,0,13,0,13,8,13,22,35,38,47,0,13,0,13,26,30,11,17,19,31,71,54,220,93,55,30,57,41,0,13,0,13,0,13,0,13,27,33
1400000US48453002111,48453002111,"Census Tract 21.11, Travis County, Texas",865,130,833,132,0,18,6,9,32,32,0,18,0,18,31,38,21,32,14,20,108,80,78,55,21,33,14,22,8,12,40,45,15,16,23,20,175,84,73,55,64,47,98,68,12,20,0,18,0,18,0,18,32,28
1400000US48453002112,48453002112,"Census Tract 21.12, Travis County, Texas",1182,126,1148,128,0,18,0,18,0,18,8,12,19,29,0,18,0,18,0,18,0,18,32,29,38,44,63,45,88,69,139,77,71,52,159,83,93,62,295,94,97,55,46,49,0,18,0,18,0,18,0,18,34,36
1400000US48453002113,48453002113,"Census Tract 21.13, Travis County, Texas",512,96,496,95,0,13,0,13,0,13,0,13,0,13,0,13,21,35,0,13,16,18,24,37,12,18,20,32,10,15,0,13,0,13,137,81,22,33,66,51,68,53,84,59,16,25,0,13,0,13,0,13,16,18
1400000US48453002201,48453002201,"Census Tract 22.01, Travis County, Texas",238,48,231,48,0,13,0,13,0,13,0,13,0,13,0,13,0,13,0,13,0,13,5,9,0,13,0,13,0,13,0,13,0,13,31,28,34,25,64,29,77,36,20,23,0,13,0,13,0,13,0,13,7,10
1400000US48453002202,48453002202,"Census Tract 22.02, Travis County, Texas",1293,195,1293,195,0,18,0,18,0,18,0,18,0,18,0,18,0,18,0,18,0,18,52,60,0,18,0,18,0,18,0,18,42,67,206,103,298,123,555,187,140,105,0,18,0,18,0,18,0,18,0,18,0,18
1400000US48453002207,48453002207,"Census Tract 22.07, Travis County, Texas",689,220,609,210,0,18,0,18,0,18,0,18,0,18,0,18,0,18,0,18,0,18,0,18,1,4,14,22,0,18,0,18,0,18,80,88,54,70,126,105,296,132,17,24,21,38,0,18,0,18,0,18,80,56
1400000US48453002208,48453002208,"Census Tract 22.08, Travis County, Texas",641,124,641,124,0,18,0,18,0,18,0,18,0,18,0,18,0,18,0,18,0,18,20,32,35,36,40,43,0,18,58,53,32,39,60,50,53,42,53,49,142,82,144,68,4,7,0,18,0,18,0,18,0,18
1400000US48453002209,48453002209,"Census Tract 22.09, Travis County, Texas",632,206,632,206,0,18,0,18,0,18,0,18,0,18,20,32,0,18,0,18,0,18,0,18,0,18,12,20,67,100,0,18,17,29,53,83,0,18,125,105,282,176,56,56,0,18,0,18,0,18,0,18,0,18
1400000US48453002210,48453002210,"Census Tract 22.10, Travis County, Texas",216,78,179,71,0,13,0,13,0,13,0,13,23,35,0,13,0,13,0,13,0,13,20,31,0,13,0,13,11,16,0,13,35,41,1,3,30,36,54,47,5,9,0,13,0,13,0,13,0,13,0,13,37,26
1400000US48453002211,48453002211,"Census Tract 22.11, Travis County, Texas",217,65,217,65,0,13,0,13,0,13,0,13,0,13,0,13,18,28,0,13,0,13,0,13,11,14,0,13,0,13,0,13,15,25,19,19,29,30,3,6,103,56,19,20,0,13,0,13,0,13,0,13,0,13
1400000US48453002212,48453002212,"Census Tract 22.12, Travis County, Texas",31,24,31,24,0,13,0,13,0,13,0,13,0,13,0,13,0,13,0,13,0,13,0,13,0,13,0,13,0,13,0,13,0,13,10,13,0,13,0,13,4,6,17,21,0,13,0,13,0,13,0,13,0,13
1400000US48453002304,48453002304,"Census Tract 23.04, Travis County, Texas",1629,142,1575,146,8,13,0,13,0,13,0,13,0,13,0,13,0,13,0,13,0,13,0,13,0,13,59,54,103,56,84,54,21,26,177,79,193,80,198,75,288,96,230,73,138,103,17,26,59,48,0,13,54,56
1400000US48453002307,48453002307,"Census Tract 23.07, Travis County, Texas",2132,189,2112,190,0,18,0,18,45,72,52,82,0,18,0,18,14,23,0,18,0,18,0,18,0,18,32,49,26,32,41,40,195,109,335,142,440,183,607,176,223,124,39,45,63,64,0,18,0,18,0,18,20,32
1400000US48453002308,48453002308,"Census Tract 23.08, Travis County, Texas",2031,173,1984,171,10,16,56,65,15,23,17,26,29,33,17,26,15,22,12,22,0,18,15,24,15,25,51,68,9,13,85,82,32,35,148,83,180,91,473,146,360,112,324,143,121,95,0,18,0,18,0,18,47,44
1400000US48453002310,48453002310,"Census Tract 23.10, Travis County, Texas",464,80,459,80,0,13,0,13,0,13,23,25,0,13,0,13,0,13,19,20,0,13,16,25,0,13,30,29,10,15,34,33,45,36,30,29,115,51,111,52,26,26,0,13,0,13,0,13,0,13,0,13,5,7
1400000US48453002312,48453002312,"Census Tract 23.12, Travis County, Texas",1248,217,1123,190,0,18,0,18,15,24,0,18,0,18,0,18,0,18,16,28,0,18,0,18,82,97,4,13,30,49,28,44,126,90,69,74,169,95,257,113,202,131,103,72,22,35,0,18,0,18,0,18,125,116
1400000US48453002313,48453002313,"Census Tract 23.13, Travis County, Texas",1831,123,1823,123,0,13,19,30,0,13,0,13,14,25,0,13,0,13,29,34,0,13,0,13,8,12,15,23,72,46,43,33,148,64,398,119,399,120,431,104,99,55,131,88,17,26,0,13,0,13,0,13,8,13
1400000US48453002314,48453002314,"Census Tract 23.14, Travis County, Texas",2108,183,2072,183,0,18,0,18,0,18,0,18,0,18,27,41,0,18,0,18,31,52,18,29,0,18,30,39,75,80,179,109,199,104,154,88,352,126,483,170,379,136,145,103,0,18,0,18,0,18,0,18,36,49
1400000US48453002315,48453002315,"Census Tract 23.15, Travis County, Texas",1184,104,1153,107,0,13,0,13,0,13,0,13,0,13,0,13,0,13,0,13,0,13,30,35,30,31,90,52,61,46,84,63,47,40,146,68,230,88,295,89,86,49,54,39,0,13,0,13,0,13,0,13,31,41
1400000US48453002316,48453002316,"Census Tract 23.16, Travis County, Texas",2157,112,2144,112,38,48,0,18,0,18,14,23,50,44,0,18,21,23,32,36,0,18,0,18,102,53,101,65,160,76,121,79,89,51,308,109,385,110,536,134,120,66,32,38,35,40,0,18,0,18,0,18,13,21
1400000US48453002317,48453002317,"Census Tract 23.17, Travis County, Texas",1841,179,1836,175,0,18,0,18,0,18,0,18,0,18,0,18,0,18,0,18,21,25,228,109,218,105,239,107,134,76,36,34,6,11,154,76,129,86,95,68,266,131,209,101,101,61,0,18,0,18,0,18,5,12
1400000US48453002318,48453002318,"Census Tract 23.18, Travis County, Texas",2953,363,2900,385,0,18,0,18,22,35,0,18,0,18,0,18,157,124,204,143,133,121,0,18,199,148,291,165,153,102,0,18,62,73,302,161,194,142,449,266,202,140,532,225,0,18,0,18,0,18,0,18,53,84
1400000US48453002319,48453002319,"Census Tract 23.19, Travis County, Texas",0,13,0,13,0,13,0,13,0,13,0,13,0,13,0,13,0,13,0,13,0,13,0,13,0,13,0,13,0,13,0,13,0,13,0,13,0,13,0,13,0,13,0,13,0,13,0,13,0,13,0,13,0,13
1400000US48453002402,48453002402,"Census Tract 24.02, Travis County, Texas",2500,262,2428,272,0,18,0,18,0,18,15,26,0,18,13,20,0,18,0,18,65,100,27,45,0,18,60,97,0,18,0,18,70,90,125,83,292,143,864,253,713,220,184,110,0,18,0,18,0,18,0,18,72,73
1400000US48453002403,48453002403,"Census Tract 24.03, Travis County, Texas",376,101,372,100,0,13,0,13,0,13,0,13,0,13,0,13,0,13,0,13,0,13,0,13,0,13,0,13,9,13,0,13,6,9,45,44,37,44,41,35,59,49,115,65,60,50,0,13,0,13,0,13,4,7
1400000US48453002407,48453002407,"Census Tract 24.07, Travis County, Texas",828,153,812,153,0,18,0,18,0,18,0,18,31,50,0,18,0,18,13,22,0,18,0,18,0,18,15,25,0,18,0,18,0,18,2,3,181,133,261,133,131,102,178,122,0,18,0,18,0,18,0,18,16,20
1400000US48453002409,48453002409,"Census Tract 24.09, Travis County, Texas",574,95,556,94,0,13,0,13,0,13,0,13,0,13,0,13,0,13,12,18,0,13,0,13,0,13,0,13,0,13,22,27,16,29,22,20,0,13,146,80,156,93,182,89,0,13,0,13,0,13,0,13,18,23
1400000US48453002410,48453002410,"Census Tract 24.10, Travis County, Texas",1212,128,1189,122,0,13,0,13,8,13,0,13,9,14,9,13,11,16,9,13,16,18,0,13,9,15,0,13,28,45,34,37,49,45,140,69,234,96,311,106,253,102,61,50,0,13,8,13,0,13,0,13,23,35
1400000US48453002411,48453002411,"Census Tract 24.11, Travis County, Texas",1038,153,1038,153,0,18,0,18,0,18,0,18,0,18,0,18,11,15,0,18,0,18,0,18,11,17,0,18,13,19,38,38,17,26,166,89,72,62,413,127,227,108,70,56,0,18,0,18,0,18,0,18,0,18
1400000US48453002412,48453002412,"Census Tract 24.12, Travis County, Texas",516,105,516,105,0,18,0,18,0,18,0,18,0,18,0,18,0,18,0,18,0,18,10,14,28,36,0,18,0,18,8,14,0,18,32,36,39,41,193,71,151,69,35,28,20,33,0,18,0,18,0,18,0,18
1400000US48453002413,48453002413,"Census Tract 24.13, Travis County, Texas",911,100,902,97,0,18,0,18,0,18,0,18,0,18,0,18,10,9,0,18,27,41,0,18,25,42,24,41,22,36,26,43,24,34,68,55,185,87,392,131,59,61,40,29,0,18,0,18,0,18,0,18,9,15
1400000US48453002419,48453002419,"Census Tract 24.19, Travis County, Texas",1808,103,1798,104,19,29,18,30,0,13,0,13,0,13,0,13,0,13,0,13,0,13,9,14,15,23,0,13,0,13,73,44,128,75,390,112,403,116,632,145,111,64,0,13,0,13,0,13,0,13,0,13,10,16
1400000US48453002421,48453002421,"Census Tract 24.21, Travis County, Texas",2376,199,2359,194,0,18,0,18,17,27,0,18,0,18,0,18,0,18,0,18,0,18,53,85,0,18,0,18,51,80,30,49,19,30,129,102,174,98,729,214,637,186,520,197,0,18,0,18,0,18,0,18,17,30
1400000US48453002422,48453002422,"Census Tract 24.22, Travis County, Texas",1495,181,1445,175,0,18,0,18,0,18,0,18,0,18,0,18,0,18,28,48,49,78,0,18,0,18,0,18,136,106,62,85,65,54,93,91,425,184,245,138,136,94,193,115,13,23,0,18,0,18,0,18,50,53
1400000US48453002423,48453002423,"Census Tract 24.23, Travis County, Texas",843,197,843,197,0,18,0,18,0,18,0,18,0,18,0,18,0,18,0,18,0,18,0,18,43,66,0,18,0,18,0,18,0,18,16,27,43,74,347,171,62,64,332,157,0,18,0,18,0,18,0,18,0,18
1400000US48453002424,48453002424,"Census Tract 24.24, Travis County, Texas",701,124,674,128,25,30,0,13,0,13,6,12,0,13,0,13,17,20,0,13,0,13,28,41,0,13,12,18,11,19,15,22,62,49,34,24,56,47,212,86,116,76,80,60,0,13,0,13,0,13,0,13,27,25
1400000US48453002425,48453002425,"Census Tract 24.25, Travis County, Texas",357,91,357,91,0,13,0,13,0,13,0,13,0,13,0,13,0,13,0,13,0,13,0,13,0,13,0,13,0,13,0,13,0,13,4,6,104,57,48,37,80,46,73,45,12,15,36,43,0,13,0,13,0,13
1400000US48453002426,48453002426,"Census Tract 24.26, Travis County, Texas",720,273,695,270,0,20,0,20,0,20,0,20,0,20,0,20,0,20,0,20,0,20,0,20,0,20,0,20,0,20,0,20,69,107,0,20,0,20,100,117,173,132,330,191,23,36,0,20,0,20,0,20,25,42
1400000US48453002427,48453002427,"Census Tract 24.27, Travis County, Texas",1137,180,1058,186,0,18,0,18,0,18,0,18,0,18,0,18,0,18,0,18,0,18,0,18,0,18,0,18,0,18,14,23,0,18,108,80,148,108,637,164,95,91,56,54,0,18,0,18,0,18,0,18,79,80
1400000US48453002428,48453002428,"Census Tract 24.28, Travis County, Texas",1208,192,1208,192,0,18,0,18,0,18,0,18,0,18,0,18,0,18,0,18,0,18,0,18,0,18,0,18,0,18,23,36,0,18,15,25,226,132,429,172,318,146,168,90,29,47,0,18,0,18,0,18,0,18
1400000US48453002429,48453002429,"Census Tract 24.29, Travis County, Texas",571,75,571,75,0,13,0,13,0,13,0,13,0,13,0,13,0,13,0,13,0,13,0,13,0,13,0,13,29,29,0,13,0,13,31,30,58,48,245,88,99,52,90,51,19,18,0,13,0,13,0,13,0,13
1400000US48453002430,48453002430,"Census Tract 24.30, Travis County, Texas",211,86,211,86,0,13,0,13,0,13,0,13,0,13,0,13,0,13,0,13,39,48,0,13,0,13,0,13,0,13,27,30,0,13,6,12,20,27,68,60,44,43,7,15,0,13,0,13,0,13,0,13,0,13
1400000US48453002431,48453002431,"Census Tract 24.31, Travis County, Texas",705,191,645,191,0,18,0,18,0,18,0,18,0,18,0,18,0,18,29,47,0,18,0,18,0,18,0,18,0,18,15,23,9,15,116,94,138,119,123,87,51,78,164,98,0,18,0,18,0,18,0,18,60,56
1400000US48453002432,48453002432,"Census Tract 24.32, Travis County, Texas",147,51,134,49,0,13,0,13,0,13,12,18,2,3,0,13,0,13,4,7,0,13,1,3,9,14,6,10,4,7,0,13,0,13,4,6,21,30,40,30,27,29,0,13,4,7,0,13,0,13,0,13,13,14
1400000US48453002433,48453002433,"Census Tract 24.33, Travis County, Texas",417,150,388,145,0,18,0,18,0,18,0,18,12,22,0,18,0,18,0,18,11,19,0,18,0,18,23,35,0,18,8,13,0,18,6,10,7,11,50,56,110,91,161,94,0,18,0,18,0,18,0,18,29,39
1400000US48453002434,48453002434,"Census Tract 24.34, Travis County, Texas",177,43,150,42,0,13,0,13,0,13,0,13,0,13,0,13,0,13,0,13,0,13,0,13,0,13,0,13,0,13,1,3,3,5,48,32,40,27,26,22,31,24,1,2,0,13,0,13,0,13,0,13,27,18
1400000US48453002435,48453002435,"Census Tract 24.35, Travis County, Texas",406,176,406,176,0,18,0,18,0,18,0,18,0,18,0,18,0,18,0,18,0,18,0,18,0,18,0,18,51,60,0,18,0,18,90,98,41,62,24,31,82,83,89,101,0,18,29,53,0,18,0,18,0,18
1400000US48453002436,48453002436,"Census Tract 24.36, Travis County, Texas",219,59,173,57,0,13,0,13,0,13,0,13,4,9,0,13,0,13,12,10,6,9,0,13,0,13,18,29,0,13,0,13,0,13,32,26,49,39,20,24,13,21,19,28,0,13,0,13,0,13,0,13,46,37
1400000US48453002500,48453002500,"Census Tract 25, Travis County, Texas",1674,198,1674,198,0,18,0,18,0,18,15,25,0,18,0,18,0,18,0,18,0,18,0,18,11,19,17,29,0,18,20,32,89,100,54,44,179,81,521,177,261,129,374,161,43,49,0,18,36,39,54,50,0,18
1400000US48453980000,48453980000,"Census Tract 9800, Travis County, Texas",0,13,0,13,0,13,0,13,0,13,0,13,0,13,0,13,0,13,0,13,0,13,0,13,0,13,0,13,0,13,0,13,0,13,0,13,0,13,0,13,0,13,0,13,0,13,0,13,0,13,0,13,0,13
1400000US48491020105,48491020105,"Census Tract 201.05, Williamson County, Texas",213,85,194,85,0,18,0,18,0,18,0,18,0,18,0,18,0,18,0,18,0,18,0,18,0,18,0,18,0,18,0,18,0,18,10,17,0,18,39,37,46,43,94,61,0,18,5,17,0,18,0,18,19,29
1400000US48491020106,48491020106,"Census Tract 201.06, Williamson County, Texas",85,67,76,65,0,13,0,13,0,13,0,13,0,13,0,13,0,13,0,13,0,13,0,13,0,13,0,13,0,13,0,13,0,13,0,13,0,13,8,12,0,13,46,59,22,24,0,13,0,13,0,13,9,13
1400000US48491020107,48491020107,"Census Tract 201.07, Williamson County, Texas",285,123,256,124,0,18,0,18,0,18,0,18,0,18,16,25,0,18,0,18,0,18,0,18,0,18,0,18,0,18,0,18,0,18,18,29,0,18,15,24,15,25,174,112,18,30,0,18,0,18,0,18,29,34
1400000US48491020108,48491020108,"Census Tract 201.08, Williamson County, Texas",315,93,298,91,0,13,0,13,0,13,0,13,0,13,0,13,0,13,0,13,0,13,0,13,0,13,4,8,0,13,19,22,0,13,0,13,55,79,12,18,30,30,23,28,18,20,16,26,23,24,98,63,17,20
1400000US48491020109,48491020109,"Census Tract 201.09, Williamson County, Texas",91,61,91,61,0,13,0,13,0,13,0,13,0,13,0,13,0,13,0,13,0,13,0,13,0,13,0,13,0,13,0,13,0,13,0,13,0,13,0,13,20,30,71,63,0,13,0,13,0,13,0,13,0,13
1400000US48491020110,48491020110,"Census Tract 201.10, Williamson County, Texas",221,86,213,84,0,13,0,13,9,14,41,62,0,13,0,13,0,13,12,20,0,13,0,13,21,24,0,13,10,15,0,13,67,64,0,13,10,16,29,17,0,13,0,13,14,21,0,13,0,13,0,13,8,12
1400000US48491020111,48491020111,"Census Tract 201.11, Williamson County, Texas",377,101,335,96,0,13,0,13,0,13,0,13,0,13,0,13,0,13,0,13,0,13,0,13,0,13,0,13,0,13,0,13,20,22,36,43,108,75,71,56,38,36,54,54,0,13,0,13,8,12,0,13,42,52
1400000US48491020112,48491020112,"Census Tract 201.12, Williamson County, Texas",80,64,68,60,0,13,0,13,0,13,0,13,0,13,0,13,9,13,0,13,0,13,0,13,0,13,0,13,0,13,0,13,0,13,0,13,0,13,8,14,0,13,51,57,0,13,0,13,0,13,0,13,12,19
1400000US48491020113,48491020113,"Census Tract 201.13, Williamson County, Texas",434,101,434,101,0,13,0,13,0,13,12,18,9,14,0,13,0,13,0,13,0,13,22,24,9,14,24,22,18,21,22,21,5,9,66,49,60,38,72,40,16,19,99,52,0,13,0,13,0,13,0,13,0,13
1400000US48491020114,48491020114,"Census Tract 201.14, Williamson County, Texas",1270,145,1179,161,0,18,0,18,0,18,7,11,30,29,0,18,0,18,0,18,0,18,0,18,50,61,0,18,18,28,25,28,108,51,188,89,212,107,391,114,100,61,50,39,0,18,0,18,0,18,0,18,91,66
1400000US48491020115,48491020115,"Census Tract 201.15, Williamson County, Texas",124,58,124,58,0,13,0,13,0,13,0,13,0,13,0,13,0,13,0,13,0,13,0,13,0,13,0,13,0,13,0,13,0,13,0,13,0,13,0,13,0,13,78,46,46,40,0,13,0,13,0,13,0,13
1400000US48491020201,48491020201,"Census Tract 202.01, Williamson County, Texas",199,61,177,53,0,13,0,13,7,10,0,13,0,13,0,13,0,13,0,13,10,11,0,13,14,15,12,15,44,25,15,22,5,9,17,24,2,4,35,28,16,15,0,13,0,13,0,13,0,13,0,13,22,26
1400000US48491020202,48491020202,"Census Tract 202.02, Williamson County, Texas",239,136,204,131,0,18,0,18,0,18,0,18,0,18,63,98,0,18,0,18,0,18,0,18,0,18,9,14,0,18,0,18,0,18,29,46,45,53,19,30,9,14,30,35,0,18,0,18,0,18,0,18,35,35
1400000US48491020203,48491020203,"Census Tract 202.03, Williamson County, Texas",41,33,34,32,0,13,0,13,0,13,0,13,0,13,0,13,0,13,0,13,0,13,0,13,0,13,0,13,0,13,0,13,0,13,0,13,10,16,14,22,0,13,10,15,0,13,0,13,0,13,0,13,7,11
1400000US48491020204,48491020204,"Census Tract 202.04, Williamson County, Texas",234,103,213,95,0,13,0,13,0,13,0,13,0,13,9,15,0,13,0,13,0,13,0,13,26,42,0,13,0,13,17,26,0,13,37,39,68,66,5,8,41,47,10,17,0,13,0,13,0,13,0,13,21,26
1400000US48491020301,48491020301,"Census Tract 203.01, Williamson County, Texas",271,91,263,91,0,18,4,6,0,18,0,18,0,18,0,18,0,18,0,18,0,18,3,4,19,28,0,18,4,6,6,8,10,16,37,28,9,11,44,32,39,36,88,56,0,18,0,18,0,18,0,18,8,7
1400000US48491020302,48491020302,"Census Tract 203.02, Williamson County, Texas",235,77,213,76,0,13,0,13,0,13,0,13,0,13,0,13,0,13,0,13,0,13,0,13,0,13,0,13,0,13,8,13,0,13,44,33,11,16,54,41,32,33,64,43,0,13,0,13,0,13,0,13,22,25
1400000US48491020310,48491020310,"Census Tract 203.10, Williamson County, Texas",158,73,158,73,0,13,0,13,0,13,0,13,0,13,0,13,0,13,0,13,0,13,0,13,0,13,0,13,0,13,0,13,12,19,37,38,31,29,64,60,0,13,14,20,0,13,0,13,0,13,0,13,0,13
1400000US48491020311,48491020311,"Census Tract 203.11, Williamson County, Texas",992,166,992,166,0,13,0,13,0,13,0,13,0,13,0,13,0,13,0,13,0,13,0,13,0,13,11,19,0,13,0,13,25,37,11,19,110,78,364,109,194,82,226,95,35,30,0,13,0,13,16,27,0,13
1400000US48491020312,48491020312,"Census Tract 203.12, Williamson County, Texas",726,234,726,234,0,18,0,18,0,18,0,18,0,18,0,18,0,18,0,18,0,18,13,21,0,18,0,18,25,48,0,18,0,18,24,38,166,142,25,32,141,119,332,177,0,18,0,18,0,18,0,18,0,18
1400000US48491020313,48491020313,"Census Tract 203.13, Williamson County, Texas",1133,165,1113,174,0,20,0,20,0,20,0,20,0,20,0,20,0,20,0,20,0,20,0,20,0,20,0,20,0,20,0,20,51,40,122,101,159,92,280,138,141,103,226,99,134,104,0,20,0,20,0,20,20,34
1400000US48491020314,48491020314,"Census Tract 203.14, Williamson County, Texas",341,133,336,134,0,18,0,18,0,18,0,18,0,18,0,18,0,18,0,18,0,18,0,18,0,18,0,18,0,18,0,18,0,18,0,18,0,18,74,78,73,57,189,82,0,18,0,18,0,18,0,18,5,9
1400000US48491020315,48491020315,"Census Tract 203.15, Williamson County, Texas",795,163,795,163,0,18,0,18,0,18,0,18,0,18,0,18,0,18,0,18,0,18,0,18,0,18,0,18,0,18,7,12,0,18,103,91,90,53,193,97,164,80,106,65,71,50,32,36,29,40,0,18,0,18
1400000US48491020316,48491020316,"Census Tract 203.16, Williamson County, Texas",811,130,811,130,0,13,0,13,0,13,0,13,0,13,0,13,0,13,0,13,0,13,0,13,0,13,0,13,0,13,0,13,24,32,50,39,152,93,244,94,269,116,65,40,7,11,0,13,0,13,0,13,0,13
1400000US48491020317,48491020317,"Census Tract 203.17, Williamson County, Texas",628,142,620,143,0,13,0,13,0,13,0,13,0,13,0,13,0,13,0,13,0,13,5,11,0,13,0,13,0,13,0,13,13,19,65,43,94,73,188,89,107,50,107,56,32,35,9,15,0,13,0,13,8,11
1400000US48491020318,48491020318,"Census Tract 203.18, Williamson County, Texas",1023,201,962,191,0,18,0,18,0,18,0,18,0,18,0,18,0,18,0,18,0,18,0,18,0,18,0,18,60,72,0,18,84,83,141,111,236,120,118,68,100,60,171,89,52,51,0,18,0,18,0,18,61,72
1400000US48491020319,48491020319,"Census Tract 203.19, Williamson County, Texas",386,110,381,109,0,18,0,18,0,18,0,18,0,18,0,18,0,18,0,18,0,18,0,18,0,18,0,18,0,18,0,18,0,18,0,18,0,18,61,42,17,17,239,82,64,71,0,18,0,18,0,18,5,10
1400000US48491020320,48491020320,"Census Tract 203.20, Williamson County, Texas",358,140,358,140,0,18,0,18,0,18,0,18,0,18,0,18,0,18,0,18,0,18,0,18,0,18,0,18,0,18,0,18,0,18,0,18,0,18,32,43,45,47,209,100,72,73,0,18,0,18,0,18,0,18
1400000US48491020321,48491020321,"Census Tract 203.21, Williamson County, Texas",100,41,87,41,0,13,0,13,5,8,0,13,0,13,0,13,7,10,5,9,0,13,0,13,6,10,0,13,0,13,0,13,0,13,0,13,10,14,5,7,31,21,18,28,0,13,0,13,0,13,0,13,13,14
1400000US48491020322,48491020322,"Census Tract 203.22, Williamson County, Texas",1022,188,907,185,0,18,0,18,0,18,0,18,14,22,0,18,0,18,0,18,0,18,0,18,0,18,0,18,0,18,0,18,61,66,132,105,108,88,309,133,120,87,143,117,0,18,20,32,0,18,0,18,115,108
1400000US48491020323,48491020323,"Census Tract 203.23, Williamson County, Texas",400,82,400,82,0,13,0,13,0,13,0,13,0,13,0,13,0,13,0,13,0,13,0,13,0,13,0,13,0,13,0,13,7,10,32,36,19,16,111,51,61,27,163,52,7,11,0,13,0,13,0,13,0,13
1400000US48491020324,48491020324,"Census Tract 203.24, Williamson County, Texas",258,113,244,113,0,18,0,18,0,18,0,18,0,18,0,18,0,18,0,18,0,18,0,18,0,18,0,18,0,18,0,18,0,18,20,32,0,18,38,44,9,15,93,71,72,72,12,19,0,18,0,18,14,22
1400000US48491020325,48491020325,"Census Tract 203.25, Williamson County, Texas",300,74,300,74,0,13,0,13,0,13,0,13,0,13,0,13,0,13,0,13,0,13,0,13,0,13,0,13,19,21,0,13,5,8,71,52,26,18,93,56,26,23,55,37,5,7,0,13,0,13,0,13,0,13
1400000US48491020326,48491020326,"Census Tract 203.26, Williamson County, Texas",188,77,140,63,0,18,0,18,0,18,0,18,0,18,0,18,0,18,0,18,0,18,0,18,0,18,0,18,0,18,0,18,0,18,0,18,0,18,28,32,13,22,42,27,57,47,0,18,0,18,0,18,48,55
1400000US48491020327,48491020327,"Census Tract 203.27, Williamson County, Texas",151,56,129,49,0,13,0,13,0,13,0,13,0,13,0,13,0,13,0,13,0,13,0,13,0,13,7,10,6,9,5,9,8,12,8,13,0,13,43,36,18,18,34,21,0,13,0,13,0,13,0,13,22,20
1400000US48491020328,48491020328,"Census Tract 203.28, Williamson County, Texas",793,175,783,175,0,18,0,18,0,18,0,18,12,20,0,18,0,18,0,18,16,27,0,18,0,18,0,18,28,32,45,42,26,21,39,39,27,30,39,46,227,124,272,127,35,41,0,18,5,12,12,20,10,17
1400000US48491020403,48491020403,"Census Tract 204.03, Williamson County, Texas",317,65,317,65,0,13,0,13,0,13,0,13,0,13,0,13,0,13,0,13,0,13,0,13,0,13,0,13,0,13,5,8,12,18,63,46,35,34,114,52,35,31,18,17,35,28,0,13,0,13,0,13,0,13
1400000US48491020404,48491020404,"Census Tract 204.04, Williamson County, Texas",291,85,280,84,0,13,0,13,0,13,0,13,0,13,0,13,0,13,0,13,0,13,0,13,0,13,0,13,0,13,0,13,0,13,0,13,11,19,66,43,85,76,107,62,11,17,0,13,0,13,0,13,11,17
1400000US48491020405,48491020405,"Census Tract 204.05, Williamson County, Texas",1574,185,1574,185,0,18,0,18,0,18,0,18,0,18,0,18,0,18,0,18,0,18,0,18,13,21,0,18,0,18,103,107,34,41,90,52,462,141,481,144,133,81,258,117,0,18,0,18,0,18,0,18,0,18
1400000US48491020406,48491020406,"Census Tract 204.06, Williamson County, Texas",2797,250,2788,253,0,18,0,18,0,18,0,18,0,18,0,18,0,18,0,18,0,18,0,18,19,30,0,18,103,114,52,48,82,80,297,113,579,226,934,266,464,184,235,194,23,26,0,18,0,18,0,18,9,16
1400000US48491020408,48491020408,"Census Tract 204.08, Williamson County, Texas",1038,177,1038,177,0,18,0,18,0,18,18,31,0,18,0,18,0,18,0,18,0,18,17,27,0,18,25,22,0,18,30,35,64,53,175,132,43,37,329,138,138,89,199,147,0,18,0,18,0,18,0,18,0,18
1400000US48491020409,48491020409,"Census Tract 204.09, Williamson County, Texas",1443,205,1443,205,0,18,0,18,0,18,0,18,0,18,0,18,0,18,0,18,0,18,0,18,0,18,15,26,0,18,11,18,0,18,82,87,258,143,448,187,337,130,179,86,113,102,0,18,0,18,0,18,0,18
1400000US48491020410,48491020410,"Census Tract 204.10, Williamson County, Texas",1271,186,1237,186,0,18,0,18,0,18,26,40,0,18,0,18,0,18,0,18,0,18,0,18,0,18,0,18,17,29,0,18,186,128,293,134,202,109,45,40,223,98,130,111,115,102,0,18,0,18,0,18,34,39
1400000US48491020411,48491020411,"Census Tract 204.11, Williamson County, Texas",503,148,503,148,0,18,0,18,0,18,0,18,0,18,0,18,0,18,0,18,0,18,0,18,0,18,0,18,0,18,35,43,0,18,15,24,58,49,76,52,71,90,206,98,25,30,17,27,0,18,0,18,0,18
1400000US48491020503,48491020503,"Census Tract 205.03, Williamson County, Texas",164,77,156,80,0,18,0,18,0,18,0,18,0,18,34,52,0,18,0,18,0,18,0,18,9,13,0,18,0,18,0,18,8,14,8,13,8,13,30,33,14,22,29,33,16,19,0,18,0,18,0,18,8,13
1400000US48491020504,48491020504,"Census Tract 205.04, Williamson County, Texas",2557,233,2549,234,58,88,0,18,0,18,0,18,0,18,0,18,0,18,0,18,0,18,68,83,0,18,25,30,29,33,34,53,65,54,412,159,483,210,924,215,316,114,135,99,0,18,0,18,0,18,0,18,8,14
1400000US48491020505,48491020505,"Census Tract 205.05, Williamson County, Texas",55,33,55,33,0,13,0,13,0,13,0,13,0,13,0,13,0,13,0,13,0,13,0,13,0,13,0,13,0,13,0,13,0,13,0,13,0,13,0,13,9,12,26,21,20,23,0,13,0,13,0,13,0,13
1400000US48491020506,48491020506,"Census Tract 205.06, Williamson County, Texas",596,168,587,167,0,18,0,18,0,18,0,18,0,18,0,18,0,18,0,18,0,18,0,18,0,18,0,18,11,18,0,18,0,18,0,18,41,48,175,107,107,68,185,94,34,39,19,28,15,23,0,18,9,13
1400000US48491020507,48491020507,"Census Tract 205.07, Williamson County, Texas",328,102,328,102,0,13,0,13,0,13,0,13,0,13,0,13,0,13,0,13,0,13,0,13,0,13,0,13,0,13,0,13,0,13,0,13,28,28,177,121,19,20,99,53,5,13,0,13,0,13,0,13,0,13
1400000US48491020508,48491020508,"Census Tract 205.08, Williamson County, Texas",1501,214,1501,214,0,13,0,13,0,13,0,13,0,13,0,13,0,13,0,13,0,13,0,13,0,13,0,13,16,27,0,13,15,25,205,149,344,149,357,140,381,142,146,119,37,42,0,13,0,13,0,13,0,13
1400000US48491020509,48491020509,"Census Tract 205.09, Williamson County, Texas",153,81,153,81,0,18,0,18,0,18,0,18,0,18,0,18,0,18,0,18,0,18,0,18,0,18,0,18,0,18,0,18,0,18,0,18,13,20,25,28,41,41,0,18,74,65,0,18,0,18,0,18,0,18
1400000US48491020510,48491020510,"Census Tract 205.10, Williamson County, Texas",793,149,793,149,0,20,0,20,0,20,0,20,0,20,0,20,0,20,0,20,0,20,0,20,0,20,0,20,14,23,0,20,14,21,15,25,128,91,323,139,104,84,128,86,52,49,15,23,0,20,0,20,0,20
1400000US48491020602,48491020602,"Census Tract 206.02, Williamson County, Texas",484,109,484,109,0,18,25,40,0,18,0,18,0,18,0,18,0,18,0,18,7,11,0,18,0,18,21,34,53,50,23,38,0,18,79,57,41,56,92,62,88,61,43,35,12,20,0,18,0,18,0,18,0,18
1400000US48491020603,48491020603,"Census Tract 206.03, Williamson County, Texas",80,55,29,25,0,20,0,20,0,20,0,20,0,20,0,20,0,20,0,20,0,20,0,20,0,20,0,20,0,20,0,20,0,20,0,20,0,20,0,20,0,20,0,20,29,25,0,20,0,20,0,20,51,49
1400000US48491020604,48491020604,"Census Tract 206.04, Williamson County, Texas",444,111,444,111,0,18,0,18,0,18,0,18,0,18,0,18,0,18,0,18,0,18,0,18,0,18,30,34,0,18,0,18,7,12,60,42,85,59,159,79,49,50,43,42,11,18,0,18,0,18,0,18,0,18
1400000US48491020605,48491020605,"Census Tract 206.05, Williamson County, Texas",289,134,289,134,0,18,0,18,0,18,0,18,0,18,0,18,0,18,0,18,0,18,0,18,0,18,0,18,0,18,0,18,0,18,0,18,5,13,0,18,16,27,205,118,47,45,0,18,0,18,16,27,0,18
1400000US48491020701,48491020701,"Census Tract 207.01, Williamson County, Texas",577,71,562,70,0,13,0,13,8,12,4,7,0,13,0,13,0,13,0,13,0,13,10,14,13,14,16,15,44,35,63,37,55,43,148,50,107,53,54,39,40,35,0,13,0,13,0,13,0,13,0,13,15,13
1400000US48491020703,48491020703,"Census Tract 207.03, Williamson County, Texas",1814,264,1756,261,0,20,0,20,0,20,0,20,0,20,0,20,14,23,0,20,0,20,0,20,0,20,13,21,14,22,0,20,41,64,63,52,64,53,785,221,366,165,311,150,60,92,12,20,0,20,13,21,58,49
1400000US48491020704,48491020704,"Census Tract 207.04, Williamson County, Texas",1219,168,1219,168,0,18,0,18,0,18,35,21,0,18,12,19,0,18,0,18,24,41,0,18,0,18,63,84,16,25,94,78,41,33,135,108,196,124,317,145,212,143,74,58,0,18,0,18,0,18,0,18,0,18
1400000US48491020706,48491020706,"Census Tract 207.06, Williamson County, Texas",35,31,19,22,0,13,0,13,0,13,0,13,0,13,0,13,0,13,0,13,0,13,0,13,0,13,0,13,0,13,0,13,0,13,0,13,0,13,0,13,0,13,9,15,0,13,10,16,0,13,0,13,16,22
1400000US48491020707,48491020707,"Census Tract 207.07, Williamson County, Texas",633,109,611,112,0,18,0,18,0,18,0,18,0,18,0,18,0,18,0,18,0,18,7,11,0,18,0,18,0,18,6,16,74,53,72,53,39,42,239,105,83,56,91,52,0,18,0,18,0,18,0,18,22,29
1400000US48491020708,48491020708,"Census Tract 207.08, Williamson County, Texas",298,125,298,125,0,18,0,18,0,18,0,18,0,18,0,18,0,18,0,18,0,18,0,18,0,18,0,18,0,18,0,18,0,18,0,18,0,18,0,18,44,69,196,90,40,39,18,28,0,18,0,18,0,18
1400000US48491020803,48491020803,"Census Tract 208.03, Williamson County, Texas",384,106,366,107,0,13,0,13,0,13,0,13,53,84,0,13,0,13,0,13,0,13,0,13,0,13,0,13,0,13,0,13,0,13,31,31,8,12,29,31,56,37,189,98,0,13,0,13,0,13,0,13,18,21
1400000US48491020804,48491020804,"Census Tract 208.04, Williamson County, Texas",919,238,889,234,0,20,0,20,0,20,0,20,0,20,0,20,0,20,0,20,0,20,0,20,0,20,0,20,0,20,0,20,15,24,81,60,72,85,239,141,186,118,146,113,84,88,27,32,0,20,39,58,30,37
1400000US48491020805,48491020805,"Census Tract 208.05, Williamson County, Texas",350,174,350,174,0,18,0,18,0,18,0,18,0,18,0,18,36,36,0,18,44,74,0,18,0,18,0,18,0,18,0,18,25,38,120,135,44,70,41,48,34,44,6,12,0,18,0,18,0,18,0,18,0,18
1400000US48491020806,48491020806,"Census Tract 208.06, Williamson County, Texas",109,46,109,46,0,13,0,13,0,13,0,13,0,13,0,13,0,13,0,13,0,13,0,13,0,13,4,8,0,13,0,13,19,31,0,13,5,8,0,13,36,25,45,46,0,13,0,13,0,13,0,13,0,13
1400000US48491020807,48491020807,"Census Tract 208.07, Williamson County, Texas",332,132,311,127,0,18,0,18,0,18,0,18,0,18,0,18,0,18,13,22,0,18,0,18,0,18,0,18,0,18,0,18,0,18,0,18,22,33,9,18,113,90,137,82,17,26,0,18,0,18,0,18,21,31
1400000US48491020808,48491020808,"Census Tract 208.08, Williamson County, Texas",199,65,193,64,0,13,0,13,4,8,0,13,14,16,0,13,0,13,5,7,0,13,0,13,0,13,29,30,0,13,14,24,36,36,14,15,5,8,57,45,15,26,0,13,0,13,0,13,0,13,0,13,6,9
1400000US48491020809,48491020809,"Census Tract 208.09, Williamson County, Texas",236,104,236,104,0,18,0,18,0,18,0,18,0,18,0,18,0,18,0,18,0,18,0,18,0,18,0,18,0,18,42,69,0,18,23,32,12,19,43,46,45,35,71,59,0,18,0,18,0,18,0,18,0,18
1400000US48491020900,48491020900,"Census Tract 209, Williamson County, Texas",261,68,220,70,0,13,0,13,0,13,0,13,0,13,0,13,2,4,0,13,0,13,5,8,12,12,12,17,8,9,6,8,8,12,54,54,41,24,23,25,49,26,0,13,0,13,0,13,0,13,0,13,41,27
1400000US48491021000,48491021000,"Census Tract 210, Williamson County, Texas",383,88,356,86,0,13,0,13,28,27,0,13,8,7,0,13,10,10,14,17,0,13,60,49,16,18,9,15,21,26,36,30,6,9,31,22,32,28,70,44,6,9,9,10,0,13,0,13,0,13,0,13,27,27
1400000US48491021100,48491021100,"Census Tract 211, Williamson County, Texas",495,79,435,82,0,13,0,13,0,13,0,13,0,13,0,13,8,8,6,9,3,6,0,13,12,17,15,24,6,8,4,8,23,26,87,58,104,57,134,64,33,39,0,13,0,13,0,13,0,13,0,13,60,48
1400000US48491021201,48491021201,"Census Tract 212.01, Williamson County, Texas",236,85,216,81,0,13,0,13,0,13,0,13,0,13,0,13,0,13,0,13,10,15,0,13,0,13,27,39,0,13,32,39,0,13,26,37,8,14,78,46,24,28,11,14,0,13,0,13,0,13,0,13,20,23
1400000US48491021202,48491021202,"Census Tract 212.02, Williamson County, Texas",428,109,428,109,0,13,0,13,0,13,0,13,0,13,0,13,20,23,0,13,31,36,10,15,13,21,87,78,26,37,28,35,39,58,10,16,21,23,112,59,31,32,0,13,0,13,0,13,0,13,0,13,0,13
1400000US48491021203,48491021203,"Census Tract 212.03, Williamson County, Texas",664,124,664,124,0,13,0,13,0,13,0,13,0,13,0,13,0,13,9,14,25,40,0,13,0,13,111,71,30,40,82,61,36,36,139,78,68,56,91,89,73,74,0,13,0,13,0,13,0,13,0,13,0,13
1400000US48491021300,48491021300,"Census Tract 213, Williamson County, Texas",269,73,213,62,0,13,0,13,6,11,7,9,12,14,4,5,3,5,25,23,4,5,3,5,36,24,8,9,5,9,11,13,20,22,20,17,14,16,15,15,20,20,0,13,0,13,0,13,0,13,0,13,56,30
1400000US48491021401,48491021401,"Census Tract 214.01, Williamson County, Texas",578,164,530,157,0,20,0,20,0,20,0,20,0,20,0,20,0,20,0,20,0,20,0,20,0,20,0,20,15,24,0,20,36,51,121,129,87,106,61,66,11,18,188,87,0,20,0,20,0,20,11,17,48,45
1400000US48491021402,48491021402,"Census Tract 214.02, Williamson County, Texas",1322,155,1302,158,42,49,0,13,0,13,78,55,27,33,33,32,24,25,0,13,12,20,10,16,68,57,23,36,45,43,36,49,70,40,214,88,81,62,301,127,163,87,75,47,0,13,0,13,0,13,0,13,20,21
1400000US48491021403,48491021403,"Census Tract 214.03, Williamson County, Texas",559,134,546,134,0,13,0,13,0,13,0,13,0,13,0,13,0,13,0,13,0,13,0,13,14,25,83,88,0,13,52,64,34,54,90,62,91,62,48,39,53,50,68,63,0,13,13,20,0,13,0,13,13,22
1400000US48491021502,48491021502,"Census Tract 215.02, Williamson County, Texas",919,140,909,136,0,18,0,18,0,18,0,18,0,18,0,18,0,18,0,18,0,18,0,18,0,18,0,18,0,18,0,18,20,31,85,70,108,56,363,98,260,124,73,71,0,18,0,18,0,18,0,18,10,12
1400000US48491021503,48491021503,"Census Tract 215.03, Williamson County, Texas",1202,144,1176,143,0,13,0,13,0,13,0,13,0,13,0,13,0,13,0,13,0,13,6,11,0,13,62,70,101,86,86,71,133,85,211,98,162,105,299,130,41,42,75,69,0,13,0,13,0,13,0,13,26,26
1400000US48491021504,48491021504,"Census Tract 215.04, Williamson County, Texas",723,157,660,157,0,18,0,18,0,18,0,18,0,18,0,18,0,18,0,18,0,18,0,18,0,18,0,18,0,18,0,18,30,41,0,18,81,60,128,77,223,114,89,64,73,60,36,39,0,18,0,18,63,88
1400000US48491021505,48491021505,"Census Tract 215.05, Williamson County, Texas",1048,229,1024,226,0,18,0,18,0,18,0,18,0,18,0,18,0,18,0,18,0,18,0,18,0,18,0,18,0,18,52,65,163,94,128,93,193,175,191,102,155,92,124,77,18,29,0,18,0,18,0,18,24,39
1400000US48491021506,48491021506,"Census Tract 215.06, Williamson County, Texas",167,54,162,52,0,13,0,13,0,13,0,13,0,13,0,13,0,13,0,13,0,13,0,13,0,13,0,13,0,13,0,13,0,13,0,13,0,13,11,12,30,21,87,41,10,9,0,13,24,36,0,13,5,9
1400000US48491021507,48491021507,"Census Tract 215.07, Williamson County, Texas",2047,214,1997,210,0,20,0,20,0,20,52,85,0,20,0,20,0,20,0,20,0,20,0,20,0,20,0,20,84,96,122,97,93,76,152,87,336,129,394,147,342,148,312,114,33,38,0,20,40,63,37,61,50,57
1400000US48491021508,48491021508,"Census Tract 215.08, Williamson County, Texas",1009,159,1009,159,0,18,0,18,20,31,0,18,0,18,0,18,0,18,0,18,23,38,0,18,0,18,0,18,0,18,16,27,0,18,139,132,172,114,299,125,161,124,179,99,0,18,0,18,0,18,0,18,0,18
1400000US48491021601,48491021601,"Census Tract 216.01, Williamson County, Texas",370,92,355,90,0,13,0,13,0,13,0,13,0,13,0,13,0,13,0,13,0,13,2,4,46,57,20,28,2,5,30,27,19,22,42,40,20,23,114,59,50,69,10,14,0,13,0,13,0,13,0,13,15,18
1400000US48491021602,48491021602,"Census Tract 216.02, Williamson County, Texas",127,52,121,52,0,13,0,13,0,13,0,13,0,13,0,13,5,7,0,13,0,13,20,30,0,13,5,8,3,6,0,13,0,13,19,20,39,35,10,13,20,32,0,13,0,13,0,13,0,13,0,13,6,8
1400000US48491021603,48491021603,"Census Tract 216.03, Williamson County, Texas",98,32,70,33,0,13,0,13,0,13,0,13,0,13,0,13,5,8,0,13,0,13,0,13,0,13,0,13,6,8,0,13,14,21,7,10,3,5,23,16,12,13,0,13,0,13,0,13,0,13,0,13,28,21
