GEO.id,GEO.id2,GEO.display-label,HD01_VD01,HD02_VD01,HD01_VD02,HD02_VD02,HD01_VD03,HD02_VD03,HD01_VD04,HD02_VD04,HD01_VD05,HD02_VD05,HD01_VD06,HD02_VD06,HD01_VD07,HD02_VD07,HD01_VD08,HD02_VD08,HD01_VD09,HD02_VD09,HD01_VD10,HD02_VD10,HD01_VD11,HD02_VD11,HD01_VD12,HD02_VD12,HD01_VD13,HD02_VD13,HD01_VD14,HD02_VD14,HD01_VD15,HD02_VD15,HD01_VD16,HD02_VD16,HD01_VD17,HD02_VD17,HD01_VD18,HD02_VD18,HD01_VD19,HD02_VD19,HD01_VD20,HD02_VD20,HD01_VD21,HD02_VD21,HD01_VD22,HD02_VD22,HD01_VD23,HD02_VD23,HD01_VD24,HD02_VD24
Id,Id2,Geography,Estimate; Total:,Margin of Error; Total:,Estimate; With cash rent:,Margin of Error; With cash rent:,Estimate; With cash rent: - Less than $100,Margin of Error; With cash rent: - Less than $100,Estimate; With cash rent: - $100 to $149,Margin of Error; With cash rent: - $100 to $149,Estimate; With cash rent: - $150 to $199,Margin of Error; With cash rent: - $150 to $199,Estimate; With cash rent: - $200 to $249,Margin of Error; With cash rent: - $200 to $249,Estimate; With cash rent: - $250 to $299,Margin of Error; With cash rent: - $250 to $299,Estimate; With cash rent: - $300 to $349,Margin of Error; With cash rent: - $300 to $349,Estimate; With cash rent: - $350 to $399,Margin of Error; With cash rent: - $350 to $399,Estimate; With cash rent: - $400 to $449,Margin of Error; With cash rent: - $400 to $449,Estimate; With cash rent: - $450 to $499,Margin of Error; With cash rent: - $450 to $499,Estimate; With cash rent: - $500 to $549,Margin of Error; With cash rent: - $500 to $549,Estimate; With cash rent: - $550 to $599,Margin of Error; With cash rent: - $550 to $599,Estimate; With cash rent: - $600 to $649,Margin of Error; With cash rent: - $600 to $649,Estimate; With cash rent: - $650 to $699,Margin of Error; With cash rent: - $650 to $699,Estimate; With cash rent: - $700 to $749,Margin of Error; With cash rent: - $700 to $749,Estimate; With cash rent: - $750 to $799,Margin of Error; With cash rent: - $750 to $799,Estimate; With cash rent: - $800 to $899,Margin of Error; With cash rent: - $800 to $899,Estimate; With cash rent: - $900 to $999,Margin of Error; With cash rent: - $900 to $999,"Estimate; With cash rent: - $1,000 to $1,249","Margin of Error; With cash rent: - $1,000 to $1,249","Estimate; With cash rent: - $1,250 to $1,499","Margin of Error; With cash rent: - $1,250 to $1,499","Estimate; With cash rent: - $1,500 to $1,999","Margin of Error; With cash rent: - $1,500 to $1,999","Estimate; With cash rent: - $2,000 or more","Margin of Error; With cash rent: - $2,000 or more",Estimate; No cash rent,Margin of Error; No cash rent
1400000US48021950100,48021950100,"Census Tract 9501, Bastrop County, Texas",580,193,425,163,0,18,0,18,0,18,0,18,18,29,0,18,0,18,92,110,5,9,8,13,0,18,18,29,13,23,29,34,19,19,91,91,3,6,75,77,29,33,25,41,0,18,155,115
1400000US48021950200,48021950200,"Census Tract 9502, Bastrop County, Texas",901,240,890,240,0,18,0,18,0,18,0,18,0,18,14,22,33,32,15,23,0,18,23,42,91,87,0,18,30,33,27,47,80,93,222,133,154,109,201,102,0,18,0,18,0,18,11,17
1400000US48021950300,48021950300,"Census Tract 9503, Bastrop County, Texas",747,194,544,188,0,20,0,20,0,20,0,20,0,20,0,20,0,20,0,20,0,20,15,24,65,62,12,20,76,95,0,20,0,20,77,78,81,84,8,13,144,112,66,64,0,20,203,108
1400000US48021950400,48021950400,"Census Tract 9504, Bastrop County, Texas",1117,277,954,257,0,18,30,50,23,36,0,18,34,43,0,18,60,79,0,18,14,25,16,26,62,76,27,41,0,18,42,68,44,53,63,55,84,55,355,178,16,25,60,80,24,30,163,114
1400000US48021950501,48021950501,"Census Tract 9505.01, Bastrop County, Texas",359,127,311,112,0,18,0,18,0,18,0,18,0,18,0,18,0,18,0,18,119,85,0,18,16,25,0,18,0,18,44,42,0,18,45,51,28,43,59,63,0,18,0,18,0,18,48,60
1400000US48021950502,48021950502,"Census Tract 9505.02, Bastrop County, Texas",206,107,151,96,0,18,0,18,0,18,0,18,0,18,0,18,0,18,0,18,0,18,0,18,12,17,0,18,38,41,0,18,0,18,0,18,0,18,101,95,0,18,0,18,0,18,55,53
1400000US48021950600,48021950600,"Census Tract 9506, Bastrop County, Texas",295,104,208,85,0,13,0,13,0,13,0,13,11,18,0,13,0,13,0,13,16,28,36,34,0,13,0,13,0,13,0,13,43,41,79,63,0,13,23,26,0,13,0,13,0,13,87,69
1400000US48021950700,48021950700,"Census Tract 9507, Bastrop County, Texas",558,150,506,143,0,13,0,13,0,13,0,13,61,50,19,31,0,13,11,18,27,27,33,32,0,13,15,18,18,19,21,25,32,39,64,53,35,35,72,43,98,73,0,13,0,13,52,40
1400000US48021950801,48021950801,"Census Tract 9508.01, Bastrop County, Texas",500,182,428,165,0,18,0,18,0,18,0,18,0,18,0,18,0,18,0,18,0,18,0,18,21,36,0,18,0,18,37,66,9,17,39,43,170,139,22,30,110,138,20,38,0,18,72,70
1400000US48021950802,48021950802,"Census Tract 9508.02, Bastrop County, Texas",178,92,161,85,0,18,0,18,0,18,0,18,0,18,0,18,0,18,0,18,0,18,41,49,20,30,25,42,0,18,0,18,0,18,20,35,0,18,55,53,0,18,0,18,0,18,17,28
1400000US48055960101,48055960101,"Census Tract 9601.01, Caldwell County, Texas",401,139,381,138,0,18,0,18,0,18,0,18,0,18,0,18,4,7,0,18,5,8,58,88,11,18,31,35,62,50,75,56,4,8,50,73,19,23,17,23,45,55,0,18,0,18,20,25
1400000US48055960102,48055960102,"Census Tract 9601.02, Caldwell County, Texas",288,140,235,129,0,13,0,13,0,13,0,13,0,13,0,13,0,13,0,13,38,43,0,13,0,13,45,68,0,13,0,13,0,13,0,13,0,13,152,122,0,13,0,13,0,13,53,53
1400000US48055960200,48055960200,"Census Tract 9602, Caldwell County, Texas",544,117,480,116,0,18,0,18,4,7,22,26,15,12,0,18,7,10,6,11,39,41,12,14,15,18,36,46,41,51,72,64,14,25,78,56,67,64,28,36,13,18,11,21,0,18,64,58
1400000US48055960300,48055960300,"Census Tract 9603, Caldwell County, Texas",464,99,416,95,0,13,0,13,0,13,0,13,0,13,0,13,6,10,6,10,8,14,0,13,5,10,33,56,5,9,11,19,9,17,71,55,82,57,74,52,64,52,42,41,0,13,48,39
1400000US48055960400,48055960400,"Census Tract 9604, Caldwell County, Texas",534,119,526,118,0,13,0,13,0,13,3,6,18,26,14,17,34,44,0,13,7,14,17,27,40,43,92,67,43,39,19,21,7,13,56,44,81,57,54,50,41,37,0,13,0,13,8,13
1400000US48055960500,48055960500,"Census Tract 9605, Caldwell County, Texas",723,167,657,156,0,18,0,18,2,5,4,7,0,18,0,18,3,9,87,71,27,22,30,27,36,30,44,41,38,37,16,18,9,16,123,72,20,30,180,100,23,28,15,16,0,18,66,39
1400000US48055960600,48055960600,"Census Tract 9606, Caldwell County, Texas",165,65,92,58,0,13,0,13,0,13,0,13,22,37,8,13,0,13,31,33,0,13,0,13,0,13,0,13,0,13,0,13,5,9,9,12,5,10,12,21,0,13,0,13,0,13,73,46
1400000US48055960700,48055960700,"Census Tract 9607, Caldwell County, Texas",800,231,678,218,0,18,0,18,0,18,58,80,11,21,0,18,17,27,64,79,45,56,45,72,32,41,56,81,13,22,177,156,76,72,32,42,33,55,0,18,19,32,0,18,0,18,122,129
1400000US48209010100,48209010100,"Census Tract 101, Hays County, Texas",705,102,683,100,0,13,0,13,0,13,10,16,0,13,0,13,0,13,35,56,9,15,35,54,18,21,19,26,9,15,91,75,36,46,105,74,85,64,152,94,0,13,39,45,40,49,22,23
1400000US48209010200,48209010200,"Census Tract 102, Hays County, Texas",324,86,324,86,0,18,0,18,0,18,0,18,7,11,0,18,0,18,53,54,25,27,0,18,31,30,13,20,22,26,19,31,6,9,43,30,43,50,45,31,17,28,0,18,0,18,0,18
1400000US48209010302,48209010302,"Census Tract 103.02, Hays County, Texas",1180,134,1130,137,0,13,0,13,15,17,41,40,15,22,44,55,18,21,11,18,0,13,22,27,67,49,59,69,144,81,104,87,164,104,219,102,27,22,141,95,30,45,9,16,0,13,50,51
1400000US48209010303,48209010303,"Census Tract 103.03, Hays County, Texas",1709,195,1696,197,0,18,0,18,0,18,0,18,28,45,13,22,0,18,12,19,0,18,0,18,34,47,128,107,105,92,118,84,104,95,326,169,233,132,322,148,151,112,33,54,89,102,13,21
1400000US48209010304,48209010304,"Census Tract 103.04, Hays County, Texas",2163,202,2163,202,0,18,0,18,109,96,0,18,20,28,33,54,0,18,13,20,67,64,81,71,135,90,293,120,238,133,192,118,181,97,385,142,196,94,193,108,27,30,0,18,0,18,0,18
1400000US48209010400,48209010400,"Census Tract 104, Hays County, Texas",1772,249,1706,241,0,18,0,18,0,18,0,18,0,18,0,18,0,18,0,18,18,28,113,102,146,93,63,66,80,54,76,57,0,18,156,84,367,212,402,152,132,109,75,95,78,71,66,51
1400000US48209010500,48209010500,"Census Tract 105, Hays County, Texas",1104,142,1092,144,0,13,0,13,0,13,20,23,12,18,0,13,0,13,51,69,13,20,29,48,92,73,15,23,90,79,11,19,43,35,172,87,256,119,210,101,78,80,0,13,0,13,12,19
1400000US48209010600,48209010600,"Census Tract 106, Hays County, Texas",1136,213,1094,210,0,18,0,18,0,18,0,18,0,18,0,18,16,27,0,18,0,18,0,18,26,43,0,18,15,24,67,57,94,47,130,87,134,81,382,162,125,91,98,83,7,12,42,40
1400000US48209010701,48209010701,"Census Tract 107.01, Hays County, Texas",2214,278,2184,273,0,18,0,18,0,18,0,18,0,18,0,18,0,18,0,18,53,43,44,54,87,93,60,86,61,50,220,125,140,113,349,148,299,135,322,124,233,137,289,154,27,32,30,35
1400000US48209010702,48209010702,"Census Tract 107.02, Hays County, Texas",374,88,362,87,0,13,0,13,0,13,0,13,0,13,0,13,0,13,0,13,0,13,14,22,31,41,74,70,0,13,31,39,0,13,16,26,0,13,57,48,0,13,139,101,0,13,12,20
1400000US48209010803,48209010803,"Census Tract 108.03, Hays County, Texas",290,150,227,128,0,13,0,13,0,13,0,13,0,13,0,13,17,29,8,16,4,9,0,13,0,13,20,33,39,62,16,28,0,13,60,73,25,34,12,15,0,13,14,22,12,22,63,65
1400000US48209010804,48209010804,"Census Tract 108.04, Hays County, Texas",471,208,463,209,0,18,0,18,0,18,0,18,0,18,0,18,0,18,3,4,28,44,0,18,0,18,0,18,0,18,0,18,14,22,168,197,86,80,34,27,46,53,81,67,3,6,8,9
1400000US48209010805,48209010805,"Census Tract 108.05, Hays County, Texas",140,82,127,81,0,18,0,18,0,18,0,18,0,18,0,18,0,18,0,18,0,18,0,18,0,18,0,18,0,18,0,18,0,18,1,4,0,18,48,53,10,17,1,4,67,71,13,16
1400000US48209010806,48209010806,"Census Tract 108.06, Hays County, Texas",286,126,284,124,0,13,0,13,0,13,0,13,0,13,0,13,0,13,0,13,9,13,9,16,0,13,0,13,14,23,0,13,10,15,43,45,0,13,73,71,0,13,0,13,126,150,2,6
1400000US48209010807,48209010807,"Census Tract 108.07, Hays County, Texas",111,57,103,56,0,13,0,13,0,13,0,13,0,13,0,13,0,13,0,13,0,13,0,13,25,38,0,13,0,13,0,13,5,9,0,13,12,19,33,38,16,14,9,10,3,5,8,10
1400000US48209010808,48209010808,"Census Tract 108.08, Hays County, Texas",295,118,273,115,3,5,0,18,0,18,0,18,0,18,0,18,23,19,11,19,0,18,0,18,0,18,0,18,0,18,7,11,20,27,65,77,28,27,24,41,42,65,44,43,6,11,22,37
1400000US48209010809,48209010809,"Census Tract 108.09, Hays County, Texas",134,101,134,101,0,18,0,18,0,18,0,18,0,18,0,18,0,18,0,18,0,18,0,18,0,18,0,18,0,18,20,26,0,18,13,22,3,5,26,29,0,18,55,78,17,24,0,18
1400000US48209010901,48209010901,"Census Tract 109.01, Hays County, Texas",168,97,155,95,0,18,0,18,0,18,0,18,0,18,0,18,0,18,0,18,0,18,0,18,0,18,0,18,0,18,10,15,2,3,0,18,0,18,62,78,34,53,24,28,23,19,13,20
1400000US48209010902,48209010902,"Census Tract 109.02, Hays County, Texas",569,191,542,189,0,20,0,20,0,20,0,20,0,20,0,20,0,20,0,20,17,28,0,20,0,20,30,48,0,20,0,20,64,76,18,28,35,41,135,72,52,69,191,140,0,20,27,31
1400000US48209010905,48209010905,"Census Tract 109.05, Hays County, Texas",471,213,425,225,0,18,0,18,0,18,6,10,0,18,0,18,0,18,0,18,0,18,10,16,0,18,0,18,152,192,33,41,11,18,23,37,37,61,25,29,32,43,96,103,0,18,46,56
1400000US48209010906,48209010906,"Census Tract 109.06, Hays County, Texas",440,164,432,164,0,20,0,20,0,20,0,20,0,20,0,20,3,4,1,3,39,28,3,5,7,11,6,10,3,5,0,20,64,66,0,20,88,106,109,79,64,54,45,38,0,20,8,12
1400000US48209010907,48209010907,"Census Tract 109.07, Hays County, Texas",544,168,451,165,0,20,0,20,0,20,0,20,0,20,0,20,0,20,0,20,9,16,26,42,30,48,33,54,57,56,0,20,0,20,12,16,11,14,115,86,109,94,49,52,0,20,93,85
1400000US48209010908,48209010908,"Census Tract 109.08, Hays County, Texas",390,143,373,146,0,18,0,18,0,18,0,18,0,18,0,18,51,82,0,18,0,18,19,32,0,18,17,28,37,38,60,76,0,18,45,63,57,74,7,13,16,27,53,53,11,20,17,28
1400000US48209010909,48209010909,"Census Tract 109.09, Hays County, Texas",393,141,393,141,0,13,0,13,0,13,0,13,0,13,0,13,0,13,0,13,0,13,0,13,0,13,0,13,0,13,0,13,0,13,0,13,62,66,116,73,150,83,29,29,36,57,0,13
1400000US48209010910,48209010910,"Census Tract 109.10, Hays County, Texas",395,136,379,130,0,18,0,18,0,18,0,18,0,18,12,21,0,18,0,18,0,18,0,18,32,37,0,18,0,18,0,18,0,18,144,97,0,18,47,60,59,56,85,72,0,18,16,29
1400000US48453000101,48453000101,"Census Tract 1.01, Travis County, Texas",709,134,709,134,0,13,0,13,0,13,0,13,0,13,0,13,0,13,0,13,15,24,0,13,11,19,77,67,15,26,0,13,0,13,53,53,39,28,132,77,66,61,215,92,86,50,0,13
1400000US48453000102,48453000102,"Census Tract 1.02, Travis County, Texas",86,56,70,51,0,13,0,13,0,13,0,13,0,13,0,13,0,13,0,13,0,13,0,13,11,17,0,13,0,13,13,21,0,13,0,13,0,13,24,28,12,20,0,13,10,17,16,24
1400000US48453000203,48453000203,"Census Tract 2.03, Travis County, Texas",737,77,737,77,0,13,0,13,0,13,10,15,0,13,0,13,0,13,0,13,0,13,16,20,0,13,4,8,0,13,0,13,0,13,0,13,0,13,71,41,238,71,281,69,117,49,0,13
1400000US48453000204,48453000204,"Census Tract 2.04, Travis County, Texas",919,108,919,108,0,13,0,13,0,13,0,13,0,13,0,13,0,13,12,19,0,13,0,13,12,18,31,28,40,33,48,50,68,54,216,96,105,66,89,48,127,67,131,64,40,50,0,13
1400000US48453000205,48453000205,"Census Tract 2.05, Travis County, Texas",1296,178,1296,178,0,13,0,13,0,13,0,13,0,13,0,13,0,13,0,13,0,13,46,45,129,96,183,110,81,54,162,86,89,74,199,122,18,28,276,145,47,44,47,38,19,29,0,13
1400000US48453000206,48453000206,"Census Tract 2.06, Travis County, Texas",1007,140,990,138,0,13,0,13,0,13,62,64,75,80,21,35,0,13,0,13,0,13,13,20,18,27,11,19,16,25,77,49,107,83,63,56,105,70,188,89,110,64,124,97,0,13,17,28
1400000US48453000302,48453000302,"Census Tract 3.02, Travis County, Texas",2404,152,2363,152,0,18,0,18,0,18,0,18,0,18,0,18,0,18,0,18,11,19,78,79,46,44,223,140,164,118,366,145,205,102,238,104,170,128,341,150,244,140,201,118,76,70,41,50
1400000US48453000304,48453000304,"Census Tract 3.04, Travis County, Texas",1065,132,1065,132,0,13,0,13,0,13,0,13,0,13,0,13,0,13,0,13,0,13,35,46,123,96,121,106,70,55,47,44,26,24,210,108,84,46,101,49,148,93,65,51,35,56,0,13
1400000US48453000305,48453000305,"Census Tract 3.05, Travis County, Texas",1519,138,1519,138,0,13,0,13,0,13,0,13,0,13,0,13,0,13,63,68,18,30,39,50,55,57,107,77,57,48,118,64,252,104,134,80,61,56,153,78,149,74,229,110,84,86,0,13
1400000US48453000306,48453000306,"Census Tract 3.06, Travis County, Texas",578,133,558,133,0,13,0,13,0,13,0,13,0,13,0,13,0,13,19,27,0,13,0,13,114,59,51,58,34,38,7,12,0,13,32,51,11,17,14,23,78,71,151,73,47,38,20,24
1400000US48453000307,48453000307,"Census Tract 3.07, Travis County, Texas",414,83,414,83,0,13,0,13,0,13,0,13,11,17,0,13,0,13,10,16,7,12,0,13,41,52,0,13,19,19,44,51,32,43,68,40,44,39,28,18,62,46,15,17,33,31,0,13
1400000US48453000401,48453000401,"Census Tract 4.01, Travis County, Texas",1045,132,1024,130,0,13,0,13,0,13,0,13,0,13,7,12,0,13,9,15,0,13,14,17,31,26,92,53,87,57,49,48,47,33,94,46,160,82,128,57,140,61,74,37,92,53,21,20
1400000US48453000402,48453000402,"Census Tract 4.02, Travis County, Texas",907,98,894,99,0,13,0,13,0,13,0,13,6,9,0,13,0,13,0,13,0,13,0,13,60,91,68,49,30,39,42,40,171,104,79,54,106,74,99,73,156,92,56,35,21,31,13,24
1400000US48453000500,48453000500,"Census Tract 5, Travis County, Texas",1884,184,1852,184,0,13,0,13,0,13,14,22,0,13,0,13,0,13,0,13,8,16,37,61,33,35,171,127,132,88,184,101,119,80,227,133,204,106,311,119,129,98,172,111,111,72,32,37
1400000US48453000601,48453000601,"Census Tract 6.01, Travis County, Texas",523,81,518,80,0,18,0,18,0,18,7,11,0,18,0,18,4,6,41,52,7,12,0,18,20,21,18,18,4,8,18,18,23,23,31,27,0,18,62,42,67,51,143,59,73,59,5,7
1400000US48453000603,48453000603,"Census Tract 6.03, Travis County, Texas",2537,179,2468,191,0,18,0,18,0,18,0,18,0,18,0,18,0,18,36,22,0,18,22,36,0,18,86,49,23,27,102,58,43,52,200,105,186,106,392,148,318,142,547,168,513,172,69,46
1400000US48453000604,48453000604,"Census Tract 6.04, Travis County, Texas",1624,172,1554,165,0,18,0,18,0,18,0,18,0,18,0,18,0,18,0,18,18,30,22,36,84,79,25,29,48,46,26,31,160,116,129,73,143,98,211,100,165,87,306,123,217,117,70,60
1400000US48453000700,48453000700,"Census Tract 7, Travis County, Texas",498,77,498,77,0,13,0,13,0,13,0,13,0,13,0,13,0,13,0,13,0,13,44,37,32,34,25,30,18,14,4,6,37,39,30,26,65,68,155,81,73,44,15,23,0,13,0,13
1400000US48453000801,48453000801,"Census Tract 8.01, Travis County, Texas",205,74,188,74,0,13,0,13,20,21,16,19,4,7,0,13,0,13,4,7,4,6,11,18,9,15,9,13,0,13,13,18,14,17,9,13,0,13,37,38,31,28,7,11,0,13,17,20
1400000US48453000802,48453000802,"Census Tract 8.02, Travis County, Texas",819,110,816,112,30,38,44,38,0,13,103,58,64,55,37,46,53,51,34,31,45,50,68,63,25,40,62,70,38,41,38,50,0,13,35,42,38,39,97,69,0,13,5,10,0,13,3,11
1400000US48453000803,48453000803,"Census Tract 8.03, Travis County, Texas",426,100,406,98,0,13,0,13,0,13,0,13,0,13,0,13,12,18,0,13,0,13,0,13,0,13,23,25,8,13,47,49,11,17,104,77,0,13,108,71,70,63,14,16,9,15,20,24
1400000US48453000804,48453000804,"Census Tract 8.04, Travis County, Texas",530,86,522,88,36,36,13,17,50,37,17,16,16,19,16,18,30,41,16,20,12,16,0,13,27,31,25,30,0,13,16,25,22,22,30,26,43,39,42,29,78,49,24,25,9,13,8,12
1400000US48453000901,48453000901,"Census Tract 9.01, Travis County, Texas",490,80,484,82,0,13,0,13,0,13,7,11,0,13,0,13,0,13,16,19,0,13,20,24,11,20,17,21,0,13,0,13,31,41,63,45,28,32,53,36,116,60,115,63,7,11,6,10
1400000US48453000902,48453000902,"Census Tract 9.02, Travis County, Texas",993,143,870,167,21,34,0,18,38,60,80,73,36,46,66,71,24,32,28,38,54,65,0,18,0,18,0,18,54,58,26,30,34,54,98,65,27,22,229,115,55,48,0,18,0,18,123,91
1400000US48453001000,48453001000,"Census Tract 10, Travis County, Texas",792,125,762,127,0,13,19,32,52,39,0,13,23,18,27,42,82,64,29,28,31,29,67,56,33,45,9,14,30,27,0,13,0,13,81,74,31,24,99,61,112,89,10,15,27,42,30,23
1400000US48453001100,48453001100,"Census Tract 11, Travis County, Texas",1581,213,1568,213,0,13,0,13,0,13,41,40,22,19,0,13,0,13,0,13,0,13,0,13,6,10,0,13,47,57,0,13,23,27,30,36,15,18,47,45,133,83,666,209,538,177,13,21
1400000US48453001200,48453001200,"Census Tract 12, Travis County, Texas",1741,192,1698,186,0,13,0,13,13,22,0,13,0,13,0,13,0,13,22,36,24,28,99,82,19,22,68,51,35,40,32,37,41,45,36,40,96,69,255,138,106,63,542,147,310,130,43,42
1400000US48453001303,48453001303,"Census Tract 13.03, Travis County, Texas",554,111,544,112,0,13,0,13,0,13,8,13,0,13,0,13,44,40,9,13,0,13,10,16,0,13,32,51,13,19,11,16,0,13,128,75,79,58,41,34,58,41,78,38,33,30,10,15
1400000US48453001304,48453001304,"Census Tract 13.04, Travis County, Texas",1110,111,1064,124,0,13,0,13,0,13,0,13,26,41,17,19,29,42,0,13,34,32,18,19,0,13,31,26,0,13,0,13,37,25,142,72,92,53,306,104,223,96,62,37,47,42,46,42
1400000US48453001305,48453001305,"Census Tract 13.05, Travis County, Texas",1348,174,1279,168,61,67,32,51,0,18,26,29,62,63,7,13,43,48,23,29,46,54,17,25,14,23,0,18,64,64,24,28,43,38,189,87,115,82,366,122,71,53,48,40,28,32,69,60
1400000US48453001307,48453001307,"Census Tract 13.07, Travis County, Texas",1263,121,1254,121,0,13,0,13,62,59,52,68,32,36,0,13,0,13,20,23,0,13,10,16,43,35,52,51,96,56,22,25,74,52,209,81,158,70,225,95,161,88,17,26,21,24,9,14
1400000US48453001308,48453001308,"Census Tract 13.08, Travis County, Texas",729,135,691,136,0,13,0,13,0,13,0,13,0,13,0,13,0,13,16,23,0,13,32,43,27,26,38,48,83,62,78,59,57,56,70,48,52,53,113,87,67,55,32,28,26,42,38,37
1400000US48453001401,48453001401,"Census Tract 14.01, Travis County, Texas",1062,143,1062,143,0,13,0,13,0,13,0,13,0,13,0,13,0,13,11,16,0,13,0,13,0,13,19,23,0,13,11,18,33,34,156,88,85,60,247,91,246,116,165,65,89,57,0,13
1400000US48453001402,48453001402,"Census Tract 14.02, Travis County, Texas",813,95,800,94,0,13,0,13,15,12,0,13,0,13,9,14,13,22,0,13,0,13,13,21,0,13,7,13,35,41,112,72,73,48,60,36,78,63,197,83,38,38,69,40,81,49,13,19
1400000US48453001403,48453001403,"Census Tract 14.03, Travis County, Texas",478,93,462,90,0,13,3,5,0,13,0,13,0,13,0,13,0,13,0,13,0,13,0,13,21,20,31,32,121,66,55,50,31,34,82,59,0,13,44,30,26,21,48,35,0,13,16,26
1400000US48453001501,48453001501,"Census Tract 15.01, Travis County, Texas",573,123,562,121,0,13,6,9,0,13,0,13,0,13,0,13,0,13,12,20,0,13,0,13,15,24,14,23,17,27,19,30,0,13,77,54,97,88,188,90,39,42,78,72,0,13,11,18
1400000US48453001503,48453001503,"Census Tract 15.03, Travis County, Texas",1088,134,1012,118,6,9,0,13,14,11,0,13,0,13,0,13,0,13,9,15,0,13,5,10,25,30,75,55,147,73,113,76,68,48,88,59,42,32,200,87,96,52,89,50,35,28,76,55
1400000US48453001504,48453001504,"Census Tract 15.04, Travis County, Texas",1033,122,990,126,0,13,0,13,0,13,0,13,0,13,0,13,0,13,0,13,0,13,0,13,16,25,16,25,40,59,70,59,55,49,129,82,115,83,306,113,133,75,110,63,0,13,43,39
1400000US48453001505,48453001505,"Census Tract 15.05, Travis County, Texas",995,164,995,164,0,13,0,13,0,13,0,13,0,13,0,13,0,13,13,21,0,13,0,13,28,35,31,35,82,85,167,126,77,77,94,46,77,56,263,123,88,83,75,57,0,13,0,13
1400000US48453001602,48453001602,"Census Tract 16.02, Travis County, Texas",1027,126,1019,126,0,13,5,9,0,13,0,13,0,13,0,13,12,19,0,13,9,15,25,32,35,31,131,69,204,87,75,39,43,31,93,75,0,13,67,58,105,47,123,60,92,50,8,13
1400000US48453001603,48453001603,"Census Tract 16.03, Travis County, Texas",332,93,324,93,0,13,0,13,0,13,0,13,0,13,0,13,0,13,0,13,0,13,0,13,9,15,0,13,0,13,0,13,21,18,25,25,18,21,21,23,20,23,101,68,109,68,8,12
1400000US48453001604,48453001604,"Census Tract 16.04, Travis County, Texas",238,93,206,95,0,13,0,13,0,13,0,13,0,13,0,13,0,13,0,13,0,13,0,13,0,13,0,13,0,13,0,13,0,13,0,13,19,21,51,54,54,54,73,62,9,14,32,29
1400000US48453001605,48453001605,"Census Tract 16.05, Travis County, Texas",886,160,878,160,0,13,0,13,0,13,0,13,0,13,0,13,0,13,8,12,0,13,0,13,31,47,28,31,29,25,20,22,16,25,93,81,90,65,285,95,113,62,120,78,45,45,8,14
1400000US48453001606,48453001606,"Census Tract 16.06, Travis County, Texas",0,13,0,13,0,13,0,13,0,13,0,13,0,13,0,13,0,13,0,13,0,13,0,13,0,13,0,13,0,13,0,13,0,13,0,13,0,13,0,13,0,13,0,13,0,13,0,13
1400000US48453001705,48453001705,"Census Tract 17.05, Travis County, Texas",648,133,648,133,0,13,0,13,0,13,0,13,0,13,0,13,0,13,0,13,0,13,0,13,0,13,14,21,13,21,0,13,0,13,14,22,32,36,300,112,95,73,115,61,65,55,0,13
1400000US48453001706,48453001706,"Census Tract 17.06, Travis County, Texas",709,107,689,103,0,13,0,13,0,13,0,13,0,13,0,13,0,13,0,13,13,20,0,13,8,11,16,19,37,30,48,39,58,33,68,59,130,77,146,68,35,31,76,59,54,45,20,35
1400000US48453001707,48453001707,"Census Tract 17.07, Travis County, Texas",1034,157,1011,166,0,13,0,13,0,13,0,13,0,13,0,13,0,13,14,22,0,13,0,13,0,13,23,38,80,97,60,61,112,76,151,102,129,106,199,112,155,92,47,42,41,42,23,35
1400000US48453001712,48453001712,"Census Tract 17.12, Travis County, Texas",1087,132,1080,131,0,13,0,13,22,27,21,23,21,22,0,13,9,14,0,13,0,13,0,13,11,18,43,41,92,65,152,96,75,54,36,33,122,82,279,104,20,25,96,66,81,32,7,11
1400000US48453001713,48453001713,"Census Tract 17.13, Travis County, Texas",685,115,680,114,0,13,0,13,12,18,0,13,0,13,0,13,18,20,0,13,50,46,7,12,0,13,50,48,29,28,10,16,39,45,65,52,143,83,97,50,62,57,89,64,9,16,5,10
1400000US48453001714,48453001714,"Census Tract 17.14, Travis County, Texas",2252,267,2252,267,0,20,0,20,0,20,0,20,0,20,0,20,0,20,0,20,0,20,0,20,0,20,39,63,15,25,109,99,203,160,382,207,285,143,681,220,465,185,26,42,47,58,0,20
1400000US48453001716,48453001716,"Census Tract 17.16, Travis County, Texas",894,159,881,161,0,13,0,13,0,13,0,13,0,13,0,13,0,13,0,13,0,13,0,13,0,13,0,13,12,19,15,22,36,59,60,61,65,56,348,139,129,84,186,105,30,47,13,22
1400000US48453001718,48453001718,"Census Tract 17.18, Travis County, Texas",1389,179,1373,179,0,18,0,18,0,18,0,18,0,18,0,18,0,18,0,18,0,18,0,18,0,18,0,18,115,86,14,24,90,73,163,108,138,90,267,112,203,84,242,132,141,108,16,25
1400000US48453001719,48453001719,"Census Tract 17.19, Travis County, Texas",136,88,92,75,0,13,0,13,0,13,0,13,0,13,0,13,0,13,0,13,0,13,0,13,0,13,0,13,0,13,0,13,0,13,0,13,0,13,0,13,13,21,60,69,19,21,44,48
1400000US48453001722,48453001722,"Census Tract 17.22, Travis County, Texas",2286,130,2286,130,0,13,47,74,0,13,0,13,0,13,0,13,0,13,0,13,0,13,0,13,0,13,108,85,76,72,145,97,315,134,502,164,362,135,539,161,154,80,38,36,0,13,0,13
1400000US48453001728,48453001728,"Census Tract 17.28, Travis County, Texas",1078,207,1068,208,0,18,0,18,0,18,0,18,0,18,0,18,0,18,12,20,0,18,0,18,0,18,41,64,43,68,48,43,10,15,68,58,40,35,244,124,262,127,272,136,28,32,10,16
1400000US48453001729,48453001729,"Census Tract 17.29, Travis County, Texas",892,154,878,151,0,13,0,13,0,13,0,13,0,13,0,13,0,13,0,13,0,13,0,13,0,13,14,23,0,13,17,28,103,94,59,48,68,56,289,111,223,126,105,91,0,13,14,22
1400000US48453001733,48453001733,"Census Tract 17.33, Travis County, Texas",126,85,126,85,0,13,0,13,0,13,0,13,0,13,0,13,0,13,0,13,0,13,0,13,0,13,0,13,0,13,0,13,0,13,38,60,12,18,66,64,0,13,0,13,10,16,0,13
1400000US48453001737,48453001737,"Census Tract 17.37, Travis County, Texas",833,163,823,161,0,20,0,20,0,20,0,20,0,20,0,20,0,20,0,20,0,20,0,20,0,20,0,20,0,20,0,20,52,63,23,26,51,39,312,116,132,90,161,82,92,73,10,16
1400000US48453001738,48453001738,"Census Tract 17.38, Travis County, Texas",417,123,396,121,0,18,0,18,0,18,0,18,0,18,0,18,0,18,0,18,0,18,0,18,0,18,15,24,29,31,49,72,32,37,19,31,0,18,29,34,0,18,120,67,103,80,21,34
1400000US48453001740,48453001740,"Census Tract 17.40, Travis County, Texas",706,115,706,115,0,13,0,13,0,13,0,13,0,13,0,13,0,13,0,13,0,13,0,13,0,13,0,13,11,19,0,13,6,10,32,36,113,67,156,87,152,95,182,120,54,44,0,13
1400000US48453001741,48453001741,"Census Tract 17.41, Travis County, Texas",302,136,290,134,0,13,0,13,0,13,0,13,0,13,0,13,34,55,0,13,0,13,0,13,11,17,0,13,0,13,0,13,52,65,0,13,16,27,60,63,13,20,93,80,11,18,12,19
1400000US48453001742,48453001742,"Census Tract 17.42, Travis County, Texas",501,138,489,142,0,18,0,18,0,18,0,18,0,18,0,18,0,18,0,18,0,18,0,18,0,18,13,22,0,18,56,76,0,18,49,64,20,25,52,56,123,96,101,73,75,43,12,18
1400000US48453001745,48453001745,"Census Tract 17.45, Travis County, Texas",313,96,305,99,0,13,0,13,0,13,0,13,0,13,0,13,0,13,0,13,0,13,0,13,11,19,0,13,0,13,0,13,11,17,12,21,80,70,114,69,29,28,8,13,40,51,8,12
1400000US48453001746,48453001746,"Census Tract 17.46, Travis County, Texas",765,117,765,117,0,13,0,13,0,13,0,13,0,13,0,13,0,13,0,13,0,13,0,13,0,13,41,33,37,41,132,65,113,66,67,47,70,70,161,67,81,59,63,45,0,13,0,13
1400000US48453001747,48453001747,"Census Tract 17.47, Travis County, Texas",1009,144,966,138,0,18,0,18,11,18,11,17,0,18,23,18,0,18,0,18,9,14,0,18,25,38,0,18,0,18,59,44,81,62,50,54,131,73,323,106,122,57,121,101,0,18,43,44
1400000US48453001748,48453001748,"Census Tract 17.48, Travis County, Texas",773,133,773,133,0,18,0,18,0,18,0,18,0,18,0,18,0,18,0,18,0,18,0,18,0,18,0,18,0,18,0,18,56,53,105,77,70,43,346,110,56,45,140,105,0,18,0,18
1400000US48453001749,48453001749,"Census Tract 17.49, Travis County, Texas",1901,225,1901,225,0,18,0,18,0,18,16,25,15,22,0,18,0,18,0,18,0,18,0,18,0,18,0,18,13,20,40,63,80,74,197,92,315,124,888,217,193,101,144,96,0,18,0,18
1400000US48453001750,48453001750,"Census Tract 17.50, Travis County, Texas",1729,137,1727,137,0,13,0,13,0,13,0,13,0,13,8,13,0,13,0,13,0,13,0,13,0,13,0,13,14,20,84,90,58,69,316,133,459,198,520,148,198,120,44,32,26,26,2,3
1400000US48453001751,48453001751,"Census Tract 17.51, Travis County, Texas",85,60,63,57,0,13,0,13,0,13,0,13,0,13,0,13,0,13,0,13,0,13,0,13,0,13,0,13,0,13,0,13,0,13,0,13,0,13,5,8,20,19,38,52,0,13,22,23
1400000US48453001752,48453001752,"Census Tract 17.52, Travis County, Texas",2090,174,2090,174,0,13,0,13,0,13,0,13,27,39,0,13,0,13,0,13,0,13,0,13,36,40,141,109,204,109,301,141,264,111,265,112,313,133,459,149,80,59,0,13,0,13,0,13
1400000US48453001753,48453001753,"Census Tract 17.53, Travis County, Texas",773,52,773,52,0,13,0,13,0,13,0,13,0,13,0,13,0,13,0,13,0,13,14,20,0,13,0,13,0,13,14,21,0,13,158,70,217,73,262,70,93,44,15,24,0,13,0,13
1400000US48453001754,48453001754,"Census Tract 17.54, Travis County, Texas",1253,186,1253,186,0,13,0,13,0,13,0,13,0,13,0,13,0,13,0,13,0,13,11,17,22,35,86,109,156,100,130,85,119,113,154,92,242,114,120,72,129,102,84,81,0,13,0,13
1400000US48453001755,48453001755,"Census Tract 17.55, Travis County, Texas",175,79,166,78,0,18,0,18,0,18,0,18,0,18,0,18,0,18,0,18,0,18,7,12,0,18,0,18,0,18,12,17,0,18,10,15,0,18,10,15,70,54,9,15,48,46,9,15
1400000US48453001756,48453001756,"Census Tract 17.56, Travis County, Texas",568,132,568,132,0,13,0,13,0,13,0,13,0,13,0,13,0,13,0,13,0,13,0,13,0,13,12,19,20,24,42,54,13,21,12,20,109,89,95,67,111,71,145,75,9,15,0,13
1400000US48453001757,48453001757,"Census Tract 17.57, Travis County, Texas",299,71,299,71,0,13,0,13,30,47,0,13,0,13,0,13,0,13,0,13,0,13,0,13,0,13,0,13,0,13,0,13,0,13,28,23,39,28,98,52,61,48,31,40,12,19,0,13
1400000US48453001760,48453001760,"Census Tract 17.60, Travis County, Texas",1006,277,1006,277,0,20,0,20,0,20,0,20,0,20,0,20,0,20,0,20,0,20,0,20,0,20,0,20,0,20,0,20,0,20,90,104,49,40,97,67,259,178,157,121,354,178,0,20
1400000US48453001761,48453001761,"Census Tract 17.61, Travis County, Texas",1052,178,990,179,0,18,0,18,0,18,0,18,0,18,0,18,0,18,0,18,0,18,0,18,0,18,0,18,0,18,30,34,15,26,163,102,173,103,430,160,124,100,49,79,6,11,62,85
1400000US48453001764,48453001764,"Census Tract 17.64, Travis County, Texas",284,116,210,114,0,18,0,18,0,18,0,18,0,18,0,18,0,18,0,18,0,18,0,18,0,18,0,18,0,18,0,18,0,18,36,55,66,81,6,8,17,26,53,46,32,35,74,52
1400000US48453001765,48453001765,"Census Tract 17.65, Travis County, Texas",1593,225,1510,221,0,20,0,20,0,20,0,20,0,20,0,20,0,20,0,20,0,20,7,8,4,5,2,5,6,7,38,45,28,30,301,142,173,124,545,213,218,135,119,76,69,67,83,63
1400000US48453001766,48453001766,"Census Tract 17.66, Travis County, Texas",573,202,503,193,0,18,0,18,0,18,0,18,0,18,0,18,0,18,0,18,24,40,0,18,21,27,0,18,0,18,6,10,123,89,160,123,50,71,26,42,81,79,12,18,0,18,70,88
1400000US48453001768,48453001768,"Census Tract 17.68, Travis County, Texas",586,185,571,183,0,18,0,18,0,18,0,18,0,18,0,18,0,18,0,18,0,18,0,18,0,18,0,18,0,18,0,18,34,45,46,45,86,81,142,102,186,116,0,18,77,88,15,26
1400000US48453001769,48453001769,"Census Tract 17.69, Travis County, Texas",377,108,377,108,0,18,0,18,0,18,0,18,0,18,0,18,0,18,19,29,0,18,0,18,0,18,0,18,0,18,0,18,21,33,65,64,13,22,142,85,42,49,51,47,24,27,0,18
1400000US48453001770,48453001770,"Census Tract 17.70, Travis County, Texas",236,101,172,88,0,20,0,20,0,20,0,20,0,20,0,20,0,20,0,20,0,20,0,20,0,20,0,20,0,20,0,20,0,20,0,20,0,20,20,30,0,20,55,64,97,52,64,65
1400000US48453001771,48453001771,"Census Tract 17.71, Travis County, Texas",122,90,109,89,0,13,0,13,0,13,0,13,0,13,0,13,0,13,0,13,0,13,7,11,0,13,14,24,0,13,0,13,0,13,0,13,0,13,0,13,11,17,62,79,15,18,13,21
1400000US48453001772,48453001772,"Census Tract 17.72, Travis County, Texas",159,99,159,99,0,13,0,13,0,13,0,13,0,13,0,13,0,13,14,25,0,13,0,13,0,13,0,13,0,13,0,13,0,13,27,45,0,13,0,13,31,43,70,65,17,27,0,13
1400000US48453001773,48453001773,"Census Tract 17.73, Travis County, Texas",395,100,372,100,0,18,0,18,0,18,0,18,0,18,0,18,0,18,0,18,0,18,0,18,0,18,0,18,11,13,0,18,0,18,22,29,38,32,130,75,52,41,35,32,84,52,23,23
1400000US48453001774,48453001774,"Census Tract 17.74, Travis County, Texas",342,161,298,154,0,18,0,18,0,18,0,18,0,18,0,18,0,18,0,18,0,18,0,18,0,18,0,18,0,18,12,20,0,18,0,18,0,18,0,18,18,33,268,148,0,18,44,64
1400000US48453001775,48453001775,"Census Tract 17.75, Travis County, Texas",50,50,43,47,0,13,0,13,28,44,0,13,0,13,0,13,0,13,0,13,0,13,0,13,0,13,0,13,0,13,0,13,0,13,0,13,0,13,0,13,0,13,7,11,8,13,7,13
1400000US48453001776,48453001776,"Census Tract 17.76, Travis County, Texas",192,104,192,104,0,13,0,13,0,13,0,13,0,13,0,13,0,13,0,13,0,13,0,13,0,13,0,13,0,13,0,13,0,13,0,13,0,13,43,47,131,79,18,31,0,13,0,13
1400000US48453001777,48453001777,"Census Tract 17.77, Travis County, Texas",790,162,766,166,0,18,0,18,0,18,0,18,0,18,0,18,0,18,12,20,0,18,20,36,0,18,0,18,0,18,0,18,29,34,76,85,114,92,246,125,68,56,201,90,0,18,24,30
1400000US48453001778,48453001778,"Census Tract 17.78, Travis County, Texas",491,118,476,111,0,13,0,13,0,13,0,13,0,13,0,13,0,13,0,13,0,13,0,13,0,13,0,13,0,13,0,13,0,13,39,48,18,20,117,73,249,114,12,21,41,26,15,25
1400000US48453001779,48453001779,"Census Tract 17.79, Travis County, Texas",393,148,342,113,0,18,0,18,0,18,0,18,0,18,15,24,0,18,0,18,0,18,16,27,0,18,0,18,0,18,12,21,0,18,29,36,61,94,141,127,55,73,13,23,0,18,51,80
1400000US48453001780,48453001780,"Census Tract 17.80, Travis County, Texas",274,105,195,86,0,13,0,13,0,13,0,13,0,13,0,13,0,13,0,13,0,13,0,13,0,13,0,13,8,14,9,13,0,13,24,28,30,31,44,34,18,22,62,65,0,13,79,71
1400000US48453001781,48453001781,"Census Tract 17.81, Travis County, Texas",168,86,168,86,0,13,0,13,0,13,0,13,0,13,0,13,0,13,0,13,0,13,0,13,15,23,0,13,0,13,0,13,5,9,81,72,13,16,54,76,0,13,0,13,0,13,0,13
1400000US48453001782,48453001782,"Census Tract 17.82, Travis County, Texas",274,93,274,93,0,18,0,18,0,18,0,18,0,18,0,18,0,18,0,18,0,18,0,18,0,18,0,18,0,18,0,18,0,18,7,11,18,27,172,83,11,19,47,67,19,21,0,18
1400000US48453001783,48453001783,"Census Tract 17.83, Travis County, Texas",297,123,285,121,0,18,0,18,0,18,0,18,0,18,0,18,0,18,0,18,0,18,0,18,0,18,0,18,15,23,0,18,0,18,30,37,0,18,38,46,56,61,109,93,37,37,12,18
1400000US48453001784,48453001784,"Census Tract 17.84, Travis County, Texas",317,134,302,131,0,18,0,18,0,18,0,18,0,18,0,18,3,5,0,18,0,18,0,18,0,18,0,18,0,18,0,18,0,18,0,18,27,24,45,43,62,55,10,14,155,113,15,22
1400000US48453001785,48453001785,"Census Tract 17.85, Travis County, Texas",1795,153,1795,153,0,13,0,13,0,13,0,13,0,13,0,13,0,13,58,80,0,13,0,13,14,22,0,13,26,41,240,148,186,129,433,169,140,74,429,155,166,113,103,68,0,13,0,13
1400000US48453001786,48453001786,"Census Tract 17.86, Travis County, Texas",2136,184,2072,180,0,18,0,18,0,18,0,18,0,18,0,18,0,18,0,18,0,18,0,18,0,18,0,18,0,18,96,84,13,22,199,91,462,148,587,164,478,163,206,82,31,35,64,73
1400000US48453001804,48453001804,"Census Tract 18.04, Travis County, Texas",1931,202,1931,202,0,18,0,18,13,20,0,18,0,18,14,23,0,18,14,25,81,62,61,65,57,60,91,79,291,86,271,106,272,135,359,173,194,109,174,111,14,23,25,29,0,18,0,18
1400000US48453001805,48453001805,"Census Tract 18.05, Travis County, Texas",1176,118,1160,117,20,31,0,13,17,20,21,33,29,33,27,32,20,31,38,52,55,49,140,69,95,74,31,39,96,65,61,57,67,62,191,75,51,56,119,77,51,38,31,31,0,13,16,26
1400000US48453001806,48453001806,"Census Tract 18.06, Travis County, Texas",1644,200,1644,200,0,18,0,18,0,18,14,22,16,25,31,35,11,18,0,18,81,70,124,88,124,93,170,90,231,114,122,78,133,86,315,132,145,102,102,78,25,41,0,18,0,18,0,18
1400000US48453001811,48453001811,"Census Tract 18.11, Travis County, Texas",776,146,739,146,0,13,0,13,10,16,9,14,20,22,6,10,21,36,31,50,0,13,30,50,44,54,176,105,170,99,53,60,20,32,113,87,8,12,18,28,10,29,0,13,0,13,37,59
1400000US48453001812,48453001812,"Census Tract 18.12, Travis County, Texas",2582,201,2582,201,0,18,22,25,0,18,23,33,0,18,15,23,72,55,16,26,44,53,69,65,107,77,338,129,312,151,387,130,321,117,321,133,140,84,276,107,37,36,38,46,44,52,0,18
1400000US48453001813,48453001813,"Census Tract 18.13, Travis County, Texas",1318,163,1318,163,0,18,0,18,0,18,0,18,59,49,18,29,0,18,0,18,0,18,0,18,57,56,63,63,189,104,162,77,195,91,230,111,173,94,126,82,13,22,33,53,0,18,0,18
1400000US48453001817,48453001817,"Census Tract 18.17, Travis County, Texas",1055,155,1027,155,0,13,0,13,51,30,19,30,0,13,41,42,0,13,18,28,0,13,15,23,0,13,35,43,105,48,200,112,0,13,155,100,55,43,112,56,178,98,32,35,11,19,28,40
1400000US48453001818,48453001818,"Census Tract 18.18, Travis County, Texas",1092,163,1092,163,0,18,0,18,0,18,0,18,0,18,5,15,0,18,0,18,0,18,14,24,0,18,70,75,191,134,59,73,16,26,277,171,81,55,187,127,118,113,74,59,0,18,0,18
1400000US48453001819,48453001819,"Census Tract 18.19, Travis County, Texas",1214,81,1204,81,0,13,0,13,0,13,0,13,0,13,0,13,0,13,0,13,0,13,20,31,41,50,106,68,174,82,103,59,114,66,166,84,172,85,222,100,69,54,17,24,0,13,10,16
1400000US48453001820,48453001820,"Census Tract 18.20, Travis County, Texas",2089,209,2077,208,0,18,0,18,0,18,18,29,0,18,0,18,0,18,0,18,33,40,88,82,141,80,416,155,224,106,406,115,152,93,192,92,207,104,76,67,124,101,0,18,0,18,12,18
1400000US48453001821,48453001821,"Census Tract 18.21, Travis County, Texas",990,114,947,113,0,18,0,18,0,18,0,18,0,18,0,18,0,18,0,18,11,18,0,18,37,38,54,48,21,35,36,44,31,37,129,70,125,63,265,110,111,71,127,74,0,18,43,34
1400000US48453001822,48453001822,"Census Tract 18.22, Travis County, Texas",1700,167,1700,167,0,18,27,41,57,68,0,18,0,18,31,53,28,44,29,46,0,18,17,29,53,44,41,41,196,102,123,88,206,126,169,106,280,136,342,136,44,53,57,73,0,18,0,18
1400000US48453001823,48453001823,"Census Tract 18.23, Travis County, Texas",1562,140,1546,137,0,18,0,18,0,18,35,49,0,18,0,18,0,18,0,18,0,18,57,54,31,39,129,87,131,85,130,82,181,100,206,85,262,127,208,99,165,94,11,17,0,18,16,27
1400000US48453001824,48453001824,"Census Tract 18.24, Travis County, Texas",316,58,306,59,0,13,0,13,0,13,0,13,0,13,0,13,0,13,0,13,0,13,0,13,0,13,0,13,0,13,38,35,18,17,41,31,102,61,67,40,9,14,31,29,0,13,10,17
1400000US48453001826,48453001826,"Census Tract 18.26, Travis County, Texas",761,116,761,116,0,13,0,13,0,13,0,13,0,13,0,13,0,13,0,13,0,13,0,13,0,13,0,13,39,47,0,13,49,43,131,71,114,55,360,98,54,33,0,13,14,16,0,13
1400000US48453001828,48453001828,"Census Tract 18.28, Travis County, Texas",437,112,437,112,0,13,0,13,0,13,0,13,0,13,0,13,0,13,0,13,0,13,0,13,9,17,0,13,0,13,65,63,0,13,0,13,97,83,106,64,77,53,83,71,0,13,0,13
1400000US48453001829,48453001829,"Census Tract 18.29, Travis County, Texas",1165,86,1165,86,0,13,0,13,0,13,0,13,0,13,0,13,0,13,0,13,0,13,0,13,25,25,26,31,68,50,46,46,120,71,234,102,307,82,114,56,203,115,22,34,0,13,0,13
1400000US48453001832,48453001832,"Census Tract 18.32, Travis County, Texas",682,103,638,120,0,13,0,13,0,13,0,13,0,13,7,13,0,13,0,13,0,13,0,13,8,13,38,31,40,45,101,71,69,61,84,80,144,76,122,86,25,41,0,13,0,13,44,52
1400000US48453001833,48453001833,"Census Tract 18.33, Travis County, Texas",1084,176,1054,181,0,18,0,18,0,18,0,18,0,18,0,18,0,18,0,18,0,18,9,14,72,100,34,58,22,22,48,77,108,57,95,82,279,147,211,118,89,98,87,62,0,18,30,35
1400000US48453001834,48453001834,"Census Tract 18.34, Travis County, Texas",2117,216,2076,206,0,18,0,18,0,18,0,18,0,18,0,18,0,18,0,18,0,18,0,18,23,27,84,82,71,57,232,125,165,99,293,141,393,144,431,172,211,114,173,117,0,18,41,67
1400000US48453001835,48453001835,"Census Tract 18.35, Travis County, Texas",711,149,711,149,0,18,0,18,0,18,0,18,12,20,0,18,14,22,0,18,0,18,0,18,0,18,0,18,0,18,51,46,0,18,135,93,92,74,220,91,170,108,17,27,0,18,0,18
1400000US48453001839,48453001839,"Census Tract 18.39, Travis County, Texas",1511,227,1457,220,0,18,0,18,0,18,0,18,0,18,0,18,0,18,0,18,0,18,54,76,0,18,0,18,27,32,148,68,199,96,274,145,205,112,330,155,117,125,103,80,0,18,54,51
1400000US48453001840,48453001840,"Census Tract 18.40, Travis County, Texas",1030,187,955,187,0,18,0,18,0,18,0,18,0,18,0,18,43,70,0,18,0,18,0,18,0,18,0,18,0,18,0,18,58,63,19,29,165,108,299,119,190,112,181,103,0,18,75,65
1400000US48453001841,48453001841,"Census Tract 18.41, Travis County, Texas",1190,259,1163,257,0,20,0,20,0,20,0,20,12,19,11,19,0,20,0,20,0,20,53,84,0,20,0,20,27,43,0,20,102,103,120,116,44,57,375,193,238,120,163,104,18,28,27,31
1400000US48453001842,48453001842,"Census Tract 18.42, Travis County, Texas",815,212,785,206,0,18,0,18,0,18,0,18,0,18,0,18,0,18,0,18,9,15,0,18,0,18,44,69,55,64,0,18,0,18,40,61,113,92,276,140,199,112,49,39,0,18,30,34
1400000US48453001843,48453001843,"Census Tract 18.43, Travis County, Texas",243,78,228,76,0,13,0,13,0,13,0,13,7,16,0,13,0,13,0,13,0,13,0,13,27,31,0,13,0,13,0,13,21,31,6,11,19,25,98,54,8,15,12,20,30,30,15,25
1400000US48453001844,48453001844,"Census Tract 18.44, Travis County, Texas",1027,120,1027,120,0,13,0,13,0,13,0,13,0,13,0,13,0,13,0,13,0,13,0,13,10,15,70,47,80,64,92,70,69,49,145,81,231,115,206,80,88,60,36,39,0,13,0,13
1400000US48453001845,48453001845,"Census Tract 18.45, Travis County, Texas",555,102,555,102,0,13,0,13,0,13,0,13,0,13,0,13,0,13,0,13,0,13,0,13,0,13,26,32,6,12,9,14,38,32,101,73,157,82,164,71,0,13,46,33,8,13,0,13
1400000US48453001846,48453001846,"Census Tract 18.46, Travis County, Texas",68,62,68,62,0,13,0,13,0,13,0,13,0,13,0,13,0,13,0,13,0,13,0,13,0,13,0,13,0,13,0,13,0,13,0,13,0,13,0,13,11,13,15,18,42,59,0,13
1400000US48453001847,48453001847,"Census Tract 18.47, Travis County, Texas",1164,201,1164,201,0,18,0,18,0,18,0,18,0,18,0,18,0,18,0,18,0,18,0,18,0,18,0,18,33,37,44,45,29,33,172,112,184,112,367,130,190,107,145,118,0,18,0,18
1400000US48453001848,48453001848,"Census Tract 18.48, Travis County, Texas",1175,107,1169,108,0,13,0,13,0,13,0,13,0,13,0,13,0,13,0,13,0,13,7,11,0,13,0,13,0,13,53,42,82,64,257,99,133,86,420,125,103,70,75,50,39,53,6,13
1400000US48453001849,48453001849,"Census Tract 18.49, Travis County, Texas",3308,178,3197,207,0,18,32,35,0,18,0,18,0,18,0,18,0,18,0,18,0,18,15,24,0,18,18,30,50,46,90,51,321,158,889,186,643,197,696,236,265,160,110,81,68,53,111,114
1400000US48453001850,48453001850,"Census Tract 18.50, Travis County, Texas",1805,133,1784,139,0,13,0,13,0,13,0,13,0,13,0,13,0,13,0,13,0,13,33,39,0,13,56,38,167,101,128,90,188,98,249,102,214,85,483,137,144,76,81,80,41,63,21,34
1400000US48453001851,48453001851,"Census Tract 18.51, Travis County, Texas",2363,228,2210,243,0,18,0,18,0,18,0,18,0,18,25,34,33,44,0,18,0,18,0,18,0,18,0,18,71,73,151,112,278,166,577,193,290,129,489,145,98,61,198,119,0,18,153,169
1400000US48453001853,48453001853,"Census Tract 18.53, Travis County, Texas",144,74,144,74,0,13,0,13,0,13,0,13,0,13,0,13,0,13,0,13,0,13,0,13,0,13,0,13,0,13,0,13,0,13,0,13,35,38,65,50,36,48,8,15,0,13,0,13
1400000US48453001854,48453001854,"Census Tract 18.54, Travis County, Texas",195,87,195,87,0,13,0,13,0,13,0,13,0,13,0,13,0,13,0,13,0,13,0,13,0,13,0,13,0,13,0,13,0,13,20,24,0,13,0,13,101,69,66,55,8,18,0,13
1400000US48453001855,48453001855,"Census Tract 18.55, Travis County, Texas",895,245,804,242,0,20,0,20,0,20,0,20,0,20,0,20,0,20,0,20,0,20,0,20,0,20,0,20,0,20,39,62,0,20,200,187,17,22,184,126,185,104,179,102,0,20,91,78
1400000US48453001856,48453001856,"Census Tract 18.56, Travis County, Texas",169,116,169,116,0,18,0,18,0,18,0,18,0,18,0,18,0,18,0,18,0,18,0,18,0,18,0,18,0,18,0,18,0,18,82,90,24,34,0,18,28,32,27,27,8,24,0,18
1400000US48453001857,48453001857,"Census Tract 18.57, Travis County, Texas",695,222,695,222,0,18,0,18,53,82,0,18,0,18,0,18,0,18,0,18,0,18,0,18,0,18,0,18,14,21,37,42,54,76,56,60,16,27,119,101,197,145,149,99,0,18,0,18
1400000US48453001858,48453001858,"Census Tract 18.58, Travis County, Texas",224,130,224,130,0,20,0,20,0,20,0,20,0,20,0,20,0,20,0,20,0,20,0,20,29,46,0,20,0,20,0,20,0,20,0,20,0,20,0,20,24,40,141,101,30,34,0,20
1400000US48453001859,48453001859,"Census Tract 18.59, Travis County, Texas",115,51,91,47,0,13,0,13,0,13,0,13,0,13,0,13,0,13,0,13,0,13,0,13,0,13,0,13,0,13,20,33,0,13,16,27,0,13,55,43,0,13,0,13,0,13,24,30
1400000US48453001860,48453001860,"Census Tract 18.60, Travis County, Texas",943,156,943,156,0,13,0,13,0,13,0,13,0,13,0,13,0,13,0,13,25,44,0,13,0,13,0,13,12,22,7,12,64,51,26,33,131,112,538,126,61,59,79,43,0,13,0,13
1400000US48453001861,48453001861,"Census Tract 18.61, Travis County, Texas",216,127,208,127,0,13,0,13,0,13,0,13,0,13,0,13,0,13,0,13,0,13,0,13,0,13,0,13,0,13,0,13,0,13,0,13,36,54,14,23,11,19,147,112,0,13,8,14
1400000US48453001862,48453001862,"Census Tract 18.62, Travis County, Texas",698,156,678,151,0,18,0,18,0,18,0,18,0,18,0,18,0,18,23,28,4,8,0,18,33,49,0,18,0,18,54,80,58,67,108,103,76,63,117,90,85,86,74,61,46,78,20,32
1400000US48453001863,48453001863,"Census Tract 18.63, Travis County, Texas",1859,124,1856,123,0,13,0,13,0,13,0,13,0,13,0,13,0,13,0,13,0,13,0,13,19,25,215,124,202,103,257,115,315,138,347,126,208,93,258,107,22,33,13,22,0,13,3,6
1400000US48453001864,48453001864,"Census Tract 18.64, Travis County, Texas",1290,147,1290,147,0,13,0,13,0,13,0,13,0,13,0,13,0,13,0,13,0,13,10,15,13,19,21,23,37,45,58,63,74,75,179,71,214,125,438,115,41,42,82,62,123,70,0,13
1400000US48453001901,48453001901,"Census Tract 19.01, Travis County, Texas",1744,142,1744,142,0,18,34,54,0,18,0,18,0,18,0,18,0,18,10,16,0,18,105,90,0,18,13,21,17,26,72,71,92,69,291,133,163,70,614,158,202,93,98,74,33,34,0,18
1400000US48453001908,48453001908,"Census Tract 19.08, Travis County, Texas",1463,224,1432,221,0,18,0,18,63,77,0,18,0,18,0,18,0,18,0,18,0,18,43,71,0,18,0,18,31,36,0,18,15,24,144,110,292,138,374,131,279,126,105,79,86,87,31,36
1400000US48453001910,48453001910,"Census Tract 19.10, Travis County, Texas",863,122,863,122,0,13,0,13,0,13,0,13,0,13,0,13,0,13,0,13,35,55,0,13,27,30,0,13,0,13,17,26,26,25,20,22,71,50,186,94,200,92,125,75,156,87,0,13
1400000US48453001911,48453001911,"Census Tract 19.11, Travis County, Texas",1590,113,1585,114,0,13,0,13,0,13,0,13,0,13,10,16,0,13,0,13,27,31,7,11,9,15,21,24,0,13,22,33,53,45,191,85,164,72,591,129,305,91,132,55,53,30,5,9
1400000US48453001912,48453001912,"Census Tract 19.12, Travis County, Texas",255,78,250,78,0,13,0,13,0,13,0,13,0,13,0,13,0,13,0,13,0,13,0,13,0,13,0,13,0,13,0,13,0,13,0,13,0,13,79,58,34,24,117,71,20,22,5,8
1400000US48453001913,48453001913,"Census Tract 19.13, Travis County, Texas",158,84,150,83,0,13,0,13,0,13,0,13,0,13,0,13,0,13,0,13,0,13,0,13,0,13,0,13,0,13,0,13,0,13,10,16,0,13,23,25,47,56,0,13,70,57,8,13
1400000US48453001914,48453001914,"Census Tract 19.14, Travis County, Texas",1194,158,1166,158,0,18,0,18,0,18,0,18,0,18,31,52,0,18,0,18,0,18,0,18,0,18,0,18,0,18,0,18,13,20,93,64,133,95,509,191,224,99,87,78,76,54,28,32
1400000US48453001915,48453001915,"Census Tract 19.15, Travis County, Texas",549,89,544,91,2,4,0,13,0,13,0,13,0,13,0,13,0,13,0,13,0,13,0,13,0,13,0,13,0,13,14,22,52,63,21,27,103,76,192,97,112,93,6,9,42,36,5,9
1400000US48453001916,48453001916,"Census Tract 19.16, Travis County, Texas",0,13,0,13,0,13,0,13,0,13,0,13,0,13,0,13,0,13,0,13,0,13,0,13,0,13,0,13,0,13,0,13,0,13,0,13,0,13,0,13,0,13,0,13,0,13,0,13
1400000US48453001917,48453001917,"Census Tract 19.17, Travis County, Texas",30,35,21,32,0,13,0,13,0,13,0,13,0,13,0,13,0,13,0,13,0,13,0,13,0,13,0,13,0,13,0,13,0,13,0,13,0,13,0,13,0,13,21,32,0,13,9,14
1400000US48453001918,48453001918,"Census Tract 19.18, Travis County, Texas",88,75,88,75,0,13,0,13,0,13,0,13,0,13,0,13,0,13,0,13,0,13,0,13,0,13,0,13,0,13,0,13,0,13,0,13,0,13,0,13,0,13,39,50,49,59,0,13
1400000US48453001919,48453001919,"Census Tract 19.19, Travis County, Texas",138,66,135,66,0,13,0,13,0,13,0,13,0,13,0,13,0,13,0,13,0,13,0,13,0,13,0,13,11,16,0,13,12,17,0,13,0,13,36,39,24,35,0,13,52,42,3,6
1400000US48453002002,48453002002,"Census Tract 20.02, Travis County, Texas",583,103,583,103,0,13,0,13,0,13,10,15,0,13,10,16,9,15,0,13,0,13,43,65,27,42,10,16,23,26,72,66,9,14,9,15,60,55,158,91,89,56,54,52,0,13,0,13
1400000US48453002003,48453002003,"Census Tract 20.03, Travis County, Texas",720,122,707,123,0,13,0,13,0,13,0,13,0,13,0,13,0,13,35,51,0,13,24,38,0,13,57,40,107,73,42,43,150,82,148,80,57,45,31,30,8,13,26,26,22,32,13,19
1400000US48453002004,48453002004,"Census Tract 20.04, Travis County, Texas",1218,134,1218,134,0,13,0,13,12,20,9,15,0,13,0,13,0,13,0,13,0,13,8,14,0,13,34,52,103,50,127,75,74,38,394,129,178,66,179,85,57,29,43,43,0,13,0,13
1400000US48453002005,48453002005,"Census Tract 20.05, Travis County, Texas",1764,180,1764,180,0,13,0,13,0,13,0,13,0,13,33,53,15,24,15,25,0,13,0,13,0,13,18,28,161,100,133,85,144,102,323,127,300,121,405,137,76,50,141,108,0,13,0,13
1400000US48453002104,48453002104,"Census Tract 21.04, Travis County, Texas",511,104,511,104,0,13,0,13,0,13,0,13,0,13,0,13,15,22,0,13,0,13,28,34,0,13,28,42,54,59,0,13,41,35,47,56,111,68,46,46,104,70,37,45,0,13,0,13
1400000US48453002105,48453002105,"Census Tract 21.05, Travis County, Texas",1698,156,1698,156,0,18,16,24,0,18,85,80,0,18,0,18,53,78,0,18,33,55,27,33,54,56,232,105,59,33,205,107,187,101,372,129,174,100,90,73,97,80,14,24,0,18,0,18
1400000US48453002106,48453002106,"Census Tract 21.06, Travis County, Texas",372,92,354,88,0,13,0,13,0,13,20,22,0,13,0,13,0,13,0,13,19,29,0,13,45,38,17,19,31,29,39,40,0,13,27,40,41,45,32,37,28,30,55,51,0,13,18,21
1400000US48453002107,48453002107,"Census Tract 21.07, Travis County, Texas",713,123,698,118,21,34,0,13,7,12,0,13,21,32,0,13,0,13,7,10,0,13,9,14,8,13,40,46,38,44,40,44,39,42,114,71,97,53,130,78,101,63,26,29,0,13,15,18
1400000US48453002108,48453002108,"Census Tract 21.08, Travis County, Texas",843,90,808,94,0,13,0,13,20,29,54,58,0,13,17,29,0,13,0,13,0,13,70,57,144,86,65,48,49,45,51,51,31,42,115,74,100,83,32,28,20,32,30,39,10,16,35,35
1400000US48453002109,48453002109,"Census Tract 21.09, Travis County, Texas",724,159,700,159,0,13,0,13,19,21,7,12,10,16,10,16,34,40,0,13,10,16,8,13,49,52,30,41,42,48,0,13,10,15,99,78,137,75,99,76,97,72,39,43,0,13,24,23
1400000US48453002110,48453002110,"Census Tract 21.10, Travis County, Texas",735,103,681,102,0,13,9,15,21,34,17,27,35,53,0,13,0,13,0,13,24,39,14,22,10,16,8,14,75,72,12,18,60,58,72,63,69,66,236,85,0,13,19,28,0,13,54,50
1400000US48453002111,48453002111,"Census Tract 21.11, Travis County, Texas",760,143,740,143,0,13,14,17,26,30,63,58,25,28,0,13,24,28,0,13,52,43,0,13,53,52,0,13,22,36,47,39,51,49,79,53,78,64,118,64,39,31,49,49,0,13,20,22
1400000US48453002112,48453002112,"Census Tract 21.12, Travis County, Texas",1157,153,1142,153,0,18,0,18,0,18,8,12,18,28,0,18,0,18,0,18,0,18,106,66,11,20,81,76,133,58,111,87,95,77,115,68,139,72,197,105,42,39,64,61,22,32,15,17
1400000US48453002113,48453002113,"Census Tract 21.13, Travis County, Texas",319,88,301,87,0,13,0,13,0,13,0,13,0,13,0,13,12,21,0,13,0,13,8,13,0,13,9,14,29,42,0,13,55,57,40,41,22,32,61,53,59,53,6,12,0,13,18,22
1400000US48453002201,48453002201,"Census Tract 22.01, Travis County, Texas",181,54,181,54,0,13,0,13,0,13,0,13,0,13,0,13,0,13,0,13,0,13,0,13,3,6,0,13,0,13,0,13,0,13,66,42,32,31,47,31,32,28,1,6,0,13,0,13
1400000US48453002202,48453002202,"Census Tract 22.02, Travis County, Texas",1331,206,1331,206,0,18,21,38,0,18,0,18,15,24,0,18,0,18,51,62,0,18,11,18,0,18,0,18,12,20,31,52,66,88,239,130,224,112,516,219,129,106,16,25,0,18,0,18
1400000US48453002207,48453002207,"Census Tract 22.07, Travis County, Texas",584,216,584,216,0,18,0,18,0,18,2,3,0,18,0,18,0,18,11,18,0,18,109,165,0,18,0,18,0,18,0,18,72,81,45,72,20,23,131,115,134,95,60,78,0,18,0,18
1400000US48453002208,48453002208,"Census Tract 22.08, Travis County, Texas",734,195,696,194,0,18,0,18,0,18,0,18,0,18,0,18,0,18,0,18,0,18,42,52,56,64,21,34,0,18,0,18,26,41,96,75,30,34,217,115,139,79,69,67,0,18,38,40
1400000US48453002209,48453002209,"Census Tract 22.09, Travis County, Texas",546,189,527,188,0,18,0,18,0,18,0,18,0,18,0,18,0,18,0,18,5,9,0,18,0,18,0,18,0,18,40,40,51,72,15,25,32,43,41,51,266,177,77,69,0,18,19,26
1400000US48453002210,48453002210,"Census Tract 22.10, Travis County, Texas",149,80,129,74,0,13,0,13,0,13,0,13,0,13,0,13,0,13,0,13,0,13,1,11,7,11,0,13,0,13,0,13,32,29,7,19,35,39,9,34,4,8,34,33,0,13,20,27
1400000US48453002211,48453002211,"Census Tract 22.11, Travis County, Texas",88,76,88,76,0,13,0,13,0,13,0,13,0,13,0,13,0,13,0,13,0,13,0,13,29,46,29,46,0,13,0,13,30,48,0,13,0,13,0,13,0,13,0,13,0,13,0,13
1400000US48453002212,48453002212,"Census Tract 22.12, Travis County, Texas",15,24,15,24,0,13,0,13,0,13,0,13,0,13,0,13,0,13,0,13,0,13,0,13,0,13,0,13,0,13,0,13,0,13,15,24,0,13,0,13,0,13,0,13,0,13,0,13
1400000US48453002304,48453002304,"Census Tract 23.04, Travis County, Texas",1386,146,1352,145,0,13,0,13,0,13,0,13,0,13,0,13,0,13,54,59,0,13,0,13,54,58,151,75,105,72,44,50,77,63,368,121,201,80,153,91,132,63,8,14,5,11,34,27
1400000US48453002307,48453002307,"Census Tract 23.07, Travis County, Texas",2125,152,2059,158,0,18,0,18,0,18,0,18,0,18,0,18,0,18,0,18,0,18,13,21,0,18,139,111,99,68,177,105,307,139,455,185,434,122,254,121,59,78,103,93,19,30,66,60
1400000US48453002308,48453002308,"Census Tract 23.08, Travis County, Texas",1770,159,1725,180,12,21,53,42,14,22,0,18,0,18,0,18,65,73,0,18,18,29,48,43,50,61,69,68,128,87,25,29,132,92,255,123,173,87,441,129,81,58,139,88,22,34,45,56
1400000US48453002310,48453002310,"Census Tract 23.10, Travis County, Texas",463,113,446,112,0,13,0,13,0,13,5,8,0,13,24,37,0,13,0,13,28,32,14,22,3,5,77,68,23,29,14,22,24,21,80,55,33,34,107,64,14,22,0,13,0,13,17,20
1400000US48453002312,48453002312,"Census Tract 23.12, Travis County, Texas",1179,170,1090,175,0,18,0,18,0,18,13,20,33,55,0,18,0,18,0,18,30,46,37,58,15,23,79,77,28,45,184,95,71,69,129,80,136,80,181,103,57,52,97,65,0,18,89,59
1400000US48453002313,48453002313,"Census Tract 23.13, Travis County, Texas",1879,130,1879,130,0,13,0,13,0,13,0,13,0,13,0,13,0,13,34,38,0,13,0,13,129,100,154,74,136,89,198,89,148,87,292,112,267,130,428,172,57,41,36,55,0,13,0,13
1400000US48453002314,48453002314,"Census Tract 23.14, Travis County, Texas",2093,181,2073,180,0,13,0,13,0,13,0,13,0,13,12,20,0,13,0,13,0,13,0,13,20,35,143,77,208,114,240,120,281,117,287,113,347,144,273,93,196,83,45,52,21,33,20,31
1400000US48453002315,48453002315,"Census Tract 23.15, Travis County, Texas",1131,113,1125,112,0,13,0,13,0,13,0,13,0,13,0,13,12,18,16,25,45,58,16,25,77,59,140,66,121,65,85,56,58,44,254,85,206,98,70,47,25,29,0,13,0,13,6,10
1400000US48453002316,48453002316,"Census Tract 23.16, Travis County, Texas",2167,144,2153,144,0,18,0,18,0,18,0,18,0,18,48,47,15,17,0,18,0,18,53,42,160,86,120,82,365,140,152,87,280,125,462,148,330,121,115,73,53,58,0,18,0,18,14,23
1400000US48453002317,48453002317,"Census Tract 23.17, Travis County, Texas",1551,143,1551,143,0,13,0,13,0,13,0,13,0,13,0,13,16,31,53,50,122,89,135,99,62,71,92,79,28,33,140,92,0,13,205,142,109,113,201,114,108,84,199,105,81,76,0,13
1400000US48453002318,48453002318,"Census Tract 23.18, Travis County, Texas",1913,187,1842,195,25,41,27,43,0,18,0,18,28,45,28,46,64,61,77,73,24,40,45,53,88,86,71,69,56,74,129,86,98,84,196,125,113,80,437,185,144,110,192,107,0,18,71,83
1400000US48453002319,48453002319,"Census Tract 23.19, Travis County, Texas",0,13,0,13,0,13,0,13,0,13,0,13,0,13,0,13,0,13,0,13,0,13,0,13,0,13,0,13,0,13,0,13,0,13,0,13,0,13,0,13,0,13,0,13,0,13,0,13
1400000US48453002402,48453002402,"Census Tract 24.02, Travis County, Texas",2011,220,1926,229,0,18,0,18,0,18,15,24,0,18,0,18,0,18,0,18,13,20,0,18,0,18,54,70,31,36,69,77,40,43,285,127,217,123,729,196,406,167,67,70,0,18,85,95
1400000US48453002403,48453002403,"Census Tract 24.03, Travis County, Texas",489,122,480,124,0,13,0,13,0,13,0,13,0,13,23,41,0,13,0,13,0,13,0,13,9,16,40,55,39,52,111,63,0,13,7,14,0,13,64,53,63,62,114,82,10,17,9,15
1400000US48453002407,48453002407,"Census Tract 24.07, Travis County, Texas",443,86,434,86,0,13,0,13,0,13,0,13,0,13,0,13,0,13,0,13,0,13,0,13,0,13,0,13,0,13,0,13,7,13,24,35,69,55,174,90,129,76,14,18,17,18,9,13
1400000US48453002409,48453002409,"Census Tract 24.09, Travis County, Texas",466,114,466,114,0,13,0,13,0,13,0,13,0,13,0,13,8,14,0,13,0,13,0,13,0,13,0,13,24,37,4,8,0,13,8,12,49,52,215,107,97,84,61,47,0,13,0,13
1400000US48453002410,48453002410,"Census Tract 24.10, Travis County, Texas",1256,132,1216,124,0,13,9,14,0,13,0,13,0,13,11,17,0,13,8,13,0,13,27,42,55,51,23,37,119,84,51,21,147,78,298,108,81,61,270,102,59,47,58,52,0,13,40,50
1400000US48453002411,48453002411,"Census Tract 24.11, Travis County, Texas",1033,113,1026,114,0,18,0,18,0,18,0,18,0,18,0,18,0,18,0,18,0,18,9,15,0,18,16,23,0,18,56,63,159,96,124,70,173,102,314,124,131,87,44,46,0,18,7,12
1400000US48453002412,48453002412,"Census Tract 24.12, Travis County, Texas",403,95,403,95,0,18,0,18,0,18,0,18,0,18,0,18,0,18,0,18,0,18,0,18,0,18,0,18,13,22,20,24,7,10,27,30,58,41,153,79,104,67,21,29,0,18,0,18
1400000US48453002413,48453002413,"Census Tract 24.13, Travis County, Texas",856,83,856,83,0,13,0,13,0,13,0,13,9,15,0,13,0,13,0,13,21,22,0,13,13,22,61,53,0,13,0,13,8,14,167,80,214,85,344,109,9,14,10,17,0,13,0,13
1400000US48453002419,48453002419,"Census Tract 24.19, Travis County, Texas",1911,84,1884,83,0,13,0,13,40,36,0,13,0,13,0,13,0,13,0,13,0,13,24,19,52,53,52,43,132,68,134,51,352,110,401,105,344,101,333,97,20,22,0,13,0,13,27,31
1400000US48453002421,48453002421,"Census Tract 24.21, Travis County, Texas",2031,173,1984,195,0,18,0,18,0,18,0,18,32,40,0,18,0,18,0,18,0,18,0,18,0,18,0,18,28,42,52,70,13,20,84,65,598,211,641,170,365,174,171,123,0,18,47,71
1400000US48453002422,48453002422,"Census Tract 24.22, Travis County, Texas",1438,161,1413,163,0,18,0,18,0,18,15,24,0,18,0,18,0,18,30,49,0,18,36,30,70,102,94,96,203,116,47,40,76,96,65,59,280,147,409,153,15,24,73,45,0,18,25,39
1400000US48453002423,48453002423,"Census Tract 24.23, Travis County, Texas",729,145,719,146,0,18,0,18,0,18,0,18,0,18,0,18,0,18,22,35,0,18,35,48,0,18,15,24,0,18,0,18,0,18,105,86,86,86,193,117,214,128,49,55,0,18,10,18
1400000US48453002424,48453002424,"Census Tract 24.24, Travis County, Texas",679,122,644,124,0,13,0,13,10,16,19,20,9,14,10,15,8,13,0,13,0,13,0,13,0,13,66,50,25,39,81,62,15,17,66,56,124,65,52,35,120,63,39,56,0,13,35,34
1400000US48453002425,48453002425,"Census Tract 24.25, Travis County, Texas",465,102,424,101,0,13,0,13,0,13,0,13,0,13,0,13,0,13,0,13,29,46,0,13,0,13,0,13,0,13,0,13,0,13,51,46,74,76,129,67,0,13,141,112,0,13,41,46
1400000US48453002426,48453002426,"Census Tract 24.26, Travis County, Texas",616,176,616,176,0,18,0,18,0,18,0,18,0,18,0,18,0,18,0,18,0,18,0,18,0,18,0,18,0,18,108,116,0,18,71,77,0,18,98,88,169,125,115,117,55,68,0,18
1400000US48453002427,48453002427,"Census Tract 24.27, Travis County, Texas",874,216,874,216,0,18,0,18,0,18,0,18,0,18,0,18,0,18,0,18,0,18,0,18,87,139,17,28,137,116,0,18,51,80,220,130,107,92,198,150,16,26,41,36,0,18,0,18
1400000US48453002428,48453002428,"Census Tract 24.28, Travis County, Texas",1175,214,1175,214,0,18,0,18,0,18,0,18,0,18,0,18,0,18,0,18,45,71,0,18,0,18,0,18,20,32,16,27,90,123,191,144,161,126,270,151,285,139,84,114,13,20,0,18
1400000US48453002429,48453002429,"Census Tract 24.29, Travis County, Texas",271,89,271,89,0,13,0,13,0,13,0,13,0,13,0,13,0,13,0,13,0,13,0,13,0,13,12,20,11,16,0,13,61,58,26,32,45,51,66,40,45,35,5,8,0,13,0,13
1400000US48453002430,48453002430,"Census Tract 24.30, Travis County, Texas",224,121,224,121,0,13,0,13,0,13,0,13,0,13,0,13,0,13,38,59,0,13,0,13,0,13,0,13,15,24,0,13,0,13,0,13,57,78,71,59,17,27,26,44,0,13,0,13
1400000US48453002431,48453002431,"Census Tract 24.31, Travis County, Texas",581,149,572,148,0,18,0,18,0,18,0,18,0,18,36,57,30,46,0,18,0,18,0,18,0,18,0,18,39,60,0,18,13,21,14,23,63,73,215,112,82,77,80,71,0,18,9,16
1400000US48453002432,48453002432,"Census Tract 24.32, Travis County, Texas",232,82,194,81,0,13,0,13,0,13,0,13,2,3,0,13,0,13,24,38,0,13,0,13,2,4,50,53,25,34,3,5,0,13,38,44,1,2,19,19,30,43,0,13,0,13,38,37
1400000US48453002433,48453002433,"Census Tract 24.33, Travis County, Texas",116,76,112,76,0,18,0,18,0,18,0,18,0,18,0,18,0,18,0,18,0,18,0,18,0,18,0,18,0,18,0,18,0,18,0,18,8,13,41,51,0,18,63,53,0,18,4,9
1400000US48453002434,48453002434,"Census Tract 24.34, Travis County, Texas",150,59,146,59,0,13,0,13,0,13,0,13,0,13,0,13,0,13,0,13,0,13,0,13,0,13,0,13,0,13,7,10,20,24,12,17,20,19,9,12,60,53,0,13,18,26,4,6
1400000US48453002435,48453002435,"Census Tract 24.35, Travis County, Texas",552,198,432,157,0,18,0,18,0,18,0,18,0,18,0,18,0,18,0,18,0,18,0,18,0,18,15,25,39,62,13,19,32,52,23,38,0,18,46,62,137,108,110,85,17,27,120,103
1400000US48453002436,48453002436,"Census Tract 24.36, Travis County, Texas",149,76,129,71,0,13,0,13,0,13,0,13,0,13,0,13,0,13,46,43,0,13,0,13,0,13,0,13,0,13,0,13,0,13,0,13,33,47,29,29,21,33,0,13,0,13,20,28
1400000US48453002500,48453002500,"Census Tract 25, Travis County, Texas",1747,156,1724,149,0,18,0,18,0,18,0,18,0,18,0,18,0,18,14,23,0,18,0,18,0,18,4,12,50,49,25,28,64,42,240,80,240,107,646,167,187,81,142,99,112,59,23,24
1400000US48453980000,48453980000,"Census Tract 9800, Travis County, Texas",0,13,0,13,0,13,0,13,0,13,0,13,0,13,0,13,0,13,0,13,0,13,0,13,0,13,0,13,0,13,0,13,0,13,0,13,0,13,0,13,0,13,0,13,0,13,0,13
1400000US48491020105,48491020105,"Census Tract 201.05, Williamson County, Texas",146,112,146,112,0,13,0,13,0,13,0,13,0,13,0,13,0,13,0,13,0,13,0,13,0,13,0,13,0,13,0,13,0,13,0,13,0,13,60,93,14,23,21,26,51,59,0,13
1400000US48491020106,48491020106,"Census Tract 201.06, Williamson County, Texas",112,95,112,95,0,13,0,13,0,13,0,13,0,13,0,13,0,13,0,13,0,13,0,13,0,13,0,13,0,13,0,13,0,13,0,13,0,13,0,13,0,13,112,95,0,13,0,13
1400000US48491020107,48491020107,"Census Tract 201.07, Williamson County, Texas",98,83,98,83,0,13,0,13,0,13,0,13,0,13,0,13,0,13,0,13,0,13,0,13,0,13,0,13,0,13,0,13,0,13,0,13,0,13,0,13,53,65,45,50,0,13,0,13
1400000US48491020108,48491020108,"Census Tract 201.08, Williamson County, Texas",201,84,201,84,0,13,0,13,0,13,0,13,0,13,0,13,0,13,0,13,0,13,0,13,0,13,0,13,0,13,0,13,0,13,23,37,0,13,39,56,62,68,8,14,69,46,0,13
1400000US48491020109,48491020109,"Census Tract 201.09, Williamson County, Texas",39,46,39,46,0,13,0,13,0,13,0,13,0,13,0,13,0,13,0,13,0,13,0,13,0,13,0,13,0,13,0,13,0,13,0,13,0,13,0,13,27,41,12,20,0,13,0,13
1400000US48491020110,48491020110,"Census Tract 201.10, Williamson County, Texas",225,92,180,76,0,13,0,13,7,13,0,13,15,24,15,24,0,13,45,69,34,31,11,19,9,15,0,13,0,13,0,13,0,13,0,13,17,25,27,32,0,13,0,13,0,13,45,44
1400000US48491020111,48491020111,"Census Tract 201.11, Williamson County, Texas",194,91,171,91,0,13,0,13,0,13,0,13,0,13,0,13,0,13,0,13,0,13,0,13,0,13,0,13,0,13,25,28,15,23,46,62,0,13,26,31,47,50,12,18,0,13,23,20
1400000US48491020112,48491020112,"Census Tract 201.12, Williamson County, Texas",66,79,17,27,0,13,0,13,0,13,0,13,0,13,0,13,0,13,0,13,0,13,0,13,0,13,0,13,0,13,0,13,0,13,0,13,0,13,17,27,0,13,0,13,0,13,49,74
1400000US48491020113,48491020113,"Census Tract 201.13, Williamson County, Texas",454,135,454,135,14,21,0,13,0,13,12,21,0,13,0,13,0,13,40,68,0,13,13,23,41,39,100,91,0,13,99,79,6,10,27,32,35,38,0,13,27,31,40,61,0,13,0,13
1400000US48491020114,48491020114,"Census Tract 201.14, Williamson County, Texas",1065,128,1040,127,0,18,0,18,0,18,11,20,55,55,0,18,0,18,0,18,0,18,0,18,33,51,0,18,68,73,46,28,154,84,110,84,157,103,344,115,62,40,0,18,0,18,25,28
1400000US48491020115,48491020115,"Census Tract 201.15, Williamson County, Texas",66,56,66,56,0,13,0,13,0,13,0,13,0,13,0,13,0,13,0,13,18,30,0,13,0,13,0,13,0,13,0,13,0,13,0,13,0,13,21,34,0,13,27,32,0,13,0,13
1400000US48491020201,48491020201,"Census Tract 202.01, Williamson County, Texas",225,101,225,101,0,13,0,13,11,18,0,13,0,13,0,13,0,13,0,13,0,13,10,12,12,18,13,17,60,84,13,22,13,15,21,34,9,10,40,30,23,34,0,13,0,13,0,13
1400000US48491020202,48491020202,"Census Tract 202.02, Williamson County, Texas",106,65,90,58,0,18,0,18,0,18,0,18,0,18,5,9,0,18,0,18,0,18,0,18,0,18,0,18,0,18,0,18,43,52,26,34,0,18,16,24,0,18,0,18,0,18,16,26
1400000US48491020203,48491020203,"Census Tract 202.03, Williamson County, Texas",93,95,93,95,0,13,0,13,0,13,0,13,0,13,0,13,0,13,0,13,0,13,0,13,0,13,0,13,0,13,0,13,0,13,0,13,0,13,16,26,0,13,77,96,0,13,0,13
1400000US48491020204,48491020204,"Census Tract 202.04, Williamson County, Texas",182,135,171,136,0,13,0,13,0,13,0,13,0,13,0,13,0,13,0,13,19,25,0,13,0,13,0,13,0,13,0,13,0,13,3,6,116,136,19,25,4,6,0,13,10,17,11,14
1400000US48491020301,48491020301,"Census Tract 203.01, Williamson County, Texas",312,99,224,82,0,18,0,18,0,18,0,18,0,18,0,18,6,9,0,18,0,18,4,8,0,18,10,14,9,11,0,18,0,18,26,26,36,32,30,23,57,43,37,52,9,14,88,67
1400000US48491020302,48491020302,"Census Tract 203.02, Williamson County, Texas",145,82,136,81,0,13,0,13,0,13,0,13,0,13,0,13,0,13,0,13,0,13,0,13,0,13,0,13,9,13,0,13,11,17,0,13,6,10,4,8,45,44,61,68,0,13,9,14
1400000US48491020310,48491020310,"Census Tract 203.10, Williamson County, Texas",161,66,161,66,0,13,0,13,0,13,0,13,0,13,0,13,0,13,0,13,0,13,0,13,0,13,0,13,0,13,0,13,0,13,0,13,9,15,28,32,36,51,52,45,36,42,0,13
1400000US48491020311,48491020311,"Census Tract 203.11, Williamson County, Texas",645,121,645,121,0,13,0,13,0,13,0,13,0,13,0,13,0,13,0,13,0,13,18,31,0,13,0,13,0,13,0,13,33,54,180,119,122,92,173,100,67,45,44,42,8,12,0,13
1400000US48491020312,48491020312,"Census Tract 203.12, Williamson County, Texas",732,233,703,232,0,18,0,18,0,18,0,18,0,18,0,18,0,18,0,18,0,18,0,18,0,18,0,18,0,18,0,18,0,18,262,165,0,18,136,108,205,122,100,80,0,18,29,33
1400000US48491020313,48491020313,"Census Tract 203.13, Williamson County, Texas",761,195,761,195,0,18,0,18,0,18,0,18,0,18,0,18,0,18,0,18,0,18,0,18,0,18,8,13,0,18,79,67,30,31,145,84,8,13,84,58,71,91,244,132,92,81,0,18
1400000US48491020314,48491020314,"Census Tract 203.14, Williamson County, Texas",423,163,417,161,0,18,0,18,0,18,0,18,0,18,0,18,0,18,0,18,0,18,0,18,0,18,34,53,0,18,0,18,33,53,0,18,0,18,57,76,223,147,70,63,0,18,6,12
1400000US48491020315,48491020315,"Census Tract 203.15, Williamson County, Texas",623,126,623,126,0,13,0,13,0,13,0,13,0,13,0,13,0,13,0,13,0,13,0,13,0,13,0,13,0,13,7,12,154,124,39,37,144,128,79,55,116,96,12,18,72,65,0,13
1400000US48491020316,48491020316,"Census Tract 203.16, Williamson County, Texas",593,149,593,149,0,13,0,13,0,13,0,13,0,13,0,13,0,13,0,13,0,13,0,13,0,13,0,13,0,13,8,13,10,16,91,71,55,42,293,157,98,80,21,26,17,28,0,13
1400000US48491020317,48491020317,"Census Tract 203.17, Williamson County, Texas",626,196,626,196,0,13,0,13,0,13,0,13,0,13,0,13,0,13,0,13,0,13,0,13,0,13,0,13,9,17,10,15,103,89,93,88,66,66,252,117,58,59,35,42,0,13,0,13
1400000US48491020318,48491020318,"Census Tract 203.18, Williamson County, Texas",710,169,710,169,0,18,0,18,0,18,0,18,0,18,0,18,0,18,0,18,0,18,0,18,0,18,0,18,0,18,10,16,110,87,70,56,126,108,130,100,87,68,151,100,26,42,0,18
1400000US48491020319,48491020319,"Census Tract 203.19, Williamson County, Texas",503,215,503,215,0,18,0,18,0,18,0,18,0,18,0,18,0,18,0,18,0,18,0,18,0,18,0,18,0,18,0,18,0,18,12,22,0,18,0,18,250,179,241,175,0,18,0,18
1400000US48491020320,48491020320,"Census Tract 203.20, Williamson County, Texas",388,164,388,164,0,18,0,18,0,18,0,18,0,18,0,18,0,18,0,18,0,18,0,18,0,18,0,18,0,18,0,18,0,18,0,18,0,18,116,75,228,165,44,42,0,18,0,18
1400000US48491020321,48491020321,"Census Tract 203.21, Williamson County, Texas",113,76,107,75,0,13,0,13,0,13,11,17,16,25,0,13,0,13,0,13,17,28,0,13,0,13,0,13,0,13,0,13,0,13,0,13,0,13,14,16,0,13,49,76,0,13,6,12
1400000US48491020322,48491020322,"Census Tract 203.22, Williamson County, Texas",892,162,858,157,0,18,0,18,0,18,0,18,0,18,0,18,0,18,0,18,0,18,0,18,53,86,96,98,9,15,126,81,6,11,161,94,88,67,167,106,50,49,49,52,53,60,34,28
1400000US48491020323,48491020323,"Census Tract 203.23, Williamson County, Texas",299,102,299,102,0,13,0,13,0,13,0,13,0,13,0,13,0,13,0,13,0,13,0,13,0,13,0,13,14,20,6,10,30,33,0,13,13,22,125,61,86,64,25,35,0,13,0,13
1400000US48491020324,48491020324,"Census Tract 203.24, Williamson County, Texas",227,111,227,111,0,18,0,18,0,18,0,18,0,18,0,18,0,18,0,18,0,18,0,18,0,18,0,18,0,18,0,18,34,55,0,18,0,18,11,17,78,57,95,74,9,14,0,18
1400000US48491020325,48491020325,"Census Tract 203.25, Williamson County, Texas",391,129,391,129,0,13,0,13,0,13,0,13,0,13,0,13,0,13,0,13,0,13,8,15,0,13,0,13,0,13,35,46,5,10,0,13,130,127,189,141,7,12,17,32,0,13,0,13
1400000US48491020326,48491020326,"Census Tract 203.26, Williamson County, Texas",151,88,111,78,0,18,0,18,0,18,0,18,0,18,0,18,0,18,0,18,0,18,0,18,0,18,0,18,0,18,0,18,0,18,0,18,18,25,0,18,12,19,81,68,0,18,40,35
1400000US48491020327,48491020327,"Census Tract 203.27, Williamson County, Texas",78,72,78,72,0,13,0,13,0,13,0,13,0,13,0,13,0,13,0,13,0,13,0,13,0,13,0,13,0,13,0,13,0,13,58,67,0,13,10,16,0,13,10,18,0,13,0,13
1400000US48491020328,48491020328,"Census Tract 203.28, Williamson County, Texas",518,189,505,192,0,18,0,18,0,18,0,18,9,15,0,18,0,18,0,18,15,21,0,18,0,18,0,18,11,16,39,31,29,35,30,29,11,19,117,105,38,43,206,163,0,18,13,22
1400000US48491020403,48491020403,"Census Tract 204.03, Williamson County, Texas",212,64,212,64,0,13,0,13,0,13,0,13,0,13,0,13,0,13,0,13,0,13,0,13,0,13,5,10,0,13,17,28,0,13,41,42,53,41,95,62,0,13,1,4,0,13,0,13
1400000US48491020404,48491020404,"Census Tract 204.04, Williamson County, Texas",204,89,204,89,0,13,0,13,0,13,0,13,0,13,0,13,0,13,0,13,0,13,0,13,0,13,0,13,0,13,0,13,0,13,8,12,11,17,18,24,64,56,64,49,39,62,0,13
1400000US48491020405,48491020405,"Census Tract 204.05, Williamson County, Texas",1566,176,1566,176,0,18,0,18,0,18,0,18,0,18,0,18,0,18,0,18,12,19,0,18,0,18,26,34,98,60,166,108,161,97,172,98,465,160,273,119,171,90,22,26,0,18,0,18
1400000US48491020406,48491020406,"Census Tract 204.06, Williamson County, Texas",2828,227,2799,220,0,18,0,18,0,18,0,18,0,18,0,18,0,18,0,18,0,18,0,18,54,54,46,56,195,126,125,73,172,103,504,180,450,156,921,207,220,109,112,68,0,18,29,47
1400000US48491020408,48491020408,"Census Tract 204.08, Williamson County, Texas",1025,157,1025,157,0,13,0,13,0,13,15,25,12,20,0,13,0,13,0,13,0,13,13,22,18,30,33,38,39,59,47,39,34,29,45,42,86,77,427,160,256,144,0,13,0,13,0,13
1400000US48491020409,48491020409,"Census Tract 204.09, Williamson County, Texas",1101,194,1101,194,0,13,0,13,0,13,0,13,0,13,0,13,0,13,0,13,0,13,0,13,0,13,0,13,43,65,0,13,57,76,158,114,167,106,440,167,197,111,28,36,11,18,0,13
1400000US48491020410,48491020410,"Census Tract 204.10, Williamson County, Texas",1425,209,1388,201,0,18,0,18,0,18,0,18,0,18,0,18,0,18,0,18,0,18,56,65,11,18,82,71,43,55,199,129,74,61,155,132,251,149,107,70,168,131,219,134,23,26,37,47
1400000US48491020411,48491020411,"Census Tract 204.11, Williamson County, Texas",720,139,720,139,0,18,0,18,0,18,0,18,0,18,0,18,0,18,0,18,0,18,0,18,0,18,0,18,0,18,29,34,29,34,116,77,71,57,213,97,163,123,82,69,17,37,0,18
1400000US48491020503,48491020503,"Census Tract 205.03, Williamson County, Texas",261,102,261,102,0,13,0,13,0,13,0,13,13,21,0,13,0,13,0,13,0,13,0,13,11,17,29,31,14,25,7,14,0,13,52,66,10,16,10,17,47,46,13,18,55,43,0,13
1400000US48491020504,48491020504,"Census Tract 205.04, Williamson County, Texas",2635,251,2569,259,43,68,0,18,0,18,0,18,0,18,0,18,40,62,0,18,0,18,12,33,15,24,43,38,26,32,107,88,324,187,437,198,535,219,408,152,514,166,65,51,0,18,66,82
1400000US48491020505,48491020505,"Census Tract 205.05, Williamson County, Texas",67,47,45,46,0,13,0,13,0,13,0,13,0,13,0,13,0,13,0,13,0,13,0,13,0,13,0,13,0,13,0,13,0,13,0,13,0,13,0,13,0,13,28,38,17,27,22,35
1400000US48491020506,48491020506,"Census Tract 205.06, Williamson County, Texas",843,234,834,233,0,18,0,18,0,18,0,18,0,18,0,18,0,18,0,18,0,18,13,21,0,18,0,18,0,18,20,33,0,18,19,32,23,34,204,105,163,91,392,195,0,18,9,17
1400000US48491020507,48491020507,"Census Tract 205.07, Williamson County, Texas",354,116,354,116,0,13,0,13,0,13,0,13,0,13,0,13,0,13,0,13,0,13,0,13,0,13,0,13,0,13,0,13,0,13,0,13,12,20,91,91,5,17,227,114,19,28,0,13
1400000US48491020508,48491020508,"Census Tract 205.08, Williamson County, Texas",1662,185,1662,185,0,13,0,13,0,13,0,13,0,13,0,13,0,13,0,13,0,13,0,13,11,18,0,13,0,13,69,70,153,109,405,168,254,138,547,211,121,115,91,56,11,19,0,13
1400000US48491020509,48491020509,"Census Tract 205.09, Williamson County, Texas",218,106,178,110,0,18,0,18,0,18,0,18,0,18,0,18,0,18,0,18,0,18,0,18,49,57,0,18,0,18,0,18,0,18,0,18,0,18,15,24,42,49,40,57,32,40,40,65
1400000US48491020510,48491020510,"Census Tract 205.10, Williamson County, Texas",515,171,515,171,0,20,0,20,0,20,0,20,0,20,0,20,0,20,0,20,0,20,0,20,0,20,12,20,0,20,0,20,17,27,25,39,65,49,96,116,119,118,103,85,78,59,0,20
1400000US48491020602,48491020602,"Census Tract 206.02, Williamson County, Texas",590,130,567,130,0,13,0,13,0,13,0,13,0,13,0,13,0,13,0,13,9,14,14,21,31,44,38,45,7,12,0,13,0,13,30,29,133,93,175,90,86,63,32,31,12,18,23,26
1400000US48491020603,48491020603,"Census Tract 206.03, Williamson County, Texas",179,122,179,122,0,18,0,18,0,18,0,18,0,18,0,18,0,18,0,18,0,18,0,18,0,18,0,18,0,18,0,18,0,18,0,18,0,18,0,18,0,18,78,85,101,101,0,18
1400000US48491020604,48491020604,"Census Tract 206.04, Williamson County, Texas",458,146,458,146,0,18,0,18,0,18,0,18,0,18,0,18,0,18,78,103,0,18,0,18,0,18,0,18,26,40,41,65,47,43,22,25,0,18,155,105,36,62,53,45,0,18,0,18
1400000US48491020605,48491020605,"Census Tract 206.05, Williamson County, Texas",336,148,336,148,0,18,0,18,0,18,0,18,0,18,0,18,0,18,0,18,0,18,0,18,0,18,0,18,0,18,0,18,0,18,0,18,0,18,0,18,49,50,248,134,39,41,0,18
1400000US48491020701,48491020701,"Census Tract 207.01, Williamson County, Texas",574,131,488,133,0,13,0,13,10,17,9,17,0,13,0,13,0,13,0,13,0,13,4,8,52,45,31,25,64,57,52,44,28,30,76,74,87,73,44,68,10,15,21,29,0,13,86,80
1400000US48491020703,48491020703,"Census Tract 207.03, Williamson County, Texas",1796,260,1741,255,0,20,0,20,0,20,0,20,0,20,0,20,10,18,0,20,0,20,0,20,46,57,14,22,14,24,48,59,76,66,191,89,95,69,628,212,302,138,292,145,25,41,55,54
1400000US48491020704,48491020704,"Census Tract 207.04, Williamson County, Texas",1146,169,1146,169,0,18,11,16,24,28,24,29,26,32,0,18,0,18,0,18,34,48,0,18,0,18,47,33,81,95,112,96,90,67,328,143,89,61,161,89,80,67,39,36,0,18,0,18
1400000US48491020706,48491020706,"Census Tract 207.06, Williamson County, Texas",42,49,42,49,0,13,0,13,0,13,0,13,0,13,0,13,0,13,0,13,0,13,0,13,0,13,0,13,0,13,0,13,0,13,0,13,0,13,0,13,0,13,20,31,22,37,0,13
1400000US48491020707,48491020707,"Census Tract 207.07, Williamson County, Texas",762,126,718,128,0,13,0,13,0,13,0,13,0,13,0,13,0,13,0,13,0,13,0,13,0,13,0,13,77,92,34,46,78,73,78,51,70,63,240,112,49,36,92,71,0,13,44,62
1400000US48491020708,48491020708,"Census Tract 207.08, Williamson County, Texas",396,177,375,170,0,18,0,18,0,18,0,18,0,18,0,18,0,18,0,18,0,18,0,18,0,18,0,18,0,18,0,18,0,18,0,18,2,8,0,18,220,128,135,111,18,29,21,31
1400000US48491020803,48491020803,"Census Tract 208.03, Williamson County, Texas",348,152,332,148,0,13,0,13,0,13,0,13,0,13,0,13,0,13,0,13,0,13,10,17,0,13,0,13,0,13,0,13,12,24,0,13,23,38,59,62,122,90,106,96,0,13,16,27
1400000US48491020804,48491020804,"Census Tract 208.04, Williamson County, Texas",690,192,690,192,0,18,0,18,0,18,0,18,0,18,0,18,0,18,0,18,0,18,0,18,0,18,0,18,0,18,0,18,0,18,0,18,84,97,154,114,58,51,171,127,223,140,0,18
1400000US48491020805,48491020805,"Census Tract 208.05, Williamson County, Texas",270,147,270,147,0,18,0,18,0,18,0,18,0,18,0,18,0,18,0,18,0,18,0,18,0,18,0,18,0,18,32,32,0,18,0,18,10,16,53,55,89,110,86,112,0,18,0,18
1400000US48491020806,48491020806,"Census Tract 208.06, Williamson County, Texas",67,50,67,50,0,13,0,13,0,13,0,13,0,13,0,13,0,13,0,13,0,13,0,13,5,9,0,13,0,13,14,25,0,13,0,13,0,13,0,13,8,13,26,37,14,22,0,13
1400000US48491020807,48491020807,"Census Tract 208.07, Williamson County, Texas",308,129,285,123,0,18,0,18,0,18,0,18,0,18,0,18,15,24,0,18,0,18,0,18,0,18,32,56,0,18,0,18,0,18,58,78,0,18,0,18,74,56,106,66,0,18,23,39
1400000US48491020808,48491020808,"Census Tract 208.08, Williamson County, Texas",86,60,66,56,0,13,0,13,10,18,0,13,0,13,0,13,0,13,0,13,0,13,0,13,0,13,24,39,24,34,0,13,0,13,0,13,8,13,0,13,0,13,0,13,0,13,20,24
1400000US48491020809,48491020809,"Census Tract 208.09, Williamson County, Texas",228,135,228,135,0,18,0,18,0,18,0,18,0,18,0,18,0,18,0,18,0,18,0,18,0,18,0,18,0,18,0,18,0,18,52,76,0,18,57,55,80,69,39,46,0,18,0,18
1400000US48491020900,48491020900,"Census Tract 209, Williamson County, Texas",343,96,274,85,0,13,0,13,0,13,0,13,0,13,3,4,0,13,3,5,8,12,0,13,21,20,11,15,7,9,59,61,28,23,13,16,43,44,27,29,51,40,0,13,0,13,69,42
1400000US48491021000,48491021000,"Census Tract 210, Williamson County, Texas",374,95,374,95,0,13,0,13,22,20,0,13,13,12,6,10,18,24,0,13,16,26,14,17,23,26,13,21,11,19,94,57,6,9,33,31,87,57,12,14,0,13,6,9,0,13,0,13
1400000US48491021100,48491021100,"Census Tract 211, Williamson County, Texas",490,128,457,125,0,13,0,13,0,13,0,13,0,13,10,16,5,8,13,20,6,10,0,13,0,13,51,40,8,14,57,58,7,12,41,24,141,88,113,84,5,8,0,13,0,13,33,40
1400000US48491021201,48491021201,"Census Tract 212.01, Williamson County, Texas",135,71,100,66,0,13,0,13,0,13,0,13,0,13,0,13,0,13,0,13,0,13,0,13,0,13,0,13,0,13,0,13,0,13,0,13,59,49,16,27,25,31,0,13,0,13,35,27
1400000US48491021202,48491021202,"Census Tract 212.02, Williamson County, Texas",413,133,400,128,0,13,0,13,0,13,16,26,29,46,0,13,17,20,21,33,10,17,41,48,0,13,12,20,0,13,17,28,0,13,30,29,16,20,99,69,64,61,28,44,0,13,13,22
1400000US48491021203,48491021203,"Census Tract 212.03, Williamson County, Texas",486,104,465,106,0,13,0,13,0,13,9,14,0,13,0,13,0,13,0,13,22,34,22,20,8,14,109,73,36,47,10,15,39,38,38,30,68,53,29,42,53,57,14,22,8,13,21,24
1400000US48491021300,48491021300,"Census Tract 213, Williamson County, Texas",219,63,162,58,9,14,0,13,0,13,13,17,12,13,13,16,8,11,6,7,6,7,0,13,30,44,2,5,18,20,22,19,0,13,14,18,9,12,0,13,0,13,0,13,0,13,57,35
1400000US48491021401,48491021401,"Census Tract 214.01, Williamson County, Texas",855,241,816,246,0,18,0,18,0,18,0,18,0,18,0,18,0,18,0,18,0,18,0,18,13,20,0,18,0,18,61,64,0,18,44,70,60,90,199,131,232,150,196,139,11,20,39,35
1400000US48491021402,48491021402,"Census Tract 214.02, Williamson County, Texas",915,135,915,135,0,13,0,13,22,24,35,33,22,18,4,9,12,19,11,17,0,13,22,26,79,63,22,26,20,19,47,32,90,44,146,92,135,90,167,82,73,57,8,13,0,13,0,13
1400000US48491021403,48491021403,"Census Tract 214.03, Williamson County, Texas",469,127,444,128,0,13,0,13,0,13,0,13,0,13,0,13,26,39,0,13,0,13,0,13,58,61,0,13,0,13,0,13,28,29,59,67,165,130,61,60,14,22,27,42,6,11,25,23
1400000US48491021502,48491021502,"Census Tract 215.02, Williamson County, Texas",947,135,935,134,0,13,0,13,0,13,0,13,0,13,0,13,6,10,0,13,0,13,0,13,0,13,0,13,0,13,30,45,6,11,159,82,203,110,359,123,172,104,0,13,0,13,12,17
1400000US48491021503,48491021503,"Census Tract 215.03, Williamson County, Texas",999,154,990,155,0,13,0,13,0,13,0,13,0,13,0,13,0,13,9,15,0,13,0,13,23,37,51,42,30,24,89,78,68,42,156,85,169,103,332,125,43,36,20,33,0,13,9,14
1400000US48491021504,48491021504,"Census Tract 215.04, Williamson County, Texas",651,198,651,198,0,13,0,13,0,13,0,13,0,13,0,13,0,13,0,13,0,13,0,13,0,13,0,13,0,13,9,14,31,37,185,126,52,43,183,120,18,30,0,13,173,125,0,13
1400000US48491021505,48491021505,"Census Tract 215.05, Williamson County, Texas",1198,235,1185,237,0,18,0,18,0,18,0,18,0,18,0,18,0,18,0,18,0,18,0,18,0,18,0,18,150,137,127,181,18,28,71,54,166,137,298,119,271,123,84,77,0,18,13,20
1400000US48491021506,48491021506,"Census Tract 215.06, Williamson County, Texas",110,70,110,70,0,13,0,13,0,13,0,13,0,13,0,13,0,13,0,13,0,13,17,27,0,13,0,13,0,13,0,13,0,13,0,13,23,35,23,37,19,16,7,14,21,35,0,13
1400000US48491021507,48491021507,"Census Tract 215.07, Williamson County, Texas",1571,343,1571,343,0,18,0,18,0,18,0,18,0,18,0,18,0,18,0,18,0,18,0,18,51,82,16,27,61,69,91,83,48,43,413,262,59,51,320,153,411,219,55,67,46,47,0,18
1400000US48491021508,48491021508,"Census Tract 215.08, Williamson County, Texas",941,289,924,288,0,18,0,18,22,40,0,18,0,18,0,18,0,18,0,18,0,18,0,18,0,18,0,18,0,18,76,102,103,130,104,76,155,98,282,203,182,155,0,18,0,18,17,29
1400000US48491021601,48491021601,"Census Tract 216.01, Williamson County, Texas",142,66,134,65,0,13,0,13,5,8,0,13,0,13,0,13,0,13,0,13,2,4,0,13,18,25,2,5,5,7,8,12,0,13,2,5,0,13,92,55,0,13,0,13,0,13,8,9
1400000US48491021602,48491021602,"Census Tract 216.02, Williamson County, Texas",246,99,205,88,0,13,0,13,0,13,0,13,0,13,0,13,0,13,0,13,0,13,2,5,0,13,0,13,20,26,27,42,0,13,19,20,34,26,31,41,72,68,0,13,0,13,41,51
1400000US48491021603,48491021603,"Census Tract 216.03, Williamson County, Texas",94,39,77,38,0,13,0,13,0,13,0,13,0,13,0,13,0,13,0,13,0,13,0,13,0,13,0,13,16,20,12,20,0,13,4,6,0,13,45,30,0,13,0,13,0,13,17,14
