GEO.id,GEO.id2,GEO.display-label,HD01_VD01,HD02_VD01,HD01_VD02,HD02_VD02,HD01_VD03,HD02_VD03,HD01_VD04,HD02_VD04,HD01_VD05,HD02_VD05,HD01_VD06,HD02_VD06,HD01_VD07,HD02_VD07,HD01_VD08,HD02_VD08,HD01_VD09,HD02_VD09,HD01_VD10,HD02_VD10,HD01_VD11,HD02_VD11,HD01_VD12,HD02_VD12,HD01_VD13,HD02_VD13,HD01_VD14,HD02_VD14,HD01_VD15,HD02_VD15,HD01_VD16,HD02_VD16,HD01_VD17,HD02_VD17,HD01_VD18,HD02_VD18,HD01_VD19,HD02_VD19,HD01_VD20,HD02_VD20,HD01_VD21,HD02_VD21,HD01_VD22,HD02_VD22,HD01_VD23,HD02_VD23,HD01_VD24,HD02_VD24
Id,Id2,Geography,Estimate; Total:,Margin of Error; Total:,Estimate; With cash rent:,Margin of Error; With cash rent:,Estimate; With cash rent: - Less than $100,Margin of Error; With cash rent: - Less than $100,Estimate; With cash rent: - $100 to $149,Margin of Error; With cash rent: - $100 to $149,Estimate; With cash rent: - $150 to $199,Margin of Error; With cash rent: - $150 to $199,Estimate; With cash rent: - $200 to $249,Margin of Error; With cash rent: - $200 to $249,Estimate; With cash rent: - $250 to $299,Margin of Error; With cash rent: - $250 to $299,Estimate; With cash rent: - $300 to $349,Margin of Error; With cash rent: - $300 to $349,Estimate; With cash rent: - $350 to $399,Margin of Error; With cash rent: - $350 to $399,Estimate; With cash rent: - $400 to $449,Margin of Error; With cash rent: - $400 to $449,Estimate; With cash rent: - $450 to $499,Margin of Error; With cash rent: - $450 to $499,Estimate; With cash rent: - $500 to $549,Margin of Error; With cash rent: - $500 to $549,Estimate; With cash rent: - $550 to $599,Margin of Error; With cash rent: - $550 to $599,Estimate; With cash rent: - $600 to $649,Margin of Error; With cash rent: - $600 to $649,Estimate; With cash rent: - $650 to $699,Margin of Error; With cash rent: - $650 to $699,Estimate; With cash rent: - $700 to $749,Margin of Error; With cash rent: - $700 to $749,Estimate; With cash rent: - $750 to $799,Margin of Error; With cash rent: - $750 to $799,Estimate; With cash rent: - $800 to $899,Margin of Error; With cash rent: - $800 to $899,Estimate; With cash rent: - $900 to $999,Margin of Error; With cash rent: - $900 to $999,"Estimate; With cash rent: - $1,000 to $1,249","Margin of Error; With cash rent: - $1,000 to $1,249","Estimate; With cash rent: - $1,250 to $1,499","Margin of Error; With cash rent: - $1,250 to $1,499","Estimate; With cash rent: - $1,500 to $1,999","Margin of Error; With cash rent: - $1,500 to $1,999","Estimate; With cash rent: - $2,000 or more","Margin of Error; With cash rent: - $2,000 or more",Estimate; No cash rent,Margin of Error; No cash rent
1400000US48021950100,48021950100,"Census Tract 9501, Bastrop County, Texas",526,199,417,193,0,127,0,127,0,127,0,127,0,127,0,127,91,137,36,56,4,6,0,127,0,127,9,13,27,34,8,11,26,28,53,58,20,24,55,78,88,88,0,127,0,127,109,85
1400000US48021950200,48021950200,"Census Tract 9502, Bastrop County, Texas",872,215,836,220,0,127,0,127,0,127,10,16,0,127,17,25,49,45,0,127,34,45,27,28,54,83,0,127,28,33,89,84,43,41,302,127,14,24,146,102,23,26,0,127,0,127,36,39
1400000US48021950300,48021950300,"Census Tract 9503, Bastrop County, Texas",692,208,487,148,0,127,0,127,0,127,0,127,0,127,0,127,0,127,0,127,0,127,32,37,15,26,89,76,0,127,8,12,0,127,93,75,120,91,36,34,56,46,38,49,0,127,205,127
1400000US48021950400,48021950400,"Census Tract 9504, Bastrop County, Texas",1016,233,916,217,0,127,36,57,18,31,0,127,0,127,0,127,33,48,11,18,0,127,6,12,16,24,0,127,0,127,24,28,19,21,65,50,229,157,342,142,0,127,68,79,49,39,100,95
1400000US48021950501,48021950501,"Census Tract 9505.01, Bastrop County, Texas",374,186,319,175,0,127,0,127,0,127,0,127,0,127,0,127,0,127,75,112,0,127,13,21,0,127,0,127,38,43,35,62,48,77,31,45,0,127,79,76,0,127,0,127,0,127,55,52
1400000US48021950502,48021950502,"Census Tract 9505.02, Bastrop County, Texas",204,98,189,99,0,127,0,127,0,127,0,127,0,127,0,127,0,127,0,127,0,127,11,20,0,127,44,43,19,31,18,31,6,11,24,31,9,16,58,73,0,127,0,127,0,127,15,19
1400000US48021950600,48021950600,"Census Tract 9506, Bastrop County, Texas",237,117,192,109,0,127,0,127,0,127,0,127,0,127,0,127,0,127,0,127,14,23,9,16,0,127,0,127,29,47,34,49,63,62,2,9,12,18,29,34,0,127,0,127,0,127,45,46
1400000US48021950700,48021950700,"Census Tract 9507, Bastrop County, Texas",705,142,671,142,0,127,0,127,0,127,22,26,96,61,17,26,36,51,15,27,58,51,10,18,61,68,12,19,49,49,33,32,8,13,60,55,26,27,139,89,29,34,0,127,0,127,34,31
1400000US48021950801,48021950801,"Census Tract 9508.01, Bastrop County, Texas",442,169,393,165,0,127,0,127,0,127,0,127,0,127,0,127,0,127,0,127,0,127,0,127,41,64,0,127,11,20,79,78,0,127,36,49,195,140,16,28,0,127,15,30,0,127,49,49
1400000US48021950802,48021950802,"Census Tract 9508.02, Bastrop County, Texas",215,140,134,92,0,127,0,127,0,127,0,127,0,127,0,127,0,127,0,127,0,127,38,60,25,37,0,127,15,24,0,127,0,127,27,41,15,24,14,25,0,127,0,127,0,127,81,98
1400000US48055960101,48055960101,"Census Tract 9601.01, Caldwell County, Texas",249,111,160,83,0,127,0,127,0,127,0,127,0,127,3,5,3,5,0,127,0,127,19,28,12,18,3,5,0,127,39,45,0,127,1,4,9,14,46,56,25,28,0,127,0,127,89,79
1400000US48055960102,48055960102,"Census Tract 9601.02, Caldwell County, Texas",279,119,268,121,0,127,0,127,0,127,0,127,0,127,0,127,0,127,0,127,17,27,0,127,19,31,63,73,24,34,0,127,0,127,38,56,25,39,82,85,0,127,0,127,0,127,11,18
1400000US48055960200,48055960200,"Census Tract 9602, Caldwell County, Texas",571,130,523,132,0,127,0,127,0,127,20,23,2,10,0,127,0,127,34,39,49,49,20,32,18,20,69,72,56,50,16,22,37,32,101,61,34,46,59,38,8,14,0,127,0,127,48,54
1400000US48055960300,48055960300,"Census Tract 9603, Caldwell County, Texas",346,110,329,102,0,127,0,127,0,127,0,127,0,127,0,127,16,18,19,21,0,127,20,26,37,49,15,22,8,16,0,127,29,46,33,27,44,47,65,39,37,36,6,11,0,127,17,18
1400000US48055960400,48055960400,"Census Tract 9604, Caldwell County, Texas",465,110,437,113,6,11,0,127,7,11,5,11,17,20,0,127,0,127,0,127,32,41,8,13,15,18,57,51,0,127,47,40,39,49,48,45,66,47,65,63,25,26,0,127,0,127,28,26
1400000US48055960500,48055960500,"Census Tract 9605, Caldwell County, Texas",575,148,502,148,0,127,0,127,5,8,0,127,0,127,11,17,0,127,7,11,65,62,22,28,12,14,38,50,20,25,48,59,24,27,48,62,108,86,77,69,17,27,0,127,0,127,73,45
1400000US48055960600,48055960600,"Census Tract 9606, Caldwell County, Texas",129,83,61,57,0,127,0,127,0,127,0,127,30,46,0,127,0,127,15,23,0,127,0,127,0,127,0,127,0,127,0,127,2,6,0,127,14,25,0,127,0,127,0,127,0,127,68,64
1400000US48055960700,48055960700,"Census Tract 9607, Caldwell County, Texas",904,254,736,225,0,127,0,127,50,70,0,127,4,23,12,21,41,45,48,50,15,26,86,72,238,160,67,91,44,75,105,78,26,43,0,127,0,127,0,127,0,127,0,127,0,127,168,120
1400000US48209010100,48209010100,"Census Tract 101, Hays County, Texas",639,127,599,119,0,127,0,127,0,127,9,15,0,127,11,17,0,127,10,15,11,18,45,52,25,29,104,85,56,50,14,21,43,38,89,63,0,127,117,92,56,60,9,16,0,127,40,32
1400000US48209010200,48209010200,"Census Tract 102, Hays County, Texas",375,90,344,80,0,127,0,127,0,127,0,127,0,127,0,127,0,127,73,60,31,32,0,127,14,18,45,32,19,18,4,9,15,18,60,50,31,30,39,38,13,19,0,127,0,127,31,37
1400000US48209010302,48209010302,"Census Tract 103.02, Hays County, Texas",1157,133,1101,132,0,127,0,127,6,10,0,127,59,57,0,127,42,49,0,127,6,11,34,44,58,42,104,72,132,82,226,86,88,63,156,80,67,60,113,86,5,8,0,127,5,9,56,72
1400000US48209010303,48209010303,"Census Tract 103.03, Hays County, Texas",1506,226,1459,216,0,127,0,127,0,127,0,127,12,19,0,127,84,83,9,14,30,35,71,67,76,77,116,100,181,105,79,67,91,70,249,132,122,96,137,102,130,107,72,80,0,127,47,40
1400000US48209010304,48209010304,"Census Tract 103.04, Hays County, Texas",2342,239,2329,242,0,127,24,38,9,14,28,29,22,24,0,127,10,17,39,36,170,102,191,84,357,125,408,151,247,128,161,83,191,108,190,119,109,80,103,75,57,69,13,21,0,127,13,21
1400000US48209010400,48209010400,"Census Tract 104, Hays County, Texas",1511,236,1428,227,0,127,0,127,0,127,0,127,9,15,0,127,0,127,10,18,10,17,231,107,34,33,65,43,43,37,53,82,54,41,190,94,430,176,189,94,70,72,14,23,26,20,83,59
1400000US48209010500,48209010500,"Census Tract 105, Hays County, Texas",997,128,942,133,0,127,0,127,23,24,0,127,0,127,9,14,33,54,9,16,56,56,83,67,10,19,35,46,57,52,44,41,88,64,180,77,86,58,122,89,107,89,0,127,0,127,55,45
1400000US48209010600,48209010600,"Census Tract 106, Hays County, Texas",939,192,910,194,0,127,0,127,0,127,0,127,0,127,0,127,0,127,36,58,0,127,0,127,0,127,22,36,11,18,72,52,122,96,269,121,112,81,166,89,53,53,47,63,0,127,29,32
1400000US48209010701,48209010701,"Census Tract 107.01, Hays County, Texas",2425,252,2393,248,0,127,0,127,0,127,0,127,0,127,0,127,0,127,27,32,12,21,56,43,220,131,172,111,246,116,333,143,209,110,354,134,95,64,344,140,159,111,166,117,0,127,32,38
1400000US48209010702,48209010702,"Census Tract 107.02, Hays County, Texas",352,124,306,114,0,127,0,127,0,127,0,127,0,127,0,127,0,127,0,127,0,127,13,24,63,75,19,25,46,53,0,127,16,26,37,45,22,25,23,37,67,98,0,127,0,127,46,54
1400000US48209010803,48209010803,"Census Tract 108.03, Hays County, Texas",376,143,362,146,0,127,0,127,0,127,0,127,7,13,8,13,29,33,9,15,0,127,0,127,29,44,0,127,21,34,83,94,68,75,17,28,46,53,0,127,8,12,22,25,15,23,14,22
1400000US48209010804,48209010804,"Census Tract 108.04, Hays County, Texas",336,110,327,112,0,127,0,127,0,127,0,127,6,9,0,127,0,127,7,11,0,127,0,127,0,127,0,127,0,127,24,27,16,21,19,20,62,78,93,69,25,23,75,69,0,127,9,8
1400000US48209010805,48209010805,"Census Tract 108.05, Hays County, Texas",69,47,43,34,0,127,0,127,0,127,0,127,0,127,0,127,0,127,0,127,0,127,0,127,0,127,0,127,0,127,0,127,2,4,0,127,0,127,19,23,0,127,0,127,22,24,26,30
1400000US48209010806,48209010806,"Census Tract 108.06, Hays County, Texas",128,63,124,63,0,127,0,127,0,127,0,127,0,127,0,127,0,127,0,127,9,15,0,127,0,127,18,29,13,21,20,31,19,22,17,28,15,24,0,127,0,127,0,127,13,21,4,6
1400000US48209010807,48209010807,"Census Tract 108.07, Hays County, Texas",90,49,84,49,0,127,0,127,0,127,0,127,0,127,0,127,0,127,0,127,0,127,0,127,19,30,0,127,0,127,6,9,1,6,13,17,0,127,16,19,4,7,21,19,4,7,6,12
1400000US48209010808,48209010808,"Census Tract 108.08, Hays County, Texas",268,104,242,100,3,6,0,127,0,127,0,127,3,5,18,18,4,8,14,24,0,127,1,4,0,127,0,127,0,127,12,21,28,41,30,34,11,19,82,76,13,19,23,30,0,127,26,38
1400000US48209010809,48209010809,"Census Tract 108.09, Hays County, Texas",105,71,105,71,0,127,0,127,0,127,0,127,0,127,0,127,0,127,9,14,0,127,0,127,0,127,0,127,0,127,20,25,0,127,0,127,3,5,22,25,4,6,42,53,5,10,0,127
1400000US48209010901,48209010901,"Census Tract 109.01, Hays County, Texas",144,69,128,67,0,127,0,127,0,127,0,127,0,127,0,127,0,127,0,127,0,127,0,127,7,11,0,127,0,127,9,14,6,11,0,127,0,127,24,32,45,54,17,26,20,21,16,24
1400000US48209010902,48209010902,"Census Tract 109.02, Hays County, Texas",436,135,402,133,0,127,4,7,0,127,0,127,0,127,0,127,0,127,0,127,14,21,0,127,24,38,0,127,3,5,13,15,0,127,13,21,8,11,120,75,27,24,176,129,0,127,34,32
1400000US48209010905,48209010905,"Census Tract 109.05, Hays County, Texas",244,109,191,96,0,127,0,127,0,127,0,127,0,127,0,127,0,127,0,127,0,127,12,19,0,127,0,127,45,52,14,21,30,49,0,127,25,37,9,15,56,66,0,127,0,127,53,61
1400000US48209010906,48209010906,"Census Tract 109.06, Hays County, Texas",410,159,386,157,0,127,0,127,0,127,0,127,0,127,2,4,5,10,4,6,22,22,16,24,3,5,2,4,13,21,38,57,0,127,11,18,34,53,121,89,71,59,44,35,0,127,24,25
1400000US48209010907,48209010907,"Census Tract 109.07, Hays County, Texas",531,157,439,143,0,127,0,127,0,127,0,127,0,127,0,127,0,127,11,17,0,127,0,127,0,127,73,78,0,127,0,127,48,75,32,53,48,43,69,59,148,113,10,17,0,127,92,68
1400000US48209010908,48209010908,"Census Tract 109.08, Hays County, Texas",167,77,140,70,0,127,0,127,0,127,0,127,0,127,0,127,0,127,0,127,0,127,0,127,21,34,7,13,0,127,0,127,0,127,0,127,55,48,11,18,13,21,33,35,0,127,27,31
1400000US48209010909,48209010909,"Census Tract 109.09, Hays County, Texas",255,80,234,76,0,127,0,127,0,127,0,127,0,127,0,127,0,127,0,127,0,127,0,127,0,127,0,127,0,127,0,127,0,127,0,127,9,15,77,65,127,54,10,16,11,18,21,24
1400000US48209010910,48209010910,"Census Tract 109.10, Hays County, Texas",436,135,411,125,0,127,0,127,0,127,0,127,0,127,13,22,0,127,0,127,0,127,12,18,0,127,0,127,0,127,0,127,31,49,105,80,16,25,56,60,103,55,75,66,0,127,25,40
1400000US48453000101,48453000101,"Census Tract 1.01, Travis County, Texas",653,114,638,115,0,127,0,127,0,127,0,127,0,127,0,127,0,127,0,127,0,127,12,19,65,57,49,58,0,127,19,29,26,30,77,50,22,24,73,53,77,70,75,53,143,67,15,23
1400000US48453000102,48453000102,"Census Tract 1.02, Travis County, Texas",56,41,44,36,0,127,0,127,0,127,0,127,0,127,0,127,0,127,0,127,0,127,0,127,10,16,0,127,0,127,0,127,0,127,0,127,0,127,16,23,0,127,7,12,11,19,12,19
1400000US48453000203,48453000203,"Census Tract 2.03, Travis County, Texas",666,87,666,87,0,127,0,127,13,19,0,127,0,127,0,127,0,127,0,127,0,127,11,16,0,127,0,127,0,127,0,127,0,127,0,127,0,127,98,49,215,88,281,89,48,39,0,127
1400000US48453000204,48453000204,"Census Tract 2.04, Travis County, Texas",946,145,946,145,0,127,0,127,10,16,0,127,7,12,0,127,11,17,0,127,0,127,13,20,44,48,75,49,0,127,98,84,88,75,155,91,68,50,125,68,59,40,114,81,79,76,0,127
1400000US48453000205,48453000205,"Census Tract 2.05, Travis County, Texas",1478,165,1438,158,0,127,0,127,0,127,0,127,0,127,0,127,0,127,0,127,10,16,136,93,280,149,170,107,110,66,205,103,60,53,74,62,125,113,137,104,106,76,9,15,16,26,40,42
1400000US48453000206,48453000206,"Census Tract 2.06, Travis County, Texas",776,176,776,176,0,127,0,127,0,127,0,127,105,107,0,127,0,127,0,127,0,127,33,39,14,21,22,35,0,127,52,44,47,53,63,61,109,97,180,168,53,61,69,108,29,48,0,127
1400000US48453000302,48453000302,"Census Tract 3.02, Travis County, Texas",2095,198,2060,203,0,127,0,127,0,127,0,127,0,127,0,127,60,81,0,127,59,65,43,39,157,117,205,140,208,86,372,138,100,75,51,48,102,79,288,130,239,147,119,77,57,73,35,43
1400000US48453000304,48453000304,"Census Tract 3.04, Travis County, Texas",997,145,971,137,0,127,0,127,0,127,0,127,0,127,0,127,0,127,0,127,33,53,13,20,148,101,85,62,59,51,64,51,115,66,0,127,66,51,130,101,129,94,28,43,101,91,26,39
1400000US48453000305,48453000305,"Census Tract 3.05, Travis County, Texas",1466,166,1466,166,0,127,0,127,0,127,0,127,0,127,0,127,13,20,13,20,14,23,12,19,69,75,98,81,121,79,151,108,178,103,27,31,43,71,220,99,231,108,169,117,107,96,0,127
1400000US48453000306,48453000306,"Census Tract 3.06, Travis County, Texas",450,86,438,86,35,55,0,127,0,127,0,127,0,127,0,127,0,127,33,40,0,127,20,33,60,60,0,127,90,76,44,42,0,127,10,18,25,43,37,32,5,10,79,83,0,127,12,21
1400000US48453000307,48453000307,"Census Tract 3.07, Travis County, Texas",394,73,394,73,0,127,0,127,14,20,0,127,11,18,0,127,0,127,34,39,0,127,22,31,0,127,19,23,0,127,26,40,0,127,72,58,11,17,82,56,44,56,48,47,11,17,0,127
1400000US48453000401,48453000401,"Census Tract 4.01, Travis County, Texas",981,146,909,148,0,127,10,16,10,17,0,127,0,127,12,19,8,12,0,127,10,17,16,18,73,52,117,78,93,63,9,15,74,64,136,80,56,35,77,52,59,36,110,52,39,41,72,71
1400000US48453000402,48453000402,"Census Tract 4.02, Travis County, Texas",791,123,774,121,0,127,0,127,0,127,0,127,0,127,0,127,0,127,32,43,37,40,8,13,26,30,53,48,102,65,105,95,35,38,66,46,58,54,131,76,88,80,33,40,0,127,17,28
1400000US48453000500,48453000500,"Census Tract 5, Travis County, Texas",1962,217,1913,222,0,127,0,127,0,127,13,22,0,127,0,127,14,23,30,34,78,90,75,55,112,99,100,92,165,91,155,105,181,93,207,114,191,121,284,132,174,122,106,60,28,31,49,47
1400000US48453000601,48453000601,"Census Tract 6.01, Travis County, Texas",650,104,620,102,0,127,0,127,0,127,9,13,0,127,0,127,30,47,9,14,31,29,11,16,11,17,89,67,13,14,9,15,22,26,42,42,13,23,87,56,52,50,138,77,54,61,30,48
1400000US48453000603,48453000603,"Census Tract 6.03, Travis County, Texas",2121,210,2058,209,0,127,0,127,0,127,0,127,0,127,10,11,42,34,31,51,15,25,25,39,103,67,72,55,25,31,160,95,118,83,181,92,187,81,135,74,349,126,279,128,326,146,63,49
1400000US48453000604,48453000604,"Census Tract 6.04, Travis County, Texas",1467,186,1429,181,0,127,0,127,0,127,0,127,0,127,0,127,0,127,0,127,47,51,126,96,38,39,38,39,83,70,106,81,74,51,55,55,212,124,143,83,126,98,199,100,182,108,38,34
1400000US48453000700,48453000700,"Census Tract 7, Travis County, Texas",454,109,443,113,0,127,0,127,0,127,0,127,0,127,0,127,0,127,0,127,48,63,0,127,12,19,21,24,10,16,17,21,36,35,40,53,54,48,164,101,29,28,12,19,0,127,11,18
1400000US48453000801,48453000801,"Census Tract 8.01, Travis County, Texas",162,71,153,72,0,127,0,127,16,15,8,15,0,127,0,127,0,127,0,127,0,127,9,15,0,127,6,13,17,27,45,46,8,14,15,30,0,127,29,34,0,127,0,127,0,127,9,13
1400000US48453000802,48453000802,"Census Tract 8.02, Travis County, Texas",700,128,689,128,25,41,0,127,21,22,99,72,44,54,57,51,46,46,36,43,61,63,30,48,25,39,58,54,23,37,21,33,21,29,0,127,22,25,44,36,0,127,56,39,0,127,11,19
1400000US48453000803,48453000803,"Census Tract 8.03, Travis County, Texas",378,122,378,122,0,127,20,32,0,127,0,127,0,127,0,127,0,127,0,127,6,10,13,20,21,24,0,127,7,12,0,127,54,66,85,86,26,35,109,80,25,27,12,21,0,127,0,127
1400000US48453000804,48453000804,"Census Tract 8.04, Travis County, Texas",573,100,561,99,61,44,9,15,76,52,33,47,93,62,0,127,0,127,40,41,0,127,51,45,21,34,0,127,29,35,0,127,0,127,9,15,43,44,53,57,26,27,17,28,0,127,12,16
1400000US48453000901,48453000901,"Census Tract 9.01, Travis County, Texas",338,104,338,104,0,127,0,127,0,127,0,127,0,127,0,127,20,29,0,127,0,127,14,26,14,26,3,9,0,127,42,58,24,38,16,19,28,45,15,18,99,70,63,55,0,127,0,127
1400000US48453000902,48453000902,"Census Tract 9.02, Travis County, Texas",882,154,801,157,27,32,10,16,5,10,29,28,87,56,28,44,46,45,56,59,21,34,0,127,21,32,23,27,68,59,66,76,15,24,51,49,107,73,128,77,13,21,0,127,0,127,81,58
1400000US48453001000,48453001000,"Census Tract 10, Travis County, Texas",763,137,733,138,0,127,12,19,41,30,19,21,44,44,0,127,45,38,11,18,53,39,47,58,18,21,26,26,40,68,29,48,0,127,79,65,13,22,110,67,119,77,0,127,27,43,30,28
1400000US48453001100,48453001100,"Census Tract 11, Travis County, Texas",1240,190,1180,172,0,127,0,127,0,127,39,36,15,24,20,9,0,127,0,127,0,127,9,14,15,22,42,52,0,127,20,26,0,127,12,16,8,15,61,60,282,167,396,118,261,107,60,64
1400000US48453001200,48453001200,"Census Tract 12, Travis County, Texas",1531,231,1497,233,0,127,0,127,17,27,0,127,0,127,0,127,0,127,0,127,78,74,102,72,61,56,21,33,46,51,96,70,95,61,71,48,117,82,129,106,262,126,303,135,99,61,34,37
1400000US48453001303,48453001303,"Census Tract 13.03, Travis County, Texas",565,123,557,121,0,127,0,127,0,127,0,127,0,127,11,18,0,127,0,127,8,12,9,15,93,78,0,127,36,26,43,47,52,38,95,69,30,23,51,43,33,29,62,39,34,31,8,15
1400000US48453001304,48453001304,"Census Tract 13.04, Travis County, Texas",1116,146,1087,147,32,51,0,127,0,127,0,127,43,39,53,72,0,127,0,127,34,42,8,13,32,31,19,21,26,35,29,27,40,40,68,39,259,118,272,106,125,90,39,31,8,13,29,33
1400000US48453001305,48453001305,"Census Tract 13.05, Travis County, Texas",1502,180,1445,182,65,73,15,24,15,23,77,71,60,55,0,127,44,49,11,20,14,24,12,19,14,22,52,60,45,51,182,125,100,63,140,91,71,64,276,139,151,102,89,47,12,20,57,43
1400000US48453001307,48453001307,"Census Tract 13.07, Travis County, Texas",1291,101,1291,101,0,127,39,61,28,31,91,73,11,18,0,127,0,127,11,19,0,127,45,59,99,80,99,75,69,55,168,88,72,47,155,69,78,77,193,87,106,68,14,21,13,20,0,127
1400000US48453001308,48453001308,"Census Tract 13.08, Travis County, Texas",719,127,707,129,0,127,0,127,0,127,0,127,0,127,0,127,0,127,10,18,64,63,29,22,62,52,14,21,136,79,44,51,39,38,50,46,110,77,24,24,68,58,33,31,24,41,12,20
1400000US48453001401,48453001401,"Census Tract 14.01, Travis County, Texas",1014,158,1001,158,0,127,0,127,0,127,0,127,0,127,0,127,0,127,32,36,0,127,0,127,10,17,14,21,0,127,42,37,80,76,106,78,132,68,198,92,162,100,192,77,33,29,13,20
1400000US48453001402,48453001402,"Census Tract 14.02, Travis County, Texas",724,101,724,101,0,127,0,127,0,127,0,127,0,127,0,127,12,20,0,127,0,127,12,18,21,23,37,25,42,40,127,90,27,26,86,63,116,93,183,84,0,127,32,33,29,34,0,127
1400000US48453001403,48453001403,"Census Tract 14.03, Travis County, Texas",470,84,457,88,0,127,0,127,0,127,0,127,0,127,0,127,0,127,0,127,8,13,17,22,20,33,51,53,102,69,0,127,64,55,47,58,28,28,55,39,7,12,58,57,0,127,13,22
1400000US48453001501,48453001501,"Census Tract 15.01, Travis County, Texas",668,122,639,123,0,127,6,10,0,127,0,127,0,127,0,127,0,127,11,17,45,72,31,34,12,19,14,21,14,22,27,32,24,20,100,70,126,93,116,81,76,66,22,26,15,23,29,30
1400000US48453001503,48453001503,"Census Tract 15.03, Travis County, Texas",1085,155,1042,149,0,127,0,127,9,14,0,127,0,127,0,127,9,17,9,13,55,59,66,51,32,38,149,88,127,70,70,58,41,47,55,51,33,25,128,73,164,89,77,50,18,15,43,40
1400000US48453001504,48453001504,"Census Tract 15.04, Travis County, Texas",867,143,835,141,0,127,0,127,0,127,0,127,0,127,0,127,0,127,0,127,0,127,0,127,55,46,11,17,56,62,33,32,32,52,207,114,159,84,145,86,107,68,30,28,0,127,32,30
1400000US48453001505,48453001505,"Census Tract 15.05, Travis County, Texas",924,170,910,172,0,127,0,127,0,127,0,127,0,127,0,127,0,127,0,127,0,127,9,16,47,36,34,38,125,106,134,88,81,80,28,34,130,109,182,108,93,76,47,46,0,127,14,21
1400000US48453001602,48453001602,"Census Tract 16.02, Travis County, Texas",1146,173,1130,172,0,127,0,127,0,127,0,127,29,44,11,16,0,127,0,127,0,127,56,38,163,84,190,122,119,72,54,52,58,48,55,45,40,36,50,48,104,52,135,77,66,45,16,19
1400000US48453001603,48453001603,"Census Tract 16.03, Travis County, Texas",389,135,377,131,0,127,0,127,0,127,0,127,0,127,0,127,0,127,0,127,0,127,0,127,9,15,0,127,0,127,11,17,0,127,19,22,36,58,59,66,10,15,86,62,147,101,12,18
1400000US48453001604,48453001604,"Census Tract 16.04, Travis County, Texas",284,99,263,96,0,127,0,127,0,127,0,127,0,127,0,127,0,127,0,127,0,127,0,127,25,40,0,127,12,20,0,127,0,127,13,20,10,17,68,58,0,127,118,79,17,20,21,25
1400000US48453001605,48453001605,"Census Tract 16.05, Travis County, Texas",982,179,955,178,0,127,0,127,0,127,0,127,0,127,13,22,0,127,0,127,0,127,0,127,10,16,77,51,26,41,10,19,59,47,58,50,238,99,221,110,67,74,57,65,119,99,27,31
1400000US48453001606,48453001606,"Census Tract 16.06, Travis County, Texas",0,127,0,127,0,127,0,127,0,127,0,127,0,127,0,127,0,127,0,127,0,127,0,127,0,127,0,127,0,127,0,127,0,127,0,127,0,127,0,127,0,127,0,127,0,127,0,127
1400000US48453001705,48453001705,"Census Tract 17.05, Travis County, Texas",569,119,569,119,0,127,0,127,0,127,0,127,0,127,0,127,0,127,0,127,0,127,0,127,0,127,0,127,0,127,0,127,0,127,13,21,60,45,254,103,142,87,85,60,15,22,0,127
1400000US48453001706,48453001706,"Census Tract 17.06, Travis County, Texas",706,129,665,136,0,127,0,127,0,127,0,127,0,127,0,127,0,127,0,127,15,24,0,127,9,14,36,27,44,36,54,40,103,65,67,61,128,93,88,54,24,21,87,71,10,15,41,56
1400000US48453001707,48453001707,"Census Tract 17.07, Travis County, Texas",1127,163,1095,164,0,127,0,127,0,127,0,127,0,127,0,127,0,127,0,127,0,127,0,127,33,37,131,122,51,48,114,95,132,94,88,89,87,62,255,128,140,94,64,56,0,127,32,34
1400000US48453001712,48453001712,"Census Tract 17.12, Travis County, Texas",1102,132,1062,128,0,127,9,14,0,127,0,127,38,26,0,127,0,127,0,127,16,18,29,27,44,55,103,67,31,29,97,68,41,35,162,91,168,96,167,98,38,39,59,46,60,34,40,38
1400000US48453001713,48453001713,"Census Tract 17.13, Travis County, Texas",682,144,682,144,0,127,0,127,11,18,0,127,0,127,12,21,5,14,0,127,18,27,0,127,13,21,6,11,49,35,49,72,67,63,78,54,160,99,112,83,46,54,56,63,0,127,0,127
1400000US48453001714,48453001714,"Census Tract 17.14, Travis County, Texas",1999,206,1999,206,0,127,0,127,0,127,0,127,0,127,0,127,0,127,0,127,0,127,0,127,0,127,82,78,77,75,115,84,199,131,278,146,454,185,521,169,116,119,43,68,114,68,0,127
1400000US48453001716,48453001716,"Census Tract 17.16, Travis County, Texas",763,117,750,117,0,127,0,127,0,127,0,127,0,127,0,127,0,127,0,127,0,127,0,127,0,127,0,127,16,26,0,127,36,58,45,35,78,56,292,132,156,95,115,75,12,20,13,21
1400000US48453001718,48453001718,"Census Tract 17.18, Travis County, Texas",1349,143,1337,142,0,127,0,127,0,127,0,127,13,21,0,127,0,127,0,127,0,127,0,127,33,54,85,77,15,24,0,127,171,97,165,93,103,79,310,105,224,112,161,88,57,61,12,19
1400000US48453001719,48453001719,"Census Tract 17.19, Travis County, Texas",44,34,31,27,0,127,0,127,0,127,0,127,0,127,0,127,0,127,0,127,0,127,0,127,0,127,0,127,0,127,0,127,0,127,0,127,0,127,0,127,0,127,9,15,22,24,13,19
1400000US48453001722,48453001722,"Census Tract 17.22, Travis County, Texas",2345,153,2345,153,0,127,0,127,0,127,0,127,0,127,0,127,15,26,0,127,0,127,0,127,79,80,74,82,69,59,278,120,355,166,456,137,384,140,508,168,90,63,37,40,0,127,0,127
1400000US48453001728,48453001728,"Census Tract 17.28, Travis County, Texas",846,163,846,163,0,127,0,127,0,127,0,127,0,127,0,127,0,127,0,127,0,127,0,127,0,127,0,127,76,71,27,32,27,36,50,42,95,65,198,112,219,115,127,78,27,32,0,127
1400000US48453001729,48453001729,"Census Tract 17.29, Travis County, Texas",803,152,773,150,0,127,0,127,0,127,0,127,0,127,0,127,0,127,0,127,0,127,0,127,0,127,16,26,17,27,66,93,39,45,54,50,147,105,201,113,208,121,25,31,0,127,30,36
1400000US48453001733,48453001733,"Census Tract 17.33, Travis County, Texas",79,59,65,67,0,127,0,127,0,127,0,127,0,127,0,127,0,127,0,127,0,127,0,127,0,127,0,127,0,127,0,127,0,127,12,18,0,127,53,64,0,127,0,127,0,127,14,22
1400000US48453001737,48453001737,"Census Tract 17.37, Travis County, Texas",718,138,705,142,0,127,0,127,0,127,0,127,0,127,0,127,0,127,0,127,0,127,0,127,0,127,0,127,0,127,0,127,45,71,19,29,161,90,268,112,33,39,108,66,71,80,13,20
1400000US48453001738,48453001738,"Census Tract 17.38, Travis County, Texas",351,107,351,107,0,127,0,127,0,127,0,127,0,127,0,127,0,127,0,127,0,127,0,127,14,22,64,77,44,45,50,45,16,25,31,30,14,24,0,127,35,35,68,51,15,24,0,127
1400000US48453001740,48453001740,"Census Tract 17.40, Travis County, Texas",651,98,643,98,0,127,0,127,0,127,0,127,0,127,0,127,0,127,0,127,0,127,0,127,0,127,0,127,16,27,9,15,110,82,112,66,94,77,93,68,116,86,75,60,18,27,8,13
1400000US48453001741,48453001741,"Census Tract 17.41, Travis County, Texas",302,117,275,116,0,127,0,127,0,127,0,127,0,127,0,127,0,127,9,15,0,127,0,127,6,11,0,127,34,31,60,61,0,127,0,127,33,51,29,29,20,21,84,81,0,127,27,29
1400000US48453001742,48453001742,"Census Tract 17.42, Travis County, Texas",302,117,281,115,10,16,0,127,0,127,0,127,0,127,0,127,0,127,0,127,0,127,0,127,13,19,0,127,10,17,0,127,0,127,0,127,56,52,54,63,67,53,38,26,33,30,21,24
1400000US48453001745,48453001745,"Census Tract 17.45, Travis County, Texas",338,76,310,79,0,127,0,127,0,127,0,127,0,127,0,127,0,127,0,127,0,127,20,31,0,127,0,127,19,31,0,127,15,21,45,37,55,56,121,71,20,26,15,18,0,127,28,44
1400000US48453001746,48453001746,"Census Tract 17.46, Travis County, Texas",590,108,566,106,0,127,0,127,0,127,0,127,0,127,0,127,0,127,0,127,0,127,0,127,13,22,42,51,103,72,117,69,30,34,37,57,55,48,92,70,66,67,11,18,0,127,24,28
1400000US48453001747,48453001747,"Census Tract 17.47, Travis County, Texas",1015,175,983,174,0,127,0,127,21,21,0,127,0,127,22,18,0,127,0,127,0,127,0,127,55,63,0,127,40,58,111,93,70,57,40,34,61,53,399,132,98,79,66,71,0,127,32,42
1400000US48453001748,48453001748,"Census Tract 17.48, Travis County, Texas",598,126,587,126,0,127,0,127,0,127,0,127,0,127,0,127,0,127,0,127,0,127,0,127,0,127,0,127,0,127,23,35,39,34,85,57,65,41,256,96,96,67,23,27,0,127,11,19
1400000US48453001749,48453001749,"Census Tract 17.49, Travis County, Texas",2009,192,1934,188,0,127,0,127,0,127,0,127,0,127,0,127,0,127,14,24,0,127,0,127,0,127,0,127,26,30,81,77,140,84,321,130,383,163,661,196,284,124,24,27,0,127,75,64
1400000US48453001750,48453001750,"Census Tract 17.50, Travis County, Texas",1831,180,1831,180,0,127,0,127,0,127,0,127,0,127,19,29,0,127,0,127,0,127,0,127,12,18,0,127,3,5,52,55,89,68,593,186,299,138,597,176,151,72,13,19,3,4,0,127
1400000US48453001751,48453001751,"Census Tract 17.51, Travis County, Texas",66,63,55,61,0,127,0,127,0,127,0,127,0,127,0,127,0,127,0,127,0,127,0,127,0,127,0,127,0,127,0,127,0,127,0,127,0,127,0,127,7,11,48,59,0,127,11,17
1400000US48453001752,48453001752,"Census Tract 17.52, Travis County, Texas",2209,160,2209,160,0,127,0,127,0,127,0,127,17,29,0,127,0,127,0,127,0,127,0,127,88,62,228,113,354,169,248,106,234,101,219,111,407,174,383,141,31,36,0,127,0,127,0,127
1400000US48453001753,48453001753,"Census Tract 17.53, Travis County, Texas",789,57,789,57,0,127,0,127,0,127,0,127,0,127,0,127,0,127,0,127,0,127,12,19,0,127,0,127,0,127,0,127,0,127,277,91,216,75,204,83,51,53,29,33,0,127,0,127
1400000US48453001754,48453001754,"Census Tract 17.54, Travis County, Texas",1209,159,1209,159,0,127,0,127,0,127,0,127,0,127,0,127,0,127,0,127,12,20,0,127,97,82,107,85,44,65,81,73,222,126,195,93,64,49,123,78,237,140,27,34,0,127,0,127
1400000US48453001755,48453001755,"Census Tract 17.55, Travis County, Texas",98,69,98,69,0,127,0,127,0,127,0,127,0,127,0,127,0,127,0,127,0,127,0,127,0,127,0,127,0,127,9,15,0,127,0,127,0,127,36,53,9,15,36,45,8,13,0,127
1400000US48453001756,48453001756,"Census Tract 17.56, Travis County, Texas",446,109,446,109,0,127,0,127,0,127,0,127,0,127,0,127,0,127,0,127,0,127,0,127,10,16,0,127,11,16,12,19,11,18,43,53,22,25,150,86,33,30,98,72,56,32,0,127
1400000US48453001757,48453001757,"Census Tract 17.57, Travis County, Texas",238,83,238,83,0,127,0,127,25,41,0,127,0,127,0,127,0,127,0,127,0,127,0,127,0,127,0,127,0,127,0,127,0,127,11,20,8,14,86,67,100,64,0,127,8,12,0,127
1400000US48453001760,48453001760,"Census Tract 17.60, Travis County, Texas",782,176,782,176,0,127,0,127,0,127,0,127,0,127,0,127,0,127,0,127,0,127,0,127,0,127,0,127,0,127,0,127,0,127,40,63,68,45,91,97,118,108,184,120,281,155,0,127
1400000US48453001761,48453001761,"Census Tract 17.61, Travis County, Texas",1015,189,985,186,0,127,0,127,0,127,0,127,0,127,0,127,0,127,0,127,0,127,0,127,0,127,0,127,14,22,13,21,53,46,264,128,164,100,345,150,84,74,43,70,5,10,30,34
1400000US48453001764,48453001764,"Census Tract 17.64, Travis County, Texas",192,99,136,82,0,127,0,127,0,127,0,127,0,127,0,127,0,127,15,23,0,127,0,127,9,16,0,127,0,127,0,127,0,127,0,127,30,45,17,26,19,25,14,22,32,35,56,46
1400000US48453001765,48453001765,"Census Tract 17.65, Travis County, Texas",2433,275,2377,279,0,127,0,127,0,127,0,127,0,127,18,28,0,127,0,127,0,127,4,6,2,4,0,127,87,53,127,68,254,117,271,135,345,129,698,253,246,131,255,127,70,57,56,44
1400000US48453001766,48453001766,"Census Tract 17.66, Travis County, Texas",549,191,537,190,0,127,0,127,0,127,0,127,0,127,0,127,0,127,0,127,22,37,0,127,23,31,31,36,24,26,12,18,159,150,21,27,60,76,175,117,10,16,0,127,0,127,12,18
1400000US48453001768,48453001768,"Census Tract 17.68, Travis County, Texas",365,127,322,122,0,127,0,127,0,127,0,127,0,127,0,127,0,127,0,127,0,127,0,127,39,38,0,127,0,127,45,54,0,127,47,45,8,12,110,71,17,19,9,15,47,76,43,37
1400000US48453001769,48453001769,"Census Tract 17.69, Travis County, Texas",403,120,389,119,0,127,0,127,0,127,0,127,0,127,0,127,0,127,0,127,0,127,0,127,0,127,19,30,0,127,0,127,17,26,81,77,79,56,127,57,34,43,20,23,12,18,14,24
1400000US48453001770,48453001770,"Census Tract 17.70, Travis County, Texas",228,112,155,81,0,127,0,127,0,127,0,127,0,127,0,127,0,127,0,127,0,127,0,127,0,127,0,127,0,127,0,127,0,127,0,127,0,127,3,12,42,61,8,14,102,54,73,81
1400000US48453001771,48453001771,"Census Tract 17.71, Travis County, Texas",100,78,80,64,0,127,0,127,0,127,0,127,0,127,0,127,0,127,0,127,0,127,0,127,0,127,0,127,0,127,0,127,0,127,0,127,38,60,20,31,13,23,9,14,0,127,20,30
1400000US48453001772,48453001772,"Census Tract 17.72, Travis County, Texas",94,57,94,57,0,127,0,127,0,127,0,127,0,127,0,127,0,127,0,127,0,127,0,127,0,127,0,127,0,127,0,127,0,127,23,36,0,127,17,28,10,15,22,34,22,35,0,127
1400000US48453001773,48453001773,"Census Tract 17.73, Travis County, Texas",448,120,441,119,0,127,0,127,0,127,0,127,0,127,0,127,0,127,0,127,0,127,0,127,0,127,0,127,16,18,0,127,4,6,70,47,4,6,189,85,39,33,9,14,110,65,7,11
1400000US48453001774,48453001774,"Census Tract 17.74, Travis County, Texas",172,101,172,101,0,127,0,127,0,127,0,127,0,127,0,127,0,127,0,127,0,127,0,127,0,127,0,127,0,127,0,127,0,127,0,127,3,6,0,127,13,20,156,97,0,127,0,127
1400000US48453001775,48453001775,"Census Tract 17.75, Travis County, Texas",10,16,10,16,0,127,0,127,0,127,0,127,0,127,0,127,0,127,0,127,0,127,0,127,0,127,0,127,0,127,0,127,0,127,0,127,0,127,0,127,0,127,0,127,10,16,0,127
1400000US48453001776,48453001776,"Census Tract 17.76, Travis County, Texas",143,83,143,83,0,127,0,127,0,127,0,127,0,127,0,127,0,127,0,127,0,127,0,127,0,127,0,127,0,127,0,127,0,127,0,127,31,46,12,20,88,63,12,21,0,127,0,127
1400000US48453001777,48453001777,"Census Tract 17.77, Travis County, Texas",877,175,877,175,0,127,0,127,0,127,0,127,0,127,0,127,0,127,12,19,0,127,0,127,0,127,0,127,0,127,28,34,0,127,119,96,282,149,273,125,45,46,118,75,0,127,0,127
1400000US48453001778,48453001778,"Census Tract 17.78, Travis County, Texas",490,123,476,124,0,127,0,127,0,127,0,127,0,127,0,127,0,127,0,127,0,127,0,127,0,127,0,127,0,127,0,127,0,127,14,23,73,94,275,125,82,67,0,127,32,29,14,22
1400000US48453001779,48453001779,"Census Tract 17.79, Travis County, Texas",295,104,236,105,0,127,0,127,0,127,0,127,0,127,14,23,0,127,0,127,16,25,0,127,0,127,17,28,0,127,16,26,25,31,14,22,47,74,44,40,0,127,43,55,0,127,59,75
1400000US48453001780,48453001780,"Census Tract 17.80, Travis County, Texas",340,129,288,112,0,127,0,127,0,127,0,127,0,127,0,127,0,127,0,127,0,127,0,127,0,127,56,77,0,127,0,127,8,19,32,32,27,30,62,37,0,127,103,91,0,127,52,52
1400000US48453001781,48453001781,"Census Tract 17.81, Travis County, Texas",235,90,235,90,0,127,0,127,0,127,0,127,0,127,0,127,0,127,0,127,10,16,17,26,0,127,48,75,0,127,17,26,43,38,15,23,0,127,70,76,0,127,15,24,0,127,0,127
1400000US48453001782,48453001782,"Census Tract 17.82, Travis County, Texas",259,87,259,87,0,127,0,127,0,127,0,127,0,127,0,127,0,127,0,127,0,127,0,127,16,26,0,127,0,127,0,127,0,127,15,24,0,127,144,95,60,78,13,20,11,19,0,127
1400000US48453001783,48453001783,"Census Tract 17.83, Travis County, Texas",300,174,288,176,0,127,0,127,0,127,0,127,0,127,0,127,0,127,0,127,0,127,0,127,0,127,21,31,0,127,0,127,0,127,17,26,0,127,0,127,76,81,174,150,0,127,12,19
1400000US48453001784,48453001784,"Census Tract 17.84, Travis County, Texas",182,67,172,62,0,127,0,127,0,127,0,127,0,127,6,10,0,127,0,127,0,127,0,127,0,127,0,127,0,127,0,127,0,127,0,127,10,18,19,22,48,60,3,7,86,57,10,16
1400000US48453001785,48453001785,"Census Tract 17.85, Travis County, Texas",1902,140,1902,140,0,127,0,127,0,127,0,127,0,127,0,127,24,40,0,127,0,127,0,127,8,12,0,127,140,119,111,93,236,157,639,222,223,106,381,161,103,124,37,41,0,127,0,127
1400000US48453001786,48453001786,"Census Tract 17.86, Travis County, Texas",2325,177,2259,187,0,127,0,127,0,127,0,127,0,127,0,127,0,127,0,127,0,127,0,127,0,127,0,127,46,73,77,72,69,54,568,180,393,147,504,181,475,176,116,97,11,17,66,88
1400000US48453001804,48453001804,"Census Tract 18.04, Travis County, Texas",1859,197,1859,197,8,13,0,127,16,26,0,127,15,23,13,19,0,127,11,17,79,64,70,71,152,111,309,143,250,130,128,107,227,135,303,128,106,86,147,103,6,16,19,30,0,127,0,127
1400000US48453001805,48453001805,"Census Tract 18.05, Travis County, Texas",1199,132,1199,132,21,35,0,127,9,14,8,12,29,37,42,52,0,127,87,65,178,94,113,79,211,108,96,74,0,127,62,60,64,56,150,87,8,12,81,59,40,32,0,127,0,127,0,127
1400000US48453001806,48453001806,"Census Tract 18.06, Travis County, Texas",1825,212,1761,223,0,127,0,127,15,25,0,127,15,24,24,20,0,127,45,71,94,84,157,106,280,147,315,135,110,80,115,96,176,114,180,96,136,92,99,55,0,127,0,127,0,127,64,63
1400000US48453001811,48453001811,"Census Tract 18.11, Travis County, Texas",781,134,781,134,0,127,10,17,0,127,49,31,6,10,0,127,30,47,0,127,0,127,80,63,102,79,233,125,0,127,22,36,54,59,98,81,12,19,58,47,27,38,0,127,0,127,0,127
1400000US48453001812,48453001812,"Census Tract 18.12, Travis County, Texas",2380,172,2362,175,0,127,10,15,25,40,9,14,0,127,13,20,65,51,11,17,41,48,57,54,261,119,273,116,233,98,334,142,160,89,318,122,238,110,217,96,49,45,35,41,13,21,18,29
1400000US48453001813,48453001813,"Census Tract 18.13, Travis County, Texas",1444,147,1362,150,0,127,0,127,0,127,0,127,39,57,0,127,0,127,18,28,0,127,87,102,64,84,299,160,149,93,222,97,0,127,230,119,158,116,50,56,9,20,37,61,0,127,82,98
1400000US48453001817,48453001817,"Census Tract 18.17, Travis County, Texas",985,167,971,165,0,127,0,127,49,27,0,127,12,19,0,127,0,127,16,25,14,22,0,127,0,127,39,39,109,86,101,58,22,36,196,118,152,74,161,107,62,51,27,31,11,19,14,22
1400000US48453001818,48453001818,"Census Tract 18.18, Travis County, Texas",1088,158,1088,158,0,127,0,127,0,127,0,127,0,127,0,127,0,127,14,22,0,127,0,127,57,82,162,123,130,117,30,35,284,118,81,58,101,87,109,79,35,41,85,66,0,127,0,127
1400000US48453001819,48453001819,"Census Tract 18.19, Travis County, Texas",1156,85,1144,86,0,127,0,127,0,127,0,127,0,127,0,127,0,127,0,127,0,127,0,127,118,88,156,103,129,88,132,59,32,41,272,97,100,68,125,88,32,38,48,50,0,127,12,18
1400000US48453001820,48453001820,"Census Tract 18.20, Travis County, Texas",2107,240,2081,240,0,127,0,127,0,127,34,38,0,127,0,127,9,15,36,58,38,36,314,155,216,120,280,144,201,120,315,157,104,84,307,140,154,98,28,36,45,73,0,127,0,127,26,30
1400000US48453001821,48453001821,"Census Tract 18.21, Travis County, Texas",886,155,847,160,0,127,0,127,0,127,0,127,0,127,0,127,0,127,15,27,0,127,0,127,56,62,43,52,59,67,0,127,54,53,132,93,160,98,169,96,63,52,96,82,0,127,39,36
1400000US48453001822,48453001822,"Census Tract 18.22, Travis County, Texas",1717,186,1707,184,0,127,34,53,20,31,18,29,29,48,0,127,69,66,0,127,35,45,23,38,114,82,167,113,57,60,122,76,71,79,295,120,251,134,279,121,10,16,113,125,0,127,10,16
1400000US48453001823,48453001823,"Census Tract 18.23, Travis County, Texas",1482,162,1482,162,0,127,0,127,0,127,0,127,0,127,0,127,0,127,0,127,0,127,66,68,123,76,45,51,156,107,226,104,111,75,292,134,210,107,151,81,89,62,13,20,0,127,0,127
1400000US48453001824,48453001824,"Census Tract 18.24, Travis County, Texas",360,72,343,79,0,127,0,127,0,127,0,127,0,127,0,127,0,127,0,127,0,127,0,127,0,127,0,127,18,30,15,25,25,26,178,90,29,24,43,40,14,25,21,32,0,127,17,26
1400000US48453001826,48453001826,"Census Tract 18.26, Travis County, Texas",760,104,742,107,0,127,0,127,0,127,0,127,0,127,0,127,0,127,0,127,0,127,0,127,0,127,0,127,42,43,39,49,55,61,229,83,80,47,274,107,23,22,0,127,0,127,18,29
1400000US48453001828,48453001828,"Census Tract 18.28, Travis County, Texas",238,104,238,104,0,127,0,127,0,127,0,127,0,127,0,127,0,127,0,127,0,127,0,127,0,127,0,127,0,127,0,127,0,127,0,127,31,48,111,73,15,19,81,60,0,127,0,127
1400000US48453001829,48453001829,"Census Tract 18.29, Travis County, Texas",1093,119,1081,121,0,127,0,127,0,127,0,127,0,127,0,127,0,127,0,127,0,127,0,127,48,49,75,70,58,54,115,78,85,72,337,113,144,73,74,48,129,84,16,18,0,127,12,18
1400000US48453001832,48453001832,"Census Tract 18.32, Travis County, Texas",635,118,622,119,0,127,0,127,0,127,0,127,0,127,27,42,0,127,0,127,22,32,27,44,0,127,61,39,126,77,24,26,67,67,92,50,76,69,71,72,29,41,0,127,0,127,13,20
1400000US48453001833,48453001833,"Census Tract 18.33, Travis County, Texas",1307,153,1273,151,0,127,0,127,15,23,31,35,0,127,0,127,0,127,12,20,0,127,208,105,67,74,26,28,30,34,67,49,43,41,295,135,87,97,102,83,202,126,88,55,0,127,34,39
1400000US48453001834,48453001834,"Census Tract 18.34, Travis County, Texas",2055,213,2055,213,0,127,0,127,0,127,0,127,0,127,0,127,0,127,0,127,12,21,0,127,48,68,78,70,287,164,182,121,240,147,378,144,197,109,364,149,135,107,134,94,0,127,0,127
1400000US48453001835,48453001835,"Census Tract 18.35, Travis County, Texas",667,155,667,155,0,127,0,127,0,127,0,127,11,18,13,20,61,63,0,127,0,127,0,127,0,127,0,127,28,30,15,24,21,25,109,87,75,72,193,84,141,133,0,127,0,127,0,127
1400000US48453001839,48453001839,"Census Tract 18.39, Travis County, Texas",1401,172,1377,170,0,127,0,127,0,127,0,127,0,127,0,127,0,127,0,127,0,127,0,127,0,127,0,127,52,38,249,122,53,43,463,183,204,150,190,104,113,77,53,58,0,127,24,27
1400000US48453001840,48453001840,"Census Tract 18.40, Travis County, Texas",779,177,764,174,0,127,0,127,0,127,0,127,0,127,0,127,51,81,0,127,0,127,0,127,0,127,0,127,0,127,29,35,0,127,79,86,64,68,182,108,274,132,85,61,0,127,15,25
1400000US48453001841,48453001841,"Census Tract 18.41, Travis County, Texas",1080,240,1046,244,0,127,0,127,0,127,0,127,14,23,14,22,0,127,0,127,0,127,50,81,0,127,0,127,39,63,102,116,88,88,25,28,60,73,324,150,206,110,107,71,17,25,34,38
1400000US48453001842,48453001842,"Census Tract 18.42, Travis County, Texas",637,165,598,170,0,127,0,127,0,127,0,127,0,127,0,127,0,127,0,127,20,27,0,127,0,127,101,89,0,127,0,127,0,127,30,46,62,70,304,148,33,30,48,35,0,127,39,36
1400000US48453001843,48453001843,"Census Tract 18.43, Travis County, Texas",243,80,243,80,0,127,0,127,0,127,0,127,11,17,0,127,0,127,0,127,0,127,0,127,11,17,0,127,0,127,0,127,0,127,51,59,15,23,78,49,26,27,51,37,0,127,0,127
1400000US48453001844,48453001844,"Census Tract 18.44, Travis County, Texas",1057,125,1057,125,0,127,0,127,0,127,0,127,0,127,0,127,0,127,0,127,0,127,0,127,80,61,59,38,144,89,66,39,54,60,130,72,287,111,170,80,51,51,16,27,0,127,0,127
1400000US48453001845,48453001845,"Census Tract 18.45, Travis County, Texas",521,94,521,94,0,127,0,127,0,127,0,127,0,127,0,127,0,127,0,127,0,127,0,127,11,18,12,20,22,26,11,17,40,33,190,98,92,56,96,52,9,15,38,36,0,127,0,127
1400000US48453001846,48453001846,"Census Tract 18.46, Travis County, Texas",44,34,44,34,0,127,0,127,0,127,0,127,0,127,0,127,0,127,0,127,0,127,0,127,0,127,0,127,0,127,0,127,0,127,0,127,0,127,0,127,22,24,0,127,22,32,0,127
1400000US48453001847,48453001847,"Census Tract 18.47, Travis County, Texas",1131,218,1105,213,0,127,0,127,0,127,0,127,0,127,0,127,0,127,0,127,0,127,0,127,0,127,17,27,14,23,63,55,121,95,270,157,101,72,305,155,105,84,109,80,0,127,26,29
1400000US48453001848,48453001848,"Census Tract 18.48, Travis County, Texas",1176,133,1171,132,0,127,0,127,0,127,0,127,0,127,0,127,0,127,0,127,0,127,0,127,0,127,0,127,44,47,84,74,186,103,268,113,185,80,279,120,40,47,52,37,33,53,5,10
1400000US48453001849,48453001849,"Census Tract 18.49, Travis County, Texas",3108,184,3070,190,0,127,0,127,13,21,0,127,0,127,0,127,0,127,0,127,0,127,17,28,33,52,12,20,176,124,293,146,487,169,573,189,578,180,661,188,162,111,54,46,11,17,38,61
1400000US48453001850,48453001850,"Census Tract 18.50, Travis County, Texas",1707,146,1646,146,0,127,0,127,0,127,0,127,0,127,0,127,0,127,0,127,21,32,0,127,22,25,153,92,67,43,108,71,214,96,222,101,225,103,388,118,213,114,13,20,0,127,61,63
1400000US48453001851,48453001851,"Census Tract 18.51, Travis County, Texas",2268,226,2255,225,0,127,0,127,0,127,14,22,0,127,31,38,35,46,0,127,0,127,0,127,0,127,14,21,97,75,250,171,104,68,598,182,504,188,450,186,59,51,99,70,0,127,13,20
1400000US48453001853,48453001853,"Census Tract 18.53, Travis County, Texas",207,96,207,96,0,127,0,127,0,127,0,127,0,127,0,127,0,127,0,127,0,127,0,127,0,127,0,127,0,127,0,127,0,127,0,127,11,18,175,93,10,16,11,19,0,127,0,127
1400000US48453001854,48453001854,"Census Tract 18.54, Travis County, Texas",324,110,324,110,0,127,0,127,0,127,0,127,0,127,0,127,0,127,11,20,0,127,0,127,0,127,0,127,0,127,0,127,0,127,18,22,0,127,61,62,108,68,98,81,28,40,0,127
1400000US48453001855,48453001855,"Census Tract 18.55, Travis County, Texas",744,196,685,192,0,127,0,127,0,127,0,127,0,127,0,127,0,127,0,127,0,127,0,127,0,127,0,127,62,67,12,18,55,88,77,60,43,38,111,99,155,106,170,97,0,127,59,61
1400000US48453001856,48453001856,"Census Tract 18.56, Travis County, Texas",156,82,156,82,0,127,0,127,0,127,0,127,0,127,0,127,0,127,0,127,0,127,16,26,0,127,0,127,0,127,0,127,68,81,15,25,0,127,10,17,8,14,22,27,17,25,0,127
1400000US48453001857,48453001857,"Census Tract 18.57, Travis County, Texas",474,146,474,146,0,127,0,127,0,127,0,127,0,127,0,127,0,127,0,127,0,127,0,127,0,127,0,127,12,19,0,127,14,24,44,71,20,33,81,60,148,122,155,107,0,127,0,127
1400000US48453001858,48453001858,"Census Tract 18.58, Travis County, Texas",257,96,257,96,0,127,0,127,0,127,0,127,0,127,0,127,0,127,0,127,0,127,0,127,0,127,0,127,0,127,0,127,0,127,0,127,0,127,16,25,37,34,199,91,5,10,0,127
1400000US48453001859,48453001859,"Census Tract 18.59, Travis County, Texas",94,60,81,52,0,127,0,127,0,127,0,127,0,127,0,127,0,127,0,127,0,127,14,23,0,127,0,127,0,127,0,127,20,34,0,127,0,127,47,27,0,127,0,127,0,127,13,22
1400000US48453001860,48453001860,"Census Tract 18.60, Travis County, Texas",826,148,815,149,0,127,0,127,0,127,0,127,0,127,0,127,0,127,33,50,0,127,0,127,0,127,0,127,0,127,11,18,55,75,52,44,148,113,441,154,69,61,6,20,0,127,11,17
1400000US48453001861,48453001861,"Census Tract 18.61, Travis County, Texas",172,122,172,122,0,127,0,127,0,127,0,127,0,127,0,127,0,127,0,127,0,127,0,127,0,127,0,127,0,127,0,127,0,127,0,127,40,60,0,127,20,38,112,93,0,127,0,127
1400000US48453001862,48453001862,"Census Tract 18.62, Travis County, Texas",626,138,609,138,0,127,0,127,0,127,0,127,0,127,0,127,13,20,0,127,0,127,0,127,0,127,0,127,0,127,14,23,121,101,85,77,91,88,39,40,152,95,50,44,44,68,17,26
1400000US48453001863,48453001863,"Census Tract 18.63, Travis County, Texas",1899,167,1899,167,0,127,0,127,17,29,0,127,0,127,0,127,0,127,0,127,0,127,24,34,100,83,267,162,348,154,415,187,264,131,222,108,141,62,89,77,12,20,0,127,0,127,0,127
1400000US48453001864,48453001864,"Census Tract 18.64, Travis County, Texas",1211,140,1211,140,0,127,0,127,0,127,0,127,0,127,0,127,0,127,0,127,13,19,15,23,17,30,0,127,92,69,75,62,111,75,221,105,169,85,285,126,95,60,25,40,93,59,0,127
1400000US48453001901,48453001901,"Census Tract 19.01, Travis County, Texas",1704,181,1637,184,0,127,0,127,0,127,0,127,0,127,0,127,0,127,13,20,33,52,50,80,15,25,18,29,67,75,142,89,203,110,184,118,331,134,410,165,103,78,53,50,15,24,67,72
1400000US48453001908,48453001908,"Census Tract 19.08, Travis County, Texas",1348,165,1333,161,0,127,0,127,37,56,0,127,0,127,0,127,0,127,0,127,42,68,0,127,0,127,9,15,64,56,0,127,67,82,210,99,146,93,435,137,188,106,100,81,35,33,15,24
1400000US48453001910,48453001910,"Census Tract 19.10, Travis County, Texas",821,114,821,114,0,127,0,127,0,127,0,127,0,127,0,127,0,127,0,127,35,56,12,19,13,21,0,127,0,127,10,16,0,127,61,37,188,102,204,91,122,69,92,60,84,48,0,127
1400000US48453001911,48453001911,"Census Tract 19.11, Travis County, Texas",1579,117,1538,115,0,127,0,127,0,127,0,127,0,127,0,127,0,127,0,127,0,127,12,19,0,127,11,18,11,16,81,65,147,88,176,87,193,84,402,114,290,86,187,86,28,32,41,37
1400000US48453001912,48453001912,"Census Tract 19.12, Travis County, Texas",241,79,241,79,0,127,0,127,0,127,0,127,0,127,0,127,0,127,0,127,0,127,0,127,0,127,0,127,0,127,0,127,0,127,0,127,53,63,68,59,12,18,108,69,0,127,0,127
1400000US48453001913,48453001913,"Census Tract 19.13, Travis County, Texas",67,38,67,38,0,127,0,127,0,127,0,127,0,127,0,127,0,127,0,127,0,127,11,17,0,127,0,127,0,127,0,127,0,127,0,127,27,23,0,127,13,21,0,127,16,21,0,127
1400000US48453001914,48453001914,"Census Tract 19.14, Travis County, Texas",1236,175,1192,176,0,127,0,127,16,26,0,127,0,127,0,127,0,127,0,127,0,127,0,127,0,127,0,127,0,127,0,127,47,45,72,66,311,146,351,114,199,97,133,104,63,51,44,37
1400000US48453001915,48453001915,"Census Tract 19.15, Travis County, Texas",575,83,575,83,0,127,0,127,0,127,0,127,0,127,0,127,0,127,0,127,0,127,0,127,0,127,0,127,14,22,11,19,0,127,124,98,88,50,186,98,74,47,0,127,78,46,0,127
1400000US48453001916,48453001916,"Census Tract 19.16, Travis County, Texas",0,127,0,127,0,127,0,127,0,127,0,127,0,127,0,127,0,127,0,127,0,127,0,127,0,127,0,127,0,127,0,127,0,127,0,127,0,127,0,127,0,127,0,127,0,127,0,127
1400000US48453001917,48453001917,"Census Tract 19.17, Travis County, Texas",94,76,94,76,0,127,0,127,0,127,0,127,0,127,0,127,0,127,0,127,0,127,0,127,0,127,0,127,0,127,0,127,0,127,0,127,0,127,0,127,8,15,67,72,19,26,0,127
1400000US48453001918,48453001918,"Census Tract 19.18, Travis County, Texas",53,52,53,52,0,127,0,127,0,127,0,127,0,127,0,127,0,127,0,127,0,127,0,127,0,127,0,127,0,127,0,127,0,127,0,127,0,127,0,127,27,42,26,39,0,127,0,127
1400000US48453001919,48453001919,"Census Tract 19.19, Travis County, Texas",181,81,181,81,0,127,0,127,0,127,0,127,0,127,0,127,0,127,0,127,0,127,0,127,0,127,0,127,0,127,0,127,0,127,48,68,0,127,40,41,18,25,30,36,45,34,0,127
1400000US48453002002,48453002002,"Census Tract 20.02, Travis County, Texas",577,110,569,111,0,127,0,127,0,127,0,127,0,127,16,26,0,127,0,127,0,127,69,52,41,44,16,24,25,24,37,60,0,127,99,75,25,29,160,94,52,38,29,42,0,127,8,13
1400000US48453002003,48453002003,"Census Tract 20.03, Travis County, Texas",828,118,799,116,0,127,0,127,0,127,0,127,0,127,0,127,20,33,0,127,0,127,0,127,97,80,137,72,60,49,119,86,48,55,158,76,8,13,115,79,15,18,6,10,16,24,29,35
1400000US48453002004,48453002004,"Census Tract 20.04, Travis County, Texas",1256,118,1256,118,0,127,0,127,16,26,0,127,0,127,0,127,0,127,29,33,0,127,25,28,48,59,37,34,211,87,66,49,156,94,360,130,95,56,130,76,46,32,37,59,0,127,0,127
1400000US48453002005,48453002005,"Census Tract 20.05, Travis County, Texas",1836,170,1833,170,29,44,0,127,9,16,40,59,29,48,0,127,39,44,0,127,0,127,0,127,0,127,94,66,154,96,175,93,174,90,262,109,400,154,305,120,44,50,79,91,0,127,3,7
1400000US48453002104,48453002104,"Census Tract 21.04, Travis County, Texas",471,112,451,112,0,127,0,127,0,127,0,127,0,127,0,127,0,127,0,127,22,33,0,127,0,127,36,53,12,19,23,33,0,127,59,48,93,86,88,69,40,38,78,56,0,127,20,29
1400000US48453002105,48453002105,"Census Tract 21.05, Travis County, Texas",1704,184,1704,184,0,127,0,127,0,127,75,54,0,127,43,68,0,127,39,61,13,21,76,63,165,94,80,65,140,93,297,123,177,106,325,142,81,76,129,97,39,62,25,41,0,127,0,127
1400000US48453002106,48453002106,"Census Tract 21.06, Travis County, Texas",341,102,331,101,0,127,0,127,9,17,9,15,0,127,0,127,0,127,0,127,17,26,0,127,26,41,47,39,27,36,0,127,0,127,10,17,29,46,72,54,14,19,71,66,0,127,10,16
1400000US48453002107,48453002107,"Census Tract 21.07, Travis County, Texas",675,122,657,129,25,40,0,127,0,127,0,127,2,12,11,18,0,127,41,49,0,127,23,27,11,16,57,55,45,52,62,60,73,60,61,56,95,72,82,60,61,49,8,14,0,127,18,22
1400000US48453002108,48453002108,"Census Tract 21.08, Travis County, Texas",805,120,784,120,0,127,0,127,23,33,26,41,0,127,0,127,0,127,0,127,48,48,69,54,113,62,35,39,97,62,30,41,50,49,196,92,71,67,16,18,0,127,10,17,0,127,21,26
1400000US48453002109,48453002109,"Census Tract 21.09, Travis County, Texas",612,157,597,159,0,127,0,127,7,11,0,127,6,11,9,14,26,40,20,23,0,127,22,25,63,76,0,127,16,20,39,47,91,66,108,100,41,45,95,55,32,46,22,28,0,127,15,23
1400000US48453002110,48453002110,"Census Tract 21.10, Travis County, Texas",756,124,733,123,0,127,0,127,16,24,38,63,0,127,0,127,0,127,37,62,0,127,9,16,0,127,55,67,9,19,81,72,41,46,225,132,100,90,111,80,0,127,11,17,0,127,23,29
1400000US48453002111,48453002111,"Census Tract 21.11, Travis County, Texas",704,131,667,131,0,127,0,127,46,46,53,50,22,37,11,16,9,15,16,24,29,44,14,20,61,62,0,127,39,35,38,48,29,39,183,98,46,35,11,17,12,18,48,53,0,127,37,45
1400000US48453002112,48453002112,"Census Tract 21.12, Travis County, Texas",1134,150,1126,150,0,127,0,127,0,127,0,127,27,37,0,127,0,127,0,127,99,67,69,60,81,61,87,68,152,89,62,59,36,44,209,100,119,59,94,64,41,41,50,44,0,127,8,13
1400000US48453002113,48453002113,"Census Tract 21.13, Travis County, Texas",325,98,310,95,0,127,0,127,0,127,0,127,0,127,18,21,0,127,0,127,0,127,0,127,8,14,0,127,20,32,25,40,27,43,83,72,9,14,73,54,34,29,13,19,0,127,15,26
1400000US48453002201,48453002201,"Census Tract 22.01, Travis County, Texas",198,81,198,81,0,127,0,127,0,127,0,127,0,127,0,127,0,127,0,127,0,127,0,127,0,127,0,127,0,127,0,127,0,127,132,87,0,127,58,46,0,127,8,13,0,127,0,127
1400000US48453002202,48453002202,"Census Tract 22.02, Travis County, Texas",1255,223,1255,223,0,127,0,127,0,127,0,127,13,22,0,127,0,127,65,78,0,127,0,127,0,127,0,127,0,127,40,45,50,62,311,114,382,174,244,141,104,85,32,48,14,21,0,127
1400000US48453002207,48453002207,"Census Tract 22.07, Travis County, Texas",397,183,397,183,0,127,0,127,0,127,3,4,0,127,0,127,11,19,1,5,0,127,13,19,0,127,0,127,0,127,33,54,0,127,0,127,11,19,166,110,111,109,48,70,0,127,0,127
1400000US48453002208,48453002208,"Census Tract 22.08, Travis County, Texas",676,166,634,161,0,127,0,127,0,127,0,127,0,127,0,127,12,19,33,54,11,18,76,80,18,33,0,127,13,22,36,42,11,18,27,31,63,58,266,119,32,41,36,51,0,127,42,32
1400000US48453002209,48453002209,"Census Tract 22.09, Travis County, Texas",362,132,333,130,0,127,0,127,0,127,0,127,0,127,0,127,0,127,9,12,0,127,0,127,0,127,0,127,40,39,23,22,18,28,27,38,0,127,11,17,149,92,56,61,0,127,29,27
1400000US48453002210,48453002210,"Census Tract 22.10, Travis County, Texas",153,95,153,95,0,127,0,127,0,127,0,127,0,127,0,127,0,127,0,127,5,12,0,127,0,127,0,127,0,127,15,21,2,9,86,74,0,127,18,29,2,5,25,34,0,127,0,127
1400000US48453002211,48453002211,"Census Tract 22.11, Travis County, Texas",74,82,74,82,0,127,0,127,0,127,0,127,0,127,0,127,0,127,0,127,0,127,0,127,37,65,37,61,0,127,0,127,0,127,0,127,0,127,0,127,0,127,0,127,0,127,0,127
1400000US48453002212,48453002212,"Census Tract 22.12, Travis County, Texas",13,22,13,22,0,127,0,127,0,127,0,127,0,127,0,127,0,127,0,127,0,127,0,127,0,127,0,127,0,127,0,127,0,127,0,127,0,127,0,127,13,22,0,127,0,127,0,127
1400000US48453002304,48453002304,"Census Tract 23.04, Travis County, Texas",1426,163,1426,163,0,127,0,127,0,127,0,127,0,127,0,127,0,127,26,41,24,26,35,41,56,48,172,77,167,97,78,67,182,102,368,126,148,97,114,80,56,65,0,127,0,127,0,127
1400000US48453002307,48453002307,"Census Tract 23.07, Travis County, Texas",1914,206,1828,226,0,127,0,127,0,127,0,127,0,127,0,127,34,57,0,127,15,23,0,127,118,90,81,82,239,130,285,162,123,73,525,192,261,130,109,97,0,127,38,61,0,127,86,77
1400000US48453002308,48453002308,"Census Tract 23.08, Travis County, Texas",1603,172,1603,172,0,127,15,27,17,28,0,127,0,127,72,80,13,21,0,127,13,24,10,18,65,72,178,119,69,61,86,70,132,95,267,131,279,147,303,131,84,55,0,127,0,127,0,127
1400000US48453002310,48453002310,"Census Tract 23.10, Travis County, Texas",399,124,391,124,0,127,0,127,14,24,0,127,0,127,24,37,0,127,21,23,0,127,0,127,32,42,75,56,0,127,10,16,10,17,78,64,10,18,117,79,0,127,0,127,0,127,8,14
1400000US48453002312,48453002312,"Census Tract 23.12, Travis County, Texas",1113,143,1075,142,0,127,0,127,0,127,0,127,9,15,0,127,0,127,25,39,26,41,42,50,0,127,37,46,129,80,80,66,121,83,270,95,52,55,162,79,33,34,89,58,0,127,38,38
1400000US48453002313,48453002313,"Census Tract 23.13, Travis County, Texas",1924,136,1916,137,0,127,0,127,0,127,0,127,0,127,0,127,0,127,31,34,7,12,123,98,157,88,221,111,123,79,127,76,138,91,416,156,301,124,252,128,0,127,20,32,0,127,8,14
1400000US48453002314,48453002314,"Census Tract 23.14, Travis County, Texas",2373,137,2341,133,0,127,0,127,0,127,0,127,25,38,0,127,0,127,0,127,0,127,11,19,114,74,282,135,140,89,268,115,346,127,402,142,371,123,147,82,185,89,50,58,0,127,32,37
1400000US48453002315,48453002315,"Census Tract 23.15, Travis County, Texas",1197,130,1197,130,0,127,0,127,0,127,0,127,0,127,0,127,0,127,0,127,8,14,44,45,137,63,231,88,89,57,120,66,73,46,289,107,63,55,143,67,0,127,0,127,0,127,0,127
1400000US48453002316,48453002316,"Census Tract 23.16, Travis County, Texas",2131,172,2131,172,0,127,0,127,0,127,0,127,43,4,22,36,0,127,0,127,0,127,125,84,149,93,323,144,388,110,299,138,225,103,215,97,268,121,74,69,0,127,0,127,0,127,0,127
1400000US48453002317,48453002317,"Census Tract 23.17, Travis County, Texas",1386,107,1386,107,0,127,0,127,0,127,0,127,0,127,0,127,12,19,54,54,96,76,61,44,78,63,34,32,32,39,66,54,61,57,202,117,46,73,150,87,104,83,367,139,23,36,0,127
1400000US48453002318,48453002318,"Census Tract 23.18, Travis County, Texas",1407,202,1352,200,58,65,28,47,0,127,0,127,29,47,29,46,0,127,62,63,46,54,12,19,10,17,95,72,78,78,79,65,112,91,164,106,135,93,299,143,25,29,91,61,0,127,55,51
1400000US48453002319,48453002319,"Census Tract 23.19, Travis County, Texas",0,127,0,127,0,127,0,127,0,127,0,127,0,127,0,127,0,127,0,127,0,127,0,127,0,127,0,127,0,127,0,127,0,127,0,127,0,127,0,127,0,127,0,127,0,127,0,127
1400000US48453002402,48453002402,"Census Tract 24.02, Travis County, Texas",1727,220,1677,221,0,127,12,19,0,127,0,127,0,127,0,127,0,127,15,22,16,27,0,127,27,31,83,81,64,66,30,33,30,35,186,112,408,146,547,200,162,98,97,97,0,127,50,63
1400000US48453002403,48453002403,"Census Tract 24.03, Travis County, Texas",503,131,477,133,0,127,0,127,0,127,0,127,0,127,15,24,0,127,0,127,0,127,7,14,0,127,66,85,105,69,36,45,13,26,57,50,49,45,59,43,19,21,41,43,10,17,26,30
1400000US48453002407,48453002407,"Census Tract 24.07, Travis County, Texas",247,83,228,81,0,127,0,127,0,127,0,127,0,127,0,127,0,127,0,127,0,127,0,127,0,127,0,127,0,127,10,15,0,127,44,38,43,57,82,48,4,7,22,24,23,25,19,21
1400000US48453002409,48453002409,"Census Tract 24.09, Travis County, Texas",499,117,499,117,0,127,0,127,0,127,0,127,0,127,0,127,0,127,0,127,0,127,0,127,0,127,9,15,19,21,0,127,0,127,46,54,82,75,189,96,71,46,83,68,0,127,0,127
1400000US48453002410,48453002410,"Census Tract 24.10, Travis County, Texas",1271,129,1247,132,0,127,10,15,10,15,0,127,0,127,18,21,0,127,0,127,0,127,85,63,9,15,101,80,59,35,125,74,201,123,286,140,57,55,181,93,30,29,75,59,0,127,24,38
1400000US48453002411,48453002411,"Census Tract 24.11, Travis County, Texas",966,129,951,126,0,127,0,127,0,127,0,127,0,127,0,127,0,127,0,127,0,127,0,127,0,127,0,127,29,45,82,76,110,76,136,90,296,132,184,87,98,74,16,29,0,127,15,17
1400000US48453002412,48453002412,"Census Tract 24.12, Travis County, Texas",309,93,309,93,0,127,0,127,0,127,0,127,0,127,0,127,0,127,0,127,0,127,0,127,0,127,0,127,0,127,11,17,6,11,27,33,6,9,112,69,110,62,37,58,0,127,0,127
1400000US48453002413,48453002413,"Census Tract 24.13, Travis County, Texas",831,90,831,90,0,127,0,127,0,127,0,127,28,33,0,127,0,127,17,21,0,127,8,14,31,37,45,41,19,30,0,127,67,69,105,64,314,124,190,93,7,13,0,127,0,127,0,127
1400000US48453002419,48453002419,"Census Tract 24.19, Travis County, Texas",1893,121,1893,121,0,127,0,127,21,34,0,127,0,127,0,127,0,127,0,127,9,13,0,127,19,30,264,100,228,94,343,109,233,101,415,130,198,103,163,73,0,127,0,127,0,127,0,127
1400000US48453002421,48453002421,"Census Tract 24.21, Travis County, Texas",1308,147,1249,186,0,127,0,127,0,127,0,127,39,46,0,127,0,127,0,127,0,127,0,127,0,127,34,55,26,30,18,29,13,19,184,102,255,109,443,142,214,117,23,28,0,127,59,76
1400000US48453002422,48453002422,"Census Tract 24.22, Travis County, Texas",1332,171,1306,171,0,127,0,127,0,127,14,22,0,127,0,127,0,127,16,26,22,24,11,17,39,36,116,93,101,83,146,116,47,43,291,161,140,102,253,127,93,80,17,21,0,127,26,39
1400000US48453002423,48453002423,"Census Tract 24.23, Travis County, Texas",465,141,455,141,0,127,0,127,0,127,0,127,0,127,0,127,14,24,0,127,20,29,0,127,0,127,0,127,0,127,0,127,0,127,15,22,61,70,146,100,115,71,84,72,0,127,10,18
1400000US48453002424,48453002424,"Census Tract 24.24, Travis County, Texas",740,124,697,124,0,127,0,127,52,38,14,23,0,127,33,33,0,127,0,127,0,127,0,127,41,37,67,60,36,29,48,65,35,44,153,88,62,52,95,45,39,50,22,31,0,127,43,44
1400000US48453002425,48453002425,"Census Tract 24.25, Travis County, Texas",306,111,276,105,0,127,0,127,0,127,0,127,0,127,0,127,0,127,0,127,29,49,0,127,0,127,0,127,0,127,14,22,44,54,0,127,0,127,150,94,0,127,39,44,0,127,30,45
1400000US48453002426,48453002426,"Census Tract 24.26, Travis County, Texas",452,135,452,135,0,127,0,127,0,127,0,127,0,127,0,127,0,127,0,127,0,127,0,127,0,127,0,127,57,91,0,127,55,89,0,127,0,127,102,102,108,81,130,91,0,127,0,127
1400000US48453002427,48453002427,"Census Tract 24.27, Travis County, Texas",873,206,873,206,0,127,0,127,0,127,0,127,0,127,0,127,0,127,0,127,0,127,0,127,39,44,82,97,40,63,72,82,46,73,195,121,217,122,134,99,48,52,0,127,0,127,0,127
1400000US48453002428,48453002428,"Census Tract 24.28, Travis County, Texas",801,176,801,176,0,127,0,127,0,127,0,127,0,127,0,127,0,127,0,127,0,127,50,80,0,127,0,127,31,36,28,31,55,59,147,84,85,91,223,125,103,72,42,44,37,42,0,127
1400000US48453002429,48453002429,"Census Tract 24.29, Travis County, Texas",213,89,213,89,0,127,0,127,0,127,0,127,0,127,0,127,0,127,0,127,0,127,0,127,0,127,0,127,0,127,61,70,0,127,77,69,20,22,47,33,8,12,0,127,0,127,0,127
1400000US48453002430,48453002430,"Census Tract 24.30, Travis County, Texas",302,124,302,124,0,127,0,127,0,127,0,127,0,127,0,127,0,127,41,67,0,127,14,22,0,127,18,27,29,47,0,127,0,127,0,127,12,23,125,84,25,32,38,56,0,127,0,127
1400000US48453002431,48453002431,"Census Tract 24.31, Travis County, Texas",574,163,574,163,0,127,0,127,0,127,0,127,0,127,0,127,13,20,0,127,0,127,30,47,0,127,0,127,74,78,13,20,13,20,60,67,128,85,183,103,43,54,17,25,0,127,0,127
1400000US48453002432,48453002432,"Census Tract 24.32, Travis County, Texas",245,105,240,106,0,127,0,127,0,127,0,127,0,127,0,127,0,127,31,51,0,127,0,127,42,57,36,57,35,48,0,127,14,22,31,47,13,23,2,3,36,56,0,127,0,127,5,9
1400000US48453002433,48453002433,"Census Tract 24.33, Travis County, Texas",210,107,202,108,0,127,0,127,0,127,0,127,0,127,0,127,0,127,0,127,0,127,0,127,12,19,0,127,0,127,15,24,0,127,67,75,0,127,19,25,59,61,30,35,0,127,8,14
1400000US48453002434,48453002434,"Census Tract 24.34, Travis County, Texas",80,41,80,41,0,127,0,127,0,127,0,127,0,127,0,127,0,127,10,11,0,127,0,127,0,127,0,127,0,127,15,22,3,5,13,18,6,10,10,12,11,14,0,127,12,18,0,127
1400000US48453002435,48453002435,"Census Tract 24.35, Travis County, Texas",369,143,331,138,0,127,0,127,0,127,0,127,0,127,14,24,0,127,0,127,0,127,0,127,0,127,14,23,13,21,12,19,14,22,25,39,37,59,69,61,9,15,124,94,0,127,38,37
1400000US48453002436,48453002436,"Census Tract 24.36, Travis County, Texas",153,92,106,90,0,127,0,127,0,127,0,127,0,127,0,127,0,127,13,48,0,127,0,127,0,127,0,127,0,127,0,127,0,127,0,127,0,127,81,76,12,23,0,127,0,127,47,56
1400000US48453002500,48453002500,"Census Tract 25, Travis County, Texas",1571,151,1533,153,0,127,0,127,0,127,0,127,13,20,0,127,14,24,9,15,0,127,0,127,0,127,34,43,53,40,19,15,169,89,279,93,313,105,429,115,86,67,11,17,104,50,38,29
1400000US48453980000,48453980000,"Census Tract 9800, Travis County, Texas",0,127,0,127,0,127,0,127,0,127,0,127,0,127,0,127,0,127,0,127,0,127,0,127,0,127,0,127,0,127,0,127,0,127,0,127,0,127,0,127,0,127,0,127,0,127,0,127
1400000US48491020105,48491020105,"Census Tract 201.05, Williamson County, Texas",96,98,96,98,0,127,0,127,0,127,0,127,0,127,0,127,0,127,0,127,0,127,0,127,0,127,0,127,0,127,0,127,0,127,0,127,16,20,52,83,17,28,11,19,0,127,0,127
1400000US48491020106,48491020106,"Census Tract 201.06, Williamson County, Texas",75,56,75,56,0,127,0,127,0,127,0,127,0,127,0,127,0,127,0,127,0,127,0,127,0,127,0,127,0,127,0,127,0,127,0,127,0,127,0,127,0,127,75,56,0,127,0,127
1400000US48491020107,48491020107,"Census Tract 201.07, Williamson County, Texas",11,17,11,17,0,127,0,127,0,127,0,127,0,127,0,127,0,127,0,127,0,127,0,127,0,127,0,127,0,127,0,127,0,127,0,127,0,127,0,127,11,17,0,127,0,127,0,127
1400000US48491020108,48491020108,"Census Tract 201.08, Williamson County, Texas",133,79,114,70,0,127,0,127,0,127,0,127,0,127,0,127,0,127,0,127,0,127,0,127,0,127,0,127,0,127,0,127,0,127,0,127,0,127,0,127,67,67,17,21,30,25,19,35
1400000US48491020109,48491020109,"Census Tract 201.09, Williamson County, Texas",0,127,0,127,0,127,0,127,0,127,0,127,0,127,0,127,0,127,0,127,0,127,0,127,0,127,0,127,0,127,0,127,0,127,0,127,0,127,0,127,0,127,0,127,0,127,0,127
1400000US48491020110,48491020110,"Census Tract 201.10, Williamson County, Texas",253,108,209,98,0,127,0,127,0,127,19,31,35,38,18,28,0,127,72,92,21,33,0,127,0,127,0,127,0,127,0,127,0,127,44,68,0,127,0,127,0,127,0,127,0,127,44,43
1400000US48491020111,48491020111,"Census Tract 201.11, Williamson County, Texas",157,55,144,52,0,127,0,127,0,127,0,127,12,19,0,127,0,127,0,127,0,127,0,127,0,127,0,127,12,20,15,24,0,127,0,127,29,49,63,56,13,21,0,127,0,127,13,21
1400000US48491020112,48491020112,"Census Tract 201.12, Williamson County, Texas",138,109,96,88,0,127,0,127,0,127,0,127,0,127,0,127,0,127,0,127,0,127,0,127,0,127,0,127,0,127,0,127,0,127,53,83,26,40,0,127,17,26,0,127,0,127,42,64
1400000US48491020113,48491020113,"Census Tract 201.13, Williamson County, Texas",558,133,558,133,11,18,0,127,0,127,0,127,0,127,0,127,0,127,39,64,0,127,25,23,34,41,134,135,40,62,61,58,84,75,78,77,12,20,13,21,0,127,27,43,0,127,0,127
1400000US48491020114,48491020114,"Census Tract 201.14, Williamson County, Texas",823,125,779,132,0,127,0,127,0,127,0,127,58,69,0,127,0,127,0,127,0,127,0,127,21,33,60,89,10,18,120,81,43,36,71,71,127,79,206,104,32,34,31,49,0,127,44,54
1400000US48491020115,48491020115,"Census Tract 201.15, Williamson County, Texas",48,52,48,52,0,127,0,127,0,127,0,127,0,127,0,127,0,127,23,36,0,127,0,127,0,127,0,127,0,127,0,127,0,127,0,127,0,127,25,39,0,127,0,127,0,127,0,127
1400000US48491020201,48491020201,"Census Tract 202.01, Williamson County, Texas",165,83,165,83,0,127,0,127,10,15,0,127,0,127,0,127,0,127,0,127,0,127,9,11,9,16,9,14,47,71,7,17,0,127,20,22,32,31,22,25,0,127,0,127,0,127,0,127
1400000US48491020202,48491020202,"Census Tract 202.02, Williamson County, Texas",113,66,94,64,0,127,0,127,0,127,0,127,0,127,4,7,3,6,0,127,0,127,0,127,0,127,15,24,0,127,18,30,11,17,16,26,0,127,16,27,11,17,0,127,0,127,19,30
1400000US48491020203,48491020203,"Census Tract 202.03, Williamson County, Texas",127,103,127,103,0,127,0,127,0,127,0,127,0,127,0,127,0,127,0,127,0,127,0,127,0,127,53,81,0,127,0,127,0,127,0,127,0,127,0,127,26,40,48,53,0,127,0,127
1400000US48491020204,48491020204,"Census Tract 202.04, Williamson County, Texas",181,81,165,79,0,127,0,127,0,127,0,127,0,127,0,127,0,127,26,41,4,7,0,127,15,27,0,127,0,127,30,48,5,10,6,11,47,56,23,33,0,127,0,127,9,15,16,22
1400000US48491020301,48491020301,"Census Tract 203.01, Williamson County, Texas",331,106,254,96,0,127,0,127,0,127,0,127,0,127,0,127,5,8,7,10,6,9,0,127,23,24,4,7,0,127,0,127,9,14,32,34,15,22,39,35,71,57,35,50,8,14,77,60
1400000US48491020302,48491020302,"Census Tract 203.02, Williamson County, Texas",154,83,154,83,0,127,0,127,0,127,0,127,0,127,0,127,0,127,0,127,0,127,0,127,0,127,0,127,0,127,0,127,0,127,0,127,19,24,14,16,64,57,57,64,0,127,0,127
1400000US48491020310,48491020310,"Census Tract 203.10, Williamson County, Texas",171,88,159,91,0,127,0,127,0,127,0,127,0,127,0,127,0,127,0,127,0,127,0,127,0,127,0,127,0,127,0,127,0,127,0,127,15,24,0,127,0,127,115,91,29,46,12,19
1400000US48491020311,48491020311,"Census Tract 203.11, Williamson County, Texas",333,83,333,83,0,127,0,127,0,127,0,127,0,127,0,127,0,127,0,127,0,127,18,30,0,127,0,127,0,127,0,127,0,127,61,51,71,62,118,83,37,26,28,31,0,127,0,127
1400000US48491020312,48491020312,"Census Tract 203.12, Williamson County, Texas",440,190,416,191,0,127,0,127,0,127,0,127,0,127,0,127,0,127,0,127,0,127,0,127,0,127,0,127,0,127,0,127,0,127,138,142,16,26,62,70,125,76,75,65,0,127,24,37
1400000US48491020313,48491020313,"Census Tract 203.13, Williamson County, Texas",597,133,597,133,0,127,0,127,0,127,0,127,0,127,0,127,0,127,0,127,0,127,0,127,0,127,8,13,42,41,51,58,26,25,69,45,77,72,54,42,72,50,132,83,66,70,0,127
1400000US48491020314,48491020314,"Census Tract 203.14, Williamson County, Texas",382,140,377,140,0,127,0,127,0,127,0,127,0,127,0,127,0,127,0,127,0,127,0,127,47,71,0,127,0,127,19,31,0,127,0,127,0,127,89,89,84,62,138,100,0,127,5,12
1400000US48491020315,48491020315,"Census Tract 203.15, Williamson County, Texas",399,111,399,111,0,127,0,127,0,127,0,127,0,127,0,127,0,127,0,127,0,127,0,127,0,127,0,127,0,127,12,19,85,64,81,71,38,39,35,35,148,114,0,127,0,127,0,127
1400000US48491020316,48491020316,"Census Tract 203.16, Williamson County, Texas",438,95,438,95,0,127,0,127,0,127,0,127,0,127,0,127,0,127,0,127,0,127,0,127,0,127,0,127,19,27,12,21,15,27,106,71,16,26,253,98,5,8,0,127,12,19,0,127
1400000US48491020317,48491020317,"Census Tract 203.17, Williamson County, Texas",235,83,235,83,0,127,0,127,0,127,0,127,0,127,0,127,0,127,0,127,0,127,0,127,0,127,0,127,0,127,18,28,13,22,45,66,28,36,61,55,70,55,0,127,0,127,0,127
1400000US48491020318,48491020318,"Census Tract 203.18, Williamson County, Texas",979,172,966,170,0,127,0,127,0,127,0,127,0,127,0,127,0,127,0,127,0,127,0,127,0,127,0,127,12,18,149,97,45,43,164,82,140,118,225,104,90,82,93,76,48,76,13,21
1400000US48491020319,48491020319,"Census Tract 203.19, Williamson County, Texas",311,107,296,104,0,127,0,127,0,127,0,127,0,127,0,127,0,127,0,127,0,127,0,127,0,127,0,127,0,127,0,127,0,127,17,26,0,127,26,41,221,104,32,37,0,127,15,26
1400000US48491020320,48491020320,"Census Tract 203.20, Williamson County, Texas",271,108,271,108,0,127,0,127,0,127,0,127,0,127,0,127,0,127,0,127,0,127,0,127,0,127,0,127,0,127,0,127,0,127,0,127,0,127,192,111,49,37,30,32,0,127,0,127
1400000US48491020321,48491020321,"Census Tract 203.21, Williamson County, Texas",174,89,174,89,0,127,0,127,0,127,38,46,0,127,0,127,0,127,33,55,15,26,0,127,0,127,0,127,0,127,0,127,0,127,0,127,0,127,42,32,46,70,0,127,0,127,0,127
1400000US48491020322,48491020322,"Census Tract 203.22, Williamson County, Texas",1088,135,1088,135,0,127,0,127,0,127,0,127,0,127,0,127,0,127,0,127,0,127,0,127,79,66,14,22,180,107,167,90,66,60,147,76,72,66,208,102,76,66,71,62,8,15,0,127
1400000US48491020323,48491020323,"Census Tract 203.23, Williamson County, Texas",63,62,63,62,0,127,0,127,0,127,0,127,0,127,0,127,0,127,0,127,0,127,0,127,0,127,0,127,0,127,0,127,0,127,0,127,0,127,44,58,19,32,0,127,0,127,0,127
1400000US48491020324,48491020324,"Census Tract 203.24, Williamson County, Texas",140,89,140,89,0,127,0,127,0,127,0,127,0,127,0,127,0,127,0,127,0,127,0,127,0,127,0,127,0,127,0,127,23,36,0,127,0,127,10,19,63,56,41,57,3,6,0,127
1400000US48491020325,48491020325,"Census Tract 203.25, Williamson County, Texas",333,134,333,134,0,127,0,127,0,127,0,127,0,127,0,127,0,127,0,127,10,17,0,127,0,127,0,127,27,42,13,21,9,16,0,127,198,165,76,95,0,127,0,127,0,127,0,127
1400000US48491020326,48491020326,"Census Tract 203.26, Williamson County, Texas",54,44,27,33,0,127,0,127,0,127,0,127,0,127,0,127,0,127,0,127,0,127,0,127,0,127,0,127,0,127,0,127,0,127,0,127,0,127,14,22,0,127,13,23,0,127,27,31
1400000US48491020327,48491020327,"Census Tract 203.27, Williamson County, Texas",128,101,128,101,0,127,0,127,0,127,0,127,0,127,0,127,0,127,0,127,0,127,0,127,0,127,0,127,0,127,0,127,0,127,99,103,0,127,8,16,21,25,0,127,0,127,0,127
1400000US48491020328,48491020328,"Census Tract 203.28, Williamson County, Texas",432,160,417,153,0,127,0,127,0,127,0,127,0,127,0,127,0,127,0,127,0,127,0,127,0,127,15,26,21,21,52,41,0,127,38,39,13,20,124,87,107,102,47,56,0,127,15,25
1400000US48491020403,48491020403,"Census Tract 204.03, Williamson County, Texas",328,100,318,99,0,127,0,127,0,127,0,127,0,127,0,127,0,127,0,127,0,127,0,127,0,127,0,127,0,127,46,55,34,38,137,90,62,61,39,39,0,127,0,127,0,127,10,15
1400000US48491020404,48491020404,"Census Tract 204.04, Williamson County, Texas",252,87,252,87,0,127,0,127,0,127,0,127,0,127,0,127,0,127,0,127,0,127,0,127,0,127,0,127,0,127,0,127,0,127,0,127,11,15,30,26,167,76,20,22,24,35,0,127
1400000US48491020405,48491020405,"Census Tract 204.05, Williamson County, Texas",1630,202,1564,217,0,127,0,127,0,127,0,127,0,127,0,127,0,127,0,127,48,77,5,14,20,31,97,62,104,68,131,84,90,74,394,171,271,117,216,123,144,108,44,43,0,127,66,79
1400000US48491020406,48491020406,"Census Tract 204.06, Williamson County, Texas",2629,206,2601,206,0,127,0,127,0,127,0,127,0,127,0,127,0,127,0,127,0,127,24,36,0,127,122,88,117,75,150,107,148,110,487,216,527,203,718,190,197,103,54,71,57,57,28,33
1400000US48491020408,48491020408,"Census Tract 204.08, Williamson County, Texas",847,146,847,146,0,127,0,127,0,127,0,127,15,23,0,127,0,127,0,127,36,57,13,22,61,48,25,41,14,21,27,31,0,127,116,109,65,65,326,156,135,91,14,23,0,127,0,127
1400000US48491020409,48491020409,"Census Tract 204.09, Williamson County, Texas",864,176,864,176,0,127,0,127,0,127,0,127,0,127,0,127,0,127,0,127,0,127,0,127,0,127,8,13,60,78,90,89,9,15,108,83,61,48,387,155,141,92,0,127,0,127,0,127
1400000US48491020410,48491020410,"Census Tract 204.10, Williamson County, Texas",1118,181,1118,181,0,127,0,127,0,127,0,127,0,127,0,127,0,127,0,127,20,19,49,64,63,62,145,97,136,106,48,56,24,36,113,91,233,136,72,58,87,72,75,54,53,44,0,127
1400000US48491020411,48491020411,"Census Tract 204.11, Williamson County, Texas",884,160,884,160,0,127,0,127,0,127,0,127,0,127,0,127,0,127,0,127,0,127,0,127,0,127,0,127,0,127,43,39,44,66,121,71,247,129,140,116,139,96,107,85,43,49,0,127
1400000US48491020503,48491020503,"Census Tract 205.03, Williamson County, Texas",330,97,312,103,0,127,0,127,0,127,0,127,0,127,0,127,34,41,0,127,0,127,0,127,13,20,56,52,0,127,0,127,0,127,0,127,71,66,27,20,45,55,14,17,52,37,18,28
1400000US48491020504,48491020504,"Census Tract 205.04, Williamson County, Texas",2427,222,2375,233,0,127,0,127,0,127,0,127,0,127,41,59,0,127,0,127,12,19,0,127,0,127,20,31,44,38,280,159,211,108,559,189,326,130,660,188,207,130,15,24,0,127,52,62
1400000US48491020505,48491020505,"Census Tract 205.05, Williamson County, Texas",28,32,11,19,0,127,0,127,0,127,0,127,0,127,0,127,0,127,0,127,0,127,0,127,0,127,0,127,0,127,0,127,0,127,0,127,0,127,0,127,0,127,11,19,0,127,17,26
1400000US48491020506,48491020506,"Census Tract 205.06, Williamson County, Texas",793,192,784,192,0,127,0,127,0,127,0,127,0,127,0,127,0,127,0,127,0,127,10,16,0,127,0,127,0,127,21,33,0,127,0,127,58,52,149,105,161,84,385,173,0,127,9,17
1400000US48491020507,48491020507,"Census Tract 205.07, Williamson County, Texas",267,101,267,101,0,127,0,127,0,127,0,127,0,127,0,127,0,127,0,127,0,127,0,127,0,127,0,127,0,127,0,127,0,127,13,29,0,127,67,72,33,32,131,84,23,36,0,127
1400000US48491020508,48491020508,"Census Tract 205.08, Williamson County, Texas",1561,220,1561,220,0,127,0,127,0,127,0,127,0,127,0,127,0,127,0,127,0,127,0,127,11,19,0,127,114,79,95,97,243,128,371,156,343,141,203,121,61,46,114,78,6,13,0,127
1400000US48491020509,48491020509,"Census Tract 205.09, Williamson County, Texas",183,103,134,77,0,127,0,127,0,127,0,127,0,127,0,127,0,127,0,127,0,127,0,127,0,127,0,127,0,127,0,127,0,127,0,127,0,127,33,35,36,44,30,42,35,33,49,72
1400000US48491020510,48491020510,"Census Tract 205.10, Williamson County, Texas",266,121,255,120,0,127,0,127,0,127,0,127,0,127,0,127,0,127,0,127,0,127,0,127,0,127,8,13,0,127,11,18,0,127,17,26,26,27,70,107,25,40,53,50,45,36,11,18
1400000US48491020602,48491020602,"Census Tract 206.02, Williamson County, Texas",574,135,551,137,0,127,0,127,0,127,0,127,0,127,0,127,0,127,0,127,17,28,9,17,0,127,28,31,0,127,9,15,19,22,109,77,72,51,139,99,63,65,75,59,11,18,23,25
1400000US48491020603,48491020603,"Census Tract 206.03, Williamson County, Texas",146,86,146,86,0,127,0,127,0,127,0,127,0,127,0,127,0,127,0,127,0,127,0,127,0,127,0,127,0,127,0,127,0,127,24,34,0,127,0,127,0,127,84,68,38,44,0,127
1400000US48491020604,48491020604,"Census Tract 206.04, Williamson County, Texas",343,101,343,101,0,127,0,127,0,127,0,127,0,127,0,127,0,127,0,127,0,127,0,127,25,31,21,34,75,80,28,32,37,59,0,127,17,27,89,59,0,127,51,54,0,127,0,127
1400000US48491020605,48491020605,"Census Tract 206.05, Williamson County, Texas",248,138,248,138,0,127,0,127,0,127,0,127,0,127,0,127,0,127,0,127,0,127,0,127,0,127,0,127,0,127,0,127,0,127,0,127,0,127,1,7,134,90,113,84,0,127,0,127
1400000US48491020701,48491020701,"Census Tract 207.01, Williamson County, Texas",551,124,443,123,0,127,0,127,0,127,0,127,9,14,0,127,0,127,0,127,0,127,46,49,33,45,16,27,66,48,36,34,9,14,76,81,0,127,94,93,9,19,31,37,18,30,108,79
1400000US48491020703,48491020703,"Census Tract 207.03, Williamson County, Texas",1752,238,1710,241,0,127,0,127,0,127,0,127,0,127,0,127,0,127,0,127,0,127,22,33,48,68,0,127,0,127,101,108,100,79,283,122,127,73,584,192,312,137,133,75,0,127,42,42
1400000US48491020704,48491020704,"Census Tract 207.04, Williamson County, Texas",945,153,945,153,0,127,28,33,40,36,50,39,12,20,0,127,0,127,0,127,0,127,15,24,16,26,39,40,122,76,45,36,138,103,65,52,164,82,100,78,87,73,24,30,0,127,0,127
1400000US48491020706,48491020706,"Census Tract 207.06, Williamson County, Texas",57,56,57,56,0,127,0,127,0,127,0,127,0,127,0,127,0,127,0,127,0,127,0,127,0,127,0,127,0,127,0,127,0,127,0,127,0,127,0,127,0,127,45,53,12,22,0,127
1400000US48491020707,48491020707,"Census Tract 207.07, Williamson County, Texas",727,139,666,136,0,127,0,127,0,127,0,127,0,127,0,127,0,127,0,127,0,127,0,127,0,127,22,34,13,20,76,101,15,25,134,84,121,78,163,113,95,58,27,32,0,127,61,84
1400000US48491020708,48491020708,"Census Tract 207.08, Williamson County, Texas",275,108,235,110,0,127,0,127,0,127,0,127,0,127,0,127,0,127,0,127,0,127,0,127,0,127,0,127,0,127,0,127,0,127,2,10,0,127,21,34,110,91,86,69,16,25,40,39
1400000US48491020803,48491020803,"Census Tract 208.03, Williamson County, Texas",302,149,280,144,0,127,0,127,0,127,0,127,0,127,0,127,0,127,20,31,0,127,15,24,0,127,0,127,0,127,0,127,0,127,0,127,94,101,39,42,112,77,0,127,0,127,22,37
1400000US48491020804,48491020804,"Census Tract 208.04, Williamson County, Texas",435,145,419,149,0,127,0,127,0,127,0,127,0,127,0,127,0,127,0,127,0,127,0,127,0,127,0,127,0,127,0,127,0,127,48,72,0,127,97,69,61,47,152,105,61,88,16,27
1400000US48491020805,48491020805,"Census Tract 208.05, Williamson County, Texas",267,152,267,152,0,127,0,127,0,127,0,127,0,127,0,127,0,127,0,127,0,127,0,127,0,127,0,127,0,127,14,22,0,127,4,7,0,127,32,32,198,142,19,28,0,127,0,127
1400000US48491020806,48491020806,"Census Tract 208.06, Williamson County, Texas",42,56,32,54,0,127,0,127,0,127,0,127,0,127,0,127,0,127,0,127,0,127,0,127,0,127,0,127,0,127,0,127,0,127,0,127,0,127,0,127,0,127,32,54,0,127,10,16
1400000US48491020807,48491020807,"Census Tract 208.07, Williamson County, Texas",404,137,404,137,0,127,0,127,0,127,0,127,0,127,13,22,0,127,0,127,0,127,0,127,0,127,40,61,0,127,0,127,0,127,56,68,0,127,23,26,211,108,50,51,11,17,0,127
1400000US48491020808,48491020808,"Census Tract 208.08, Williamson County, Texas",86,56,72,50,0,127,0,127,0,127,0,127,0,127,17,26,0,127,0,127,0,127,21,34,0,127,18,31,16,25,0,127,0,127,0,127,0,127,0,127,0,127,0,127,0,127,14,23
1400000US48491020809,48491020809,"Census Tract 208.09, Williamson County, Texas",391,156,385,156,0,127,0,127,0,127,0,127,0,127,0,127,0,127,0,127,0,127,0,127,12,19,0,127,0,127,0,127,0,127,0,127,0,127,137,76,139,102,97,82,0,127,6,10
1400000US48491020900,48491020900,"Census Tract 209, Williamson County, Texas",300,95,243,89,0,127,0,127,0,127,0,127,0,127,0,127,0,127,3,5,0,127,0,127,0,127,16,17,59,56,29,22,0,127,11,16,43,52,72,52,10,16,0,127,0,127,57,31
1400000US48491021000,48491021000,"Census Tract 210, Williamson County, Texas",325,121,282,103,0,127,0,127,0,127,0,127,20,26,0,127,22,25,11,17,19,29,18,21,0,127,12,18,88,71,13,23,0,127,52,48,0,127,27,45,0,127,0,127,0,127,43,62
1400000US48491021100,48491021100,"Census Tract 211, Williamson County, Texas",431,135,396,133,0,127,0,127,0,127,0,127,0,127,13,21,0,127,13,21,0,127,0,127,26,30,40,36,10,17,74,78,43,53,23,28,79,82,75,78,0,127,0,127,0,127,35,55
1400000US48491021201,48491021201,"Census Tract 212.01, Williamson County, Texas",90,52,64,48,0,127,0,127,0,127,0,127,0,127,0,127,0,127,0,127,0,127,0,127,0,127,0,127,0,127,0,127,0,127,0,127,23,26,13,22,28,34,0,127,0,127,26,24
1400000US48491021202,48491021202,"Census Tract 212.02, Williamson County, Texas",261,97,238,96,0,127,0,127,0,127,18,28,12,22,0,127,17,27,0,127,15,23,9,16,6,10,34,51,0,127,0,127,37,44,0,127,47,56,21,25,22,32,0,127,0,127,23,22
1400000US48491021203,48491021203,"Census Tract 212.03, Williamson County, Texas",432,131,418,134,0,127,0,127,0,127,9,15,27,43,0,127,10,16,34,52,9,14,27,35,28,45,18,27,33,58,0,127,8,30,69,58,91,94,30,45,0,127,12,21,13,22,14,23
1400000US48491021300,48491021300,"Census Tract 213, Williamson County, Texas",304,80,246,76,9,14,0,127,5,7,14,14,14,16,21,20,0,127,10,14,12,15,34,49,11,16,15,18,18,16,7,10,19,20,15,24,15,17,15,19,12,16,0,127,0,127,58,41
1400000US48491021401,48491021401,"Census Tract 214.01, Williamson County, Texas",739,175,739,175,0,127,0,127,0,127,0,127,0,127,0,127,0,127,0,127,0,127,0,127,0,127,0,127,28,44,50,81,0,127,90,79,150,119,252,137,36,37,120,94,13,19,0,127
1400000US48491021402,48491021402,"Census Tract 214.02, Williamson County, Texas",870,153,862,152,20,35,0,127,0,127,36,28,22,26,14,23,57,60,8,12,0,127,28,24,30,32,29,30,13,16,35,30,71,59,144,74,134,75,152,84,55,53,7,13,7,11,8,13
1400000US48491021403,48491021403,"Census Tract 214.03, Williamson County, Texas",396,126,385,128,0,127,0,127,0,127,0,127,0,127,0,127,35,53,0,127,0,127,0,127,0,127,0,127,0,127,8,14,0,127,64,58,146,107,48,53,62,56,22,35,0,127,11,19
1400000US48491021502,48491021502,"Census Tract 215.02, Williamson County, Texas",970,162,954,161,0,127,0,127,0,127,0,127,0,127,0,127,0,127,0,127,0,127,0,127,0,127,0,127,31,46,7,12,56,48,138,81,192,118,347,146,183,107,0,127,0,127,16,21
1400000US48491021503,48491021503,"Census Tract 215.03, Williamson County, Texas",1047,172,1017,172,0,127,0,127,0,127,9,15,0,127,0,127,0,127,0,127,8,14,0,127,9,14,70,51,60,46,83,56,87,61,180,95,351,160,141,77,19,21,0,127,0,127,30,35
1400000US48491021504,48491021504,"Census Tract 215.04, Williamson County, Texas",340,95,340,95,0,127,0,127,0,127,0,127,0,127,0,127,0,127,0,127,0,127,0,127,0,127,0,127,0,127,30,31,71,67,80,62,28,28,52,48,0,127,0,127,79,66,0,127
1400000US48491021505,48491021505,"Census Tract 215.05, Williamson County, Texas",943,154,931,152,0,127,0,127,0,127,0,127,0,127,0,127,0,127,14,22,0,127,0,127,0,127,28,32,0,127,22,27,11,17,113,63,155,80,333,115,209,108,46,43,0,127,12,21
1400000US48491021506,48491021506,"Census Tract 215.06, Williamson County, Texas",96,73,96,73,0,127,0,127,0,127,0,127,0,127,0,127,0,127,0,127,0,127,0,127,0,127,0,127,0,127,0,127,0,127,8,13,0,127,79,72,0,127,9,14,0,127,0,127
1400000US48491021507,48491021507,"Census Tract 215.07, Williamson County, Texas",951,211,951,211,0,127,0,127,0,127,0,127,0,127,0,127,0,127,0,127,0,127,0,127,63,101,31,39,72,93,45,36,77,51,32,50,36,46,352,139,91,66,76,94,76,49,0,127
1400000US48491021508,48491021508,"Census Tract 215.08, Williamson County, Texas",828,223,818,220,0,127,0,127,0,127,0,127,0,127,0,127,0,127,0,127,0,127,0,127,0,127,0,127,115,131,23,29,72,53,109,85,148,140,98,99,121,111,132,127,0,127,10,17
1400000US48491021601,48491021601,"Census Tract 216.01, Williamson County, Texas",128,95,123,95,0,127,0,127,5,7,0,127,4,6,0,127,0,127,0,127,0,127,0,127,0,127,0,127,0,127,0,127,0,127,42,66,16,25,56,61,0,127,0,127,0,127,5,6
1400000US48491021602,48491021602,"Census Tract 216.02, Williamson County, Texas",375,146,331,140,0,127,0,127,0,127,0,127,0,127,0,127,0,127,0,127,0,127,35,57,0,127,20,25,92,102,0,127,0,127,31,31,16,18,123,96,14,21,0,127,0,127,44,53
1400000US48491021603,48491021603,"Census Tract 216.03, Williamson County, Texas",64,35,54,34,0,127,0,127,0,127,0,127,0,127,0,127,0,127,0,127,0,127,0,127,0,127,10,15,9,15,0,127,0,127,11,13,16,20,8,10,0,127,0,127,0,127,10,11
