GEO.id,GEO.id2,GEO.display-label,HD01_VD01,HD02_VD01,HD01_VD02,HD02_VD02,HD01_VD03,HD02_VD03,HD01_VD04,HD02_VD04,HD01_VD05,HD02_VD05,HD01_VD06,HD02_VD06,HD01_VD07,HD02_VD07,HD01_VD08,HD02_VD08,HD01_VD09,HD02_VD09,HD01_VD10,HD02_VD10,HD01_VD11,HD02_VD11,HD01_VD12,HD02_VD12,HD01_VD13,HD02_VD13,HD01_VD14,HD02_VD14,HD01_VD15,HD02_VD15,HD01_VD16,HD02_VD16,HD01_VD17,HD02_VD17,HD01_VD18,HD02_VD18,HD01_VD19,HD02_VD19,HD01_VD20,HD02_VD20,HD01_VD21,HD02_VD21,HD01_VD22,HD02_VD22,HD01_VD23,HD02_VD23,HD01_VD24,HD02_VD24
Id,Id2,Geography,Estimate; Total:,Margin of Error; Total:,Estimate; With cash rent:,Margin of Error; With cash rent:,Estimate; With cash rent: - Less than $100,Margin of Error; With cash rent: - Less than $100,Estimate; With cash rent: - $100 to $149,Margin of Error; With cash rent: - $100 to $149,Estimate; With cash rent: - $150 to $199,Margin of Error; With cash rent: - $150 to $199,Estimate; With cash rent: - $200 to $249,Margin of Error; With cash rent: - $200 to $249,Estimate; With cash rent: - $250 to $299,Margin of Error; With cash rent: - $250 to $299,Estimate; With cash rent: - $300 to $349,Margin of Error; With cash rent: - $300 to $349,Estimate; With cash rent: - $350 to $399,Margin of Error; With cash rent: - $350 to $399,Estimate; With cash rent: - $400 to $449,Margin of Error; With cash rent: - $400 to $449,Estimate; With cash rent: - $450 to $499,Margin of Error; With cash rent: - $450 to $499,Estimate; With cash rent: - $500 to $549,Margin of Error; With cash rent: - $500 to $549,Estimate; With cash rent: - $550 to $599,Margin of Error; With cash rent: - $550 to $599,Estimate; With cash rent: - $600 to $649,Margin of Error; With cash rent: - $600 to $649,Estimate; With cash rent: - $650 to $699,Margin of Error; With cash rent: - $650 to $699,Estimate; With cash rent: - $700 to $749,Margin of Error; With cash rent: - $700 to $749,Estimate; With cash rent: - $750 to $799,Margin of Error; With cash rent: - $750 to $799,Estimate; With cash rent: - $800 to $899,Margin of Error; With cash rent: - $800 to $899,Estimate; With cash rent: - $900 to $999,Margin of Error; With cash rent: - $900 to $999,"Estimate; With cash rent: - $1,000 to $1,249","Margin of Error; With cash rent: - $1,000 to $1,249","Estimate; With cash rent: - $1,250 to $1,499","Margin of Error; With cash rent: - $1,250 to $1,499","Estimate; With cash rent: - $1,500 to $1,999","Margin of Error; With cash rent: - $1,500 to $1,999","Estimate; With cash rent: - $2,000 or more","Margin of Error; With cash rent: - $2,000 or more",Estimate; No cash rent,Margin of Error; No cash rent
1400000US48021950100,48021950100,"Census Tract 9501, Bastrop County, Texas",557,223,394,197,0,95,0,95,0,95,0,95,0,95,0,95,86,141,37,62,4,8,0,95,0,95,9,15,25,31,0,95,14,16,63,80,18,25,42,56,71,76,25,41,0,95,163,111
1400000US48021950200,48021950200,"Census Tract 9502, Bastrop County, Texas",819,236,807,236,0,95,0,95,0,95,12,19,0,95,15,25,16,26,15,24,0,95,38,53,75,94,0,95,29,34,42,48,78,75,280,138,81,77,111,104,15,25,0,95,0,95,12,19
1400000US48021950300,48021950300,"Census Tract 9503, Bastrop County, Texas",755,240,472,166,0,95,0,95,0,95,0,95,0,95,0,95,0,95,0,95,0,95,32,38,39,47,85,82,0,95,0,95,0,95,94,96,108,88,22,25,55,49,37,39,0,95,283,141
1400000US48021950400,48021950400,"Census Tract 9504, Bastrop County, Texas",1109,264,974,263,0,95,33,53,27,43,0,95,23,40,0,95,47,72,0,95,11,19,0,95,35,40,0,95,0,95,49,80,41,51,60,49,168,133,354,140,0,95,77,99,49,40,135,106
1400000US48021950501,48021950501,"Census Tract 9505.01, Bastrop County, Texas",408,169,364,163,0,95,0,95,0,95,0,95,0,95,0,95,0,95,65,95,96,107,14,22,0,95,0,95,0,95,58,58,0,95,69,84,0,95,62,74,0,95,0,95,0,95,44,55
1400000US48021950502,48021950502,"Census Tract 9505.02, Bastrop County, Texas",154,97,131,95,0,95,0,95,0,95,0,95,0,95,0,95,0,95,0,95,0,95,10,17,0,95,16,28,18,24,0,95,0,95,10,13,21,32,56,66,0,95,0,95,0,95,23,24
1400000US48021950600,48021950600,"Census Tract 9506, Bastrop County, Texas",182,93,148,84,0,95,0,95,0,95,0,95,5,12,0,95,0,95,0,95,18,28,33,32,0,95,0,95,0,95,0,95,42,42,28,45,3,8,19,24,0,95,0,95,0,95,34,40
1400000US48021950700,48021950700,"Census Tract 9507, Bastrop County, Texas",679,168,603,147,0,95,0,95,0,95,0,95,113,70,19,25,33,48,15,22,51,39,18,20,7,12,0,95,56,49,27,34,27,26,59,59,35,31,97,74,46,43,0,95,0,95,76,63
1400000US48021950801,48021950801,"Census Tract 9508.01, Bastrop County, Texas",570,220,523,217,0,95,0,95,0,95,0,95,0,95,0,95,0,95,0,95,0,95,0,95,57,84,0,95,12,19,53,83,9,18,51,54,181,136,32,43,107,115,21,40,0,95,47,49
1400000US48021950802,48021950802,"Census Tract 9508.02, Bastrop County, Texas",248,140,177,108,0,95,0,95,0,95,0,95,0,95,0,95,0,95,0,95,28,40,48,75,20,31,0,95,0,95,0,95,0,95,0,95,27,42,54,54,0,95,0,95,0,95,71,86
1400000US48055960101,48055960101,"Census Tract 9601.01, Caldwell County, Texas",329,137,275,128,0,95,0,95,0,95,0,95,0,95,0,95,4,8,0,95,4,7,66,87,11,18,14,24,24,28,44,44,0,95,33,47,12,19,35,54,28,26,0,95,0,95,54,43
1400000US48055960102,48055960102,"Census Tract 9601.02, Caldwell County, Texas",324,142,251,134,0,95,0,95,0,95,0,95,0,95,0,95,0,95,0,95,38,47,0,95,19,33,38,60,27,43,22,33,0,95,0,95,0,95,107,108,0,95,0,95,0,95,73,79
1400000US48055960200,48055960200,"Census Tract 9602, Caldwell County, Texas",583,129,532,125,0,95,0,95,0,95,16,20,16,13,0,95,0,95,8,14,52,53,19,27,15,17,68,59,22,33,87,62,33,41,48,40,75,66,51,49,13,17,9,16,0,95,51,61
1400000US48055960300,48055960300,"Census Tract 9603, Caldwell County, Texas",414,119,375,117,0,95,0,95,0,95,0,95,0,95,0,95,7,11,16,21,0,95,0,95,39,57,8,15,16,18,0,95,39,52,39,29,92,74,57,29,21,26,41,37,0,95,39,33
1400000US48055960400,48055960400,"Census Tract 9604, Caldwell County, Texas",548,126,529,119,0,95,0,95,0,95,3,4,28,25,8,14,39,46,0,95,12,20,27,31,30,42,83,54,0,95,13,18,21,36,47,35,77,45,111,80,30,28,0,95,0,95,19,23
1400000US48055960500,48055960500,"Census Tract 9605, Caldwell County, Texas",640,156,556,156,0,95,0,95,3,5,4,6,0,95,0,95,0,95,47,51,53,58,34,29,14,15,48,42,42,40,15,17,9,14,83,78,82,58,96,62,19,24,7,13,0,95,84,40
1400000US48055960600,48055960600,"Census Tract 9606, Caldwell County, Texas",137,69,64,44,0,95,0,95,0,95,0,95,23,36,0,95,0,95,26,32,0,95,0,95,0,95,0,95,0,95,0,95,5,8,0,95,0,95,10,17,0,95,0,95,0,95,73,58
1400000US48055960700,48055960700,"Census Tract 9607, Caldwell County, Texas",873,250,722,226,0,95,0,95,0,95,53,73,15,23,0,95,36,42,0,95,35,40,64,55,134,115,102,98,33,37,159,90,18,29,35,44,38,61,0,95,0,95,0,95,0,95,151,104
1400000US48209010100,48209010100,"Census Tract 101, Hays County, Texas",733,112,684,104,0,95,0,95,0,95,9,14,0,95,0,95,0,95,55,60,12,18,31,49,36,35,50,57,76,64,33,37,21,26,75,57,87,81,117,73,56,60,8,14,18,26,49,36
1400000US48209010200,48209010200,"Census Tract 102, Hays County, Texas",331,84,331,84,0,95,0,95,0,95,0,95,0,95,0,95,0,95,94,74,12,18,7,10,30,28,28,37,9,13,10,17,0,95,32,25,53,50,39,30,17,26,0,95,0,95,0,95
1400000US48209010302,48209010302,"Census Tract 103.02, Hays County, Texas",1190,146,1152,150,0,95,0,95,25,21,17,23,39,47,8,16,44,45,0,95,0,95,12,17,58,48,69,79,154,107,90,70,194,96,234,97,90,67,118,80,0,95,0,95,0,95,38,49
1400000US48209010303,48209010303,"Census Tract 103.03, Hays County, Texas",1659,203,1620,211,0,95,0,95,0,95,0,95,18,31,0,95,0,95,47,60,0,95,27,33,78,62,36,46,110,95,140,111,79,54,321,158,161,106,301,145,180,125,32,52,90,103,39,38
1400000US48209010304,48209010304,"Census Tract 103.04, Hays County, Texas",2254,210,2254,210,0,95,0,95,69,66,40,50,47,45,0,95,0,95,23,30,151,83,103,69,168,78,432,157,228,118,117,80,276,117,284,154,103,79,174,102,39,44,0,95,0,95,0,95
1400000US48209010400,48209010400,"Census Tract 104, Hays County, Texas",1638,238,1585,231,0,95,0,95,0,95,0,95,0,95,9,15,0,95,0,95,13,21,115,102,119,99,58,43,65,45,39,34,0,95,261,103,452,233,277,116,106,99,0,95,71,54,53,47
1400000US48209010500,48209010500,"Census Tract 105, Hays County, Texas",1049,131,1008,136,0,95,0,95,27,27,10,16,0,95,0,95,48,60,7,11,38,44,72,69,19,23,22,25,70,59,25,23,39,33,277,114,66,67,198,94,90,72,0,95,0,95,41,44
1400000US48209010600,48209010600,"Census Tract 106, Hays County, Texas",1165,205,1145,200,0,95,0,95,0,95,0,95,0,95,0,95,27,41,0,95,0,95,0,95,0,95,0,95,12,20,101,58,165,126,129,89,178,100,331,142,88,69,106,85,8,13,20,23
1400000US48209010701,48209010701,"Census Tract 107.01, Hays County, Texas",2181,289,2164,281,0,95,0,95,0,95,0,95,0,95,0,95,0,95,24,29,13,22,42,49,169,110,61,64,162,106,227,139,169,117,409,180,189,112,297,125,176,107,211,140,15,24,17,27
1400000US48209010702,48209010702,"Census Tract 107.02, Hays County, Texas",379,102,367,103,0,95,0,95,0,95,0,95,0,95,0,95,0,95,0,95,0,95,13,21,13,23,84,61,0,95,32,36,13,21,17,30,10,17,42,43,0,95,143,94,0,95,12,20
1400000US48209010803,48209010803,"Census Tract 108.03, Hays County, Texas",284,118,271,117,0,95,0,95,0,95,0,95,0,95,6,11,25,30,8,13,0,95,0,95,18,31,0,95,22,40,0,95,82,91,29,34,18,28,21,37,0,95,29,33,13,21,13,20
1400000US48209010804,48209010804,"Census Tract 108.04, Hays County, Texas",448,237,441,238,0,95,0,95,0,95,0,95,0,95,0,95,3,5,0,95,25,40,0,95,0,95,0,95,0,95,4,6,17,23,164,206,57,78,62,56,26,28,83,74,0,95,7,8
1400000US48209010805,48209010805,"Census Tract 108.05, Hays County, Texas",76,42,62,39,0,95,0,95,0,95,0,95,0,95,0,95,0,95,0,95,0,95,0,95,0,95,0,95,0,95,0,95,2,3,0,95,0,95,33,36,9,16,0,95,18,20,14,16
1400000US48209010806,48209010806,"Census Tract 108.06, Hays County, Texas",264,129,264,129,0,95,0,95,0,95,0,95,0,95,0,95,0,95,0,95,8,13,14,23,0,95,0,95,13,26,0,95,17,23,27,31,9,17,45,55,0,95,0,95,131,142,0,95
1400000US48209010807,48209010807,"Census Tract 108.07, Hays County, Texas",89,48,81,45,0,95,0,95,0,95,0,95,0,95,0,95,0,95,0,95,0,95,0,95,21,34,0,95,0,95,0,95,6,10,13,18,0,95,7,8,16,15,16,17,2,5,8,11
1400000US48209010808,48209010808,"Census Tract 108.08, Hays County, Texas",285,105,256,102,3,5,0,95,0,95,0,95,0,95,3,5,17,20,16,28,0,95,0,95,4,7,0,95,0,95,0,95,14,23,34,52,22,18,28,36,66,69,44,54,5,9,29,44
1400000US48209010809,48209010809,"Census Tract 108.09, Hays County, Texas",126,73,126,73,0,95,0,95,0,95,0,95,0,95,0,95,0,95,11,18,0,95,0,95,0,95,0,95,0,95,20,21,0,95,11,19,0,95,23,20,0,95,54,61,7,11,0,95
1400000US48209010901,48209010901,"Census Tract 109.01, Hays County, Texas",183,103,172,102,0,95,0,95,0,95,0,95,0,95,0,95,0,95,0,95,0,95,0,95,0,95,9,13,0,95,7,12,1,3,0,95,0,95,57,71,32,52,33,38,33,32,11,16
1400000US48209010902,48209010902,"Census Tract 109.02, Hays County, Texas",559,180,524,178,0,95,6,9,0,95,0,95,0,95,0,95,0,95,0,95,14,22,0,95,34,54,0,95,0,95,3,5,0,95,15,21,64,71,106,73,83,62,199,143,0,95,35,38
1400000US48209010905,48209010905,"Census Tract 109.05, Hays County, Texas",369,180,294,157,0,95,0,95,0,95,0,95,0,95,0,95,0,95,0,95,0,95,8,14,0,95,0,95,123,148,15,25,31,39,0,95,38,60,9,14,28,46,42,65,0,95,75,84
1400000US48209010906,48209010906,"Census Tract 109.06, Hays County, Texas",517,164,510,164,0,95,0,95,0,95,0,95,0,95,0,95,8,10,5,8,21,21,15,21,9,13,4,8,3,5,7,11,58,65,61,83,12,20,167,96,90,70,50,41,0,95,7,12
1400000US48209010907,48209010907,"Census Tract 109.07, Hays County, Texas",519,139,363,134,0,95,0,95,0,95,0,95,0,95,0,95,0,95,12,20,0,95,0,95,0,95,47,59,21,33,0,95,0,95,11,14,21,25,73,58,144,105,34,43,0,95,156,123
1400000US48209010908,48209010908,"Census Tract 109.08, Hays County, Texas",236,108,202,106,0,95,0,95,0,95,0,95,0,95,0,95,23,38,0,95,0,95,13,21,0,95,23,38,4,8,13,21,0,95,0,95,55,66,15,26,13,23,40,51,3,10,34,35
1400000US48209010909,48209010909,"Census Tract 109.09, Hays County, Texas",294,112,283,110,0,95,0,95,0,95,0,95,0,95,0,95,0,95,0,95,0,95,0,95,0,95,0,95,0,95,0,95,0,95,0,95,0,95,91,75,160,76,32,31,0,95,11,18
1400000US48209010910,48209010910,"Census Tract 109.10, Hays County, Texas",415,145,402,144,0,95,0,95,0,95,0,95,0,95,10,16,0,95,0,95,0,95,0,95,14,22,0,95,0,95,0,95,0,95,119,87,0,95,96,86,79,53,84,68,0,95,13,26
1400000US48453000101,48453000101,"Census Tract 1.01, Travis County, Texas",711,115,699,112,0,95,0,95,0,95,0,95,0,95,0,95,0,95,0,95,27,42,11,18,0,95,96,80,0,95,0,95,11,19,55,54,46,44,87,61,96,89,156,80,114,67,12,19
1400000US48453000102,48453000102,"Census Tract 1.02, Travis County, Texas",73,44,59,36,0,95,0,95,0,95,0,95,0,95,0,95,0,95,0,95,0,95,0,95,12,20,0,95,0,95,10,16,0,95,0,95,0,95,16,23,0,95,10,15,11,17,14,23
1400000US48453000203,48453000203,"Census Tract 2.03, Travis County, Texas",733,102,733,102,0,95,0,95,0,95,11,18,0,95,0,95,0,95,0,95,0,95,11,17,0,95,5,9,0,95,0,95,0,95,0,95,0,95,61,36,237,96,340,94,68,39,0,95
1400000US48453000204,48453000204,"Census Tract 2.04, Travis County, Texas",981,123,981,123,0,95,0,95,11,17,0,95,11,17,0,95,0,95,10,17,0,95,0,95,70,68,28,25,31,29,102,80,109,85,131,68,54,41,112,55,122,63,112,67,78,78,0,95
1400000US48453000205,48453000205,"Census Tract 2.05, Travis County, Texas",1453,156,1430,155,0,95,0,95,0,95,0,95,0,95,0,95,0,95,0,95,0,95,49,45,205,107,200,113,140,78,147,94,136,95,144,99,97,88,182,116,54,56,41,33,35,38,23,33
1400000US48453000206,48453000206,"Census Tract 2.06, Travis County, Texas",820,168,803,166,0,95,0,95,0,95,16,26,83,89,20,33,0,95,0,95,0,95,10,17,18,28,25,35,0,95,82,66,85,67,18,29,203,113,124,84,17,29,102,107,0,95,17,26
1400000US48453000302,48453000302,"Census Tract 3.02, Travis County, Texas",2119,188,2081,192,0,95,0,95,0,95,0,95,0,95,0,95,13,22,0,95,18,28,51,42,31,33,274,134,199,108,273,94,162,108,139,84,157,95,251,119,296,138,168,102,49,60,38,47
1400000US48453000304,48453000304,"Census Tract 3.04, Travis County, Texas",1121,118,1121,118,0,95,0,95,0,95,0,95,0,95,0,95,0,95,0,95,11,18,26,43,156,95,107,97,79,57,73,74,93,61,139,92,85,54,132,90,121,85,62,70,37,57,0,95
1400000US48453000305,48453000305,"Census Tract 3.05, Travis County, Texas",1528,194,1528,194,0,95,0,95,0,95,0,95,0,95,0,95,42,48,12,19,35,39,13,22,17,28,115,90,67,56,119,85,290,132,164,91,29,33,198,97,200,129,172,116,55,89,0,95
1400000US48453000306,48453000306,"Census Tract 3.06, Travis County, Texas",521,105,505,106,32,51,0,95,0,95,0,95,0,95,0,95,0,95,30,41,13,20,0,95,71,53,30,48,59,49,0,95,18,31,33,53,0,95,28,35,70,55,80,73,41,31,16,25
1400000US48453000307,48453000307,"Census Tract 3.07, Travis County, Texas",410,81,410,81,0,95,0,95,0,95,0,95,13,20,0,95,0,95,12,17,22,27,34,45,0,95,0,95,21,23,48,53,25,29,38,34,67,59,55,40,33,49,25,28,17,21,0,95
1400000US48453000401,48453000401,"Census Tract 4.01, Travis County, Texas",1001,152,964,144,0,95,10,16,11,19,0,95,0,95,11,17,0,95,8,13,0,95,35,28,40,31,63,53,138,70,34,24,77,52,67,44,87,58,119,52,96,48,107,71,61,54,37,49
1400000US48453000402,48453000402,"Census Tract 4.02, Travis County, Texas",793,112,768,117,0,95,0,95,0,95,0,95,8,13,0,95,0,95,0,95,0,95,0,95,59,65,47,38,48,37,101,73,120,78,87,60,71,64,135,72,34,32,58,50,0,95,25,38
1400000US48453000500,48453000500,"Census Tract 5, Travis County, Texas",2001,200,1949,211,0,95,0,95,0,95,12,20,0,95,0,95,0,95,32,39,18,22,24,27,111,114,115,103,103,64,130,82,177,89,270,123,213,138,368,135,157,112,145,76,74,71,52,49
1400000US48453000601,48453000601,"Census Tract 6.01, Travis County, Texas",624,106,596,103,0,95,0,95,0,95,8,12,0,95,5,7,28,45,9,14,29,29,10,15,16,22,24,23,7,12,15,15,21,22,57,42,13,23,50,36,78,53,171,75,55,57,28,45
1400000US48453000603,48453000603,"Census Tract 6.03, Travis County, Texas",2397,179,2339,172,0,95,0,95,0,95,0,95,0,95,0,95,43,33,34,58,0,95,22,35,63,53,49,27,25,28,105,62,97,92,220,98,190,92,325,145,348,154,379,117,439,162,58,42
1400000US48453000604,48453000604,"Census Tract 6.04, Travis County, Texas",1639,237,1575,219,0,95,0,95,0,95,0,95,0,95,0,95,0,95,0,95,42,46,63,63,105,103,28,32,53,51,112,97,69,69,56,45,222,123,151,89,183,87,279,134,212,117,64,57
1400000US48453000700,48453000700,"Census Tract 7, Travis County, Texas",516,98,497,103,0,95,0,95,0,95,0,95,0,95,0,95,0,95,0,95,17,28,10,16,33,39,21,28,4,7,29,22,25,34,10,16,111,96,146,85,84,54,7,10,0,95,19,30
1400000US48453000801,48453000801,"Census Tract 8.01, Travis County, Texas",140,58,131,58,0,95,0,95,22,21,4,6,0,95,0,95,0,95,8,9,15,25,0,95,9,14,8,12,0,95,16,20,7,12,0,95,0,95,36,35,0,95,6,11,0,95,9,14
1400000US48453000802,48453000802,"Census Tract 8.02, Travis County, Texas",758,132,745,135,0,95,48,46,28,24,59,52,84,77,21,27,72,59,32,32,58,59,35,54,25,41,86,79,35,41,6,11,47,39,0,95,35,35,35,44,0,95,7,11,32,48,13,20
1400000US48453000803,48453000803,"Census Tract 8.03, Travis County, Texas",358,115,345,118,0,95,0,95,0,95,0,95,0,95,0,95,0,95,0,95,0,95,12,18,12,20,10,17,9,16,33,45,0,95,131,106,0,95,61,49,77,69,0,95,0,95,13,18
1400000US48453000804,48453000804,"Census Tract 8.04, Travis County, Texas",599,95,592,94,60,46,8,13,72,56,31,35,76,43,5,7,22,33,17,17,0,95,23,28,15,23,18,29,24,29,0,95,27,29,9,14,49,43,68,57,30,34,23,26,15,23,7,12
1400000US48453000901,48453000901,"Census Tract 9.01, Travis County, Texas",446,87,438,86,0,95,0,95,0,95,0,95,0,95,0,95,0,95,23,28,0,95,26,33,13,22,19,20,0,95,36,40,36,42,42,42,20,19,14,19,128,69,81,60,0,95,8,15
1400000US48453000902,48453000902,"Census Tract 9.02, Travis County, Texas",1013,158,883,177,27,34,9,13,40,61,79,69,0,95,69,72,28,34,58,52,41,64,0,95,0,95,49,50,70,68,69,65,18,29,41,51,71,59,195,88,19,29,0,95,0,95,130,95
1400000US48453001000,48453001000,"Census Tract 10, Travis County, Texas",711,151,680,153,0,95,16,26,29,21,8,13,47,42,0,95,40,33,15,25,45,42,45,54,42,56,8,11,31,31,0,95,0,95,51,42,90,72,87,64,91,60,11,17,24,38,31,29
1400000US48453001100,48453001100,"Census Tract 11, Travis County, Texas",1475,241,1460,238,0,95,0,95,0,95,38,33,24,21,0,95,0,95,0,95,0,95,0,95,8,12,0,95,41,51,6,10,13,21,12,16,7,12,30,36,274,152,550,199,457,138,15,19
1400000US48453001200,48453001200,"Census Tract 12, Travis County, Texas",1591,246,1543,242,0,95,0,95,15,24,0,95,0,95,0,95,0,95,0,95,32,34,67,78,22,26,77,60,35,39,40,45,37,43,82,63,113,76,200,115,123,75,509,154,191,115,48,46
1400000US48453001303,48453001303,"Census Tract 13.03, Travis County, Texas",498,124,489,124,0,95,0,95,0,95,4,6,0,95,0,95,17,27,5,8,0,95,25,23,22,35,38,50,13,20,10,16,39,45,94,68,66,49,25,32,34,31,55,38,42,36,9,14
1400000US48453001304,48453001304,"Census Tract 13.04, Travis County, Texas",1138,124,1090,140,0,95,0,95,0,95,0,95,34,39,64,75,0,95,0,95,45,49,25,22,0,95,26,23,21,32,20,20,59,41,89,61,124,73,348,111,164,89,57,36,14,14,48,55
1400000US48453001305,48453001305,"Census Tract 13.05, Travis County, Texas",1438,206,1385,206,83,77,43,56,12,21,13,24,68,64,0,95,59,64,12,20,9,16,11,19,11,18,0,95,67,65,66,75,93,46,216,117,73,59,310,122,132,103,84,60,23,26,53,44
1400000US48453001307,48453001307,"Census Tract 13.07, Travis County, Texas",1244,106,1244,106,0,95,39,60,24,28,70,74,37,43,0,95,0,95,12,18,0,95,11,17,78,64,59,53,113,73,80,64,90,66,178,65,61,37,254,100,113,73,8,12,17,19,0,95
1400000US48453001308,48453001308,"Census Tract 13.08, Travis County, Texas",724,129,715,128,0,95,0,95,0,95,0,95,0,95,0,95,0,95,15,22,0,95,84,64,10,17,41,33,76,55,114,73,74,55,25,21,108,81,62,49,44,39,37,30,25,39,9,15
1400000US48453001401,48453001401,"Census Tract 14.01, Travis County, Texas",975,147,975,147,0,95,0,95,0,95,0,95,0,95,0,95,0,95,12,19,19,27,0,95,0,95,10,17,14,21,12,18,47,37,158,101,120,64,221,99,169,117,145,68,48,32,0,95
1400000US48453001402,48453001402,"Census Tract 14.02, Travis County, Texas",820,98,812,100,0,95,0,95,8,13,0,95,0,95,0,95,14,24,0,95,0,95,13,21,0,95,32,24,49,39,162,100,58,43,64,37,124,100,191,80,7,12,31,32,59,50,8,14
1400000US48453001403,48453001403,"Census Tract 14.03, Travis County, Texas",524,108,511,110,0,95,5,9,0,95,0,95,0,95,0,95,0,95,0,95,4,8,8,13,7,11,21,32,171,98,25,40,59,46,70,60,0,95,64,44,0,95,77,58,0,95,13,22
1400000US48453001501,48453001501,"Census Tract 15.01, Travis County, Texas",636,133,626,132,0,95,7,11,0,95,0,95,0,95,0,95,0,95,11,17,48,75,34,38,0,95,14,23,16,26,0,95,18,28,67,39,127,106,155,77,56,48,66,66,7,12,10,16
1400000US48453001503,48453001503,"Census Tract 15.03, Travis County, Texas",1117,141,1065,130,6,10,0,95,15,13,0,95,0,95,0,95,3,16,6,10,0,95,91,69,27,33,123,80,138,70,120,84,96,62,56,51,34,24,157,78,80,45,93,61,20,18,52,41
1400000US48453001504,48453001504,"Census Tract 15.04, Travis County, Texas",928,133,891,127,0,95,0,95,0,95,0,95,0,95,0,95,0,95,0,95,0,95,0,95,11,17,11,17,97,61,49,37,44,56,148,87,160,95,193,99,134,68,44,34,0,95,37,33
1400000US48453001505,48453001505,"Census Tract 15.05, Travis County, Texas",917,155,892,150,0,95,0,95,0,95,0,95,0,95,0,95,0,95,11,18,0,95,0,95,59,41,0,95,112,92,103,98,139,105,79,49,19,23,242,109,60,53,68,52,0,95,25,36
1400000US48453001602,48453001602,"Census Tract 16.02, Travis County, Texas",1101,115,1079,119,0,95,0,95,0,95,0,95,0,95,0,95,28,31,7,12,0,95,4,7,96,61,127,62,182,82,84,40,80,54,60,53,23,27,73,60,108,47,122,65,85,44,22,23
1400000US48453001603,48453001603,"Census Tract 16.03, Travis County, Texas",408,120,399,120,0,95,0,95,0,95,0,95,0,95,0,95,0,95,0,95,0,95,0,95,8,13,0,95,0,95,0,95,24,27,18,22,36,56,57,55,19,21,106,63,131,84,9,14
1400000US48453001604,48453001604,"Census Tract 16.04, Travis County, Texas",217,85,186,82,0,95,0,95,0,95,0,95,0,95,0,95,0,95,0,95,0,95,0,95,25,40,0,95,0,95,0,95,0,95,12,21,10,16,57,56,0,95,73,54,9,15,31,27
1400000US48453001605,48453001605,"Census Tract 16.05, Travis County, Texas",904,170,889,166,0,95,0,95,0,95,0,95,0,95,0,95,0,95,0,95,0,95,0,95,10,17,39,38,8,13,18,29,11,18,78,68,184,118,283,104,70,52,127,93,61,70,15,23
1400000US48453001606,48453001606,"Census Tract 16.06, Travis County, Texas",0,95,0,95,0,95,0,95,0,95,0,95,0,95,0,95,0,95,0,95,0,95,0,95,0,95,0,95,0,95,0,95,0,95,0,95,0,95,0,95,0,95,0,95,0,95,0,95
1400000US48453001705,48453001705,"Census Tract 17.05, Travis County, Texas",649,143,649,143,0,95,0,95,0,95,0,95,0,95,0,95,0,95,0,95,0,95,0,95,0,95,0,95,0,95,0,95,0,95,14,23,66,47,274,133,152,117,88,45,55,43,0,95
1400000US48453001706,48453001706,"Census Tract 17.06, Travis County, Texas",673,104,642,108,0,95,0,95,0,95,0,95,0,95,0,95,0,95,0,95,17,26,0,95,7,12,18,16,24,27,61,37,62,44,63,61,120,75,153,83,30,27,75,59,12,20,31,42
1400000US48453001707,48453001707,"Census Tract 17.07, Travis County, Texas",1125,173,1101,173,0,95,0,95,0,95,0,95,0,95,0,95,0,95,13,21,0,95,0,95,18,29,18,30,92,95,115,98,149,121,95,54,141,102,233,121,140,107,87,57,0,95,24,37
1400000US48453001712,48453001712,"Census Tract 17.12, Travis County, Texas",1043,132,1022,134,0,95,10,16,22,24,0,95,33,28,0,95,8,13,0,95,11,17,11,17,10,16,64,58,128,73,82,81,53,43,77,72,94,59,228,107,44,38,81,57,66,30,21,23
1400000US48453001713,48453001713,"Census Tract 17.13, Travis County, Texas",685,127,685,127,0,95,0,95,9,15,0,95,0,95,11,18,4,11,0,95,23,30,7,12,21,19,23,38,35,31,8,13,0,95,107,82,179,86,95,74,87,79,76,74,0,95,0,95
1400000US48453001714,48453001714,"Census Tract 17.14, Travis County, Texas",2218,238,2218,238,0,95,0,95,0,95,0,95,0,95,0,95,0,95,0,95,0,95,0,95,0,95,55,92,77,83,140,122,98,62,365,167,314,163,778,234,262,144,0,95,129,118,0,95
1400000US48453001716,48453001716,"Census Tract 17.16, Travis County, Texas",823,136,808,141,0,95,0,95,0,95,0,95,0,95,0,95,0,95,0,95,0,95,0,95,0,95,0,95,35,40,0,95,38,58,50,68,80,64,309,137,81,72,179,115,36,53,15,23
1400000US48453001718,48453001718,"Census Tract 17.18, Travis County, Texas",1350,159,1336,157,0,95,0,95,0,95,0,95,0,95,0,95,0,95,0,95,0,95,0,95,0,95,90,102,85,62,0,95,98,77,219,124,83,58,334,119,124,67,230,121,73,76,14,23
1400000US48453001719,48453001719,"Census Tract 17.19, Travis County, Texas",82,62,68,58,0,95,0,95,0,95,0,95,0,95,0,95,0,95,0,95,0,95,0,95,0,95,0,95,0,95,0,95,0,95,0,95,0,95,0,95,0,95,34,51,34,31,14,21
1400000US48453001722,48453001722,"Census Tract 17.22, Travis County, Texas",2439,130,2439,130,0,95,0,95,0,95,0,95,0,95,0,95,0,95,0,95,0,95,0,95,0,95,142,108,96,75,240,122,312,136,627,163,347,156,515,157,134,83,26,29,0,95,0,95
1400000US48453001728,48453001728,"Census Tract 17.28, Travis County, Texas",991,188,991,188,0,95,0,95,0,95,0,95,0,95,0,95,0,95,0,95,0,95,0,95,43,68,0,95,101,93,41,39,12,20,88,65,59,47,214,92,140,64,246,121,47,49,0,95
1400000US48453001729,48453001729,"Census Tract 17.29, Travis County, Texas",790,152,756,145,0,95,0,95,0,95,0,95,0,95,0,95,0,95,0,95,0,95,0,95,0,95,13,22,0,95,15,25,114,99,44,44,112,80,182,100,230,117,46,42,0,95,34,38
1400000US48453001733,48453001733,"Census Tract 17.33, Travis County, Texas",120,87,120,87,0,95,0,95,0,95,0,95,0,95,0,95,0,95,0,95,0,95,0,95,0,95,0,95,0,95,0,95,0,95,54,64,0,95,58,63,0,95,0,95,8,13,0,95
1400000US48453001737,48453001737,"Census Tract 17.37, Travis County, Texas",775,143,765,144,0,95,0,95,0,95,0,95,0,95,0,95,0,95,0,95,0,95,0,95,0,95,0,95,0,95,0,95,51,53,12,19,162,94,201,115,109,86,171,99,59,72,10,16
1400000US48453001738,48453001738,"Census Tract 17.38, Travis County, Texas",385,99,356,97,0,95,0,95,0,95,0,95,0,95,0,95,0,95,0,95,0,95,0,95,0,95,0,95,27,31,17,26,31,36,39,33,0,95,33,37,17,27,124,67,68,54,29,46
1400000US48453001740,48453001740,"Census Tract 17.40, Travis County, Texas",667,107,667,107,0,95,0,95,0,95,0,95,0,95,0,95,0,95,0,95,0,95,0,95,0,95,0,95,14,21,0,95,26,29,92,68,109,74,166,87,100,91,112,87,48,42,0,95
1400000US48453001741,48453001741,"Census Tract 17.41, Travis County, Texas",264,113,252,112,0,95,0,95,0,95,0,95,0,95,0,95,0,95,0,95,0,95,0,95,9,14,0,95,0,95,47,59,12,19,0,95,0,95,61,56,26,29,88,77,9,16,12,19
1400000US48453001742,48453001742,"Census Tract 17.42, Travis County, Texas",388,113,355,105,0,95,0,95,0,95,0,95,0,95,0,95,0,95,0,95,0,95,0,95,0,95,15,24,0,95,9,15,0,95,7,13,65,57,33,36,81,67,91,72,54,46,33,31
1400000US48453001745,48453001745,"Census Tract 17.45, Travis County, Texas",346,82,336,82,0,95,0,95,0,95,0,95,0,95,0,95,0,95,0,95,0,95,0,95,18,28,0,95,0,95,19,31,0,95,16,23,82,64,104,62,33,34,16,17,48,61,10,16
1400000US48453001746,48453001746,"Census Tract 17.46, Travis County, Texas",652,108,640,109,0,95,0,95,0,95,0,95,0,95,0,95,0,95,0,95,0,95,0,95,0,95,68,47,97,67,101,63,49,40,11,17,83,89,120,83,92,71,19,22,0,95,12,19
1400000US48453001747,48453001747,"Census Tract 17.47, Travis County, Texas",1002,151,966,146,0,95,0,95,23,25,0,95,0,95,20,17,0,95,0,95,0,95,0,95,37,49,0,95,0,95,38,58,159,90,51,48,84,49,378,108,98,70,78,78,0,95,36,45
1400000US48453001748,48453001748,"Census Tract 17.48, Travis County, Texas",634,111,620,116,0,95,0,95,0,95,0,95,0,95,0,95,0,95,0,95,0,95,0,95,0,95,0,95,0,95,15,24,47,45,68,40,70,41,282,107,49,28,89,55,0,95,14,23
1400000US48453001749,48453001749,"Census Tract 17.49, Travis County, Texas",2029,219,1985,210,0,95,0,95,0,95,15,24,15,24,0,95,0,95,0,95,0,95,0,95,0,95,0,95,13,21,93,94,91,54,302,132,426,172,646,212,277,127,107,77,0,95,44,43
1400000US48453001750,48453001750,"Census Tract 17.50, Travis County, Texas",1778,150,1776,150,0,95,0,95,0,95,0,95,0,95,10,16,0,95,0,95,0,95,0,95,0,95,0,95,16,23,48,59,58,74,390,116,482,138,547,163,170,108,30,31,25,24,2,3
1400000US48453001751,48453001751,"Census Tract 17.51, Travis County, Texas",76,68,51,61,0,95,0,95,0,95,0,95,0,95,0,95,0,95,0,95,0,95,0,95,0,95,0,95,0,95,0,95,0,95,0,95,0,95,6,9,12,17,33,52,0,95,25,28
1400000US48453001752,48453001752,"Census Tract 17.52, Travis County, Texas",2152,181,2152,181,0,95,0,95,0,95,0,95,25,35,0,95,0,95,0,95,0,95,0,95,60,50,185,91,201,111,290,152,280,100,307,125,319,133,429,174,56,42,0,95,0,95,0,95
1400000US48453001753,48453001753,"Census Tract 17.53, Travis County, Texas",821,26,821,26,0,95,0,95,0,95,0,95,0,95,0,95,0,95,0,95,0,95,16,24,0,95,0,95,0,95,15,24,21,26,210,96,227,78,216,88,84,62,17,26,15,23,0,95
1400000US48453001754,48453001754,"Census Tract 17.54, Travis County, Texas",1230,177,1230,177,0,95,0,95,0,95,0,95,0,95,0,95,0,95,0,95,0,95,11,18,81,89,20,33,149,94,91,81,153,117,145,98,251,125,162,84,138,121,29,35,0,95,0,95
1400000US48453001755,48453001755,"Census Tract 17.55, Travis County, Texas",114,63,114,63,0,95,0,95,0,95,0,95,0,95,0,95,0,95,0,95,0,95,7,11,0,95,0,95,0,95,11,15,0,95,0,95,0,95,37,50,14,16,9,14,36,44,0,95
1400000US48453001756,48453001756,"Census Tract 17.56, Travis County, Texas",394,89,394,89,0,95,0,95,0,95,0,95,0,95,0,95,0,95,0,95,0,95,0,95,0,95,14,18,9,14,10,15,0,95,39,46,52,47,129,66,64,53,77,48,0,95,0,95
1400000US48453001757,48453001757,"Census Tract 17.57, Travis County, Texas",262,71,262,71,0,95,0,95,25,39,0,95,0,95,0,95,0,95,0,95,0,95,0,95,0,95,0,95,0,95,0,95,7,11,18,17,21,24,70,45,84,53,28,38,9,14,0,95
1400000US48453001760,48453001760,"Census Tract 17.60, Travis County, Texas",867,268,867,268,0,95,0,95,0,95,0,95,0,95,0,95,0,95,0,95,0,95,0,95,0,95,0,95,0,95,0,95,0,95,19,30,93,74,75,80,267,204,166,150,247,131,0,95
1400000US48453001761,48453001761,"Census Tract 17.61, Travis County, Texas",961,187,929,179,0,95,0,95,0,95,0,95,0,95,0,95,0,95,0,95,0,95,0,95,0,95,0,95,0,95,34,39,32,37,132,121,167,102,409,152,98,88,51,83,6,12,32,37
1400000US48453001764,48453001764,"Census Tract 17.64, Travis County, Texas",214,97,135,96,0,95,0,95,0,95,0,95,0,95,0,95,0,95,0,95,0,95,0,95,0,95,0,95,0,95,0,95,0,95,0,95,50,75,3,6,32,34,19,22,31,34,79,53
1400000US48453001765,48453001765,"Census Tract 17.65, Travis County, Texas",1735,238,1662,240,0,95,0,95,0,95,0,95,0,95,0,95,0,95,0,95,0,95,6,8,4,6,0,95,16,28,75,67,47,45,279,153,225,126,616,201,196,116,175,134,23,27,73,60
1400000US48453001766,48453001766,"Census Tract 17.66, Travis County, Texas",541,196,525,193,0,95,0,95,0,95,0,95,0,95,0,95,0,95,0,95,23,38,0,95,20,24,0,95,19,28,56,89,67,71,110,88,93,92,123,114,0,95,14,23,0,95,16,26
1400000US48453001768,48453001768,"Census Tract 17.68, Travis County, Texas",540,163,489,157,0,95,0,95,0,95,0,95,0,95,0,95,0,95,0,95,0,95,0,95,40,42,0,95,0,95,0,95,35,48,40,34,72,48,90,81,138,107,0,95,74,86,51,43
1400000US48453001769,48453001769,"Census Tract 17.69, Travis County, Texas",365,118,351,116,0,95,0,95,0,95,0,95,0,95,0,95,0,95,0,95,0,95,0,95,0,95,17,26,0,95,0,95,12,22,65,69,22,27,146,75,55,59,10,17,24,29,14,23
1400000US48453001770,48453001770,"Census Tract 17.70, Travis County, Texas",235,98,167,94,0,95,0,95,0,95,0,95,0,95,0,95,0,95,0,95,0,95,0,95,0,95,0,95,0,95,0,95,0,95,0,95,0,95,10,21,39,56,39,62,79,44,68,69
1400000US48453001771,48453001771,"Census Tract 17.71, Travis County, Texas",112,88,96,82,0,95,0,95,0,95,0,95,0,95,0,95,0,95,0,95,0,95,0,95,0,95,0,95,0,95,0,95,0,95,0,95,0,95,29,46,10,16,57,68,0,95,16,24
1400000US48453001772,48453001772,"Census Tract 17.72, Travis County, Texas",70,53,70,53,0,95,0,95,0,95,0,95,0,95,0,95,0,95,0,95,0,95,0,95,0,95,0,95,0,95,0,95,0,95,0,95,0,95,10,24,12,19,26,42,22,35,0,95
1400000US48453001773,48453001773,"Census Tract 17.73, Travis County, Texas",464,111,445,109,0,95,0,95,0,95,0,95,0,95,0,95,0,95,0,95,0,95,0,95,0,95,0,95,14,16,0,95,0,95,54,43,42,39,168,88,43,31,12,14,112,66,19,21
1400000US48453001774,48453001774,"Census Tract 17.74, Travis County, Texas",387,211,341,206,0,95,0,95,0,95,0,95,0,95,0,95,0,95,0,95,0,95,0,95,0,95,0,95,0,95,0,95,0,95,0,95,5,9,6,10,16,26,297,204,17,27,46,68
1400000US48453001775,48453001775,"Census Tract 17.75, Travis County, Texas",8,13,8,13,0,95,0,95,0,95,0,95,0,95,0,95,0,95,0,95,0,95,0,95,0,95,0,95,0,95,0,95,0,95,0,95,0,95,0,95,0,95,0,95,8,13,0,95
1400000US48453001776,48453001776,"Census Tract 17.76, Travis County, Texas",156,73,156,73,0,95,0,95,0,95,0,95,0,95,0,95,0,95,0,95,0,95,0,95,0,95,0,95,0,95,0,95,0,95,0,95,0,95,44,42,112,60,0,95,0,95,0,95
1400000US48453001777,48453001777,"Census Tract 17.77, Travis County, Texas",854,150,835,150,0,95,0,95,0,95,0,95,0,95,0,95,0,95,13,21,0,95,0,95,0,95,0,95,0,95,11,17,31,28,67,70,182,113,314,124,45,43,172,85,0,95,19,29
1400000US48453001778,48453001778,"Census Tract 17.78, Travis County, Texas",424,96,412,98,0,95,0,95,0,95,0,95,0,95,0,95,0,95,0,95,0,95,0,95,0,95,0,95,0,95,0,95,0,95,12,20,59,79,106,83,192,104,13,21,30,30,12,20
1400000US48453001779,48453001779,"Census Tract 17.79, Travis County, Texas",371,157,299,128,0,95,0,95,0,95,0,95,0,95,12,18,0,95,0,95,17,29,0,95,0,95,0,95,10,19,13,22,0,95,35,30,58,92,134,81,0,95,20,35,0,95,72,81
1400000US48453001780,48453001780,"Census Tract 17.80, Travis County, Texas",323,102,251,92,0,95,0,95,0,95,0,95,0,95,0,95,0,95,0,95,0,95,0,95,0,95,7,13,45,63,0,95,0,95,23,26,40,36,55,42,11,18,70,71,0,95,72,52
1400000US48453001781,48453001781,"Census Tract 17.81, Travis County, Texas",196,95,196,95,0,95,0,95,0,95,0,95,0,95,0,95,0,95,0,95,0,95,14,22,18,30,0,95,0,95,0,95,16,29,77,87,0,95,71,98,0,95,0,95,0,95,0,95
1400000US48453001782,48453001782,"Census Tract 17.82, Travis County, Texas",274,109,274,109,0,95,0,95,0,95,0,95,0,95,0,95,0,95,0,95,0,95,0,95,0,95,0,95,0,95,0,95,0,95,0,95,22,33,162,81,74,83,0,95,16,22,0,95
1400000US48453001783,48453001783,"Census Tract 17.83, Travis County, Texas",301,129,287,127,0,95,0,95,0,95,0,95,0,95,0,95,0,95,0,95,0,95,0,95,0,95,17,25,0,95,0,95,0,95,17,29,22,36,23,37,66,76,82,92,60,54,14,22
1400000US48453001784,48453001784,"Census Tract 17.84, Travis County, Texas",284,131,274,132,0,95,0,95,0,95,0,95,0,95,4,7,0,95,0,95,0,95,0,95,0,95,0,95,0,95,0,95,0,95,0,95,15,20,49,53,55,59,3,6,148,117,10,16
1400000US48453001785,48453001785,"Census Tract 17.85, Travis County, Texas",1823,149,1823,149,0,95,0,95,0,95,0,95,0,95,0,95,0,95,44,64,0,95,0,95,17,27,0,95,50,57,256,189,97,84,463,209,319,148,355,146,140,126,82,54,0,95,0,95
1400000US48453001786,48453001786,"Census Tract 17.86, Travis County, Texas",2276,167,2212,165,0,95,0,95,0,95,0,95,0,95,0,95,0,95,0,95,0,95,0,95,0,95,0,95,46,75,97,80,47,45,365,188,455,167,631,169,408,174,150,109,13,22,64,80
1400000US48453001804,48453001804,"Census Tract 18.04, Travis County, Texas",1950,183,1950,183,0,95,0,95,0,95,0,95,13,21,12,20,0,95,21,35,47,55,63,64,78,75,134,99,361,136,211,110,363,187,323,156,96,87,183,115,32,37,13,20,0,95,0,95
1400000US48453001805,48453001805,"Census Tract 18.05, Travis County, Texas",1193,135,1193,135,22,35,0,95,10,16,0,95,32,31,30,36,0,95,79,60,183,97,109,69,153,99,68,54,51,58,81,75,21,33,160,85,54,56,91,65,12,15,37,39,0,95,0,95
1400000US48453001806,48453001806,"Census Tract 18.06, Travis County, Texas",1785,203,1769,203,0,95,0,95,0,95,14,23,15,24,44,39,0,95,52,67,58,67,94,75,305,141,164,87,256,128,120,100,84,87,311,124,169,117,83,56,0,95,0,95,0,95,16,24
1400000US48453001811,48453001811,"Census Tract 18.11, Travis County, Texas",716,128,692,116,0,95,0,95,11,17,41,26,13,15,0,95,33,53,0,95,0,95,65,64,82,69,140,102,44,48,0,95,24,40,128,90,31,41,35,38,45,43,0,95,0,95,24,37
1400000US48453001812,48453001812,"Census Tract 18.12, Travis County, Texas",2565,187,2550,183,0,95,25,30,0,95,9,15,0,95,15,23,59,55,24,27,30,49,91,74,180,105,259,120,294,150,436,160,243,111,305,115,158,97,300,118,42,37,39,46,41,45,15,25
1400000US48453001813,48453001813,"Census Tract 18.13, Travis County, Texas",1401,138,1375,147,0,95,0,95,0,95,0,95,36,57,0,95,0,95,22,34,0,95,47,76,114,82,174,116,128,101,155,96,163,98,254,135,129,72,103,89,13,21,37,60,0,95,26,35
1400000US48453001817,48453001817,"Census Tract 18.17, Travis County, Texas",1014,155,987,154,0,95,0,95,44,24,0,95,0,95,22,27,0,95,14,23,13,21,0,95,0,95,54,52,123,67,125,77,20,34,148,91,154,99,126,71,102,74,30,35,12,18,27,39
1400000US48453001818,48453001818,"Census Tract 18.18, Travis County, Texas",1135,182,1135,182,0,95,0,95,0,95,0,95,0,95,0,95,0,95,0,95,0,95,11,18,64,89,56,65,194,141,58,59,84,83,223,100,90,63,237,141,57,67,61,50,0,95,0,95
1400000US48453001819,48453001819,"Census Tract 18.19, Travis County, Texas",1231,90,1221,90,0,95,0,95,0,95,0,95,0,95,0,95,0,95,0,95,0,95,0,95,27,43,168,82,167,96,201,103,69,59,142,74,134,88,207,103,68,49,38,40,0,95,10,15
1400000US48453001820,48453001820,"Census Tract 18.20, Travis County, Texas",2070,193,2058,192,0,95,0,95,0,95,10,20,0,95,0,95,9,17,0,95,45,44,115,90,251,122,488,165,131,86,275,122,181,93,167,96,251,121,102,86,33,54,0,95,0,95,12,21
1400000US48453001821,48453001821,"Census Tract 18.21, Travis County, Texas",872,124,823,129,0,95,0,95,0,95,0,95,0,95,0,95,0,95,0,95,15,27,0,95,40,55,34,42,18,29,52,59,37,43,152,77,139,93,201,103,75,61,60,54,0,95,49,38
1400000US48453001822,48453001822,"Census Tract 18.22, Travis County, Texas",1692,168,1680,172,0,95,76,76,13,24,0,95,0,95,28,47,21,33,21,34,0,95,0,95,86,70,97,66,125,87,135,86,191,109,248,138,203,115,332,144,35,44,69,93,0,95,12,17
1400000US48453001823,48453001823,"Census Tract 18.23, Travis County, Texas",1427,182,1427,182,0,95,0,95,0,95,0,95,0,95,0,95,0,95,0,95,0,95,50,60,62,60,94,73,100,80,153,103,226,113,263,125,159,91,217,119,90,63,13,20,0,95,0,95
1400000US48453001824,48453001824,"Census Tract 18.24, Travis County, Texas",320,52,307,57,0,95,0,95,0,95,0,95,0,95,0,95,0,95,0,95,0,95,0,95,0,95,0,95,0,95,43,39,17,20,40,34,101,68,73,35,11,17,22,26,0,95,13,20
1400000US48453001826,48453001826,"Census Tract 18.26, Travis County, Texas",739,99,729,99,0,95,0,95,0,95,0,95,0,95,0,95,0,95,0,95,0,95,0,95,0,95,0,95,41,52,21,24,64,52,150,78,131,62,276,91,23,21,9,15,14,16,10,15
1400000US48453001828,48453001828,"Census Tract 18.28, Travis County, Texas",318,97,318,97,0,95,0,95,0,95,0,95,0,95,0,95,0,95,0,95,0,95,0,95,4,9,0,95,0,95,50,61,0,95,0,95,42,64,88,68,64,48,70,71,0,95,0,95
1400000US48453001829,48453001829,"Census Tract 18.29, Travis County, Texas",1179,104,1179,104,0,95,0,95,0,95,0,95,0,95,0,95,0,95,0,95,0,95,0,95,18,21,38,35,107,79,41,53,136,86,258,103,276,122,119,71,186,103,0,95,0,95,0,95
1400000US48453001832,48453001832,"Census Tract 18.32, Travis County, Texas",671,128,661,123,0,95,0,95,0,95,0,95,11,18,0,95,0,95,0,95,0,95,41,47,0,95,63,43,109,76,69,71,80,78,7,12,123,74,139,97,19,31,0,95,0,95,10,18
1400000US48453001833,48453001833,"Census Tract 18.33, Travis County, Texas",1281,205,1247,207,0,95,0,95,14,22,31,33,0,95,0,95,0,95,0,95,0,95,88,86,116,80,0,95,38,36,63,44,42,43,249,126,301,167,93,85,133,104,79,52,0,95,34,39
1400000US48453001834,48453001834,"Census Tract 18.34, Travis County, Texas",2112,239,2112,239,0,95,0,95,0,95,0,95,0,95,0,95,0,95,0,95,10,19,0,95,12,20,95,88,146,94,278,166,312,159,217,120,289,140,422,160,151,108,180,122,0,95,0,95
1400000US48453001835,48453001835,"Census Tract 18.35, Travis County, Texas",681,158,681,158,0,95,0,95,0,95,0,95,11,17,11,18,57,58,0,95,0,95,0,95,0,95,0,95,11,16,14,22,0,95,92,84,202,123,178,87,90,111,15,22,0,95,0,95
1400000US48453001839,48453001839,"Census Tract 18.39, Travis County, Texas",1442,200,1398,203,0,95,0,95,0,95,0,95,0,95,0,95,0,95,0,95,56,83,0,95,0,95,0,95,25,28,266,110,135,75,312,134,144,103,279,123,67,49,114,84,0,95,44,42
1400000US48453001840,48453001840,"Census Tract 18.40, Travis County, Texas",866,198,797,190,0,95,0,95,0,95,0,95,0,95,0,95,38,61,0,95,0,95,0,95,0,95,0,95,0,95,12,19,42,53,68,76,53,57,233,89,234,122,117,77,0,95,69,77
1400000US48453001841,48453001841,"Census Tract 18.41, Travis County, Texas",1182,284,1150,282,0,95,0,95,0,95,0,95,14,22,12,20,0,95,0,95,0,95,45,72,0,95,0,95,29,47,75,92,42,69,108,114,78,82,395,180,228,123,94,63,30,35,32,36
1400000US48453001842,48453001842,"Census Tract 18.42, Travis County, Texas",753,186,716,190,0,95,0,95,0,95,0,95,0,95,0,95,0,95,0,95,9,15,7,12,0,95,41,65,47,56,0,95,0,95,0,95,76,81,402,154,84,62,50,37,0,95,37,42
1400000US48453001843,48453001843,"Census Tract 18.43, Travis County, Texas",228,70,228,70,0,95,0,95,0,95,0,95,8,17,0,95,0,95,0,95,0,95,0,95,11,17,0,95,0,95,0,95,28,35,11,28,11,20,78,52,14,19,38,33,29,32,0,95
1400000US48453001844,48453001844,"Census Tract 18.44, Travis County, Texas",1039,117,1039,117,0,95,0,95,0,95,0,95,0,95,0,95,0,95,0,95,0,95,0,95,9,14,54,46,158,88,63,46,55,47,184,83,236,97,182,78,53,53,45,51,0,95,0,95
1400000US48453001845,48453001845,"Census Tract 18.45, Travis County, Texas",544,98,544,98,0,95,0,95,0,95,0,95,0,95,0,95,0,95,0,95,0,95,0,95,0,95,27,32,19,23,17,20,44,31,101,76,167,85,120,60,22,24,27,26,0,95,0,95
1400000US48453001846,48453001846,"Census Tract 18.46, Travis County, Texas",52,46,52,46,0,95,0,95,0,95,0,95,0,95,0,95,0,95,0,95,0,95,0,95,0,95,0,95,0,95,0,95,0,95,0,95,0,95,0,95,23,25,0,95,29,41,0,95
1400000US48453001847,48453001847,"Census Tract 18.47, Travis County, Texas",1068,198,1068,198,0,95,0,95,0,95,0,95,0,95,0,95,0,95,0,95,0,95,0,95,0,95,17,27,17,27,45,40,57,46,139,95,195,120,312,159,158,101,128,115,0,95,0,95
1400000US48453001848,48453001848,"Census Tract 18.48, Travis County, Texas",1190,131,1183,130,0,95,0,95,0,95,0,95,0,95,0,95,0,95,0,95,0,95,0,95,0,95,0,95,18,22,59,59,105,89,337,119,208,79,332,139,41,45,48,40,35,42,7,13
1400000US48453001849,48453001849,"Census Tract 18.49, Travis County, Texas",3171,189,3171,189,0,95,0,95,13,21,0,95,0,95,0,95,0,95,0,95,0,95,16,25,0,95,20,35,73,67,152,79,439,173,744,178,621,213,646,188,311,158,98,40,38,37,0,95
1400000US48453001850,48453001850,"Census Tract 18.50, Travis County, Texas",1741,143,1684,147,0,95,0,95,0,95,0,95,0,95,0,95,0,95,0,95,24,37,10,17,0,95,131,94,61,44,102,69,152,77,231,85,284,121,406,130,198,102,85,71,0,95,57,62
1400000US48453001851,48453001851,"Census Tract 18.51, Travis County, Texas",2243,274,2113,259,0,95,0,95,0,95,0,95,0,95,25,33,37,49,0,95,0,95,0,95,0,95,0,95,73,76,191,130,185,110,517,183,308,146,571,186,114,67,92,60,0,95,130,164
1400000US48453001853,48453001853,"Census Tract 18.53, Travis County, Texas",215,74,215,74,0,95,0,95,0,95,0,95,0,95,0,95,0,95,0,95,0,95,0,95,0,95,0,95,0,95,0,95,0,95,0,95,43,53,118,64,44,53,10,16,0,95,0,95
1400000US48453001854,48453001854,"Census Tract 18.54, Travis County, Texas",228,119,228,119,0,95,0,95,0,95,0,95,0,95,0,95,0,95,0,95,0,95,0,95,0,95,0,95,0,95,0,95,0,95,19,23,0,95,0,95,106,79,51,50,52,76,0,95
1400000US48453001855,48453001855,"Census Tract 18.55, Travis County, Texas",946,270,880,251,0,95,0,95,0,95,0,95,0,95,0,95,0,95,0,95,0,95,0,95,0,95,0,95,14,22,47,75,0,95,245,168,9,14,199,115,191,113,175,93,0,95,66,71
1400000US48453001856,48453001856,"Census Tract 18.56, Travis County, Texas",171,102,171,102,0,95,0,95,0,95,0,95,0,95,0,95,0,95,0,95,0,95,18,28,0,95,0,95,0,95,0,95,0,95,69,85,18,28,0,95,25,29,26,30,15,26,0,95
1400000US48453001857,48453001857,"Census Tract 18.57, Travis County, Texas",598,191,598,191,0,95,0,95,47,64,0,95,0,95,0,95,0,95,0,95,0,95,0,95,0,95,0,95,8,15,5,12,58,69,81,89,0,95,52,35,209,146,138,102,0,95,0,95
1400000US48453001858,48453001858,"Census Tract 18.58, Travis County, Texas",222,110,222,110,0,95,0,95,0,95,0,95,0,95,0,95,0,95,0,95,0,95,0,95,0,95,0,95,0,95,0,95,0,95,0,95,0,95,0,95,10,16,174,99,38,45,0,95
1400000US48453001859,48453001859,"Census Tract 18.59, Travis County, Texas",86,49,71,41,0,95,0,95,0,95,0,95,0,95,0,95,0,95,0,95,0,95,0,95,0,95,0,95,0,95,0,95,28,41,0,95,0,95,43,28,0,95,0,95,0,95,15,23
1400000US48453001860,48453001860,"Census Tract 18.60, Travis County, Texas",952,164,952,164,0,95,0,95,0,95,0,95,0,95,0,95,0,95,0,95,26,42,0,95,0,95,0,95,11,21,0,95,46,34,42,67,161,113,533,165,39,60,94,67,0,95,0,95
1400000US48453001861,48453001861,"Census Tract 18.61, Travis County, Texas",209,116,209,116,0,95,0,95,0,95,0,95,0,95,0,95,0,95,0,95,0,95,0,95,0,95,0,95,0,95,0,95,0,95,0,95,0,95,37,42,21,30,151,109,0,95,0,95
1400000US48453001862,48453001862,"Census Tract 18.62, Travis County, Texas",712,147,692,150,0,95,0,95,0,95,0,95,0,95,0,95,0,95,9,20,0,95,0,95,0,95,0,95,45,64,13,22,67,74,126,110,98,88,89,86,124,101,79,69,42,65,20,30
1400000US48453001863,48453001863,"Census Tract 18.63, Travis County, Texas",1912,160,1912,160,0,95,0,95,16,27,0,95,0,95,0,95,0,95,0,95,0,95,19,25,40,46,224,140,268,116,312,118,377,159,277,124,158,84,178,101,43,50,0,95,0,95,0,95
1400000US48453001864,48453001864,"Census Tract 18.64, Travis County, Texas",1236,145,1236,145,0,95,0,95,0,95,0,95,0,95,0,95,0,95,0,95,11,17,16,25,23,22,11,17,22,37,55,56,56,61,191,79,234,98,337,107,112,95,62,58,106,69,0,95
1400000US48453001901,48453001901,"Census Tract 19.01, Travis County, Texas",1671,155,1671,155,0,95,0,95,0,95,0,95,0,95,0,95,0,95,14,20,12,19,99,94,0,95,0,95,32,42,125,83,135,91,277,126,236,99,485,141,169,119,56,51,31,34,0,95
1400000US48453001908,48453001908,"Census Tract 19.08, Travis County, Texas",1500,196,1466,194,0,95,0,95,65,77,0,95,0,95,0,95,0,95,0,95,50,79,0,95,0,95,11,18,18,28,14,22,53,84,192,82,201,116,450,152,282,148,85,75,45,41,34,39
1400000US48453001910,48453001910,"Census Tract 19.10, Travis County, Texas",887,95,887,95,0,95,0,95,0,95,0,95,0,95,0,95,0,95,0,95,43,68,0,95,26,29,0,95,14,22,9,16,26,28,25,28,110,64,172,89,193,103,129,83,140,74,0,95
1400000US48453001911,48453001911,"Census Tract 19.11, Travis County, Texas",1547,100,1542,101,0,95,0,95,0,95,0,95,0,95,0,95,0,95,0,95,27,32,7,10,11,17,22,25,9,14,38,36,81,57,163,91,238,79,453,122,302,95,148,73,43,31,5,11
1400000US48453001912,48453001912,"Census Tract 19.12, Travis County, Texas",249,89,240,85,0,95,0,95,0,95,0,95,0,95,0,95,0,95,0,95,0,95,0,95,0,95,0,95,0,95,0,95,0,95,0,95,37,59,41,33,18,20,144,79,0,95,9,14
1400000US48453001913,48453001913,"Census Tract 19.13, Travis County, Texas",92,49,84,48,0,95,0,95,0,95,0,95,0,95,0,95,0,95,0,95,0,95,13,20,0,95,0,95,0,95,0,95,0,95,12,17,0,95,14,22,14,21,0,95,31,28,8,13
1400000US48453001914,48453001914,"Census Tract 19.14, Travis County, Texas",1174,153,1132,152,0,95,0,95,0,95,16,27,0,95,0,95,0,95,0,95,0,95,0,95,0,95,0,95,0,95,0,95,32,37,98,58,155,109,450,142,209,105,65,66,107,63,42,39
1400000US48453001915,48453001915,"Census Tract 19.15, Travis County, Texas",596,70,596,70,1,2,0,95,0,95,0,95,0,95,0,95,0,95,0,95,0,95,0,95,0,95,0,95,17,27,0,95,51,69,19,31,144,94,176,92,93,73,10,16,85,54,0,95
1400000US48453001916,48453001916,"Census Tract 19.16, Travis County, Texas",0,95,0,95,0,95,0,95,0,95,0,95,0,95,0,95,0,95,0,95,0,95,0,95,0,95,0,95,0,95,0,95,0,95,0,95,0,95,0,95,0,95,0,95,0,95,0,95
1400000US48453001917,48453001917,"Census Tract 19.17, Travis County, Texas",75,71,75,71,0,95,0,95,0,95,0,95,0,95,0,95,0,95,0,95,0,95,0,95,0,95,0,95,0,95,0,95,0,95,0,95,0,95,0,95,0,95,66,70,9,14,0,95
1400000US48453001918,48453001918,"Census Tract 19.18, Travis County, Texas",25,41,25,41,0,95,0,95,0,95,0,95,0,95,0,95,0,95,0,95,0,95,0,95,0,95,0,95,0,95,0,95,0,95,0,95,0,95,0,95,0,95,25,41,0,95,0,95
1400000US48453001919,48453001919,"Census Tract 19.19, Travis County, Texas",156,62,156,62,0,95,0,95,0,95,0,95,0,95,0,95,0,95,0,95,0,95,0,95,0,95,0,95,0,95,0,95,0,95,0,95,0,95,44,38,24,34,54,43,34,31,0,95
1400000US48453002002,48453002002,"Census Tract 20.02, Travis County, Texas",598,128,598,128,0,95,0,95,0,95,0,95,0,95,13,20,0,95,0,95,0,95,46,79,24,36,11,17,39,37,59,56,0,95,67,63,41,55,178,90,47,41,73,62,0,95,0,95
1400000US48453002003,48453002003,"Census Tract 20.03, Travis County, Texas",742,110,723,110,0,95,0,95,0,95,0,95,0,95,0,95,0,95,33,54,0,95,0,95,30,47,100,55,48,45,65,57,85,77,210,106,8,14,94,77,8,14,17,22,25,37,19,23
1400000US48453002004,48453002004,"Census Tract 20.04, Travis County, Texas",1147,128,1147,128,0,95,0,95,11,19,7,12,0,95,0,95,0,95,17,27,0,95,0,95,41,64,29,27,145,90,56,48,176,91,294,118,177,78,126,81,33,23,35,36,0,95,0,95
1400000US48453002005,48453002005,"Census Tract 20.05, Travis County, Texas",1775,174,1775,174,26,39,0,95,0,95,0,95,0,95,34,54,58,53,0,95,0,95,0,95,0,95,59,57,135,76,98,74,139,90,306,127,362,141,396,140,62,55,100,93,0,95,0,95
1400000US48453002104,48453002104,"Census Tract 21.04, Travis County, Texas",497,127,497,127,0,95,0,95,0,95,0,95,0,95,14,23,0,95,0,95,0,95,29,37,0,95,37,53,30,39,0,95,33,48,26,30,116,68,79,61,84,72,49,58,0,95,0,95
1400000US48453002105,48453002105,"Census Tract 21.05, Travis County, Texas",1728,183,1728,183,0,95,0,95,0,95,78,80,30,50,44,69,0,95,39,63,0,95,45,41,74,66,202,99,128,73,73,72,198,119,411,166,156,99,130,75,84,84,36,31,0,95,0,95
1400000US48453002106,48453002106,"Census Tract 21.06, Travis County, Texas",342,89,326,87,0,95,0,95,0,95,22,24,0,95,0,95,0,95,0,95,37,43,0,95,34,46,18,21,58,48,0,95,0,95,20,33,22,34,47,37,19,22,49,51,0,95,16,19
1400000US48453002107,48453002107,"Census Tract 21.07, Travis County, Texas",726,126,709,124,19,30,0,95,0,95,24,41,0,95,8,13,0,95,11,17,22,37,30,29,0,95,21,32,80,70,21,34,74,62,126,71,61,52,120,75,83,54,5,8,4,18,17,19
1400000US48453002108,48453002108,"Census Tract 21.08, Travis County, Texas",865,122,838,123,0,95,0,95,24,39,29,46,0,95,0,95,0,95,0,95,14,21,42,30,178,84,40,37,52,43,74,60,24,38,146,79,124,70,22,25,29,33,13,20,27,34,27,27
1400000US48453002109,48453002109,"Census Tract 21.09, Travis County, Texas",687,142,670,142,0,95,0,95,11,18,8,13,12,18,12,18,39,47,13,21,11,17,8,14,22,25,25,40,26,29,0,95,94,64,56,48,106,72,94,68,86,74,47,45,0,95,17,20
1400000US48453002110,48453002110,"Census Tract 21.10, Travis County, Texas",766,120,737,117,0,95,0,95,38,44,0,95,28,46,0,95,0,95,32,50,0,95,10,16,0,95,14,21,78,72,33,31,46,57,125,82,132,105,177,89,17,25,7,14,0,95,29,33
1400000US48453002111,48453002111,"Census Tract 21.11, Travis County, Texas",753,126,724,127,0,95,8,13,41,40,60,42,45,42,12,20,9,15,37,39,0,95,28,46,54,59,0,95,51,57,31,31,48,57,110,83,35,46,92,64,32,39,31,35,0,95,29,45
1400000US48453002112,48453002112,"Census Tract 21.12, Travis County, Texas",1175,131,1156,128,0,95,0,95,0,95,0,95,27,35,0,95,0,95,0,95,21,34,87,53,32,40,95,88,178,98,52,54,56,57,156,87,151,75,203,112,32,37,47,41,19,28,19,22
1400000US48453002113,48453002113,"Census Tract 21.13, Travis County, Texas",348,95,339,96,0,95,0,95,0,95,0,95,0,95,0,95,13,20,0,95,0,95,10,16,0,95,12,18,25,36,0,95,58,64,77,82,0,95,110,82,27,27,7,12,0,95,9,18
1400000US48453002201,48453002201,"Census Tract 22.01, Travis County, Texas",192,69,192,69,0,95,0,95,0,95,0,95,0,95,0,95,0,95,0,95,0,95,7,11,0,95,0,95,0,95,0,95,0,95,108,68,13,21,55,38,8,13,1,8,0,95,0,95
1400000US48453002202,48453002202,"Census Tract 22.02, Travis County, Texas",1393,226,1393,226,0,95,26,45,0,95,0,95,17,27,0,95,0,95,53,66,0,95,0,95,0,95,0,95,14,22,42,63,24,36,248,121,397,170,403,186,103,88,66,73,0,95,0,95
1400000US48453002207,48453002207,"Census Tract 22.07, Travis County, Texas",415,192,415,192,0,95,0,95,0,95,2,3,0,95,0,95,0,95,11,18,2,3,89,139,0,95,0,95,0,95,32,53,30,48,0,95,10,17,134,104,63,61,42,66,0,95,0,95
1400000US48453002208,48453002208,"Census Tract 22.08, Travis County, Texas",721,191,682,182,0,95,0,95,0,95,0,95,0,95,0,95,12,20,0,95,31,50,40,58,29,46,29,44,0,95,14,23,94,86,24,27,38,43,258,132,67,67,46,55,0,95,39,36
1400000US48453002209,48453002209,"Census Tract 22.09, Travis County, Texas",373,156,346,154,0,95,0,95,0,95,0,95,0,95,0,95,0,95,0,95,7,10,0,95,0,95,0,95,8,12,38,44,32,33,0,95,28,37,12,18,127,104,94,82,0,95,27,27
1400000US48453002210,48453002210,"Census Tract 22.10, Travis County, Texas",142,86,142,86,0,95,0,95,0,95,0,95,0,95,0,95,0,95,0,95,0,95,5,15,3,6,0,95,0,95,0,95,21,24,47,73,23,30,11,23,4,8,28,30,0,95,0,95
1400000US48453002211,48453002211,"Census Tract 22.11, Travis County, Texas",113,103,113,103,0,95,0,95,0,95,0,95,0,95,0,95,0,95,0,95,0,95,0,95,31,57,29,48,0,95,53,94,0,95,0,95,0,95,0,95,0,95,0,95,0,95,0,95
1400000US48453002212,48453002212,"Census Tract 22.12, Travis County, Texas",5,12,5,12,0,95,0,95,0,95,0,95,0,95,0,95,0,95,0,95,0,95,0,95,0,95,0,95,0,95,0,95,0,95,0,95,0,95,0,95,5,12,0,95,0,95,0,95
1400000US48453002304,48453002304,"Census Tract 23.04, Travis County, Texas",1344,134,1344,134,0,95,0,95,0,95,0,95,0,95,0,95,0,95,46,48,0,95,0,95,73,57,92,65,137,91,51,45,98,73,430,114,196,105,130,82,91,66,0,95,0,95,0,95
1400000US48453002307,48453002307,"Census Tract 23.07, Travis County, Texas",1937,192,1877,196,0,95,0,95,0,95,0,95,0,95,0,95,31,51,0,95,14,24,0,95,67,67,75,69,98,79,251,126,244,114,389,174,448,158,148,94,35,50,77,86,0,95,60,53
1400000US48453002308,48453002308,"Census Tract 23.08, Travis County, Texas",1705,169,1693,174,0,95,61,58,0,95,0,95,0,95,33,53,51,61,0,95,18,30,47,39,52,60,98,88,99,67,91,69,153,105,243,122,177,102,430,142,65,42,54,63,21,34,12,20
1400000US48453002310,48453002310,"Census Tract 23.10, Travis County, Texas",449,138,428,134,0,95,0,95,0,95,0,95,0,95,23,37,0,95,10,15,24,28,15,23,8,12,78,56,20,31,0,95,10,15,80,64,20,23,104,73,36,34,0,95,0,95,21,25
1400000US48453002312,48453002312,"Census Tract 23.12, Travis County, Texas",1247,157,1150,157,0,95,0,95,0,95,16,25,33,40,0,95,0,95,0,95,28,45,35,53,20,29,43,50,56,55,203,115,102,79,187,90,157,97,134,95,45,51,91,56,0,95,97,62
1400000US48453002313,48453002313,"Census Tract 23.13, Travis County, Texas",1961,155,1961,155,0,95,0,95,0,95,0,95,0,95,0,95,0,95,31,37,0,95,10,17,169,124,161,78,200,106,173,101,238,138,339,114,269,131,335,122,36,47,0,95,0,95,0,95
1400000US48453002314,48453002314,"Census Tract 23.14, Travis County, Texas",2211,167,2193,166,0,95,0,95,0,95,0,95,52,70,0,95,0,95,0,95,0,95,9,14,18,30,191,88,174,93,190,101,319,114,332,148,377,156,278,125,174,68,59,67,20,33,18,33
1400000US48453002315,48453002315,"Census Tract 23.15, Travis County, Texas",1229,111,1229,111,0,95,0,95,0,95,0,95,0,95,0,95,8,12,6,10,20,24,18,30,81,54,184,87,148,71,137,67,40,38,308,92,133,74,138,96,8,13,0,95,0,95,0,95
1400000US48453002316,48453002316,"Census Tract 23.16, Travis County, Texas",2188,154,2188,154,0,95,0,95,0,95,0,95,15,23,23,38,0,95,0,95,0,95,71,72,137,78,269,123,394,132,204,104,296,134,384,154,290,115,105,65,0,95,0,95,0,95,0,95
1400000US48453002317,48453002317,"Census Tract 23.17, Travis County, Texas",1466,130,1466,130,0,95,0,95,0,95,0,95,0,95,0,95,41,64,32,40,120,87,125,107,32,52,53,50,56,47,56,55,33,45,186,104,128,125,137,91,105,69,326,161,36,58,0,95
1400000US48453002318,48453002318,"Census Tract 23.18, Travis County, Texas",1422,183,1379,168,26,43,28,47,0,95,0,95,28,43,31,50,0,95,61,62,42,50,52,57,49,54,62,43,70,78,118,84,125,89,99,70,91,81,337,161,72,64,88,67,0,95,43,40
1400000US48453002319,48453002319,"Census Tract 23.19, Travis County, Texas",0,95,0,95,0,95,0,95,0,95,0,95,0,95,0,95,0,95,0,95,0,95,0,95,0,95,0,95,0,95,0,95,0,95,0,95,0,95,0,95,0,95,0,95,0,95,0,95
1400000US48453002402,48453002402,"Census Tract 24.02, Travis County, Texas",1852,212,1809,216,0,95,10,17,0,95,0,95,0,95,0,95,0,95,14,21,0,95,0,95,0,95,47,58,96,74,28,31,24,30,306,145,334,151,545,178,320,130,85,80,0,95,43,69
1400000US48453002403,48453002403,"Census Tract 24.03, Travis County, Texas",489,130,480,130,0,95,0,95,0,95,0,95,0,95,21,33,0,95,0,95,0,95,0,95,6,11,46,53,58,59,78,55,5,16,37,50,38,49,89,61,44,43,48,51,10,16,9,14
1400000US48453002407,48453002407,"Census Tract 24.07, Travis County, Texas",352,108,332,111,0,95,0,95,0,95,0,95,0,95,0,95,0,95,0,95,0,95,0,95,0,95,0,95,0,95,9,13,2,3,7,11,49,51,194,103,46,45,11,13,14,18,20,22
1400000US48453002409,48453002409,"Census Tract 24.09, Travis County, Texas",508,104,508,104,0,95,0,95,0,95,0,95,0,95,0,95,0,95,0,95,0,95,0,95,0,95,0,95,21,24,0,95,0,95,0,95,100,78,225,112,69,63,93,78,0,95,0,95
1400000US48453002410,48453002410,"Census Tract 24.10, Travis County, Texas",1246,145,1207,144,0,95,9,14,0,95,0,95,0,95,20,23,0,95,0,95,0,95,62,56,28,27,56,48,76,65,128,51,119,76,247,124,132,78,214,77,54,45,62,59,0,95,39,46
1400000US48453002411,48453002411,"Census Tract 24.11, Travis County, Texas",1050,109,1034,107,0,95,0,95,0,95,0,95,0,95,0,95,0,95,0,95,0,95,7,12,0,95,10,17,0,95,106,89,130,84,147,96,251,118,247,109,97,75,39,36,0,95,16,17
1400000US48453002412,48453002412,"Census Tract 24.12, Travis County, Texas",341,113,341,113,0,95,0,95,0,95,0,95,0,95,0,95,0,95,0,95,0,95,0,95,0,95,0,95,0,95,19,22,21,25,28,33,34,42,137,84,59,36,43,65,0,95,0,95
1400000US48453002413,48453002413,"Census Tract 24.13, Travis County, Texas",820,100,820,100,0,95,0,95,0,95,0,95,9,15,0,95,0,95,4,10,11,17,0,95,65,58,46,43,0,95,0,95,39,35,122,81,299,103,217,89,8,14,0,95,0,95,0,95
1400000US48453002419,48453002419,"Census Tract 24.19, Travis County, Texas",1922,95,1902,99,0,95,0,95,35,35,0,95,0,95,0,95,0,95,0,95,8,12,6,10,53,52,210,90,127,68,212,87,291,105,440,119,272,100,230,77,18,27,0,95,0,95,20,32
1400000US48453002421,48453002421,"Census Tract 24.21, Travis County, Texas",1803,168,1722,183,0,95,0,95,0,95,0,95,49,51,0,95,0,95,0,95,0,95,0,95,0,95,29,48,0,95,53,70,37,42,147,110,421,152,561,191,371,166,54,56,0,95,81,87
1400000US48453002422,48453002422,"Census Tract 24.22, Travis County, Texas",1417,132,1404,133,0,95,0,95,0,95,15,24,0,95,0,95,0,95,0,95,0,95,35,27,145,135,56,54,178,118,60,49,86,91,133,82,318,142,269,128,70,84,39,41,0,95,13,24
1400000US48453002423,48453002423,"Census Tract 24.23, Travis County, Texas",627,163,617,163,0,95,0,95,0,95,0,95,0,95,0,95,0,95,16,29,31,44,0,95,0,95,18,28,0,95,0,95,0,95,102,89,56,72,146,85,176,98,72,67,0,95,10,17
1400000US48453002424,48453002424,"Census Tract 24.24, Travis County, Texas",673,121,637,116,0,95,0,95,13,18,20,24,8,13,24,26,7,12,0,95,0,95,0,95,0,95,76,59,34,43,73,72,35,44,37,45,121,64,89,50,68,50,32,47,0,95,36,43
1400000US48453002425,48453002425,"Census Tract 24.25, Travis County, Texas",412,116,380,114,0,95,0,95,0,95,0,95,0,95,0,95,0,95,0,95,46,74,0,95,0,95,0,95,0,95,18,30,47,52,14,25,0,95,173,110,0,95,82,63,0,95,32,48
1400000US48453002426,48453002426,"Census Tract 24.26, Travis County, Texas",496,173,496,173,0,95,0,95,0,95,0,95,0,95,0,95,0,95,0,95,0,95,0,95,0,95,0,95,0,95,49,75,36,59,33,51,0,95,91,98,223,126,22,36,42,57,0,95
1400000US48453002427,48453002427,"Census Tract 24.27, Travis County, Texas",1012,193,1012,193,0,95,0,95,0,95,0,95,0,95,0,95,0,95,0,95,0,95,0,95,91,116,50,49,125,121,101,82,0,95,295,123,109,99,165,125,37,41,39,64,0,95,0,95
1400000US48453002428,48453002428,"Census Tract 24.28, Travis County, Texas",1023,208,1023,208,0,95,0,95,0,95,0,95,0,95,0,95,0,95,0,95,34,51,0,95,0,95,0,95,22,35,33,27,95,103,142,110,144,123,368,181,133,82,33,41,19,31,0,95
1400000US48453002429,48453002429,"Census Tract 24.29, Travis County, Texas",248,78,248,78,0,95,0,95,0,95,0,95,0,95,0,95,0,95,0,95,0,95,0,95,0,95,0,95,0,95,34,50,34,54,32,39,62,43,78,44,8,14,0,95,0,95,0,95
1400000US48453002430,48453002430,"Census Tract 24.30, Travis County, Texas",265,137,265,137,0,95,0,95,0,95,0,95,0,95,0,95,0,95,40,61,0,95,0,95,0,95,0,95,16,26,0,95,0,95,60,82,10,18,79,67,24,30,0,95,36,59,0,95
1400000US48453002431,48453002431,"Census Tract 24.31, Travis County, Texas",591,165,579,166,0,95,0,95,0,95,0,95,0,95,33,54,14,22,0,95,0,95,31,49,0,95,0,95,40,60,9,16,0,95,44,52,125,80,211,123,32,50,40,52,0,95,12,19
1400000US48453002432,48453002432,"Census Tract 24.32, Travis County, Texas",292,81,260,85,0,95,0,95,0,95,0,95,0,95,0,95,0,95,28,44,0,95,0,95,2,4,59,65,52,40,5,7,12,20,26,41,10,18,4,5,62,66,0,95,0,95,32,38
1400000US48453002433,48453002433,"Census Tract 24.33, Travis County, Texas",87,55,77,52,0,95,0,95,0,95,0,95,0,95,0,95,0,95,0,95,0,95,0,95,16,28,0,95,0,95,0,95,0,95,0,95,9,15,13,22,0,95,39,36,0,95,10,16
1400000US48453002434,48453002434,"Census Tract 24.34, Travis County, Texas",123,55,123,55,0,95,0,95,0,95,0,95,0,95,0,95,0,95,0,95,0,95,0,95,0,95,0,95,0,95,14,21,3,6,24,29,11,16,8,11,44,47,0,95,19,25,0,95
1400000US48453002435,48453002435,"Census Tract 24.35, Travis County, Texas",438,176,359,160,0,95,0,95,0,95,0,95,0,95,20,31,0,95,0,95,0,95,0,95,0,95,13,21,0,95,12,20,0,95,0,95,0,95,75,77,107,99,117,85,15,24,79,71
1400000US48453002436,48453002436,"Census Tract 24.36, Travis County, Texas",70,64,32,44,0,95,0,95,0,95,0,95,0,95,0,95,0,95,3,38,0,95,0,95,0,95,0,95,0,95,0,95,0,95,0,95,0,95,20,24,9,13,0,95,0,95,38,43
1400000US48453002500,48453002500,"Census Tract 25, Travis County, Texas",1703,169,1665,171,0,95,0,95,0,95,0,95,0,95,0,95,0,95,14,22,0,95,0,95,0,95,0,95,66,53,52,38,60,39,287,99,303,94,569,149,163,98,49,39,102,63,38,30
1400000US48453980000,48453980000,"Census Tract 9800, Travis County, Texas",0,95,0,95,0,95,0,95,0,95,0,95,0,95,0,95,0,95,0,95,0,95,0,95,0,95,0,95,0,95,0,95,0,95,0,95,0,95,0,95,0,95,0,95,0,95,0,95
1400000US48491020105,48491020105,"Census Tract 201.05, Williamson County, Texas",131,107,131,107,0,95,0,95,0,95,0,95,0,95,0,95,0,95,0,95,0,95,0,95,0,95,0,95,0,95,0,95,0,95,0,95,0,95,54,88,18,31,12,19,47,72,0,95
1400000US48491020106,48491020106,"Census Tract 201.06, Williamson County, Texas",122,87,122,87,0,95,0,95,0,95,0,95,0,95,0,95,0,95,0,95,0,95,0,95,0,95,0,95,0,95,0,95,0,95,0,95,0,95,0,95,0,95,122,87,0,95,0,95
1400000US48491020107,48491020107,"Census Tract 201.07, Williamson County, Texas",54,71,54,71,0,95,0,95,0,95,0,95,0,95,0,95,0,95,0,95,0,95,0,95,0,95,0,95,0,95,0,95,0,95,0,95,0,95,0,95,54,71,0,95,0,95,0,95
1400000US48491020108,48491020108,"Census Tract 201.08, Williamson County, Texas",147,75,127,79,0,95,0,95,0,95,0,95,0,95,0,95,0,95,0,95,0,95,0,95,0,95,0,95,0,95,0,95,0,95,0,95,0,95,40,57,42,61,19,21,26,29,20,33
1400000US48491020109,48491020109,"Census Tract 201.09, Williamson County, Texas",0,95,0,95,0,95,0,95,0,95,0,95,0,95,0,95,0,95,0,95,0,95,0,95,0,95,0,95,0,95,0,95,0,95,0,95,0,95,0,95,0,95,0,95,0,95,0,95
1400000US48491020110,48491020110,"Census Tract 201.10, Williamson County, Texas",232,94,184,84,0,95,0,95,0,95,18,29,32,39,18,27,0,95,53,81,31,35,0,95,0,95,0,95,0,95,0,95,0,95,0,95,19,30,13,20,0,95,0,95,0,95,48,48
1400000US48491020111,48491020111,"Census Tract 201.11, Williamson County, Texas",158,79,145,77,0,95,0,95,0,95,0,95,12,19,0,95,0,95,0,95,0,95,0,95,0,95,0,95,0,95,12,20,14,21,0,95,0,95,84,68,10,22,13,20,0,95,13,20
1400000US48491020112,48491020112,"Census Tract 201.12, Williamson County, Texas",110,90,66,59,0,95,0,95,0,95,0,95,0,95,0,95,0,95,0,95,0,95,0,95,0,95,0,95,0,95,0,95,0,95,0,95,34,50,19,30,13,22,0,95,0,95,44,70
1400000US48491020113,48491020113,"Census Tract 201.13, Williamson County, Texas",401,141,401,141,19,29,0,95,0,95,0,95,0,95,0,95,0,95,54,84,0,95,0,95,46,45,61,96,50,79,84,66,19,30,29,32,8,15,0,95,14,22,17,26,0,95,0,95
1400000US48491020114,48491020114,"Census Tract 201.14, Williamson County, Texas",1019,128,986,127,0,95,0,95,0,95,8,14,55,71,0,95,0,95,0,95,0,95,0,95,30,45,40,62,36,34,137,90,68,41,116,79,186,106,252,109,58,49,0,95,0,95,33,37
1400000US48491020115,48491020115,"Census Tract 201.15, Williamson County, Texas",36,41,36,41,0,95,0,95,0,95,0,95,0,95,0,95,0,95,18,29,0,95,0,95,0,95,0,95,0,95,0,95,0,95,0,95,0,95,18,31,0,95,0,95,0,95,0,95
1400000US48491020201,48491020201,"Census Tract 202.01, Williamson County, Texas",153,85,153,85,0,95,0,95,8,14,0,95,0,95,0,95,0,95,0,95,0,95,10,12,10,16,13,17,47,72,8,13,1,4,9,15,15,18,20,21,12,25,0,95,0,95,0,95
1400000US48491020202,48491020202,"Census Tract 202.02, Williamson County, Texas",119,65,104,65,0,95,0,95,0,95,0,95,0,95,6,10,4,6,0,95,0,95,0,95,0,95,0,95,15,24,20,31,0,95,11,20,17,27,16,26,15,24,0,95,0,95,15,25
1400000US48491020203,48491020203,"Census Tract 202.03, Williamson County, Texas",119,100,119,100,0,95,0,95,0,95,0,95,0,95,0,95,0,95,0,95,0,95,0,95,0,95,0,95,49,77,0,95,0,95,0,95,0,95,0,95,0,95,70,65,0,95,0,95
1400000US48491020204,48491020204,"Census Tract 202.04, Williamson County, Texas",191,137,183,136,0,95,0,95,0,95,0,95,0,95,0,95,0,95,0,95,19,24,0,95,17,28,0,95,0,95,0,95,0,95,5,8,110,126,23,31,0,95,0,95,9,15,8,10
1400000US48491020301,48491020301,"Census Tract 203.01, Williamson County, Texas",389,116,272,100,0,95,0,95,0,95,0,95,0,95,0,95,6,9,7,12,0,95,4,7,0,95,16,18,0,95,0,95,0,95,35,40,31,29,39,30,85,63,40,58,9,14,117,66
1400000US48491020302,48491020302,"Census Tract 203.02, Williamson County, Texas",131,85,131,85,0,95,0,95,0,95,0,95,0,95,0,95,0,95,0,95,0,95,0,95,0,95,0,95,0,95,0,95,9,16,0,95,6,10,4,7,57,53,55,61,0,95,0,95
1400000US48491020310,48491020310,"Census Tract 203.10, Williamson County, Texas",158,70,139,76,0,95,0,95,0,95,0,95,0,95,0,95,0,95,0,95,0,95,0,95,0,95,0,95,0,95,0,95,0,95,0,95,12,19,20,32,27,45,49,44,31,37,19,28
1400000US48491020311,48491020311,"Census Tract 203.11, Williamson County, Texas",613,97,613,97,0,95,0,95,0,95,0,95,0,95,0,95,0,95,0,95,0,95,18,29,0,95,0,95,0,95,0,95,0,95,186,137,139,125,194,113,38,35,38,43,0,95,0,95
1400000US48491020312,48491020312,"Census Tract 203.12, Williamson County, Texas",522,207,495,208,0,95,0,95,0,95,0,95,0,95,0,95,0,95,0,95,0,95,0,95,0,95,0,95,0,95,0,95,0,95,251,176,0,95,134,109,67,53,43,40,0,95,27,32
1400000US48491020313,48491020313,"Census Tract 203.13, Williamson County, Texas",621,188,621,188,0,95,0,95,0,95,0,95,0,95,0,95,0,95,0,95,0,95,0,95,0,95,7,13,14,24,67,78,23,22,101,76,10,16,105,71,65,67,166,107,63,60,0,95
1400000US48491020314,48491020314,"Census Tract 203.14, Williamson County, Texas",491,171,482,170,0,95,0,95,0,95,0,95,0,95,0,95,0,95,0,95,0,95,0,95,0,95,36,56,0,95,33,53,14,24,0,95,0,95,0,95,217,131,182,131,0,95,9,15
1400000US48491020315,48491020315,"Census Tract 203.15, Williamson County, Texas",389,162,389,162,0,95,0,95,0,95,0,95,0,95,0,95,0,95,0,95,0,95,0,95,0,95,0,95,0,95,26,43,20,38,110,73,54,62,78,64,101,102,0,95,0,95,0,95
1400000US48491020316,48491020316,"Census Tract 203.16, Williamson County, Texas",544,127,544,127,0,95,0,95,0,95,0,95,0,95,0,95,0,95,0,95,0,95,0,95,0,95,0,95,23,34,0,95,38,31,79,66,41,39,243,119,67,70,0,95,53,63,0,95
1400000US48491020317,48491020317,"Census Tract 203.17, Williamson County, Texas",668,204,668,204,0,95,0,95,0,95,0,95,0,95,0,95,0,95,0,95,0,95,0,95,0,95,0,95,21,24,27,28,102,86,83,113,35,53,229,105,161,105,10,16,0,95,0,95
1400000US48491020318,48491020318,"Census Tract 203.18, Williamson County, Texas",792,161,792,161,0,95,0,95,0,95,0,95,0,95,0,95,0,95,0,95,0,95,0,95,0,95,0,95,0,95,52,66,70,80,60,50,121,84,267,146,57,58,115,99,50,77,0,95
1400000US48491020319,48491020319,"Census Tract 203.19, Williamson County, Texas",446,204,446,204,0,95,0,95,0,95,0,95,0,95,0,95,0,95,0,95,0,95,0,95,0,95,0,95,0,95,0,95,0,95,14,24,0,95,134,144,135,100,163,164,0,95,0,95
1400000US48491020320,48491020320,"Census Tract 203.20, Williamson County, Texas",340,162,340,162,0,95,0,95,0,95,0,95,0,95,0,95,0,95,0,95,0,95,0,95,0,95,0,95,0,95,0,95,0,95,0,95,0,95,153,109,175,128,12,19,0,95,0,95
1400000US48491020321,48491020321,"Census Tract 203.21, Williamson County, Texas",92,81,92,81,0,95,0,95,0,95,11,21,15,21,0,95,0,95,0,95,16,24,0,95,0,95,0,95,0,95,0,95,0,95,0,95,0,95,0,95,0,95,50,79,0,95,0,95
1400000US48491020322,48491020322,"Census Tract 203.22, Williamson County, Texas",982,192,982,192,0,95,0,95,0,95,0,95,0,95,0,95,0,95,0,95,0,95,0,95,111,101,61,78,18,23,157,105,97,68,101,63,70,71,167,85,81,70,101,91,18,29,0,95
1400000US48491020323,48491020323,"Census Tract 203.23, Williamson County, Texas",287,122,287,122,0,95,0,95,0,95,0,95,0,95,0,95,0,95,0,95,0,95,0,95,0,95,0,95,29,35,16,24,0,95,0,95,33,38,102,78,83,79,24,38,0,95,0,95
1400000US48491020324,48491020324,"Census Tract 203.24, Williamson County, Texas",172,83,172,83,0,95,0,95,0,95,0,95,0,95,0,95,0,95,0,95,0,95,0,95,0,95,0,95,0,95,0,95,21,33,0,95,0,95,11,19,102,75,38,41,0,95,0,95
1400000US48491020325,48491020325,"Census Tract 203.25, Williamson County, Texas",380,122,380,122,0,95,0,95,0,95,0,95,0,95,0,95,0,95,0,95,8,17,0,95,0,95,0,95,8,14,43,70,0,95,0,95,191,168,130,116,0,95,0,95,0,95,0,95
1400000US48491020326,48491020326,"Census Tract 203.26, Williamson County, Texas",69,52,44,41,0,95,0,95,0,95,0,95,0,95,0,95,0,95,0,95,0,95,0,95,0,95,0,95,0,95,0,95,0,95,0,95,17,25,0,95,14,22,13,21,0,95,25,30
1400000US48491020327,48491020327,"Census Tract 203.27, Williamson County, Texas",77,62,77,62,0,95,0,95,0,95,0,95,0,95,0,95,0,95,0,95,0,95,0,95,0,95,0,95,0,95,0,95,0,95,47,53,0,95,7,12,23,29,0,95,0,95,0,95
1400000US48491020328,48491020328,"Census Tract 203.28, Williamson County, Texas",486,177,486,177,0,95,0,95,0,95,0,95,0,95,0,95,0,95,0,95,0,95,0,95,0,95,0,95,40,45,58,47,33,40,42,40,12,20,102,69,83,70,116,103,0,95,0,95
1400000US48491020403,48491020403,"Census Tract 204.03, Williamson County, Texas",254,83,242,84,0,95,0,95,0,95,0,95,0,95,0,95,0,95,0,95,0,95,0,95,0,95,5,8,0,95,0,95,13,19,57,56,109,73,54,37,0,95,4,6,0,95,12,18
1400000US48491020404,48491020404,"Census Tract 204.04, Williamson County, Texas",217,84,217,84,0,95,0,95,0,95,0,95,0,95,0,95,0,95,0,95,0,95,0,95,0,95,0,95,0,95,0,95,0,95,0,95,12,20,30,29,100,55,46,37,29,41,0,95
1400000US48491020405,48491020405,"Census Tract 204.05, Williamson County, Texas",1606,199,1606,199,0,95,0,95,0,95,0,95,0,95,0,95,0,95,0,95,11,18,43,64,18,28,62,48,126,68,97,91,164,81,196,107,447,201,249,120,166,118,27,33,0,95,0,95
1400000US48491020406,48491020406,"Census Tract 204.06, Williamson County, Texas",2743,217,2743,217,0,95,0,95,0,95,0,95,0,95,0,95,0,95,0,95,0,95,0,95,48,59,29,33,165,102,123,74,170,111,464,171,465,183,921,224,250,138,85,65,23,38,0,95
1400000US48491020408,48491020408,"Census Tract 204.08, Williamson County, Texas",947,179,947,179,0,95,0,95,0,95,0,95,12,21,0,95,0,95,0,95,0,95,13,22,41,39,23,38,0,95,28,32,16,26,123,92,73,74,466,176,138,97,14,22,0,95,0,95
1400000US48491020409,48491020409,"Census Tract 204.09, Williamson County, Texas",956,181,956,181,0,95,0,95,0,95,0,95,0,95,0,95,0,95,0,95,0,95,0,95,0,95,0,95,40,64,29,50,19,21,53,43,129,88,382,150,282,146,22,26,0,95,0,95
1400000US48491020410,48491020410,"Census Tract 204.10, Williamson County, Texas",1391,232,1368,233,0,95,0,95,0,95,0,95,0,95,0,95,0,95,0,95,0,95,70,98,12,20,92,76,104,93,151,135,69,67,139,129,289,169,83,55,234,153,87,65,38,36,23,37
1400000US48491020411,48491020411,"Census Tract 204.11, Williamson County, Texas",822,136,822,136,0,95,0,95,0,95,0,95,0,95,0,95,0,95,0,95,0,95,0,95,0,95,0,95,0,95,33,35,22,37,103,71,141,94,250,130,78,58,140,114,55,55,0,95
1400000US48491020503,48491020503,"Census Tract 205.03, Williamson County, Texas",294,99,283,104,0,95,0,95,0,95,0,95,12,19,0,95,0,95,13,21,0,95,0,95,0,95,34,38,13,20,0,95,11,17,49,60,0,95,38,27,56,75,9,15,48,38,11,20
1400000US48491020504,48491020504,"Census Tract 205.04, Williamson County, Texas",2636,205,2579,216,0,95,0,95,0,95,0,95,0,95,0,95,38,59,0,95,12,20,0,95,0,95,12,19,40,36,180,101,162,130,641,222,474,186,550,172,426,173,44,42,0,95,57,72
1400000US48491020505,48491020505,"Census Tract 205.05, Williamson County, Texas",56,49,28,33,0,95,0,95,0,95,0,95,0,95,0,95,0,95,0,95,0,95,0,95,0,95,0,95,0,95,0,95,0,95,0,95,0,95,0,95,0,95,11,18,17,28,28,43
1400000US48491020506,48491020506,"Census Tract 205.06, Williamson County, Texas",680,203,671,200,0,95,0,95,0,95,0,95,0,95,0,95,0,95,0,95,0,95,11,20,0,95,0,95,0,95,22,34,0,95,0,95,27,45,135,88,100,60,358,187,18,28,9,18
1400000US48491020507,48491020507,"Census Tract 205.07, Williamson County, Texas",349,80,349,80,0,95,0,95,0,95,0,95,0,95,0,95,0,95,0,95,0,95,0,95,0,95,0,95,0,95,0,95,0,95,19,33,0,95,37,47,100,85,175,91,18,28,0,95
1400000US48491020508,48491020508,"Census Tract 205.08, Williamson County, Texas",1696,172,1696,172,0,95,0,95,0,95,0,95,0,95,0,95,0,95,0,95,0,95,0,95,11,18,0,95,13,21,83,84,306,149,352,145,245,121,431,185,161,165,81,47,13,22,0,95
1400000US48491020509,48491020509,"Census Tract 205.09, Williamson County, Texas",232,139,186,119,0,95,0,95,0,95,0,95,0,95,0,95,0,95,0,95,0,95,0,95,69,96,0,95,0,95,0,95,0,95,0,95,0,95,56,60,0,95,40,52,21,24,46,69
1400000US48491020510,48491020510,"Census Tract 205.10, Williamson County, Texas",293,121,280,120,0,95,0,95,0,95,0,95,0,95,0,95,0,95,0,95,0,95,0,95,0,95,11,18,0,95,0,95,14,22,19,30,9,14,81,96,36,57,58,65,52,44,13,20
1400000US48491020602,48491020602,"Census Tract 206.02, Williamson County, Texas",566,152,542,151,0,95,0,95,0,95,0,95,0,95,0,95,0,95,0,95,0,95,21,25,26,41,15,25,0,95,12,19,16,26,137,97,70,61,162,91,39,45,33,30,11,18,24,27
1400000US48491020603,48491020603,"Census Tract 206.03, Williamson County, Texas",161,114,161,114,0,95,0,95,0,95,0,95,0,95,0,95,0,95,0,95,0,95,0,95,0,95,0,95,0,95,0,95,0,95,0,95,0,95,0,95,0,95,53,58,108,105,0,95
1400000US48491020604,48491020604,"Census Tract 206.04, Williamson County, Texas",402,169,402,169,0,95,0,95,0,95,0,95,0,95,0,95,0,95,96,102,0,95,0,95,0,95,9,18,62,65,23,37,56,72,0,95,0,95,93,66,0,95,63,63,0,95,0,95
1400000US48491020605,48491020605,"Census Tract 206.05, Williamson County, Texas",317,138,317,138,0,95,0,95,0,95,0,95,0,95,0,95,0,95,0,95,0,95,0,95,0,95,0,95,0,95,0,95,0,95,0,95,0,95,6,14,49,55,210,132,52,53,0,95
1400000US48491020701,48491020701,"Census Tract 207.01, Williamson County, Texas",600,107,488,118,0,95,0,95,4,7,0,95,0,95,0,95,0,95,0,95,0,95,19,20,30,39,42,55,31,35,94,63,11,16,79,75,48,58,42,64,40,54,33,41,15,28,112,89
1400000US48491020703,48491020703,"Census Tract 207.03, Williamson County, Texas",1748,248,1717,253,0,95,0,95,0,95,0,95,0,95,0,95,0,95,0,95,0,95,16,27,43,64,0,95,0,95,11,18,71,60,281,117,71,56,652,197,360,156,187,124,25,40,31,37
1400000US48491020704,48491020704,"Census Tract 207.04, Williamson County, Texas",997,161,997,161,0,95,21,24,30,36,36,26,31,37,0,95,0,95,0,95,0,95,0,95,16,24,38,48,78,73,52,64,156,100,187,83,51,38,183,99,83,75,35,39,0,95,0,95
1400000US48491020706,48491020706,"Census Tract 207.06, Williamson County, Texas",45,52,45,52,0,95,0,95,0,95,0,95,0,95,0,95,0,95,0,95,0,95,0,95,0,95,0,95,0,95,0,95,0,95,0,95,0,95,0,95,0,95,21,34,24,39,0,95
1400000US48491020707,48491020707,"Census Tract 207.07, Williamson County, Texas",706,123,648,128,0,95,0,95,0,95,0,95,0,95,0,95,0,95,0,95,0,95,0,95,0,95,111,127,0,95,56,85,16,26,78,53,55,64,198,121,48,40,86,73,0,95,58,81
1400000US48491020708,48491020708,"Census Tract 207.08, Williamson County, Texas",322,129,288,124,0,95,0,95,0,95,0,95,0,95,0,95,0,95,0,95,0,95,0,95,0,95,0,95,0,95,0,95,0,95,0,95,14,26,22,34,172,98,64,76,16,26,34,42
1400000US48491020803,48491020803,"Census Tract 208.03, Williamson County, Texas",200,112,181,103,0,95,0,95,0,95,0,95,0,95,0,95,0,95,0,95,8,15,12,21,0,95,0,95,0,95,0,95,0,95,0,95,28,48,58,47,75,82,0,95,0,95,19,34
1400000US48491020804,48491020804,"Census Tract 208.04, Williamson County, Texas",451,160,451,160,0,95,0,95,0,95,0,95,0,95,0,95,0,95,0,95,0,95,0,95,0,95,0,95,0,95,0,95,0,95,42,67,0,95,84,89,55,58,115,90,155,108,0,95
1400000US48491020805,48491020805,"Census Tract 208.05, Williamson County, Texas",191,144,191,144,0,95,0,95,0,95,0,95,0,95,0,95,0,95,0,95,0,95,0,95,0,95,0,95,0,95,16,25,0,95,0,95,4,6,11,21,139,138,21,26,0,95,0,95
1400000US48491020806,48491020806,"Census Tract 208.06, Williamson County, Texas",23,34,23,34,0,95,0,95,0,95,0,95,0,95,0,95,0,95,0,95,0,95,0,95,0,95,0,95,0,95,0,95,0,95,0,95,0,95,0,95,14,21,0,95,9,33,0,95
1400000US48491020807,48491020807,"Census Tract 208.07, Williamson County, Texas",383,153,383,153,0,95,0,95,0,95,0,95,0,95,11,17,0,95,0,95,0,95,0,95,0,95,33,51,0,95,0,95,0,95,52,71,36,44,17,28,179,121,55,55,0,95,0,95
1400000US48491020808,48491020808,"Census Tract 208.08, Williamson County, Texas",82,61,74,54,0,95,0,95,0,95,0,95,0,95,16,26,0,95,0,95,0,95,13,25,0,95,0,95,31,46,14,23,0,95,0,95,0,95,0,95,0,95,0,95,0,95,8,21
1400000US48491020809,48491020809,"Census Tract 208.09, Williamson County, Texas",305,181,298,180,0,95,0,95,0,95,0,95,0,95,0,95,0,95,0,95,0,95,0,95,0,95,0,95,0,95,0,95,0,95,0,95,0,95,102,86,79,75,104,97,13,22,7,11
1400000US48491020900,48491020900,"Census Tract 209, Williamson County, Texas",298,85,229,79,0,95,0,95,0,95,0,95,0,95,0,95,0,95,3,5,8,15,0,95,9,14,12,15,46,57,28,22,9,13,12,16,44,54,27,24,31,25,0,95,0,95,69,40
1400000US48491021000,48491021000,"Census Tract 210, Williamson County, Texas",279,115,279,115,0,95,0,95,11,19,0,95,7,12,0,95,40,30,0,95,0,95,16,21,10,15,13,21,26,37,76,64,0,95,45,44,35,48,0,95,0,95,0,95,0,95,0,95
1400000US48491021100,48491021100,"Census Tract 211, Williamson County, Texas",494,155,468,152,0,95,0,95,0,95,0,95,0,95,11,17,0,95,18,28,0,95,0,95,29,34,48,41,7,11,43,59,42,60,57,45,139,102,74,81,0,95,0,95,0,95,26,39
1400000US48491021201,48491021201,"Census Tract 212.01, Williamson County, Texas",131,73,108,66,0,95,0,95,0,95,0,95,0,95,0,95,0,95,0,95,0,95,0,95,0,95,0,95,0,95,0,95,0,95,0,95,59,47,17,27,32,43,0,95,0,95,23,29
1400000US48491021202,48491021202,"Census Tract 212.02, Williamson County, Texas",369,103,357,99,0,95,0,95,0,95,15,25,27,40,5,8,24,27,0,95,14,21,28,43,0,95,14,22,0,95,13,23,43,67,21,23,9,15,56,47,57,55,31,52,0,95,12,19
1400000US48491021203,48491021203,"Census Tract 212.03, Williamson County, Texas",502,120,477,119,0,95,0,95,0,95,8,14,23,34,0,95,0,95,0,95,27,37,24,28,52,56,59,60,37,56,9,15,30,41,51,40,92,69,20,23,13,25,14,23,18,28,25,29
1400000US48491021300,48491021300,"Census Tract 213, Williamson County, Texas",280,75,232,70,9,14,0,95,3,6,11,16,19,17,30,29,0,95,0,95,14,18,0,95,28,43,28,26,12,13,6,7,12,17,17,20,25,28,18,21,0,95,0,95,0,95,48,35
1400000US48491021401,48491021401,"Census Tract 214.01, Williamson County, Texas",844,200,819,200,0,95,0,95,0,95,0,95,0,95,0,95,0,95,0,95,0,95,0,95,12,20,0,95,0,95,86,107,0,95,57,77,61,69,292,155,178,113,120,102,13,22,25,30
1400000US48491021402,48491021402,"Census Tract 214.02, Williamson County, Texas",950,153,950,153,23,37,0,95,9,15,47,33,15,24,0,95,11,18,31,28,0,95,10,16,59,53,19,21,23,23,52,37,51,47,196,104,123,70,205,89,67,69,9,14,0,95,0,95
1400000US48491021403,48491021403,"Census Tract 214.03, Williamson County, Texas",486,115,461,115,0,95,0,95,0,95,0,95,0,95,0,95,31,48,0,95,0,95,0,95,0,95,0,95,0,95,30,36,0,95,55,59,156,106,98,80,40,42,51,53,0,95,25,23
1400000US48491021502,48491021502,"Census Tract 215.02, Williamson County, Texas",976,129,963,127,0,95,0,95,0,95,0,95,0,95,0,95,6,9,0,95,0,95,0,95,0,95,0,95,0,95,31,47,35,34,142,81,251,100,365,143,133,84,0,95,0,95,13,16
1400000US48491021503,48491021503,"Census Tract 215.03, Williamson County, Texas",1023,154,1014,154,0,95,0,95,0,95,0,95,9,14,0,95,0,95,8,13,13,20,0,95,0,95,55,61,17,19,49,45,131,83,177,77,271,136,241,107,43,36,0,95,0,95,9,14
1400000US48491021504,48491021504,"Census Tract 215.04, Williamson County, Texas",522,165,522,165,0,95,0,95,0,95,0,95,0,95,0,95,0,95,0,95,0,95,0,95,0,95,0,95,0,95,10,16,85,97,94,80,41,37,129,112,0,95,0,95,163,121,0,95
1400000US48491021505,48491021505,"Census Tract 215.05, Williamson County, Texas",1032,194,1017,197,0,95,0,95,0,95,0,95,0,95,0,95,0,95,0,95,0,95,0,95,0,95,13,20,87,110,117,157,18,26,78,52,104,77,305,125,194,124,101,101,0,95,15,25
1400000US48491021506,48491021506,"Census Tract 215.06, Williamson County, Texas",68,47,68,47,0,95,0,95,0,95,0,95,0,95,0,95,0,95,0,95,0,95,17,27,0,95,0,95,0,95,0,95,0,95,21,32,0,95,30,36,0,95,0,95,0,95,0,95
1400000US48491021507,48491021507,"Census Tract 215.07, Williamson County, Texas",1264,263,1264,263,0,95,0,95,0,95,0,95,0,95,0,95,0,95,0,95,0,95,0,95,52,84,17,29,55,79,30,35,79,54,302,257,65,55,354,173,137,79,101,104,72,54,0,95
1400000US48491021508,48491021508,"Census Tract 215.08, Williamson County, Texas",857,280,851,283,0,95,0,95,0,95,0,95,0,95,0,95,0,95,0,95,0,95,0,95,0,95,0,95,77,120,65,82,99,137,139,82,120,103,144,131,104,122,103,132,0,95,6,14
1400000US48491021601,48491021601,"Census Tract 216.01, Williamson County, Texas",187,112,178,112,0,95,0,95,4,6,0,95,3,6,0,95,0,95,0,95,0,95,0,95,50,76,0,95,3,5,0,95,0,95,47,60,19,26,52,55,0,95,0,95,0,95,9,10
1400000US48491021602,48491021602,"Census Tract 216.02, Williamson County, Texas",319,132,283,128,0,95,0,95,0,95,0,95,0,95,0,95,0,95,0,95,0,95,32,49,0,95,0,95,65,102,28,46,0,95,13,17,33,29,70,69,42,54,0,95,0,95,36,38
1400000US48491021603,48491021603,"Census Tract 216.03, Williamson County, Texas",88,45,74,38,0,95,0,95,0,95,0,95,0,95,0,95,0,95,0,95,0,95,0,95,0,95,0,95,34,33,0,95,0,95,11,16,20,21,9,11,0,95,0,95,0,95,14,15
