GEO.id,GEO.id2,GEO.display-label,HD01_VD01,HD02_VD01,HD01_VD02,HD02_VD02,HD01_VD03,HD02_VD03,HD01_VD04,HD02_VD04,HD01_VD05,HD02_VD05,HD01_VD06,HD02_VD06,HD01_VD07,HD02_VD07,HD01_VD08,HD02_VD08,HD01_VD09,HD02_VD09,HD01_VD10,HD02_VD10,HD01_VD11,HD02_VD11,HD01_VD12,HD02_VD12,HD01_VD13,HD02_VD13,HD01_VD14,HD02_VD14,HD01_VD15,HD02_VD15,HD01_VD16,HD02_VD16,HD01_VD17,HD02_VD17,HD01_VD18,HD02_VD18,HD01_VD19,HD02_VD19,HD01_VD20,HD02_VD20,HD01_VD21,HD02_VD21,HD01_VD22,HD02_VD22,HD01_VD23,HD02_VD23,HD01_VD24,HD02_VD24
Id,Id2,Geography,Estimate; Total:,Margin of Error; Total:,Estimate; With cash rent:,Margin of Error; With cash rent:,Estimate; With cash rent: - Less than $100,Margin of Error; With cash rent: - Less than $100,Estimate; With cash rent: - $100 to $149,Margin of Error; With cash rent: - $100 to $149,Estimate; With cash rent: - $150 to $199,Margin of Error; With cash rent: - $150 to $199,Estimate; With cash rent: - $200 to $249,Margin of Error; With cash rent: - $200 to $249,Estimate; With cash rent: - $250 to $299,Margin of Error; With cash rent: - $250 to $299,Estimate; With cash rent: - $300 to $349,Margin of Error; With cash rent: - $300 to $349,Estimate; With cash rent: - $350 to $399,Margin of Error; With cash rent: - $350 to $399,Estimate; With cash rent: - $400 to $449,Margin of Error; With cash rent: - $400 to $449,Estimate; With cash rent: - $450 to $499,Margin of Error; With cash rent: - $450 to $499,Estimate; With cash rent: - $500 to $549,Margin of Error; With cash rent: - $500 to $549,Estimate; With cash rent: - $550 to $599,Margin of Error; With cash rent: - $550 to $599,Estimate; With cash rent: - $600 to $649,Margin of Error; With cash rent: - $600 to $649,Estimate; With cash rent: - $650 to $699,Margin of Error; With cash rent: - $650 to $699,Estimate; With cash rent: - $700 to $749,Margin of Error; With cash rent: - $700 to $749,Estimate; With cash rent: - $750 to $799,Margin of Error; With cash rent: - $750 to $799,Estimate; With cash rent: - $800 to $899,Margin of Error; With cash rent: - $800 to $899,Estimate; With cash rent: - $900 to $999,Margin of Error; With cash rent: - $900 to $999,"Estimate; With cash rent: - $1,000 to $1,249","Margin of Error; With cash rent: - $1,000 to $1,249","Estimate; With cash rent: - $1,250 to $1,499","Margin of Error; With cash rent: - $1,250 to $1,499","Estimate; With cash rent: - $1,500 to $1,999","Margin of Error; With cash rent: - $1,500 to $1,999","Estimate; With cash rent: - $2,000 or more","Margin of Error; With cash rent: - $2,000 or more",Estimate; No cash rent,Margin of Error; No cash rent
1400000US48021950100,48021950100,"Census Tract 9501, Bastrop County, Texas",501,158,380,148,3,5,0,18,0,18,0,18,17,29,0,18,7,14,47,83,4,8,8,13,17,25,0,18,15,24,96,102,14,17,39,54,40,64,60,52,13,21,0,18,0,18,121,91
1400000US48021950200,48021950200,"Census Tract 9502, Bastrop County, Texas",789,226,774,222,0,18,0,18,0,18,0,18,0,18,32,52,22,38,28,34,0,18,60,95,41,67,42,59,36,57,11,20,11,19,47,62,114,100,302,151,28,47,0,18,0,18,15,26
1400000US48021950300,48021950300,"Census Tract 9503, Bastrop County, Texas",1004,261,799,247,0,20,0,20,0,20,0,20,0,20,82,118,23,35,0,20,0,20,0,20,56,65,76,61,68,103,0,20,0,20,20,32,154,117,64,59,187,117,69,86,0,20,205,115
1400000US48021950400,48021950400,"Census Tract 9504, Bastrop County, Texas",1039,251,937,223,0,18,34,55,0,18,20,30,39,44,0,18,0,18,13,22,50,63,14,23,54,62,0,18,37,44,42,63,113,79,98,60,168,97,217,113,14,23,24,38,0,18,102,89
1400000US48021950501,48021950501,"Census Tract 9505.01, Bastrop County, Texas",436,137,363,119,0,18,0,18,0,18,10,17,0,18,0,18,0,18,0,18,47,81,69,89,49,78,55,49,0,18,13,21,10,18,11,18,4,8,95,82,0,18,0,18,0,18,73,65
1400000US48021950502,48021950502,"Census Tract 9505.02, Bastrop County, Texas",155,113,123,101,0,18,0,18,0,18,0,18,0,18,0,18,0,18,0,18,0,18,0,18,12,18,0,18,0,18,0,18,0,18,0,18,10,18,33,38,3,5,65,82,0,18,32,41
1400000US48021950600,48021950600,"Census Tract 9506, Bastrop County, Texas",304,127,210,105,0,13,0,13,0,13,0,13,10,19,0,13,0,13,0,13,36,42,30,36,10,17,0,13,0,13,12,18,23,38,63,62,17,28,9,17,0,13,0,13,0,13,94,77
1400000US48021950700,48021950700,"Census Tract 9507, Bastrop County, Texas",503,150,458,142,0,13,0,13,72,46,10,18,0,13,11,20,6,12,0,13,33,52,0,13,25,28,18,22,11,15,14,18,0,13,117,82,21,26,68,48,52,41,0,13,0,13,45,30
1400000US48021950801,48021950801,"Census Tract 9508.01, Bastrop County, Texas",355,165,288,153,0,18,0,18,0,18,0,18,0,18,0,18,0,18,0,18,0,18,0,18,21,37,0,18,0,18,0,18,47,75,37,47,28,48,37,50,110,95,8,14,0,18,67,50
1400000US48021950802,48021950802,"Census Tract 9508.02, Bastrop County, Texas",228,121,180,105,0,18,0,18,0,18,0,18,0,18,0,18,0,18,0,18,0,18,16,27,19,31,27,45,50,82,0,18,0,18,29,34,0,18,10,16,29,46,0,18,0,18,48,57
1400000US48055960101,48055960101,"Census Tract 9601.01, Caldwell County, Texas",522,167,414,152,0,18,0,18,0,18,0,18,0,18,0,18,0,18,0,18,7,11,0,18,62,76,0,18,55,41,32,27,18,18,69,77,7,13,152,89,12,18,0,18,0,18,108,70
1400000US48055960102,48055960102,"Census Tract 9601.02, Caldwell County, Texas",336,106,288,112,0,13,0,13,0,13,0,13,0,13,0,13,0,13,52,68,0,13,55,58,0,13,0,13,38,60,0,13,0,13,25,31,31,42,79,80,0,13,8,13,0,13,48,46
1400000US48055960200,48055960200,"Census Tract 9602, Caldwell County, Texas",587,137,514,153,0,18,0,18,4,9,0,18,51,43,0,18,0,18,27,21,21,33,38,57,19,19,8,16,19,23,48,47,62,53,55,66,26,31,91,56,7,14,28,34,10,15,73,83
1400000US48055960300,48055960300,"Census Tract 9603, Caldwell County, Texas",500,112,435,108,14,23,0,13,0,13,0,13,25,32,0,13,20,19,0,13,0,13,0,13,16,15,0,13,0,13,13,25,0,13,72,54,41,37,122,68,79,61,33,47,0,13,65,48
1400000US48055960400,48055960400,"Census Tract 9604, Caldwell County, Texas",585,112,566,112,0,13,0,13,0,13,7,12,4,8,10,17,52,42,0,13,9,16,10,15,29,31,69,68,128,79,0,13,32,38,64,49,59,46,44,39,49,45,0,13,0,13,19,25
1400000US48055960500,48055960500,"Census Tract 9605, Caldwell County, Texas",632,149,595,145,0,18,0,18,0,18,13,18,1,4,0,18,6,8,64,71,35,26,24,33,10,10,30,25,39,42,47,45,88,76,57,41,54,45,80,54,31,43,16,15,0,18,37,31
1400000US48055960600,48055960600,"Census Tract 9606, Caldwell County, Texas",139,63,75,49,0,13,0,13,0,13,0,13,0,13,10,14,0,13,15,25,23,35,0,13,0,13,0,13,0,13,0,13,0,13,11,12,12,13,4,6,0,13,0,13,0,13,64,48
1400000US48055960700,48055960700,"Census Tract 9607, Caldwell County, Texas",751,183,724,182,0,18,0,18,0,18,52,80,33,41,0,18,0,18,20,31,53,66,99,68,26,37,50,76,0,18,81,83,56,70,109,102,87,95,41,62,0,18,17,28,0,18,27,36
1400000US48209010100,48209010100,"Census Tract 101, Hays County, Texas",922,102,890,117,0,13,0,13,0,13,0,13,0,13,0,13,0,13,30,49,0,13,11,19,0,13,36,32,0,13,61,55,113,85,170,81,126,78,175,95,80,70,37,58,51,55,32,52
1400000US48209010200,48209010200,"Census Tract 102, Hays County, Texas",312,84,312,84,0,18,0,18,0,18,0,18,9,13,0,18,0,18,0,18,19,20,0,18,19,18,26,27,39,39,32,41,9,18,25,23,69,61,45,32,14,14,0,18,6,10,0,18
1400000US48209010302,48209010302,"Census Tract 103.02, Hays County, Texas",1213,187,1153,196,0,13,0,13,6,10,78,82,0,13,15,17,24,25,28,46,29,48,0,13,8,13,69,77,61,62,159,110,78,67,188,107,177,110,175,116,52,65,6,11,0,13,60,54
1400000US48209010303,48209010303,"Census Tract 103.03, Hays County, Texas",2031,256,2031,256,0,18,0,18,0,18,0,18,0,18,13,21,0,18,14,23,12,20,0,18,37,41,90,89,19,35,54,64,213,133,252,155,430,190,534,195,132,106,46,46,185,150,0,18
1400000US48209010304,48209010304,"Census Tract 103.04, Hays County, Texas",2333,241,2333,241,0,18,0,18,0,18,30,27,0,18,58,52,36,38,24,38,16,29,50,74,79,78,156,92,288,163,304,123,209,117,473,203,311,165,244,126,55,70,0,18,0,18,0,18
1400000US48209010400,48209010400,"Census Tract 104, Hays County, Texas",2137,270,2071,266,0,18,0,18,0,18,62,99,0,18,0,18,30,47,19,30,0,18,37,41,94,74,83,61,83,64,70,60,236,171,188,91,260,172,393,194,245,123,166,140,105,105,66,69
1400000US48209010500,48209010500,"Census Tract 105, Hays County, Texas",1363,146,1331,142,0,13,0,13,0,13,13,20,11,17,0,13,0,13,5,9,27,30,27,30,56,54,11,17,72,74,80,67,47,37,197,98,330,120,307,115,119,87,29,32,0,13,32,30
1400000US48209010600,48209010600,"Census Tract 106, Hays County, Texas",1177,221,1127,223,0,18,0,18,0,18,0,18,0,18,0,18,14,23,19,31,0,18,0,18,0,18,45,68,0,18,54,54,187,93,48,41,112,83,376,163,73,59,140,108,59,71,50,47
1400000US48209010701,48209010701,"Census Tract 107.01, Hays County, Texas",2438,268,2393,267,0,18,0,18,0,18,0,18,0,18,0,18,0,18,0,18,0,18,55,40,23,36,102,102,52,49,29,33,173,137,508,178,272,166,590,226,217,156,329,186,43,34,45,41
1400000US48209010702,48209010702,"Census Tract 107.02, Hays County, Texas",572,108,561,108,0,13,0,13,0,13,0,13,0,13,0,13,0,13,0,13,12,20,43,43,67,71,61,65,32,52,14,24,0,13,0,13,21,25,57,56,37,36,217,161,0,13,11,18
1400000US48209010803,48209010803,"Census Tract 108.03, Hays County, Texas",301,137,247,123,0,13,0,13,0,13,0,13,0,13,0,13,0,13,16,24,8,10,24,20,0,13,0,13,0,13,53,68,8,13,12,18,39,53,82,55,5,8,0,13,0,13,54,65
1400000US48209010804,48209010804,"Census Tract 108.04, Hays County, Texas",397,171,385,171,0,18,0,18,0,18,0,18,0,18,0,18,0,18,3,4,0,18,27,41,0,18,0,18,13,21,0,18,0,18,154,185,17,14,19,20,95,80,54,41,3,5,12,16
1400000US48209010805,48209010805,"Census Tract 108.05, Hays County, Texas",185,119,181,119,0,18,0,18,0,18,0,18,0,18,0,18,0,18,0,18,0,18,0,18,0,18,0,18,0,18,37,60,0,18,0,18,0,18,34,47,13,18,1,4,96,87,4,5
1400000US48209010806,48209010806,"Census Tract 108.06, Hays County, Texas",269,124,256,124,0,13,0,13,0,13,0,13,0,13,0,13,0,13,0,13,0,13,7,11,0,13,22,38,0,13,23,36,0,13,31,37,0,13,76,66,0,13,0,13,97,124,13,15
1400000US48209010807,48209010807,"Census Tract 108.07, Hays County, Texas",114,56,105,54,0,13,0,13,0,13,0,13,0,13,0,13,0,13,0,13,0,13,0,13,0,13,0,13,4,6,6,9,0,13,0,13,15,18,44,41,23,14,10,11,3,5,9,12
1400000US48209010808,48209010808,"Census Tract 108.08, Hays County, Texas",343,141,303,134,0,18,0,18,0,18,0,18,0,18,0,18,23,21,0,18,12,20,0,18,0,18,0,18,0,18,7,12,0,18,71,91,59,45,13,22,67,78,34,34,17,20,40,49
1400000US48209010809,48209010809,"Census Tract 108.09, Hays County, Texas",136,69,126,69,0,18,0,18,0,18,0,18,6,12,0,18,0,18,0,18,0,18,0,18,0,18,0,18,0,18,0,18,3,6,31,30,3,5,25,28,0,18,42,47,16,28,10,16
1400000US48209010901,48209010901,"Census Tract 109.01, Hays County, Texas",196,110,179,103,0,18,0,18,0,18,0,18,0,18,0,18,0,18,0,18,0,18,2,4,0,18,0,18,0,18,0,18,1,3,0,18,0,18,82,82,15,25,70,65,9,15,17,24
1400000US48209010902,48209010902,"Census Tract 109.02, Hays County, Texas",672,198,669,198,0,20,0,20,0,20,26,42,0,20,0,20,0,20,0,20,0,20,24,38,0,20,0,20,0,20,0,20,0,20,89,88,83,67,294,148,34,28,119,113,0,20,3,5
1400000US48209010905,48209010905,"Census Tract 109.05, Hays County, Texas",446,145,389,162,0,18,0,18,0,18,0,18,7,12,0,18,0,18,0,18,0,18,9,14,0,18,0,18,98,132,0,18,0,18,59,56,75,84,23,29,40,45,61,57,17,26,57,61
1400000US48209010906,48209010906,"Census Tract 109.06, Hays County, Texas",683,224,683,224,0,20,0,20,0,20,0,20,0,20,0,20,0,20,1,4,19,16,29,28,7,10,7,12,28,42,4,6,5,9,32,49,56,78,131,89,190,126,174,98,0,20,0,20
1400000US48209010907,48209010907,"Census Tract 109.07, Hays County, Texas",548,154,499,147,0,20,0,20,0,20,0,20,15,26,0,20,0,20,0,20,10,16,34,56,39,53,0,20,20,31,28,32,0,20,78,82,39,31,62,69,174,98,0,20,0,20,49,56
1400000US48209010908,48209010908,"Census Tract 109.08, Hays County, Texas",690,198,690,198,0,18,0,18,0,18,0,18,0,18,0,18,0,18,47,68,14,23,11,20,39,65,27,44,12,22,131,107,35,58,65,70,66,52,72,67,93,88,78,70,0,18,0,18
1400000US48209010909,48209010909,"Census Tract 109.09, Hays County, Texas",620,157,620,157,0,18,0,18,0,18,0,18,0,18,0,18,0,18,0,18,0,18,0,18,0,18,0,18,0,18,0,18,12,20,17,20,113,84,145,66,184,109,123,95,26,45,0,18
1400000US48209010910,48209010910,"Census Tract 109.10, Hays County, Texas",413,153,392,144,0,18,0,18,0,18,0,18,0,18,0,18,0,18,0,18,0,18,0,18,15,23,12,20,0,18,9,16,0,18,30,36,34,53,83,93,122,84,70,78,17,27,21,43
1400000US48453000101,48453000101,"Census Tract 1.01, Travis County, Texas",689,127,672,123,0,13,0,13,0,13,0,13,0,13,0,13,0,13,0,13,12,19,7,12,13,21,31,36,42,43,0,13,7,11,5,9,0,13,99,49,134,89,255,96,67,46,17,16
1400000US48453000102,48453000102,"Census Tract 1.02, Travis County, Texas",95,51,72,45,0,13,0,13,0,13,0,13,0,13,0,13,12,19,0,13,0,13,0,13,0,13,0,13,0,13,0,13,16,24,0,13,0,13,9,14,24,27,0,13,11,16,23,26
1400000US48453000203,48453000203,"Census Tract 2.03, Travis County, Texas",735,45,735,45,0,13,0,13,0,13,16,23,0,13,0,13,0,13,0,13,0,13,0,13,0,13,0,13,3,5,0,13,0,13,0,13,0,13,9,15,246,70,342,70,119,35,0,13
1400000US48453000204,48453000204,"Census Tract 2.04, Travis County, Texas",974,112,952,110,0,13,0,13,0,13,0,13,0,13,0,13,0,13,13,20,13,21,0,13,0,13,15,18,35,32,40,23,128,82,227,90,128,77,104,60,117,67,115,62,17,19,22,23
1400000US48453000205,48453000205,"Census Tract 2.05, Travis County, Texas",1264,182,1264,182,0,13,0,13,0,13,0,13,0,13,0,13,0,13,0,13,0,13,0,13,84,65,98,92,70,84,116,91,180,101,217,131,50,49,270,103,120,104,44,36,15,22,0,13
1400000US48453000206,48453000206,"Census Tract 2.06, Travis County, Texas",988,130,964,130,0,13,0,13,0,13,70,59,11,18,44,61,20,32,24,39,0,13,0,13,17,27,0,13,15,23,42,34,78,59,100,58,59,43,161,80,192,77,95,51,36,55,24,29
1400000US48453000302,48453000302,"Census Tract 3.02, Travis County, Texas",2320,185,2265,195,0,18,0,18,0,18,0,18,0,18,27,41,0,18,0,18,14,22,12,21,160,119,81,59,126,99,111,70,355,137,294,117,203,131,283,107,210,124,275,136,114,89,55,67
1400000US48453000304,48453000304,"Census Tract 3.04, Travis County, Texas",1085,104,1075,106,0,13,0,13,0,13,0,13,0,13,0,13,0,13,0,13,0,13,15,23,42,50,151,100,41,34,25,25,17,18,242,95,129,54,192,67,110,77,100,65,11,16,10,16
1400000US48453000305,48453000305,"Census Tract 3.05, Travis County, Texas",1389,127,1382,127,0,13,0,13,10,16,0,13,0,13,0,13,0,13,28,38,12,19,12,13,38,43,107,64,51,55,132,70,93,49,269,107,86,65,169,78,147,63,177,107,51,48,7,13
1400000US48453000306,48453000306,"Census Tract 3.06, Travis County, Texas",925,96,898,96,0,13,0,13,0,13,16,25,0,13,0,13,0,13,0,13,26,37,0,13,81,67,52,59,110,70,38,41,0,13,15,23,59,52,40,41,55,47,304,91,102,52,27,25
1400000US48453000307,48453000307,"Census Tract 3.07, Travis County, Texas",406,65,402,66,0,13,0,13,0,13,0,13,14,22,0,13,0,13,0,13,9,14,0,13,6,9,0,13,0,13,5,8,22,23,83,63,42,35,79,52,96,62,15,14,31,24,4,6
1400000US48453000401,48453000401,"Census Tract 4.01, Travis County, Texas",1051,100,1010,96,0,13,0,13,0,13,0,13,0,13,0,13,0,13,10,15,0,13,14,15,25,23,40,32,20,21,59,44,32,25,96,48,130,63,137,53,233,75,133,58,81,41,41,29
1400000US48453000402,48453000402,"Census Tract 4.02, Travis County, Texas",912,142,886,138,0,13,0,13,0,13,0,13,8,12,0,13,0,13,0,13,0,13,0,13,0,13,40,42,8,13,58,53,80,62,215,99,90,49,162,78,103,57,88,63,34,33,26,41
1400000US48453000500,48453000500,"Census Tract 5, Travis County, Texas",1850,180,1815,182,0,13,0,13,0,13,0,13,0,13,0,13,0,13,0,13,0,13,54,70,0,13,87,75,50,48,241,120,80,71,208,91,297,127,364,123,102,61,123,73,209,106,35,41
1400000US48453000601,48453000601,"Census Tract 6.01, Travis County, Texas",393,51,389,51,0,18,0,18,0,18,0,18,0,18,0,18,2,5,28,42,2,4,3,7,12,13,20,22,6,9,24,18,30,26,33,19,11,10,55,27,24,24,92,47,47,33,4,5
1400000US48453000603,48453000603,"Census Tract 6.03, Travis County, Texas",2322,149,2270,157,0,18,0,18,0,18,0,18,0,18,0,18,0,18,18,16,10,17,0,18,71,82,38,35,67,49,29,28,44,46,227,126,215,99,441,123,248,108,331,125,531,156,52,39
1400000US48453000604,48453000604,"Census Tract 6.04, Travis County, Texas",1614,150,1567,142,0,18,0,18,0,18,0,18,10,18,0,18,0,18,13,23,0,18,0,18,12,20,29,47,67,48,7,13,61,67,192,115,191,117,256,111,158,73,342,123,229,122,47,44
1400000US48453000700,48453000700,"Census Tract 7, Travis County, Texas",425,58,415,62,0,13,0,13,0,13,0,13,0,13,0,13,0,13,0,13,0,13,12,15,50,39,38,35,28,18,10,12,11,19,25,16,29,23,107,43,46,29,59,45,0,13,10,13
1400000US48453000801,48453000801,"Census Tract 8.01, Travis County, Texas",275,62,263,62,0,13,0,13,38,36,22,16,5,8,6,9,0,13,5,9,5,8,14,22,10,17,0,13,10,15,0,13,25,25,12,13,0,13,6,9,78,40,27,24,0,13,12,13
1400000US48453000802,48453000802,"Census Tract 8.02, Travis County, Texas",826,102,811,100,17,18,70,47,0,13,74,59,56,46,50,40,11,17,10,15,35,47,88,71,0,13,32,40,57,68,56,61,6,10,17,20,45,39,72,63,100,74,15,15,0,13,15,24
1400000US48453000803,48453000803,"Census Tract 8.03, Travis County, Texas",499,105,478,103,0,13,0,13,0,13,0,13,0,13,0,13,0,13,8,14,0,13,0,13,0,13,0,13,18,28,15,22,72,49,52,52,0,13,141,75,75,48,47,29,50,49,21,31
1400000US48453000804,48453000804,"Census Tract 8.04, Travis County, Texas",617,74,597,76,46,33,6,10,26,21,36,24,28,28,20,23,38,34,9,14,44,37,11,12,22,29,27,30,0,13,27,29,27,24,23,21,21,19,64,40,39,22,55,34,28,28,20,19
1400000US48453000901,48453000901,"Census Tract 9.01, Travis County, Texas",521,58,511,58,0,13,0,13,0,13,4,7,0,13,0,13,0,13,6,9,0,13,29,26,0,13,21,26,0,13,0,13,14,17,26,29,33,29,116,60,95,45,147,53,20,16,10,12
1400000US48453000902,48453000902,"Census Tract 9.02, Travis County, Texas",871,156,799,148,0,18,0,18,44,69,56,54,50,57,16,24,15,23,9,16,59,62,0,18,0,18,0,18,51,61,42,34,0,18,130,84,25,31,196,85,79,58,20,31,7,11,72,63
1400000US48453001000,48453001000,"Census Tract 10, Travis County, Texas",802,130,772,134,0,13,19,31,6,9,20,25,25,22,8,13,48,45,27,29,24,23,46,66,54,43,44,44,27,25,0,13,0,13,48,58,53,50,83,58,74,57,118,81,48,52,30,30
1400000US48453001100,48453001100,"Census Tract 11, Travis County, Texas",1877,231,1865,231,0,13,0,13,0,13,43,33,76,83,11,19,0,13,0,13,0,13,0,13,0,13,0,13,0,13,15,23,13,22,25,29,0,13,127,107,77,58,652,225,826,217,12,20
1400000US48453001200,48453001200,"Census Tract 12, Travis County, Texas",2089,190,2035,191,0,13,0,13,0,13,15,23,0,13,0,13,0,13,19,30,13,20,10,16,171,116,65,54,67,51,0,13,16,25,47,54,45,43,338,165,160,97,668,197,401,114,54,43
1400000US48453001303,48453001303,"Census Tract 13.03, Travis County, Texas",668,113,668,113,0,13,0,13,0,13,10,15,0,13,9,14,7,11,46,38,0,13,0,13,21,25,39,40,22,21,35,44,5,10,83,66,99,64,111,70,41,31,123,48,17,19,0,13
1400000US48453001304,48453001304,"Census Tract 13.04, Travis County, Texas",1074,118,1035,118,0,13,0,13,0,13,0,13,0,13,9,15,27,39,0,13,0,13,17,19,10,18,15,22,7,11,9,14,21,25,173,79,98,64,189,80,254,113,134,63,72,47,39,41
1400000US48453001305,48453001305,"Census Tract 13.05, Travis County, Texas",1642,195,1579,196,70,63,28,45,0,18,34,30,20,25,8,13,13,20,51,60,37,52,0,18,0,18,15,24,0,18,44,69,12,20,228,100,122,70,322,136,322,154,167,106,86,72,63,52
1400000US48453001307,48453001307,"Census Tract 13.07, Travis County, Texas",1311,122,1299,121,0,13,0,13,59,55,0,13,22,25,36,49,7,12,39,55,17,19,0,13,0,13,22,24,68,55,39,27,28,27,138,67,327,109,325,101,126,68,25,22,21,22,12,15
1400000US48453001308,48453001308,"Census Tract 13.08, Travis County, Texas",730,112,690,113,0,13,0,13,0,13,0,13,0,13,0,13,0,13,25,39,0,13,22,34,18,20,37,45,34,44,31,36,89,59,83,58,37,46,147,73,38,38,110,66,19,31,40,43
1400000US48453001401,48453001401,"Census Tract 14.01, Travis County, Texas",1146,132,1122,134,0,13,0,13,0,13,0,13,0,13,0,13,0,13,10,15,22,35,0,13,0,13,0,13,36,48,10,16,10,15,50,55,106,68,197,85,286,105,262,79,133,63,24,39
1400000US48453001402,48453001402,"Census Tract 14.02, Travis County, Texas",817,112,794,111,0,13,0,13,15,12,0,13,0,13,7,12,0,13,0,13,0,13,0,13,0,13,0,13,6,11,42,42,109,77,47,45,65,36,227,108,86,53,109,62,81,44,23,26
1400000US48453001403,48453001403,"Census Tract 14.03, Travis County, Texas",529,71,505,72,0,13,3,5,0,13,0,13,0,13,0,13,0,13,0,13,0,13,0,13,6,9,23,27,78,49,46,47,78,49,73,47,81,48,25,18,61,29,28,24,3,7,24,30
1400000US48453001501,48453001501,"Census Tract 15.01, Travis County, Texas",494,117,484,116,0,18,0,18,0,18,60,93,0,18,0,18,0,18,0,18,10,17,0,18,13,21,12,20,0,18,17,28,63,101,59,45,31,34,114,71,61,52,44,65,0,18,10,16
1400000US48453001503,48453001503,"Census Tract 15.03, Travis County, Texas",1026,116,982,105,6,10,0,13,6,9,0,13,0,13,0,13,0,13,0,13,10,16,0,13,27,33,91,61,109,66,125,67,41,38,67,48,51,43,188,80,100,51,110,53,51,36,44,40
1400000US48453001504,48453001504,"Census Tract 15.04, Travis County, Texas",919,165,892,160,0,13,0,13,0,13,0,13,0,13,0,13,0,13,0,13,0,13,0,13,0,13,16,26,0,13,82,68,27,23,12,19,54,55,196,109,221,94,284,126,0,13,27,30
1400000US48453001505,48453001505,"Census Tract 15.05, Travis County, Texas",1143,130,1143,130,0,13,0,13,0,13,0,13,0,13,0,13,0,13,10,16,0,13,0,13,12,20,15,24,26,30,156,102,87,74,125,84,151,89,245,102,123,73,181,102,12,21,0,13
1400000US48453001602,48453001602,"Census Tract 16.02, Travis County, Texas",1184,113,1178,112,0,13,7,11,0,13,0,13,0,13,0,13,20,21,0,13,5,8,0,13,63,53,126,72,157,59,151,69,47,45,74,68,42,32,136,77,83,40,189,98,78,47,6,12
1400000US48453001603,48453001603,"Census Tract 16.03, Travis County, Texas",376,102,370,100,0,13,0,13,0,13,0,13,0,13,0,13,0,13,0,13,0,13,0,13,0,13,10,15,0,13,0,13,0,13,40,23,17,20,6,12,30,24,133,73,134,71,6,10
1400000US48453001604,48453001604,"Census Tract 16.04, Travis County, Texas",292,109,235,99,0,13,0,13,0,13,0,13,0,13,0,13,0,13,0,13,0,13,0,13,0,13,0,13,0,13,33,50,15,24,0,13,23,28,44,46,42,52,66,53,12,19,57,41
1400000US48453001605,48453001605,"Census Tract 16.05, Travis County, Texas",1048,121,1017,118,0,13,0,13,0,13,0,13,0,13,0,13,0,13,8,13,0,13,0,13,22,36,0,13,32,33,21,23,44,46,97,65,117,96,311,110,191,75,122,60,52,65,31,39
1400000US48453001606,48453001606,"Census Tract 16.06, Travis County, Texas",0,13,0,13,0,13,0,13,0,13,0,13,0,13,0,13,0,13,0,13,0,13,0,13,0,13,0,13,0,13,0,13,0,13,0,13,0,13,0,13,0,13,0,13,0,13,0,13
1400000US48453001705,48453001705,"Census Tract 17.05, Travis County, Texas",763,134,763,134,0,13,0,13,0,13,0,13,0,13,0,13,0,13,0,13,0,13,0,13,0,13,0,13,29,33,0,13,0,13,0,13,14,23,205,103,131,70,290,124,94,61,0,13
1400000US48453001706,48453001706,"Census Tract 17.06, Travis County, Texas",652,98,634,95,0,13,0,13,0,13,0,13,0,13,0,13,0,13,0,13,0,13,0,13,7,11,6,10,42,28,31,40,55,31,65,45,114,66,133,58,85,53,54,47,42,37,18,20
1400000US48453001707,48453001707,"Census Tract 17.07, Travis County, Texas",951,128,933,130,0,13,0,13,0,13,0,13,0,13,0,13,0,13,12,18,0,13,0,13,0,13,0,13,22,35,58,55,61,63,194,105,108,87,178,91,181,94,61,52,58,47,18,28
1400000US48453001712,48453001712,"Census Tract 17.12, Travis County, Texas",1170,110,1162,110,0,13,0,13,24,27,33,26,33,32,0,13,21,23,28,45,32,51,37,58,0,13,15,28,56,40,73,68,57,41,92,67,77,62,391,126,55,39,38,28,100,47,8,15
1400000US48453001713,48453001713,"Census Tract 17.13, Travis County, Texas",812,119,750,116,0,13,0,13,41,46,0,13,0,13,0,13,10,16,0,13,35,40,7,13,19,22,10,16,50,61,21,22,58,64,50,64,62,61,184,89,72,50,124,73,7,12,62,58
1400000US48453001714,48453001714,"Census Tract 17.14, Travis County, Texas",2459,357,2459,357,0,20,0,20,0,20,0,20,0,20,0,20,0,20,0,20,0,20,0,20,0,20,0,20,63,79,66,76,201,169,436,218,324,171,788,300,411,193,119,117,51,56,0,20
1400000US48453001716,48453001716,"Census Tract 17.16, Travis County, Texas",1255,180,1255,180,0,18,0,18,0,18,0,18,0,18,0,18,0,18,0,18,0,18,0,18,0,18,0,18,17,28,28,34,0,18,176,123,29,47,324,128,354,143,245,114,82,81,0,18
1400000US48453001718,48453001718,"Census Tract 17.18, Travis County, Texas",1368,160,1368,160,0,18,0,18,0,18,0,18,0,18,0,18,0,18,0,18,0,18,0,18,0,18,0,18,18,29,33,38,26,30,136,73,138,78,369,158,250,118,279,121,119,101,0,18
1400000US48453001719,48453001719,"Census Tract 17.19, Travis County, Texas",154,73,139,74,0,13,0,13,0,13,0,13,0,13,0,13,0,13,0,13,0,13,0,13,0,13,0,13,0,13,0,13,0,13,0,13,7,12,0,13,42,47,74,57,16,23,15,25
1400000US48453001722,48453001722,"Census Tract 17.22, Travis County, Texas",2084,168,2084,168,0,13,45,75,0,13,0,13,0,13,0,13,0,13,0,13,0,13,0,13,0,13,40,67,49,61,57,53,171,95,442,171,487,174,534,147,187,105,60,45,12,19,0,13
1400000US48453001728,48453001728,"Census Tract 17.28, Travis County, Texas",1301,215,1289,216,0,18,0,18,0,18,0,18,0,18,0,18,0,18,13,20,0,18,117,134,0,18,37,58,0,18,34,55,31,35,90,111,86,60,162,90,321,137,338,117,60,49,12,19
1400000US48453001729,48453001729,"Census Tract 17.29, Travis County, Texas",894,173,881,170,0,13,0,13,0,13,0,13,0,13,0,13,0,13,0,13,0,13,0,13,0,13,0,13,10,15,16,26,13,22,143,91,118,101,332,133,130,104,119,105,0,13,13,21
1400000US48453001733,48453001733,"Census Tract 17.33, Travis County, Texas",136,78,125,77,0,13,0,13,0,13,0,13,0,13,0,13,0,13,0,13,0,13,0,13,0,13,0,13,0,13,0,13,0,13,45,68,15,22,19,30,19,25,8,12,19,21,11,17
1400000US48453001737,48453001737,"Census Tract 17.37, Travis County, Texas",1026,188,1026,188,0,20,0,20,0,20,0,20,0,20,0,20,0,20,0,20,0,20,0,20,0,20,0,20,0,20,0,20,0,20,120,62,14,22,424,148,91,71,163,103,214,120,0,20
1400000US48453001738,48453001738,"Census Tract 17.38, Travis County, Texas",618,175,595,179,0,18,0,18,0,18,0,18,0,18,0,18,0,18,0,18,0,18,0,18,0,18,0,18,13,20,105,97,12,20,0,18,70,104,64,66,23,35,186,87,122,91,23,36
1400000US48453001740,48453001740,"Census Tract 17.40, Travis County, Texas",838,95,817,91,0,13,0,13,0,13,0,13,0,13,0,13,0,13,0,13,0,13,0,13,0,13,0,13,0,13,0,13,0,13,13,21,33,33,299,86,250,119,200,82,22,21,21,23
1400000US48453001741,48453001741,"Census Tract 17.41, Travis County, Texas",311,111,301,110,0,13,0,13,0,13,0,13,0,13,0,13,0,13,29,47,0,13,0,13,0,13,5,8,0,13,0,13,35,54,0,13,15,24,73,69,31,28,62,40,51,48,10,16
1400000US48453001742,48453001742,"Census Tract 17.42, Travis County, Texas",620,182,610,182,0,18,0,18,0,18,0,18,0,18,0,18,0,18,44,69,0,18,0,18,0,18,19,29,0,18,18,27,27,42,55,87,14,24,83,66,74,85,95,78,181,102,10,15
1400000US48453001745,48453001745,"Census Tract 17.45, Travis County, Texas",329,97,322,98,0,13,0,13,0,13,0,13,0,13,0,13,0,13,0,13,0,13,0,13,0,13,0,13,0,13,0,13,9,14,19,21,49,51,130,72,28,27,25,23,62,62,7,13
1400000US48453001746,48453001746,"Census Tract 17.46, Travis County, Texas",768,129,768,129,0,13,0,13,0,13,0,13,0,13,0,13,0,13,0,13,0,13,0,13,0,13,24,25,14,16,58,47,46,42,139,62,35,30,229,106,56,32,167,81,0,13,0,13
1400000US48453001747,48453001747,"Census Tract 17.47, Travis County, Texas",1019,147,997,149,0,18,6,11,0,18,0,18,0,18,0,18,7,11,0,18,6,9,0,18,18,29,0,18,0,18,27,34,57,56,46,53,161,79,292,97,93,55,257,112,27,40,22,25
1400000US48453001748,48453001748,"Census Tract 17.48, Travis County, Texas",964,172,945,166,0,18,0,18,0,18,0,18,0,18,0,18,0,18,0,18,0,18,0,18,0,18,0,18,0,18,10,18,19,31,51,41,209,95,245,111,236,118,158,95,17,28,19,31
1400000US48453001749,48453001749,"Census Tract 17.49, Travis County, Texas",1860,213,1860,213,0,18,0,18,0,18,0,18,28,30,0,18,0,18,0,18,0,18,0,18,0,18,0,18,0,18,37,58,37,60,161,80,238,140,765,195,375,137,219,98,0,18,0,18
1400000US48453001750,48453001750,"Census Tract 17.50, Travis County, Texas",1568,157,1567,157,0,13,0,13,0,13,3,5,0,13,0,13,0,13,0,13,0,13,0,13,0,13,0,13,0,13,50,61,30,48,117,61,460,150,660,164,172,99,51,39,24,22,1,4
1400000US48453001751,48453001751,"Census Tract 17.51, Travis County, Texas",166,68,152,68,0,13,0,13,0,13,0,13,0,13,0,13,0,13,0,13,0,13,0,13,0,13,0,13,20,27,0,13,6,10,0,13,4,5,0,13,27,21,40,41,55,39,14,20
1400000US48453001752,48453001752,"Census Tract 17.52, Travis County, Texas",2037,128,2037,128,0,13,0,13,0,13,0,13,12,20,0,13,0,13,0,13,0,13,0,13,0,13,106,78,151,91,146,88,206,88,354,131,353,115,562,136,135,114,12,19,0,13,0,13
1400000US48453001753,48453001753,"Census Tract 17.53, Travis County, Texas",741,47,734,46,0,13,0,13,0,13,0,13,0,13,0,13,0,13,0,13,0,13,7,9,0,13,0,13,0,13,0,13,8,11,76,36,208,58,284,62,137,50,14,14,0,13,7,11
1400000US48453001754,48453001754,"Census Tract 17.54, Travis County, Texas",1393,194,1393,194,0,13,0,13,0,13,0,13,0,13,0,13,0,13,0,13,0,13,6,11,0,13,66,62,85,92,119,91,102,90,185,99,261,125,138,90,178,102,241,123,12,18,0,13
1400000US48453001755,48453001755,"Census Tract 17.55, Travis County, Texas",161,78,151,78,0,18,0,18,0,18,0,18,0,18,0,18,0,18,0,18,0,18,10,15,0,18,0,18,0,18,0,18,0,18,7,12,0,18,6,10,54,53,6,11,68,54,10,15
1400000US48453001756,48453001756,"Census Tract 17.56, Travis County, Texas",681,126,681,126,0,13,0,13,0,13,0,13,0,13,0,13,0,13,0,13,0,13,0,13,0,13,0,13,9,13,51,57,10,15,19,22,68,57,65,52,176,96,247,108,36,43,0,13
1400000US48453001757,48453001757,"Census Tract 17.57, Travis County, Texas",391,78,391,78,0,13,0,13,0,13,0,13,0,13,0,13,0,13,0,13,0,13,0,13,0,13,0,13,0,13,0,13,0,13,33,29,50,29,170,75,65,49,65,48,8,15,0,13
1400000US48453001760,48453001760,"Census Tract 17.60, Travis County, Texas",1148,293,1148,293,0,20,0,20,0,20,0,20,0,20,0,20,0,20,0,20,0,20,0,20,0,20,0,20,0,20,0,20,0,20,18,30,77,100,293,176,315,204,96,77,349,163,0,20
1400000US48453001761,48453001761,"Census Tract 17.61, Travis County, Texas",1327,171,1260,184,0,18,0,18,0,18,0,18,0,18,0,18,0,18,0,18,0,18,0,18,0,18,0,18,0,18,0,18,34,38,120,70,129,111,567,182,296,116,73,92,41,38,67,89
1400000US48453001764,48453001764,"Census Tract 17.64, Travis County, Texas",304,117,279,113,0,18,0,18,0,18,19,28,0,18,0,18,0,18,0,18,0,18,0,18,19,28,0,18,0,18,0,18,0,18,37,50,4,6,86,84,27,31,41,31,46,38,25,24
1400000US48453001765,48453001765,"Census Tract 17.65, Travis County, Texas",1033,220,972,219,0,20,0,20,0,20,0,20,0,20,0,20,0,20,0,20,0,20,2,4,2,4,34,47,5,6,0,20,41,36,219,121,140,146,268,167,185,137,54,60,22,37,61,59
1400000US48453001766,48453001766,"Census Tract 17.66, Travis County, Texas",624,182,541,154,0,18,0,18,0,18,0,18,0,18,5,8,0,18,12,20,0,18,32,43,0,18,20,24,0,18,0,18,144,98,91,77,111,113,42,46,72,77,12,19,0,18,83,109
1400000US48453001768,48453001768,"Census Tract 17.68, Travis County, Texas",649,153,631,152,0,18,0,18,0,18,0,18,0,18,0,18,0,18,0,18,0,18,0,18,0,18,0,18,41,62,0,18,38,35,38,39,34,38,187,116,177,108,49,42,67,70,18,29
1400000US48453001769,48453001769,"Census Tract 17.69, Travis County, Texas",311,120,311,120,0,18,0,18,0,18,0,18,0,18,0,18,0,18,19,30,0,18,0,18,0,18,0,18,0,18,0,18,0,18,21,26,30,35,102,58,15,22,109,96,15,25,0,18
1400000US48453001770,48453001770,"Census Tract 17.70, Travis County, Texas",260,142,220,122,0,20,0,20,0,20,0,20,0,20,0,20,0,20,0,20,0,20,0,20,0,20,0,20,0,20,0,20,0,20,0,20,0,20,0,20,0,20,92,90,128,86,40,64
1400000US48453001771,48453001771,"Census Tract 17.71, Travis County, Texas",144,92,132,91,0,13,0,13,0,13,0,13,0,13,0,13,0,13,0,13,0,13,8,13,0,13,10,16,0,13,0,13,0,13,0,13,0,13,0,13,8,13,58,70,48,44,12,19
1400000US48453001772,48453001772,"Census Tract 17.72, Travis County, Texas",160,99,160,99,0,13,0,13,0,13,0,13,0,13,0,13,0,13,0,13,9,15,0,13,0,13,0,13,0,13,0,13,0,13,25,39,50,50,9,14,48,52,19,26,0,13,0,13
1400000US48453001773,48453001773,"Census Tract 17.73, Travis County, Texas",340,100,283,97,0,18,0,18,0,18,0,18,0,18,0,18,0,18,0,18,0,18,0,18,0,18,0,18,0,18,5,9,0,18,0,18,22,29,120,80,48,37,46,43,42,32,57,54
1400000US48453001774,48453001774,"Census Tract 17.74, Travis County, Texas",517,179,464,200,0,18,0,18,0,18,0,18,0,18,0,18,0,18,0,18,0,18,0,18,0,18,0,18,0,18,17,29,0,18,0,18,0,18,0,18,35,41,399,188,13,22,53,81
1400000US48453001775,48453001775,"Census Tract 17.75, Travis County, Texas",43,43,37,41,0,18,0,18,22,36,0,18,0,18,0,18,0,18,0,18,0,18,0,18,0,18,0,18,0,18,0,18,0,18,0,18,0,18,0,18,10,16,5,10,0,18,6,10
1400000US48453001776,48453001776,"Census Tract 17.76, Travis County, Texas",307,102,307,102,0,13,0,13,0,13,0,13,0,13,0,13,0,13,0,13,0,13,0,13,0,13,0,13,0,13,0,13,0,13,35,53,0,13,56,62,158,77,58,44,0,13,0,13
1400000US48453001777,48453001777,"Census Tract 17.77, Travis County, Texas",936,177,914,180,0,18,0,18,0,18,0,18,0,18,0,18,0,18,0,18,0,18,43,71,0,18,0,18,0,18,0,18,14,24,40,63,27,33,244,113,211,118,335,148,0,18,22,25
1400000US48453001778,48453001778,"Census Tract 17.78, Travis County, Texas",475,121,475,121,0,13,0,13,0,13,0,13,0,13,0,13,0,13,0,13,0,13,0,13,0,13,0,13,0,13,13,21,0,13,29,47,0,13,171,91,155,86,72,82,35,31,0,13
1400000US48453001779,48453001779,"Census Tract 17.79, Travis County, Texas",540,201,481,173,0,18,0,18,0,18,0,18,0,18,0,18,0,18,0,18,59,97,18,29,0,18,0,18,0,18,0,18,20,32,78,93,111,119,105,123,16,26,46,47,28,36,59,91
1400000US48453001780,48453001780,"Census Tract 17.80, Travis County, Texas",230,80,199,74,0,13,0,13,0,13,0,13,0,13,0,13,0,13,0,13,0,13,0,13,0,13,0,13,21,30,8,11,6,9,15,20,17,20,32,21,51,40,49,36,0,13,31,25
1400000US48453001781,48453001781,"Census Tract 17.81, Travis County, Texas",147,74,147,74,0,13,0,13,0,13,0,13,0,13,0,13,0,13,0,13,0,13,0,13,0,13,0,13,0,13,0,13,5,9,53,58,13,15,57,65,19,19,0,13,0,13,0,13
1400000US48453001782,48453001782,"Census Tract 17.82, Travis County, Texas",295,90,287,90,0,18,0,18,0,18,0,18,0,18,0,18,0,18,0,18,0,18,0,18,0,18,0,18,0,18,0,18,0,18,8,12,0,18,177,91,48,38,48,49,6,11,8,13
1400000US48453001783,48453001783,"Census Tract 17.83, Travis County, Texas",320,138,320,138,0,18,0,18,0,18,0,18,0,18,0,18,0,18,0,18,0,18,0,18,0,18,8,15,13,20,0,18,0,18,34,55,9,15,53,45,29,43,103,76,71,63,0,18
1400000US48453001784,48453001784,"Census Tract 17.84, Travis County, Texas",366,132,366,132,0,18,0,18,0,18,0,18,0,18,0,18,0,18,0,18,0,18,0,18,0,18,0,18,0,18,0,18,0,18,0,18,24,27,65,41,84,64,29,29,164,106,0,18
1400000US48453001785,48453001785,"Census Tract 17.85, Travis County, Texas",1760,161,1760,161,0,13,0,13,0,13,0,13,0,13,0,13,0,13,0,13,0,13,0,13,0,13,15,22,32,48,0,13,103,96,355,135,174,96,550,181,350,141,126,98,55,83,0,13
1400000US48453001786,48453001786,"Census Tract 17.86, Travis County, Texas",2004,204,2004,204,0,18,0,18,0,18,0,18,0,18,0,18,0,18,0,18,0,18,0,18,0,18,0,18,0,18,0,18,101,75,134,72,322,136,472,158,626,172,319,138,30,41,0,18
1400000US48453001804,48453001804,"Census Tract 18.04, Travis County, Texas",2069,150,2053,148,0,18,0,18,12,18,0,18,0,18,32,52,0,18,0,18,79,62,72,65,57,62,90,66,310,140,123,77,175,110,494,151,225,124,213,107,88,68,83,61,0,18,16,25
1400000US48453001805,48453001805,"Census Tract 18.05, Travis County, Texas",1173,121,1137,128,0,13,0,13,54,47,38,44,0,13,89,74,18,30,41,46,13,21,99,59,78,65,63,53,26,27,77,60,72,54,173,99,92,67,91,75,25,22,75,60,13,15,36,40
1400000US48453001806,48453001806,"Census Tract 18.06, Travis County, Texas",1886,178,1886,178,31,51,0,18,0,18,26,42,0,18,0,18,58,60,0,18,13,20,47,54,171,95,178,103,216,117,216,94,94,78,299,142,309,138,126,88,102,96,0,18,0,18,0,18
1400000US48453001811,48453001811,"Census Tract 18.11, Travis County, Texas",838,132,817,135,0,13,0,13,13,21,0,13,11,18,29,27,25,42,27,41,0,13,10,17,61,70,86,69,100,85,58,54,98,75,55,59,60,45,125,74,29,37,30,33,0,13,21,37
1400000US48453001812,48453001812,"Census Tract 18.12, Travis County, Texas",2424,179,2396,178,0,18,15,24,0,18,13,22,10,17,0,18,39,33,0,18,29,46,52,47,42,45,201,114,128,72,295,145,331,140,577,186,273,97,236,102,73,66,0,18,82,53,28,34
1400000US48453001813,48453001813,"Census Tract 18.13, Travis County, Texas",1327,152,1306,151,0,18,0,18,0,18,0,18,26,36,21,25,17,28,0,18,0,18,0,18,120,69,24,29,109,79,188,86,135,69,281,117,182,85,169,88,0,18,34,54,0,18,21,34
1400000US48453001817,48453001817,"Census Tract 18.17, Travis County, Texas",1200,169,1187,167,0,13,12,19,31,26,17,27,11,19,24,29,0,13,16,27,17,30,29,31,0,13,71,73,69,57,95,82,149,134,84,67,127,84,148,84,163,107,81,53,43,45,13,21
1400000US48453001818,48453001818,"Census Tract 18.18, Travis County, Texas",1087,190,1087,190,0,18,0,18,0,18,0,18,0,18,13,22,0,18,0,18,0,18,14,22,0,18,28,46,79,81,73,82,49,64,190,128,63,54,321,129,157,122,77,71,23,40,0,18
1400000US48453001819,48453001819,"Census Tract 18.19, Travis County, Texas",1195,80,1184,80,0,13,0,13,0,13,19,31,0,13,16,25,0,13,0,13,0,13,18,29,11,19,41,45,136,70,126,62,117,61,200,76,270,86,195,68,35,32,0,13,0,13,11,16
1400000US48453001820,48453001820,"Census Tract 18.20, Travis County, Texas",2019,228,2019,228,0,18,0,18,26,41,13,25,0,18,0,18,0,18,0,18,21,34,81,61,82,65,193,100,408,138,324,129,119,89,303,143,194,106,131,80,69,78,55,65,0,18,0,18
1400000US48453001821,48453001821,"Census Tract 18.21, Travis County, Texas",1022,118,1006,120,0,18,0,18,0,18,0,18,0,18,0,18,0,18,0,18,8,13,0,18,19,22,0,18,63,56,99,65,54,52,118,63,90,62,203,79,190,97,162,77,0,18,16,18
1400000US48453001822,48453001822,"Census Tract 18.22, Travis County, Texas",1582,163,1528,172,0,18,19,32,0,18,14,23,0,18,0,18,22,36,10,15,34,54,73,83,27,32,79,66,162,115,99,77,171,108,244,133,179,101,306,148,72,73,17,28,0,18,54,62
1400000US48453001823,48453001823,"Census Tract 18.23, Travis County, Texas",1582,139,1565,137,0,18,0,18,0,18,21,34,0,18,15,22,0,18,0,18,0,18,23,35,12,18,85,81,81,59,179,91,130,100,164,83,297,119,311,104,236,93,11,19,0,18,17,24
1400000US48453001824,48453001824,"Census Tract 18.24, Travis County, Texas",270,54,256,56,0,13,0,13,0,13,0,13,0,13,0,13,0,13,0,13,0,13,0,13,0,13,0,13,0,13,0,13,29,29,35,24,71,37,59,28,22,22,40,28,0,13,14,16
1400000US48453001826,48453001826,"Census Tract 18.26, Travis County, Texas",833,97,827,97,0,13,0,13,0,13,0,13,0,13,0,13,0,13,0,13,0,13,0,13,0,13,15,26,0,13,25,40,8,12,125,74,136,70,358,94,122,60,23,22,15,16,6,10
1400000US48453001828,48453001828,"Census Tract 18.28, Travis County, Texas",365,115,365,115,0,13,0,13,0,13,0,13,0,13,0,13,0,13,0,13,0,13,0,13,12,19,0,13,0,13,61,59,0,13,0,13,72,56,51,29,64,45,97,59,8,13,0,13
1400000US48453001829,48453001829,"Census Tract 18.29, Travis County, Texas",1199,102,1199,102,0,13,0,13,0,13,0,13,0,13,0,13,0,13,0,13,0,13,0,13,0,13,21,19,42,37,42,31,83,51,348,110,249,105,223,86,107,78,84,64,0,13,0,13
1400000US48453001832,48453001832,"Census Tract 18.32, Travis County, Texas",732,97,706,100,0,13,0,13,0,13,0,13,0,13,9,13,0,13,0,13,0,13,0,13,9,15,19,24,28,25,85,69,46,65,125,85,158,91,148,85,41,41,38,46,0,13,26,36
1400000US48453001833,48453001833,"Census Tract 18.33, Travis County, Texas",1196,208,1196,208,0,18,0,18,0,18,0,18,0,18,0,18,0,18,0,18,0,18,0,18,41,51,67,77,12,21,34,56,81,60,153,107,398,184,271,150,42,55,85,82,12,19,0,18
1400000US48453001834,48453001834,"Census Tract 18.34, Travis County, Texas",2355,220,2319,213,0,18,0,18,0,18,0,18,0,18,0,18,0,18,0,18,0,18,0,18,0,18,24,27,105,80,103,75,129,82,354,140,430,130,628,202,242,123,304,121,0,18,36,58
1400000US48453001835,48453001835,"Census Tract 18.35, Travis County, Texas",917,158,911,159,0,18,0,18,0,18,0,18,0,18,0,18,0,18,0,18,0,18,0,18,0,18,11,18,0,18,10,16,82,70,157,100,67,59,364,133,166,76,54,55,0,18,6,11
1400000US48453001839,48453001839,"Census Tract 18.39, Travis County, Texas",1803,217,1786,215,0,18,0,18,0,18,60,93,0,18,0,18,0,18,0,18,0,18,70,85,0,18,0,18,14,22,87,83,192,93,333,138,312,148,318,131,175,90,225,107,0,18,17,28
1400000US48453001840,48453001840,"Census Tract 18.40, Travis County, Texas",1171,186,1107,181,0,18,0,18,0,18,0,18,0,18,0,18,0,18,0,18,0,18,0,18,0,18,0,18,0,18,42,65,38,60,76,74,161,105,413,132,281,136,96,73,0,18,64,63
1400000US48453001841,48453001841,"Census Tract 18.41, Travis County, Texas",1158,291,1068,286,0,20,0,20,0,20,0,20,10,16,0,20,0,20,0,20,0,20,0,20,49,79,0,20,40,65,0,20,20,33,147,119,103,120,212,176,369,205,98,91,20,32,90,92
1400000US48453001842,48453001842,"Census Tract 18.42, Travis County, Texas",932,223,922,222,0,18,0,18,0,18,0,18,0,18,0,18,0,18,19,32,0,18,0,18,0,18,0,18,7,13,21,36,0,18,17,27,148,102,378,158,192,164,140,71,0,18,10,17
1400000US48453001843,48453001843,"Census Tract 18.43, Travis County, Texas",237,70,217,69,0,13,0,13,0,13,0,13,0,13,0,13,0,13,0,13,0,13,0,13,13,21,9,14,0,13,0,13,0,13,22,25,24,27,59,40,42,38,48,35,0,13,20,23
1400000US48453001844,48453001844,"Census Tract 18.44, Travis County, Texas",1132,107,1115,107,0,13,0,13,0,13,0,13,0,13,0,13,0,13,0,13,0,13,0,13,8,13,12,18,77,56,90,72,109,67,177,85,129,78,403,84,65,47,45,43,0,13,17,23
1400000US48453001845,48453001845,"Census Tract 18.45, Travis County, Texas",573,88,573,88,0,13,0,13,0,13,0,13,0,13,0,13,0,13,0,13,0,13,0,13,0,13,30,38,14,20,6,10,36,36,72,57,130,77,173,85,37,30,64,56,11,17,0,13
1400000US48453001846,48453001846,"Census Tract 18.46, Travis County, Texas",100,53,100,53,0,13,0,13,0,13,0,13,0,13,0,13,0,13,0,13,0,13,0,13,0,13,0,13,0,13,0,13,0,13,0,13,20,31,0,13,10,12,11,13,59,45,0,13
1400000US48453001847,48453001847,"Census Tract 18.47, Travis County, Texas",1251,228,1251,228,0,18,0,18,0,18,19,34,0,18,0,18,0,18,0,18,0,18,0,18,0,18,0,18,0,18,14,23,54,42,154,112,133,92,466,181,169,95,177,110,65,80,0,18
1400000US48453001848,48453001848,"Census Tract 18.48, Travis County, Texas",1120,117,1120,117,0,13,0,13,8,13,0,13,0,13,0,13,0,13,0,13,0,13,9,14,0,13,0,13,0,13,24,23,36,42,174,77,124,80,437,125,156,72,99,53,53,58,0,13
1400000US48453001849,48453001849,"Census Tract 18.49, Travis County, Texas",3171,240,3062,246,0,18,8,25,0,18,0,18,0,18,0,18,0,18,0,18,0,18,0,18,15,24,14,23,55,51,61,50,127,86,665,229,500,187,871,248,395,166,296,128,55,52,109,110
1400000US48453001850,48453001850,"Census Tract 18.50, Travis County, Texas",1674,163,1661,165,0,13,0,13,0,13,0,13,0,13,0,13,0,13,0,13,11,17,32,48,7,12,19,21,133,88,125,91,81,58,205,78,178,93,401,163,264,133,170,114,35,55,13,22
1400000US48453001851,48453001851,"Census Tract 18.51, Travis County, Texas",2415,287,2286,282,0,18,0,18,0,18,0,18,0,18,0,18,0,18,0,18,0,18,0,18,0,18,0,18,0,18,173,117,126,97,485,199,498,170,610,227,204,123,190,110,0,18,129,145
1400000US48453001853,48453001853,"Census Tract 18.53, Travis County, Texas",199,86,199,86,0,13,0,13,0,13,0,13,0,13,0,13,0,13,0,13,0,13,0,13,0,13,0,13,0,13,0,13,0,13,0,13,18,26,80,47,21,31,80,60,0,13,0,13
1400000US48453001854,48453001854,"Census Tract 18.54, Travis County, Texas",206,89,195,88,0,13,0,13,0,13,0,13,0,13,0,13,0,13,0,13,0,13,0,13,0,13,0,13,0,13,0,13,0,13,0,13,9,14,35,35,79,69,61,51,11,17,11,15
1400000US48453001855,48453001855,"Census Tract 18.55, Travis County, Texas",1258,337,1224,337,0,20,0,20,0,20,0,20,0,20,0,20,0,20,0,20,0,20,0,20,0,20,32,50,0,20,0,20,0,20,53,86,254,259,322,162,142,112,236,141,185,183,34,52
1400000US48453001856,48453001856,"Census Tract 18.56, Travis County, Texas",296,127,296,127,0,18,0,18,34,55,0,18,0,18,0,18,0,18,0,18,0,18,0,18,0,18,0,18,0,18,0,18,0,18,58,75,13,21,28,47,52,66,73,54,38,40,0,18
1400000US48453001857,48453001857,"Census Tract 18.57, Travis County, Texas",870,191,870,191,0,18,31,35,69,70,0,18,0,18,0,18,0,18,0,18,17,29,21,35,0,18,0,18,0,18,30,36,28,27,134,79,34,55,152,79,57,56,297,147,0,18,0,18
1400000US48453001858,48453001858,"Census Tract 18.58, Travis County, Texas",272,144,244,133,0,20,0,20,0,20,0,20,0,20,0,20,0,20,0,20,0,20,0,20,0,20,27,42,0,20,0,20,0,20,0,20,0,20,11,19,0,20,135,90,71,69,28,45
1400000US48453001859,48453001859,"Census Tract 18.59, Travis County, Texas",63,52,58,52,0,13,0,13,0,13,0,13,0,13,0,13,0,13,0,13,0,13,0,13,0,13,6,10,0,13,26,42,0,13,13,20,0,13,7,11,0,13,6,9,0,13,5,9
1400000US48453001860,48453001860,"Census Tract 18.60, Travis County, Texas",1083,135,1049,152,0,13,0,13,0,13,0,13,0,13,0,13,0,13,0,13,0,13,0,13,10,20,0,13,0,13,33,38,78,43,131,82,109,78,535,167,93,76,60,67,0,13,34,53
1400000US48453001861,48453001861,"Census Tract 18.61, Travis County, Texas",311,129,300,132,0,13,0,13,0,13,0,13,0,13,0,13,0,13,0,13,0,13,0,13,0,13,0,13,0,13,0,13,0,13,0,13,42,66,20,25,24,25,214,130,0,13,11,17
1400000US48453001862,48453001862,"Census Tract 18.62, Travis County, Texas",664,186,630,177,0,18,0,18,0,18,0,18,0,18,0,18,0,18,0,18,10,16,0,18,0,18,34,54,0,18,44,70,78,85,168,118,65,43,130,105,81,62,20,31,0,18,34,38
1400000US48453001863,48453001863,"Census Tract 18.63, Travis County, Texas",1868,112,1858,113,0,13,0,13,0,13,0,13,0,13,0,13,8,13,0,13,0,13,0,13,20,28,119,102,183,88,171,86,307,108,378,129,324,110,325,108,11,17,12,19,0,13,10,15
1400000US48453001864,48453001864,"Census Tract 18.64, Travis County, Texas",1260,117,1246,122,0,13,0,13,0,13,0,13,0,13,0,13,0,13,0,13,0,13,20,25,6,12,35,32,6,9,9,14,63,48,132,71,157,71,508,111,141,74,80,63,89,47,14,22
1400000US48453001901,48453001901,"Census Tract 19.01, Travis County, Texas",1654,189,1645,189,0,18,36,60,0,18,0,18,0,18,0,18,0,18,0,18,0,18,46,55,58,72,25,24,0,18,26,42,104,97,190,95,152,96,614,182,196,109,170,102,28,32,9,15
1400000US48453001908,48453001908,"Census Tract 19.08, Travis County, Texas",1578,188,1524,182,0,18,0,18,16,26,0,18,0,18,0,18,0,18,0,18,0,18,46,74,0,18,0,18,0,18,16,26,38,56,121,74,253,101,379,112,348,129,186,131,121,100,54,53
1400000US48453001910,48453001910,"Census Tract 19.10, Travis County, Texas",789,99,789,99,0,13,0,13,0,13,0,13,0,13,0,13,0,13,0,13,33,54,0,13,19,28,10,16,0,13,16,25,7,12,18,21,62,51,240,75,157,67,97,70,130,64,0,13
1400000US48453001911,48453001911,"Census Tract 19.11, Travis County, Texas",1609,94,1602,93,0,13,0,13,0,13,0,13,0,13,3,9,0,13,0,13,0,13,23,30,12,14,7,11,0,13,15,26,16,18,131,79,145,65,497,138,317,101,396,107,40,34,7,11
1400000US48453001912,48453001912,"Census Tract 19.12, Travis County, Texas",322,79,304,75,0,13,0,13,0,13,0,13,0,13,0,13,0,13,0,13,0,13,0,13,0,13,0,13,0,13,0,13,0,13,0,13,0,13,61,45,55,45,99,51,89,44,18,19
1400000US48453001913,48453001913,"Census Tract 19.13, Travis County, Texas",131,74,121,72,0,13,0,13,0,13,0,13,0,13,0,13,0,13,0,13,0,13,0,13,0,13,0,13,0,13,0,13,0,13,11,18,0,13,12,19,0,13,46,61,52,39,10,16
1400000US48453001914,48453001914,"Census Tract 19.14, Travis County, Texas",1283,181,1233,177,0,18,0,18,0,18,0,18,0,18,19,31,0,18,0,18,0,18,0,18,0,18,0,18,0,18,0,18,0,18,68,52,90,56,505,179,362,153,165,115,24,27,50,46
1400000US48453001915,48453001915,"Census Tract 19.15, Travis County, Texas",551,69,541,68,2,6,0,13,0,13,0,13,0,13,0,13,0,13,0,13,0,13,0,13,0,13,0,13,0,13,0,13,0,13,39,37,72,47,208,72,104,67,82,58,34,28,10,15
1400000US48453001916,48453001916,"Census Tract 19.16, Travis County, Texas",23,26,23,26,0,13,0,13,0,13,0,13,0,13,0,13,0,13,0,13,0,13,0,13,0,13,0,13,0,13,0,13,0,13,0,13,0,13,20,25,3,7,0,13,0,13,0,13
1400000US48453001917,48453001917,"Census Tract 19.17, Travis County, Texas",56,38,0,13,0,13,0,13,0,13,0,13,0,13,0,13,0,13,0,13,0,13,0,13,0,13,0,13,0,13,0,13,0,13,0,13,0,13,0,13,0,13,0,13,0,13,56,38
1400000US48453001918,48453001918,"Census Tract 19.18, Travis County, Texas",128,79,128,79,0,13,0,13,0,13,0,13,0,13,0,13,0,13,0,13,0,13,0,13,0,13,0,13,0,13,0,13,0,13,0,13,0,13,0,13,0,13,45,57,83,76,0,13
1400000US48453001919,48453001919,"Census Tract 19.19, Travis County, Texas",212,69,208,69,0,13,0,13,0,13,0,13,0,13,0,13,0,13,0,13,0,13,0,13,0,13,0,13,18,19,0,13,0,13,11,16,0,13,30,31,58,60,36,39,55,34,4,6
1400000US48453002002,48453002002,"Census Tract 20.02, Travis County, Texas",570,138,570,138,0,13,0,13,0,13,7,12,11,18,10,15,6,10,0,13,0,13,0,13,0,13,0,13,0,13,47,46,81,42,7,11,8,15,129,81,124,64,80,56,60,74,0,13
1400000US48453002003,48453002003,"Census Tract 20.03, Travis County, Texas",720,99,701,102,0,13,0,13,0,13,0,13,0,13,0,13,0,13,0,13,0,13,23,38,0,13,57,47,8,13,131,80,64,49,104,69,114,61,105,61,78,57,0,13,17,19,19,21
1400000US48453002004,48453002004,"Census Tract 20.04, Travis County, Texas",1259,101,1259,101,0,13,0,13,0,13,22,21,0,13,8,13,0,13,0,13,0,13,7,13,0,13,34,52,39,34,76,58,61,45,202,69,355,117,268,88,148,65,39,41,0,13,0,13
1400000US48453002005,48453002005,"Census Tract 20.05, Travis County, Texas",1617,185,1617,185,0,13,0,13,0,13,0,13,0,13,0,13,0,13,46,43,0,13,43,41,0,13,0,13,136,92,135,112,55,49,268,113,224,104,418,135,188,100,104,86,0,13,0,13
1400000US48453002104,48453002104,"Census Tract 21.04, Travis County, Texas",556,121,556,121,0,13,0,13,0,13,0,13,0,13,0,13,12,18,0,13,0,13,7,12,0,13,0,13,0,13,79,72,33,54,79,69,50,41,79,67,87,63,121,78,9,13,0,13
1400000US48453002105,48453002105,"Census Tract 21.05, Travis County, Texas",1738,132,1738,132,0,18,20,32,0,18,53,74,34,54,0,18,9,14,0,18,9,13,8,13,13,20,194,80,138,86,126,75,204,92,441,127,208,91,124,74,66,66,91,60,0,18,0,18
1400000US48453002106,48453002106,"Census Tract 21.06, Travis County, Texas",452,116,432,115,0,13,0,13,0,13,48,39,0,13,25,41,0,13,0,13,59,54,7,12,17,27,30,42,9,15,44,58,0,13,53,61,53,53,53,48,9,15,25,24,0,13,20,23
1400000US48453002107,48453002107,"Census Tract 21.07, Travis County, Texas",855,128,848,127,25,29,0,13,5,8,0,13,21,34,0,13,0,13,19,29,0,13,26,37,13,14,45,52,55,50,50,51,37,41,121,79,96,59,121,69,164,86,36,28,14,22,7,11
1400000US48453002108,48453002108,"Census Tract 21.08, Travis County, Texas",780,108,763,109,0,13,0,13,0,13,26,41,0,13,25,37,0,13,0,13,0,13,78,53,98,73,59,53,57,58,85,45,9,13,111,69,68,58,57,50,38,42,39,39,13,18,17,17
1400000US48453002109,48453002109,"Census Tract 21.09, Travis County, Texas",698,128,668,127,0,13,0,13,10,16,8,14,0,13,11,18,10,15,0,13,0,13,0,13,39,48,48,59,38,56,40,35,41,50,74,55,119,77,92,65,68,49,70,58,0,13,30,26
1400000US48453002110,48453002110,"Census Tract 21.10, Travis County, Texas",612,121,577,121,0,13,11,16,35,53,0,13,33,54,0,13,0,13,0,13,0,13,27,43,43,53,0,13,38,52,9,14,16,19,46,31,98,77,170,93,11,16,40,41,0,13,35,39
1400000US48453002111,48453002111,"Census Tract 21.11, Travis County, Texas",903,143,874,145,0,13,15,17,33,31,41,52,28,44,0,13,10,15,15,24,137,84,33,40,23,37,0,13,0,13,24,38,28,26,77,62,174,95,105,64,85,65,46,45,0,13,29,28
1400000US48453002112,48453002112,"Census Tract 21.12, Travis County, Texas",1045,116,1034,115,0,13,0,13,0,13,7,11,7,12,0,13,0,13,0,13,0,13,53,34,55,53,83,59,148,76,80,58,71,51,121,70,70,53,266,93,56,49,17,28,0,13,11,16
1400000US48453002113,48453002113,"Census Tract 21.13, Travis County, Texas",446,97,413,94,0,13,0,13,0,13,0,13,0,13,0,13,16,23,0,13,0,13,8,13,13,21,28,41,0,13,0,13,56,48,57,61,61,51,96,65,31,37,47,37,0,13,33,30
1400000US48453002201,48453002201,"Census Tract 22.01, Travis County, Texas",185,53,179,52,0,13,0,13,0,13,0,13,0,13,0,13,0,13,0,13,0,13,4,6,5,8,0,13,0,13,0,13,0,13,32,29,36,32,63,37,39,24,0,13,0,13,6,9
1400000US48453002202,48453002202,"Census Tract 22.02, Travis County, Texas",1458,223,1458,223,0,18,31,47,0,18,0,18,0,18,0,18,0,18,0,18,43,68,48,55,0,18,0,18,15,23,0,18,47,71,283,142,337,133,551,218,92,98,11,21,0,18,0,18
1400000US48453002207,48453002207,"Census Tract 22.07, Travis County, Texas",680,248,655,236,0,18,0,18,0,18,0,18,0,18,0,18,0,18,14,25,0,18,121,181,1,4,15,24,0,18,0,18,38,62,32,51,63,80,31,36,259,158,62,68,19,32,25,33
1400000US48453002208,48453002208,"Census Tract 22.08, Travis County, Texas",577,135,565,137,0,18,0,18,0,18,0,18,0,18,0,18,0,18,0,18,0,18,24,37,54,69,39,44,24,37,17,29,0,18,89,60,25,28,77,65,118,87,98,75,0,18,12,18
1400000US48453002209,48453002209,"Census Tract 22.09, Travis County, Texas",575,170,567,170,0,18,0,18,0,18,0,18,0,18,23,37,0,18,0,18,0,18,0,18,0,18,0,18,57,81,23,40,37,41,63,86,9,17,32,39,207,139,116,101,0,18,8,13
1400000US48453002210,48453002210,"Census Tract 22.10, Travis County, Texas",160,95,129,84,0,13,0,13,0,13,0,13,0,13,0,13,0,13,0,13,0,13,30,49,0,13,1,3,9,17,0,13,33,39,1,4,49,55,0,13,6,10,0,13,0,13,31,34
1400000US48453002211,48453002211,"Census Tract 22.11, Travis County, Texas",126,68,126,68,0,13,0,13,0,13,0,13,0,13,0,13,0,13,0,13,0,13,0,13,14,14,0,13,0,13,0,13,54,61,10,13,6,11,20,21,17,19,5,9,0,13,0,13
1400000US48453002212,48453002212,"Census Tract 22.12, Travis County, Texas",14,16,14,16,0,13,0,13,0,13,0,13,0,13,0,13,0,13,0,13,0,13,0,13,0,13,0,13,0,13,0,13,0,13,10,15,0,13,0,13,4,6,0,13,0,13,0,13
1400000US48453002304,48453002304,"Census Tract 23.04, Travis County, Texas",1335,137,1294,142,5,9,0,13,0,13,0,13,0,13,0,13,0,13,32,43,9,16,0,13,27,42,85,59,186,76,100,73,58,46,168,89,186,72,139,72,195,74,64,41,40,36,41,51
1400000US48453002307,48453002307,"Census Tract 23.07, Travis County, Texas",2177,163,2177,163,0,18,0,18,47,75,0,18,0,18,0,18,0,18,0,18,0,18,15,22,0,18,47,56,45,44,150,97,283,147,477,145,458,178,470,161,65,55,106,96,14,22,0,18
1400000US48453002308,48453002308,"Census Tract 23.08, Travis County, Texas",1920,189,1881,205,11,16,52,42,14,22,16,25,13,21,0,18,0,18,0,18,0,18,33,51,43,40,89,86,44,36,58,46,75,62,114,68,180,94,493,150,286,142,293,136,67,62,39,46
1400000US48453002310,48453002310,"Census Tract 23.10, Travis County, Texas",454,91,440,87,0,13,0,13,0,13,5,8,0,13,0,13,0,13,0,13,0,13,40,37,0,13,18,22,37,44,29,32,31,30,66,42,76,44,108,57,30,30,0,13,0,13,14,16
1400000US48453002312,48453002312,"Census Tract 23.12, Travis County, Texas",1175,180,1043,192,0,18,0,18,0,18,13,20,0,18,25,39,0,18,0,18,0,18,32,51,44,72,36,51,28,45,112,85,68,68,118,91,204,102,160,110,145,100,58,54,0,18,132,98
1400000US48453002313,48453002313,"Census Tract 23.13, Travis County, Texas",1884,122,1884,122,0,13,0,13,0,13,0,13,0,13,0,13,0,13,54,51,0,13,0,13,71,90,59,39,88,61,248,98,224,97,365,99,271,105,313,91,93,48,78,52,20,32,0,13
1400000US48453002314,48453002314,"Census Tract 23.14, Travis County, Texas",1931,182,1912,180,0,13,0,13,0,13,0,13,0,13,28,36,0,13,0,13,31,51,0,13,0,13,66,68,93,83,214,106,201,101,287,127,303,118,395,151,196,85,79,74,19,30,19,34
1400000US48453002315,48453002315,"Census Tract 23.15, Travis County, Texas",1127,102,1121,103,0,13,0,13,0,13,0,13,0,13,0,13,13,20,11,17,0,13,61,53,29,34,76,44,103,62,133,68,140,78,158,75,162,76,172,73,43,31,20,32,0,13,6,11
1400000US48453002316,48453002316,"Census Tract 23.16, Travis County, Texas",2205,129,2189,132,23,34,0,18,0,18,15,24,19,31,0,18,19,21,9,13,0,18,0,18,99,64,259,106,164,106,229,99,267,118,351,143,348,139,255,102,94,74,38,44,0,18,16,26
1400000US48453002317,48453002317,"Census Tract 23.17, Travis County, Texas",1579,148,1572,148,0,13,0,13,0,13,0,13,0,13,0,13,18,26,27,31,48,55,230,106,175,93,195,117,71,52,23,29,29,34,207,101,17,27,239,123,126,83,95,67,72,68,7,13
1400000US48453002318,48453002318,"Census Tract 23.18, Travis County, Texas",2572,228,2504,232,0,18,0,18,20,32,0,18,0,18,32,51,203,123,48,58,37,58,0,18,179,124,179,136,46,58,50,78,156,131,224,114,176,131,489,185,246,142,419,175,0,18,68,92
1400000US48453002319,48453002319,"Census Tract 23.19, Travis County, Texas",0,13,0,13,0,13,0,13,0,13,0,13,0,13,0,13,0,13,0,13,0,13,0,13,0,13,0,13,0,13,0,13,0,13,0,13,0,13,0,13,0,13,0,13,0,13,0,13
1400000US48453002402,48453002402,"Census Tract 24.02, Travis County, Texas",2278,237,2208,228,0,18,0,18,0,18,16,26,0,18,11,18,0,18,0,18,70,102,0,18,0,18,52,84,26,41,12,20,113,89,172,68,362,158,793,211,476,157,105,86,0,18,70,78
1400000US48453002403,48453002403,"Census Tract 24.03, Travis County, Texas",417,119,417,119,0,13,0,13,0,13,0,13,0,13,0,13,0,13,0,13,0,13,0,13,8,14,56,63,8,13,8,12,18,21,17,14,0,13,89,47,106,69,93,59,14,18,0,13
1400000US48453002407,48453002407,"Census Tract 24.07, Travis County, Texas",670,127,657,125,0,18,0,18,0,18,0,18,31,48,0,18,0,18,14,23,0,18,0,18,0,18,7,14,0,18,0,18,0,18,4,5,131,80,205,110,158,84,107,83,0,18,13,16
1400000US48453002409,48453002409,"Census Tract 24.09, Travis County, Texas",557,113,557,113,0,13,0,13,0,13,0,13,0,13,0,13,0,13,8,12,0,13,0,13,0,13,0,13,8,14,8,13,0,13,16,18,38,51,160,73,129,78,190,86,0,13,0,13
1400000US48453002410,48453002410,"Census Tract 24.10, Travis County, Texas",1165,120,1140,119,0,13,0,13,0,13,0,13,11,19,0,13,17,25,7,11,12,17,0,13,51,58,26,32,57,37,26,26,113,66,172,71,93,60,378,102,104,61,73,57,0,13,25,28
1400000US48453002411,48453002411,"Census Tract 24.11, Travis County, Texas",1004,120,998,119,0,18,0,18,0,18,0,18,0,18,0,18,11,16,0,18,0,18,10,16,14,23,0,18,14,20,41,40,58,55,261,113,101,81,324,115,110,67,54,40,0,18,6,10
1400000US48453002412,48453002412,"Census Tract 24.12, Travis County, Texas",478,104,478,104,0,18,0,18,0,18,0,18,0,18,0,18,0,18,0,18,0,18,5,9,37,37,0,18,6,9,0,18,14,23,21,25,60,42,166,65,169,76,0,18,0,18,0,18
1400000US48453002413,48453002413,"Census Tract 24.13, Travis County, Texas",888,121,888,121,0,18,0,18,0,18,0,18,11,18,0,18,7,10,0,18,0,18,0,18,43,49,30,43,0,18,0,18,0,18,137,85,259,110,341,127,31,38,29,35,0,18,0,18
1400000US48453002419,48453002419,"Census Tract 24.19, Travis County, Texas",1809,118,1781,118,0,13,0,13,23,32,0,13,0,13,0,13,0,13,0,13,0,13,11,17,34,32,45,49,93,66,107,49,254,87,461,128,278,97,427,122,48,33,0,13,0,13,28,32
1400000US48453002421,48453002421,"Census Tract 24.21, Travis County, Texas",2371,187,2371,187,0,18,0,18,14,23,0,18,20,35,0,18,0,18,0,18,0,18,51,79,0,18,0,18,0,18,27,35,76,67,175,119,290,117,803,177,629,203,286,142,0,18,0,18
1400000US48453002422,48453002422,"Census Tract 24.22, Travis County, Texas",1357,165,1357,165,0,18,0,18,0,18,0,18,0,18,0,18,0,18,43,65,43,72,24,28,60,74,41,71,169,121,164,116,27,33,90,75,303,163,312,165,67,68,14,24,0,18,0,18
1400000US48453002423,48453002423,"Census Tract 24.23, Travis County, Texas",918,173,918,173,0,18,0,18,0,18,0,18,0,18,0,18,0,18,0,18,0,18,0,18,0,18,16,27,0,18,0,18,0,18,59,73,119,88,396,148,113,89,215,123,0,18,0,18
1400000US48453002424,48453002424,"Census Tract 24.24, Travis County, Texas",659,103,628,105,17,26,0,13,0,13,10,17,9,14,0,13,27,23,0,13,0,13,21,28,0,13,20,20,58,54,35,38,45,40,38,26,21,28,163,66,106,63,58,50,0,13,31,30
1400000US48453002425,48453002425,"Census Tract 24.25, Travis County, Texas",441,109,415,108,0,13,0,13,0,13,0,13,0,13,0,13,0,13,0,13,20,34,0,13,0,13,0,13,0,13,0,13,0,13,22,28,104,61,103,52,10,15,139,108,17,21,26,40
1400000US48453002426,48453002426,"Census Tract 24.26, Travis County, Texas",640,207,622,207,0,18,0,18,0,18,0,18,0,18,0,18,0,18,0,18,0,18,0,18,0,18,0,18,0,18,106,111,0,18,47,76,32,54,76,66,151,112,187,122,23,39,18,29
1400000US48453002427,48453002427,"Census Tract 24.27, Travis County, Texas",977,228,964,225,0,18,0,18,0,18,0,18,0,18,0,18,0,18,0,18,0,18,0,18,67,99,12,22,15,24,54,64,45,73,189,90,121,105,358,135,64,81,39,41,0,18,13,23
1400000US48453002428,48453002428,"Census Tract 24.28, Travis County, Texas",1158,211,1158,211,0,18,0,18,0,18,0,18,0,18,0,18,0,18,0,18,0,18,5,17,0,18,0,18,0,18,13,22,0,18,139,124,263,145,338,152,224,139,162,113,14,22,0,18
1400000US48453002429,48453002429,"Census Tract 24.29, Travis County, Texas",345,64,345,64,0,13,0,13,0,13,0,13,0,13,0,13,0,13,0,13,0,13,0,13,0,13,10,15,7,10,0,13,25,40,43,43,45,36,125,49,66,38,12,19,12,16,0,13
1400000US48453002430,48453002430,"Census Tract 24.30, Travis County, Texas",239,99,239,99,0,13,0,13,0,13,0,13,0,13,0,13,0,13,0,13,21,29,0,13,0,13,0,13,18,27,12,21,0,13,0,13,56,78,104,68,11,17,17,26,0,13,0,13
1400000US48453002431,48453002431,"Census Tract 24.31, Travis County, Texas",538,146,501,144,0,18,0,18,0,18,0,18,0,18,36,59,0,18,23,38,0,18,0,18,0,18,0,18,0,18,0,18,10,20,28,43,63,66,195,103,87,87,59,57,0,18,37,37
1400000US48453002432,48453002432,"Census Tract 24.32, Travis County, Texas",227,76,186,67,0,13,0,13,0,13,18,27,2,3,0,13,5,8,0,13,0,13,1,3,6,10,29,43,30,43,19,29,3,5,6,9,24,28,7,10,33,49,0,13,3,6,41,40
1400000US48453002433,48453002433,"Census Tract 24.33, Travis County, Texas",254,115,250,116,0,18,0,18,0,18,0,18,30,42,0,18,0,18,19,28,0,18,0,18,0,18,34,56,0,18,8,13,0,18,9,15,0,18,22,35,30,49,98,69,0,18,4,8
1400000US48453002434,48453002434,"Census Tract 24.34, Travis County, Texas",212,52,208,52,0,13,0,13,0,13,0,13,0,13,0,13,0,13,0,13,0,13,0,13,0,13,0,13,0,13,0,13,6,9,45,32,52,38,29,25,76,41,0,13,0,13,4,6
1400000US48453002435,48453002435,"Census Tract 24.35, Travis County, Texas",555,224,454,186,0,18,0,18,0,18,0,18,0,18,0,18,0,18,0,18,0,18,0,18,0,18,0,18,46,56,0,18,0,18,64,71,23,38,41,41,108,108,172,128,0,18,101,97
1400000US48453002436,48453002436,"Census Tract 24.36, Travis County, Texas",184,78,154,75,0,13,0,13,0,13,0,13,5,9,0,13,0,13,39,38,0,13,0,13,0,13,0,13,0,13,0,13,0,13,39,29,49,45,3,7,19,25,0,13,0,13,30,26
1400000US48453002500,48453002500,"Census Tract 25, Travis County, Texas",1768,204,1755,200,0,18,0,18,0,18,17,25,0,18,0,18,0,18,0,18,0,18,0,18,20,32,17,27,6,11,16,18,15,18,176,66,291,103,595,180,196,94,208,141,198,100,13,20
1400000US48453980000,48453980000,"Census Tract 9800, Travis County, Texas",0,13,0,13,0,13,0,13,0,13,0,13,0,13,0,13,0,13,0,13,0,13,0,13,0,13,0,13,0,13,0,13,0,13,0,13,0,13,0,13,0,13,0,13,0,13,0,13
1400000US48491020105,48491020105,"Census Tract 201.05, Williamson County, Texas",186,105,186,105,0,13,0,13,0,13,0,13,0,13,0,13,0,13,0,13,0,13,0,13,0,13,0,13,0,13,0,13,0,13,10,15,0,13,96,85,13,20,33,32,34,49,0,13
1400000US48491020106,48491020106,"Census Tract 201.06, Williamson County, Texas",113,104,113,104,0,13,0,13,0,13,0,13,0,13,0,13,0,13,0,13,0,13,0,13,0,13,0,13,0,13,0,13,0,13,0,13,0,13,0,13,0,13,113,104,0,13,0,13
1400000US48491020107,48491020107,"Census Tract 201.07, Williamson County, Texas",233,118,215,115,0,13,0,13,0,13,0,13,0,13,18,28,0,13,0,13,0,13,0,13,0,13,0,13,0,13,0,13,0,13,20,33,0,13,16,25,46,71,115,78,0,13,18,28
1400000US48491020108,48491020108,"Census Tract 201.08, Williamson County, Texas",267,81,267,81,0,13,0,13,0,13,0,13,0,13,0,13,0,13,0,13,0,13,0,13,0,13,0,13,0,13,0,13,0,13,25,39,0,13,47,55,58,63,24,22,113,57,0,13
1400000US48491020109,48491020109,"Census Tract 201.09, Williamson County, Texas",62,57,62,57,0,13,0,13,0,13,0,13,0,13,0,13,0,13,0,13,0,13,0,13,0,13,0,13,0,13,0,13,0,13,0,13,0,13,0,13,32,47,30,34,0,13,0,13
1400000US48491020110,48491020110,"Census Tract 201.10, Williamson County, Texas",189,107,181,101,0,13,0,13,9,15,0,13,18,29,0,13,0,13,0,13,58,89,0,13,21,26,0,13,12,18,0,13,17,24,0,13,11,17,22,25,0,13,0,13,13,20,8,14
1400000US48491020111,48491020111,"Census Tract 201.11, Williamson County, Texas",303,90,292,90,0,13,0,13,0,13,0,13,0,13,0,13,0,13,0,13,0,13,0,13,0,13,0,13,0,13,0,13,43,31,51,56,57,49,48,41,44,44,49,37,0,13,11,17
1400000US48491020112,48491020112,"Census Tract 201.12, Williamson County, Texas",70,74,24,28,0,13,0,13,0,13,0,13,0,13,0,13,0,13,0,13,0,13,0,13,0,13,0,13,0,13,0,13,0,13,0,13,0,13,24,28,0,13,0,13,0,13,46,69
1400000US48491020113,48491020113,"Census Tract 201.13, Williamson County, Texas",466,112,466,112,0,13,0,13,0,13,18,21,0,13,0,13,0,13,0,13,0,13,20,23,9,15,29,28,22,27,12,13,53,48,70,63,87,51,49,31,19,24,78,60,0,13,0,13
1400000US48491020114,48491020114,"Census Tract 201.14, Williamson County, Texas",1082,163,1074,165,0,18,0,18,0,18,7,11,33,26,0,18,0,18,0,18,0,18,0,18,8,13,0,18,13,22,44,30,162,81,148,65,202,127,365,151,75,54,17,22,0,18,8,11
1400000US48491020115,48491020115,"Census Tract 201.15, Williamson County, Texas",93,60,93,60,0,13,0,13,0,13,0,13,0,13,0,13,0,13,0,13,0,13,0,13,0,13,0,13,0,13,0,13,0,13,0,13,0,13,15,26,0,13,70,52,8,16,0,13
1400000US48491020201,48491020201,"Census Tract 202.01, Williamson County, Texas",222,82,203,80,0,13,0,13,0,13,9,15,0,13,0,13,0,13,0,13,6,10,0,13,11,15,17,18,39,26,58,65,0,13,21,27,5,6,25,20,12,11,0,13,0,13,19,24
1400000US48491020202,48491020202,"Census Tract 202.02, Williamson County, Texas",171,78,122,75,0,18,0,18,0,18,0,18,0,18,0,18,6,9,0,18,0,18,0,18,0,18,7,13,0,18,0,18,34,44,30,49,29,34,0,18,8,12,8,14,0,18,49,38
1400000US48491020203,48491020203,"Census Tract 202.03, Williamson County, Texas",101,86,90,84,0,13,0,13,0,13,0,13,0,13,0,13,0,13,0,13,0,13,0,13,0,13,0,13,0,13,0,13,0,13,0,13,11,18,13,20,0,13,66,80,0,13,11,17
1400000US48491020204,48491020204,"Census Tract 202.04, Williamson County, Texas",198,123,167,118,0,13,0,13,0,13,0,13,0,13,0,13,0,13,0,13,14,23,0,13,26,41,0,13,0,13,0,13,0,13,13,15,70,109,25,32,11,13,8,13,0,13,31,33
1400000US48491020301,48491020301,"Census Tract 203.01, Williamson County, Texas",349,115,292,115,0,18,5,9,0,18,0,18,0,18,0,18,5,9,0,18,0,18,0,18,0,18,0,18,2,5,0,18,13,21,15,14,61,46,55,41,41,36,95,79,0,18,57,40
1400000US48491020302,48491020302,"Census Tract 203.02, Williamson County, Texas",156,57,136,56,0,13,0,13,0,13,0,13,0,13,0,13,0,13,0,13,0,13,0,13,0,13,0,13,0,13,13,20,0,13,18,22,7,12,32,25,42,39,24,28,0,13,20,23
1400000US48491020310,48491020310,"Census Tract 203.10, Williamson County, Texas",167,58,167,58,0,13,0,13,0,13,0,13,0,13,0,13,0,13,0,13,0,13,0,13,0,13,0,13,0,13,0,13,13,20,21,29,25,22,21,23,0,13,70,59,17,23,0,13
1400000US48491020311,48491020311,"Census Tract 203.11, Williamson County, Texas",770,123,770,123,0,13,0,13,0,13,0,13,0,13,0,13,0,13,0,13,0,13,16,25,10,16,0,13,0,13,0,13,26,41,35,32,232,129,243,116,83,60,109,80,16,20,0,13
1400000US48491020312,48491020312,"Census Tract 203.12, Williamson County, Texas",773,251,751,252,0,18,0,18,0,18,0,18,0,18,0,18,0,18,0,18,0,18,0,18,0,18,0,18,28,52,0,18,0,18,178,147,129,161,31,36,219,166,166,115,0,18,22,34
1400000US48491020313,48491020313,"Census Tract 203.13, Williamson County, Texas",1041,244,1014,248,0,18,0,18,0,18,0,18,0,18,0,18,0,18,0,18,0,18,0,18,0,18,0,18,8,15,21,33,163,96,121,88,127,88,134,85,102,123,214,136,124,93,27,43
1400000US48491020314,48491020314,"Census Tract 203.14, Williamson County, Texas",401,160,401,160,0,18,0,18,0,18,0,18,0,18,0,18,0,18,0,18,0,18,0,18,0,18,0,18,0,18,0,18,53,81,0,18,0,18,77,89,181,131,90,66,0,18,0,18
1400000US48491020315,48491020315,"Census Tract 203.15, Williamson County, Texas",669,146,669,146,0,13,0,13,0,13,0,13,0,13,0,13,0,13,0,13,0,13,0,13,0,13,0,13,0,13,5,10,37,45,126,119,91,67,225,133,89,70,0,13,96,73,0,13
1400000US48491020316,48491020316,"Census Tract 203.16, Williamson County, Texas",782,134,782,134,0,13,0,13,0,13,0,13,0,13,0,13,0,13,0,13,0,13,0,13,0,13,0,13,0,13,0,13,34,31,37,40,159,93,246,126,233,124,48,43,25,33,0,13
1400000US48491020317,48491020317,"Census Tract 203.17, Williamson County, Texas",625,164,618,165,0,13,0,13,0,13,0,13,0,13,0,13,0,13,0,13,0,13,0,13,0,13,0,13,0,13,17,20,15,18,174,114,107,70,169,79,78,65,41,35,17,21,7,13
1400000US48491020318,48491020318,"Census Tract 203.18, Williamson County, Texas",1006,178,913,170,0,18,0,18,0,18,0,18,0,18,0,18,0,18,0,18,0,18,0,18,0,18,0,18,76,91,0,18,90,82,213,145,129,93,111,72,118,69,152,83,24,42,93,102
1400000US48491020319,48491020319,"Census Tract 203.19, Williamson County, Texas",509,207,509,207,0,18,0,18,0,18,0,18,0,18,0,18,0,18,0,18,0,18,0,18,0,18,0,18,0,18,0,18,0,18,0,18,0,18,0,18,190,171,304,141,15,24,0,18
1400000US48491020320,48491020320,"Census Tract 203.20, Williamson County, Texas",517,234,517,234,0,18,0,18,0,18,0,18,0,18,0,18,0,18,0,18,0,18,0,18,0,18,0,18,0,18,0,18,0,18,0,18,0,18,61,63,247,216,209,117,0,18,0,18
1400000US48491020321,48491020321,"Census Tract 203.21, Williamson County, Texas",74,37,62,35,0,13,0,13,5,9,10,16,20,31,0,13,6,10,0,13,0,13,0,13,6,10,0,13,0,13,0,13,0,13,0,13,7,11,4,8,4,7,0,13,0,13,12,15
1400000US48491020322,48491020322,"Census Tract 203.22, Williamson County, Texas",935,147,838,157,0,18,0,18,0,18,0,18,0,18,0,18,0,18,0,18,0,18,0,18,52,82,38,60,12,19,19,25,85,65,127,101,86,63,265,124,90,86,54,68,10,31,97,88
1400000US48491020323,48491020323,"Census Tract 203.23, Williamson County, Texas",326,102,326,102,0,13,0,13,0,13,0,13,0,13,0,13,0,13,0,13,0,13,0,13,0,13,0,13,0,13,0,13,6,10,31,34,26,27,108,73,46,25,109,58,0,13,0,13
1400000US48491020324,48491020324,"Census Tract 203.24, Williamson County, Texas",218,93,218,93,0,18,0,18,0,18,0,18,0,18,0,18,0,18,0,18,0,18,0,18,0,18,0,18,0,18,0,18,0,18,18,29,0,18,11,19,56,50,118,74,15,17,0,18
1400000US48491020325,48491020325,"Census Tract 203.25, Williamson County, Texas",290,87,290,87,0,13,0,13,0,13,0,13,0,13,0,13,0,13,0,13,0,13,17,27,0,13,0,13,9,15,0,13,0,13,28,33,30,27,145,119,19,20,42,38,0,13,0,13
1400000US48491020326,48491020326,"Census Tract 203.26, Williamson County, Texas",123,64,107,59,0,18,0,18,0,18,0,18,0,18,0,18,0,18,0,18,0,18,0,18,0,18,0,18,0,18,0,18,0,18,0,18,13,22,0,18,0,18,40,33,54,42,16,19
1400000US48491020327,48491020327,"Census Tract 203.27, Williamson County, Texas",61,39,55,40,0,13,0,13,0,13,0,13,0,13,0,13,0,13,0,13,0,13,0,13,0,13,0,13,0,13,0,13,15,24,12,21,0,13,5,9,0,13,23,25,0,13,6,14
1400000US48491020328,48491020328,"Census Tract 203.28, Williamson County, Texas",703,197,695,197,0,18,0,18,0,18,0,18,12,20,0,18,0,18,0,18,7,13,0,18,0,18,0,18,34,39,65,32,0,18,42,40,31,37,74,68,148,113,263,156,19,31,8,14
1400000US48491020403,48491020403,"Census Tract 204.03, Williamson County, Texas",325,75,325,75,0,13,0,13,0,13,0,13,0,13,0,13,0,13,0,13,0,13,0,13,0,13,0,13,5,8,0,13,14,21,73,43,47,43,143,62,22,28,12,13,9,14,0,13
1400000US48491020404,48491020404,"Census Tract 204.04, Williamson County, Texas",232,88,217,86,0,13,0,13,0,13,0,13,0,13,0,13,0,13,0,13,0,13,0,13,0,13,0,13,0,13,0,13,0,13,0,13,18,17,61,51,83,79,55,35,0,13,15,23
1400000US48491020405,48491020405,"Census Tract 204.05, Williamson County, Texas",1512,202,1512,202,0,18,0,18,0,18,0,18,0,18,0,18,0,18,0,18,12,19,0,18,13,21,13,20,27,31,173,108,118,105,137,97,368,140,283,111,155,100,213,103,0,18,0,18
1400000US48491020406,48491020406,"Census Tract 204.06, Williamson County, Texas",2764,269,2757,269,0,18,0,18,0,18,0,18,0,18,0,18,0,18,0,18,0,18,0,18,32,36,33,39,226,114,76,50,95,81,436,151,498,184,895,234,356,145,110,75,0,18,7,12
1400000US48491020408,48491020408,"Census Tract 204.08, Williamson County, Texas",1087,167,1087,167,0,13,0,13,0,13,15,24,12,18,0,13,0,13,0,13,0,13,16,27,6,11,31,35,36,60,44,38,15,24,207,139,123,97,317,148,262,127,3,17,0,13,0,13
1400000US48491020409,48491020409,"Census Tract 204.09, Williamson County, Texas",1284,191,1284,191,0,13,0,13,0,13,0,13,0,13,0,13,0,13,0,13,0,13,0,13,0,13,0,13,0,13,0,13,39,67,146,108,181,127,504,173,254,112,99,67,61,56,0,13
1400000US48491020410,48491020410,"Census Tract 204.10, Williamson County, Texas",1562,196,1523,187,0,18,0,18,0,18,0,18,0,18,0,18,0,18,0,18,0,18,84,90,14,23,16,26,14,26,135,127,198,168,264,148,191,123,83,87,259,103,251,150,14,23,39,41
1400000US48491020411,48491020411,"Census Tract 204.11, Williamson County, Texas",440,111,440,111,0,18,0,18,0,18,0,18,0,18,0,18,0,18,0,18,0,18,0,18,0,18,0,18,0,18,13,22,9,14,50,49,29,33,129,91,53,58,106,79,51,53,0,18
1400000US48491020503,48491020503,"Census Tract 205.03, Williamson County, Texas",197,82,189,80,0,13,0,13,0,13,0,13,9,14,34,54,0,13,0,13,0,13,0,13,9,13,11,17,10,17,0,13,12,22,17,14,39,53,9,15,0,13,9,14,30,22,8,12
1400000US48491020504,48491020504,"Census Tract 205.04, Williamson County, Texas",2761,245,2719,254,46,71,0,18,0,18,0,18,0,18,0,18,35,53,0,18,0,18,59,65,12,18,12,21,39,37,54,56,168,128,618,179,497,172,647,213,482,190,50,46,0,18,42,68
1400000US48491020505,48491020505,"Census Tract 205.05, Williamson County, Texas",43,42,43,42,0,13,0,13,0,13,0,13,0,13,0,13,0,13,0,13,0,13,0,13,0,13,0,13,0,13,0,13,0,13,0,13,0,13,0,13,0,13,37,41,6,10,0,13
1400000US48491020506,48491020506,"Census Tract 205.06, Williamson County, Texas",612,153,607,152,0,18,0,18,0,18,0,18,0,18,0,18,0,18,0,18,0,18,13,21,0,18,0,18,0,18,0,18,18,32,20,32,48,56,133,112,138,85,203,104,34,29,5,11
1400000US48491020507,48491020507,"Census Tract 205.07, Williamson County, Texas",359,102,359,102,0,13,0,13,0,13,0,13,0,13,0,13,0,13,0,13,0,13,0,13,0,13,0,13,0,13,0,13,0,13,0,13,29,34,111,82,31,36,169,79,19,30,0,13
1400000US48491020508,48491020508,"Census Tract 205.08, Williamson County, Texas",1519,183,1519,183,0,13,0,13,0,13,0,13,0,13,0,13,0,13,0,13,0,13,0,13,0,13,0,13,13,25,13,22,52,68,361,168,279,129,507,205,145,102,120,79,29,34,0,13
1400000US48491020509,48491020509,"Census Tract 205.09, Williamson County, Texas",201,128,201,128,0,18,0,18,0,18,0,18,0,18,0,18,0,18,0,18,0,18,0,18,67,60,0,18,0,18,0,18,0,18,0,18,0,18,29,33,8,15,0,18,97,93,0,18
1400000US48491020510,48491020510,"Census Tract 205.10, Williamson County, Texas",673,196,673,196,0,20,0,20,0,20,0,20,0,20,0,20,0,20,0,20,0,20,0,20,0,20,0,20,0,20,0,20,15,23,42,48,186,122,152,117,120,89,87,95,71,56,0,20
1400000US48491020602,48491020602,"Census Tract 206.02, Williamson County, Texas",459,110,459,110,0,13,23,35,0,13,0,13,0,13,0,13,0,13,0,13,6,12,0,13,25,39,0,13,27,36,23,38,0,13,50,39,95,64,104,69,66,50,28,27,12,20,0,13
1400000US48491020603,48491020603,"Census Tract 206.03, Williamson County, Texas",170,112,158,112,0,18,0,18,0,18,0,18,0,18,0,18,0,18,0,18,0,18,0,18,0,18,0,18,0,18,0,18,0,18,0,18,0,18,0,18,0,18,76,97,82,102,12,20
1400000US48491020604,48491020604,"Census Tract 206.04, Williamson County, Texas",527,137,527,137,0,18,0,18,0,18,0,18,0,18,0,18,0,18,62,83,0,18,0,18,0,18,22,25,28,42,38,58,25,39,76,56,50,44,174,85,38,50,14,24,0,18,0,18
1400000US48491020605,48491020605,"Census Tract 206.05, Williamson County, Texas",319,144,319,144,0,18,0,18,0,18,0,18,0,18,0,18,0,18,0,18,0,18,0,18,0,18,0,18,0,18,0,18,0,18,12,20,0,18,0,18,23,37,241,120,43,45,0,18
1400000US48491020701,48491020701,"Census Tract 207.01, Williamson County, Texas",550,74,495,79,0,13,0,13,15,19,4,7,0,13,0,13,0,13,0,13,0,13,26,32,12,14,12,13,83,54,73,43,49,40,72,42,67,54,74,53,8,10,0,13,0,13,55,47
1400000US48491020703,48491020703,"Census Tract 207.03, Williamson County, Texas",1787,224,1715,220,0,20,0,20,0,20,0,20,0,20,0,20,16,26,0,20,0,20,0,20,0,20,12,19,13,21,0,20,47,60,141,63,118,84,662,168,291,119,345,141,70,74,72,58
1400000US48491020704,48491020704,"Census Tract 207.04, Williamson County, Texas",964,187,964,187,0,18,9,14,0,18,30,33,22,30,15,24,0,18,0,18,30,45,0,18,0,18,13,21,24,32,105,82,78,66,203,123,200,136,164,105,29,34,42,41,0,18,0,18
1400000US48491020706,48491020706,"Census Tract 207.06, Williamson County, Texas",21,34,21,34,0,13,0,13,0,13,0,13,0,13,0,13,0,13,0,13,0,13,0,13,0,13,0,13,0,13,0,13,0,13,0,13,0,13,0,13,0,13,0,13,21,34,0,13
1400000US48491020707,48491020707,"Census Tract 207.07, Williamson County, Texas",694,124,694,124,0,13,0,13,0,13,0,13,0,13,0,13,0,13,0,13,0,13,5,9,0,13,0,13,77,89,0,13,60,45,60,45,93,77,214,112,98,78,87,61,0,13,0,13
1400000US48491020708,48491020708,"Census Tract 207.08, Williamson County, Texas",381,142,381,142,0,18,0,18,0,18,0,18,0,18,0,18,0,18,0,18,0,18,0,18,0,18,0,18,0,18,0,18,0,18,0,18,15,23,0,18,118,109,214,98,34,38,0,18
1400000US48491020803,48491020803,"Census Tract 208.03, Williamson County, Texas",328,109,322,109,0,13,0,13,0,13,0,13,36,59,0,13,0,13,0,13,0,13,0,13,0,13,0,13,0,13,0,13,0,13,16,28,0,13,57,61,47,30,166,95,0,13,6,11
1400000US48491020804,48491020804,"Census Tract 208.04, Williamson County, Texas",939,216,939,216,0,18,0,18,0,18,0,18,0,18,0,18,0,18,0,18,0,18,0,18,0,18,0,18,0,18,0,18,16,25,14,22,172,128,229,136,127,100,104,83,277,167,0,18
1400000US48491020805,48491020805,"Census Tract 208.05, Williamson County, Texas",290,113,290,113,0,18,0,18,0,18,0,18,0,18,0,18,0,18,52,91,0,18,0,18,0,18,0,18,0,18,0,18,37,42,52,72,42,67,15,26,23,37,69,100,0,18,0,18
1400000US48491020806,48491020806,"Census Tract 208.06, Williamson County, Texas",109,65,109,65,0,13,0,13,0,13,0,13,0,13,0,13,0,13,0,13,0,13,0,13,0,13,3,4,0,13,0,13,19,34,0,13,8,14,0,13,37,29,32,38,10,16,0,13
1400000US48491020807,48491020807,"Census Tract 208.07, Williamson County, Texas",268,111,263,112,0,18,0,18,0,18,0,18,0,18,0,18,16,27,0,18,0,18,0,18,0,18,0,18,33,56,0,18,0,18,10,17,0,18,9,20,102,73,78,64,15,25,5,13
1400000US48491020808,48491020808,"Census Tract 208.08, Williamson County, Texas",152,87,141,85,0,13,0,13,10,16,0,13,21,22,0,13,8,13,0,13,0,13,0,13,12,19,36,51,0,13,0,13,0,13,16,26,9,15,0,13,29,45,0,13,0,13,11,18
1400000US48491020809,48491020809,"Census Tract 208.09, Williamson County, Texas",227,102,227,102,0,18,0,18,0,18,0,18,0,18,0,18,0,18,0,18,0,18,0,18,0,18,0,18,0,18,0,18,0,18,53,60,9,15,17,21,35,30,113,106,0,18,0,18
1400000US48491020900,48491020900,"Census Tract 209, Williamson County, Texas",305,96,252,97,0,13,0,13,0,13,0,13,0,13,0,13,3,4,0,13,6,12,6,9,10,11,13,15,11,10,46,60,29,23,25,25,21,17,28,31,54,36,0,13,0,13,53,30
1400000US48491021000,48491021000,"Census Tract 210, Williamson County, Texas",349,78,324,76,0,13,0,13,13,20,10,15,10,12,0,13,25,20,0,13,0,13,33,35,11,18,0,13,17,22,103,60,0,13,9,13,57,43,29,27,0,13,7,10,0,13,25,25
1400000US48491021100,48491021100,"Census Tract 211, Williamson County, Texas",512,84,422,106,0,13,0,13,0,13,0,13,0,13,0,13,8,10,0,13,3,5,0,13,27,31,25,26,17,20,5,7,82,68,73,54,76,56,102,66,4,8,0,13,0,13,90,75
1400000US48491021201,48491021201,"Census Tract 212.01, Williamson County, Texas",163,61,125,53,0,13,0,13,0,13,0,13,0,13,0,13,0,13,0,13,10,16,0,13,0,13,14,22,0,13,9,16,0,13,17,25,34,43,19,19,13,20,9,15,0,13,38,34
1400000US48491021202,48491021202,"Census Tract 212.02, Williamson County, Texas",357,101,357,101,0,13,0,13,0,13,0,13,0,13,0,13,28,27,22,37,12,18,14,20,28,32,0,13,0,13,48,46,31,47,11,16,14,17,96,51,53,60,0,13,0,13,0,13
1400000US48491021203,48491021203,"Census Tract 212.03, Williamson County, Texas",621,92,617,92,0,13,0,13,0,13,0,13,0,13,0,13,0,13,4,7,0,13,11,17,0,13,118,78,67,62,59,49,27,42,77,67,93,69,73,49,67,50,12,20,9,14,4,7
1400000US48491021300,48491021300,"Census Tract 213, Williamson County, Texas",247,69,201,67,0,13,0,13,7,11,15,15,17,16,10,11,9,14,26,24,3,5,5,6,29,44,5,10,15,17,0,13,8,13,15,17,6,10,14,16,17,24,0,13,0,13,46,23
1400000US48491021401,48491021401,"Census Tract 214.01, Williamson County, Texas",749,177,680,174,0,20,0,20,0,20,0,20,0,20,0,20,0,20,0,20,0,20,0,20,11,20,11,19,0,20,33,53,33,47,100,82,43,68,138,85,93,79,195,113,23,37,69,52
1400000US48491021402,48491021402,"Census Tract 214.02, Williamson County, Texas",1114,145,1104,145,32,37,0,13,7,12,57,45,20,23,16,18,0,13,8,12,0,13,9,14,72,54,63,58,26,24,71,49,74,55,180,83,86,87,215,86,141,81,27,31,0,13,10,16
1400000US48491021403,48491021403,"Census Tract 214.03, Williamson County, Texas",549,116,539,117,0,13,0,13,0,13,0,13,0,13,0,13,30,45,0,13,0,13,0,13,19,29,61,75,0,13,44,57,31,38,113,79,95,70,40,40,7,14,88,74,11,18,10,16
1400000US48491021502,48491021502,"Census Tract 215.02, Williamson County, Texas",887,152,872,146,0,18,0,18,0,18,0,18,0,18,0,18,6,9,0,18,0,18,0,18,0,18,0,18,0,18,32,48,36,52,110,61,195,107,321,107,172,103,0,18,0,18,15,21
1400000US48491021503,48491021503,"Census Tract 215.03, Williamson County, Texas",1093,122,1083,120,0,13,0,13,0,13,0,13,0,13,0,13,0,13,10,15,0,13,15,22,0,13,39,39,92,63,120,84,89,53,219,92,76,46,364,132,20,24,39,63,0,13,10,15
1400000US48491021504,48491021504,"Census Tract 215.04, Williamson County, Texas",688,169,688,169,0,18,0,18,0,18,0,18,0,18,0,18,0,18,0,18,0,18,0,18,0,18,0,18,0,18,0,18,12,21,60,76,121,91,184,118,76,58,66,64,169,124,0,18
1400000US48491021505,48491021505,"Census Tract 215.05, Williamson County, Texas",1187,233,1161,235,0,18,0,18,0,18,0,18,0,18,0,18,0,18,0,18,0,18,0,18,0,18,0,18,41,51,142,118,228,218,119,114,158,133,230,124,174,107,69,57,0,18,26,35
1400000US48491021506,48491021506,"Census Tract 215.06, Williamson County, Texas",163,63,163,63,0,13,0,13,0,13,0,13,0,13,0,13,0,13,0,13,0,13,0,13,0,13,0,13,0,13,0,13,0,13,0,13,0,13,14,16,36,21,70,46,43,42,0,13
1400000US48491021507,48491021507,"Census Tract 215.07, Williamson County, Texas",1933,274,1888,271,0,18,0,18,0,18,43,71,0,18,0,18,0,18,0,18,0,18,9,16,0,18,0,18,122,114,74,62,65,54,329,204,358,168,281,125,334,175,197,94,76,84,45,53
1400000US48491021508,48491021508,"Census Tract 215.08, Williamson County, Texas",997,224,997,224,0,18,0,18,22,36,0,18,0,18,0,18,0,18,0,18,0,18,0,18,0,18,0,18,0,18,15,23,42,53,150,116,204,107,323,141,122,116,119,102,0,18,0,18
1400000US48491021601,48491021601,"Census Tract 216.01, Williamson County, Texas",244,90,233,89,0,13,0,13,0,13,0,13,0,13,0,13,0,13,0,13,0,13,3,5,45,57,23,32,2,3,36,30,0,13,32,35,0,13,92,63,0,13,0,13,0,13,11,16
1400000US48491021602,48491021602,"Census Tract 216.02, Williamson County, Texas",214,70,209,70,0,13,0,13,0,13,0,13,0,13,0,13,9,13,0,13,29,35,4,7,0,13,3,5,0,13,49,48,0,13,28,29,48,36,26,19,13,20,0,13,0,13,5,8
1400000US48491021603,48491021603,"Census Tract 216.03, Williamson County, Texas",102,42,69,36,0,13,0,13,0,13,0,13,0,13,0,13,0,13,0,13,0,13,0,13,0,13,0,13,14,23,5,7,0,13,11,14,3,4,30,21,6,8,0,13,0,13,33,25
