GEO.id,GEO.id2,GEO.display-label,HD01_VD01,HD02_VD01,HD01_VD02,HD02_VD02,HD01_VD03,HD02_VD03,HD01_VD04,HD02_VD04,HD01_VD05,HD02_VD05,HD01_VD06,HD02_VD06,HD01_VD07,HD02_VD07,HD01_VD08,HD02_VD08,HD01_VD09,HD02_VD09,HD01_VD10,HD02_VD10,HD01_VD11,HD02_VD11,HD01_VD12,HD02_VD12,HD01_VD13,HD02_VD13,HD01_VD14,HD02_VD14,HD01_VD15,HD02_VD15,HD01_VD16,HD02_VD16,HD01_VD17,HD02_VD17,HD01_VD18,HD02_VD18,HD01_VD19,HD02_VD19,HD01_VD20,HD02_VD20,HD01_VD21,HD02_VD21,HD01_VD22,HD02_VD22,HD01_VD23,HD02_VD23,HD01_VD24,HD02_VD24,HD01_VD25,HD02_VD25,HD01_VD26,HD02_VD26,HD01_VD27,HD02_VD27
Id,Id2,Geography,Estimate; Total:,Margin of Error; Total:,Estimate; With cash rent:,Margin of Error; With cash rent:,Estimate; With cash rent: - Less than $100,Margin of Error; With cash rent: - Less than $100,Estimate; With cash rent: - $100 to $149,Margin of Error; With cash rent: - $100 to $149,Estimate; With cash rent: - $150 to $199,Margin of Error; With cash rent: - $150 to $199,Estimate; With cash rent: - $200 to $249,Margin of Error; With cash rent: - $200 to $249,Estimate; With cash rent: - $250 to $299,Margin of Error; With cash rent: - $250 to $299,Estimate; With cash rent: - $300 to $349,Margin of Error; With cash rent: - $300 to $349,Estimate; With cash rent: - $350 to $399,Margin of Error; With cash rent: - $350 to $399,Estimate; With cash rent: - $400 to $449,Margin of Error; With cash rent: - $400 to $449,Estimate; With cash rent: - $450 to $499,Margin of Error; With cash rent: - $450 to $499,Estimate; With cash rent: - $500 to $549,Margin of Error; With cash rent: - $500 to $549,Estimate; With cash rent: - $550 to $599,Margin of Error; With cash rent: - $550 to $599,Estimate; With cash rent: - $600 to $649,Margin of Error; With cash rent: - $600 to $649,Estimate; With cash rent: - $650 to $699,Margin of Error; With cash rent: - $650 to $699,Estimate; With cash rent: - $700 to $749,Margin of Error; With cash rent: - $700 to $749,Estimate; With cash rent: - $750 to $799,Margin of Error; With cash rent: - $750 to $799,Estimate; With cash rent: - $800 to $899,Margin of Error; With cash rent: - $800 to $899,Estimate; With cash rent: - $900 to $999,Margin of Error; With cash rent: - $900 to $999,"Estimate; With cash rent: - $1,000 to $1,249","Margin of Error; With cash rent: - $1,000 to $1,249","Estimate; With cash rent: - $1,250 to $1,499","Margin of Error; With cash rent: - $1,250 to $1,499","Estimate; With cash rent: - $1,500 to $1,999","Margin of Error; With cash rent: - $1,500 to $1,999","Estimate; With cash rent: - $2,000 to $2,499","Margin of Error; With cash rent: - $2,000 to $2,499","Estimate; With cash rent: - $2,500 to $2,999","Margin of Error; With cash rent: - $2,500 to $2,999","Estimate; With cash rent: - $3,000 to $3,499","Margin of Error; With cash rent: - $3,000 to $3,499","Estimate; With cash rent: - $3,500 or more","Margin of Error; With cash rent: - $3,500 or more",Estimate; No cash rent,Margin of Error; No cash rent
1400000US48021950100,48021950100,"Census Tract 9501, Bastrop County, Texas",461,143,337,120,3,5,0,18,0,18,0,18,18,27,0,18,7,15,0,18,0,18,9,15,41,48,0,18,0,18,76,76,10,16,71,65,54,77,24,24,24,24,0,18,0,18,0,18,0,18,0,18,124,75
1400000US48021950200,48021950200,"Census Tract 9502, Bastrop County, Texas",751,199,737,195,0,18,0,18,0,18,0,18,30,49,30,56,0,18,62,58,0,18,63,96,0,18,18,35,38,61,0,18,0,18,32,43,69,69,248,150,46,47,101,81,0,18,0,18,0,18,0,18,14,23
1400000US48021950300,48021950300,"Census Tract 9503, Bastrop County, Texas",933,275,862,272,0,20,0,20,0,20,0,20,0,20,82,130,18,31,0,20,0,20,0,20,30,49,62,61,0,20,0,20,26,45,34,42,127,112,156,110,212,147,100,133,15,27,0,20,0,20,0,20,71,60
1400000US48021950400,48021950400,"Census Tract 9504, Bastrop County, Texas",1171,246,1063,255,0,18,0,18,14,24,0,18,46,49,0,18,0,18,15,25,51,63,29,44,66,63,0,18,43,51,40,60,114,96,141,74,164,96,224,115,58,50,45,52,0,18,0,18,0,18,13,21,108,95
1400000US48021950501,48021950501,"Census Tract 9505.01, Bastrop County, Texas",515,139,425,128,0,18,0,18,0,18,11,18,0,18,0,18,0,18,0,18,53,85,51,70,52,85,65,51,0,18,0,18,13,20,11,19,4,7,145,85,20,33,0,18,0,18,0,18,0,18,0,18,90,69
1400000US48021950502,48021950502,"Census Tract 9505.02, Bastrop County, Texas",236,119,179,122,0,18,0,18,0,18,0,18,0,18,0,18,0,18,0,18,0,18,0,18,4,7,0,18,63,81,0,18,0,18,0,18,11,21,32,41,3,6,66,79,0,18,0,18,0,18,0,18,57,47
1400000US48021950600,48021950600,"Census Tract 9506, Bastrop County, Texas",345,135,250,110,0,18,0,18,0,18,0,18,11,17,0,18,0,18,0,18,42,50,0,18,10,17,0,18,0,18,10,18,23,38,81,75,25,38,48,54,0,18,0,18,0,18,0,18,0,18,0,18,95,97
1400000US48021950700,48021950700,"Census Tract 9507, Bastrop County, Texas",523,146,486,143,0,13,0,13,74,42,8,13,0,13,0,13,18,20,0,13,36,66,0,13,8,13,17,15,23,24,17,17,33,30,69,57,56,40,97,86,30,31,0,13,0,13,0,13,0,13,0,13,37,32
1400000US48021950801,48021950801,"Census Tract 9508.01, Bastrop County, Texas",310,124,244,121,0,18,0,18,0,18,0,18,0,18,0,18,0,18,0,18,0,18,0,18,22,36,0,18,0,18,0,18,0,18,41,50,11,40,49,59,112,96,9,13,0,18,0,18,0,18,0,18,66,56
1400000US48021950802,48021950802,"Census Tract 9508.02, Bastrop County, Texas",335,148,267,142,0,18,0,18,0,18,0,18,0,18,0,18,0,18,0,18,0,18,18,30,0,18,22,39,0,18,79,89,0,18,29,33,15,27,77,85,27,44,0,18,0,18,0,18,0,18,0,18,68,65
1400000US48055960101,48055960101,"Census Tract 9601.01, Caldwell County, Texas",567,152,491,147,0,18,0,18,0,18,0,18,0,18,0,18,0,18,0,18,7,11,0,18,58,71,9,15,55,42,28,26,17,18,113,104,10,13,167,92,5,11,22,35,0,18,0,18,0,18,0,18,76,62
1400000US48055960102,48055960102,"Census Tract 9601.02, Caldwell County, Texas",280,104,223,94,0,13,0,13,0,13,0,13,0,13,0,13,0,13,34,51,0,13,42,49,0,13,0,13,0,13,0,13,14,22,23,29,21,30,83,76,0,13,6,10,0,13,0,13,0,13,0,13,57,69
1400000US48055960200,48055960200,"Census Tract 9602, Caldwell County, Texas",457,129,416,129,0,18,0,18,6,10,0,18,19,23,0,18,0,18,33,24,0,18,41,62,13,18,32,39,24,30,18,29,35,31,66,74,20,27,66,66,15,18,14,22,14,21,0,18,0,18,0,18,41,41
1400000US48055960300,48055960300,"Census Tract 9603, Caldwell County, Texas",522,122,447,116,18,28,0,13,0,13,0,13,26,31,0,13,15,16,0,13,0,13,0,13,24,29,10,15,0,13,0,13,0,13,93,65,58,43,91,52,83,74,29,41,0,13,0,13,0,13,0,13,75,59
1400000US48055960400,48055960400,"Census Tract 9604, Caldwell County, Texas",687,140,636,135,0,13,0,13,0,13,10,16,58,51,25,30,51,46,0,13,0,13,8,13,29,31,62,45,86,59,35,27,34,44,55,48,59,45,60,37,64,39,0,13,0,13,0,13,0,13,0,13,51,53
1400000US48055960500,48055960500,"Census Tract 9605, Caldwell County, Texas",712,157,681,158,0,18,0,18,0,18,10,14,4,8,3,5,5,6,78,81,84,66,22,38,17,16,29,21,41,45,48,46,101,74,54,44,81,55,60,48,24,38,16,15,4,7,0,18,0,18,0,18,31,24
1400000US48055960600,48055960600,"Census Tract 9606, Caldwell County, Texas",138,51,85,42,0,13,0,13,0,13,0,13,0,13,12,17,0,13,14,23,0,13,5,8,0,13,0,13,0,13,0,13,5,7,14,13,11,12,19,19,5,8,0,13,0,13,0,13,0,13,0,13,53,29
1400000US48055960700,48055960700,"Census Tract 9607, Caldwell County, Texas",884,215,862,219,0,18,0,18,0,18,0,18,40,48,0,18,43,64,82,74,30,47,142,76,45,67,76,108,106,102,33,53,44,69,108,107,73,93,23,41,0,18,17,30,0,18,0,18,0,18,0,18,22,48
1400000US48209010100,48209010100,"Census Tract 101, Hays County, Texas",929,141,896,139,0,13,0,13,0,13,0,13,0,13,0,13,0,13,26,41,0,13,11,17,0,13,21,24,55,54,38,52,109,74,199,100,79,55,154,89,80,71,63,89,61,56,0,13,0,13,0,13,33,51
1400000US48209010200,48209010200,"Census Tract 102, Hays County, Texas",354,90,354,90,0,18,0,18,0,18,0,18,8,11,0,18,0,18,0,18,7,11,0,18,20,19,16,14,68,55,30,34,22,20,17,16,38,41,60,47,13,16,0,18,31,37,24,35,0,18,0,18,0,18
1400000US48209010302,48209010302,"Census Tract 103.02, Hays County, Texas",1208,178,1157,180,0,13,0,13,10,15,51,50,31,50,16,19,10,16,27,44,50,66,0,13,20,21,22,25,104,75,109,77,35,44,210,106,226,138,141,97,85,66,10,16,0,13,0,13,0,13,0,13,51,50
1400000US48209010303,48209010303,"Census Tract 103.03, Hays County, Texas",2189,242,2189,242,0,18,0,18,0,18,0,18,0,18,14,21,0,18,0,18,14,25,0,18,20,34,49,49,58,66,0,18,227,156,243,145,593,223,605,215,78,79,135,98,153,177,0,18,0,18,0,18,0,18
1400000US48209010304,48209010304,"Census Tract 103.04, Hays County, Texas",2376,214,2376,214,56,71,0,18,0,18,12,20,0,18,54,47,33,37,0,18,22,51,48,67,85,85,127,81,194,161,293,150,296,170,447,223,314,134,335,164,60,61,0,18,0,18,0,18,0,18,0,18,0,18
1400000US48209010400,48209010400,"Census Tract 104, Hays County, Texas",2480,297,2425,279,0,20,0,20,0,20,40,63,0,20,0,20,19,30,17,28,0,20,33,37,63,52,119,103,62,58,106,94,220,171,241,110,299,150,559,245,166,113,314,206,142,134,0,20,25,41,0,20,55,75
1400000US48209010500,48209010500,"Census Tract 105, Hays County, Texas",1450,174,1423,168,0,13,0,13,0,13,23,34,11,17,0,13,0,13,0,13,11,17,23,27,87,68,12,18,40,28,81,70,74,49,226,87,302,128,304,117,172,108,57,45,0,13,0,13,0,13,0,13,27,33
1400000US48209010600,48209010600,"Census Tract 106, Hays County, Texas",1429,253,1380,246,0,20,0,20,0,20,0,20,0,20,16,27,15,24,19,30,0,20,28,45,0,20,45,69,16,26,114,94,182,108,84,66,148,96,339,157,85,65,222,140,54,72,13,23,0,20,0,20,49,45
1400000US48209010701,48209010701,"Census Tract 107.01, Hays County, Texas",2467,339,2425,338,0,18,0,18,0,18,0,18,0,18,0,18,0,18,0,18,0,18,42,40,20,31,139,113,35,40,0,18,61,99,462,202,411,190,574,207,257,153,391,188,0,18,16,26,0,18,17,27,42,40
1400000US48209010702,48209010702,"Census Tract 107.02, Hays County, Texas",556,108,508,107,0,13,0,13,0,13,0,13,0,13,0,13,0,13,0,13,19,24,35,38,104,78,63,53,35,54,19,22,0,13,0,13,16,19,52,46,39,35,126,132,0,13,0,13,0,13,0,13,48,50
1400000US48209010803,48209010803,"Census Tract 108.03, Hays County, Texas",313,111,254,86,0,13,0,13,0,13,0,13,0,13,7,13,0,13,17,26,12,13,21,17,0,13,0,13,7,12,10,18,8,12,0,13,39,44,87,45,4,6,42,40,0,13,0,13,0,13,0,13,59,68
1400000US48209010804,48209010804,"Census Tract 108.04, Hays County, Texas",480,203,465,203,0,18,0,18,0,18,0,18,0,18,0,18,0,18,3,5,0,18,47,71,0,18,0,18,14,23,0,18,0,18,137,173,12,12,34,33,118,73,95,75,5,8,0,18,0,18,0,18,15,18
1400000US48209010805,48209010805,"Census Tract 108.05, Hays County, Texas",187,109,181,110,0,18,0,18,0,18,0,18,0,18,0,18,0,18,0,18,0,18,0,18,0,18,0,18,0,18,35,56,0,18,0,18,0,18,44,42,1,4,1,3,81,83,19,31,0,18,0,18,6,6
1400000US48209010806,48209010806,"Census Tract 108.06, Hays County, Texas",283,138,266,137,0,13,0,13,0,13,0,13,0,13,0,13,0,13,0,13,7,12,8,13,0,13,25,42,2,5,21,34,0,13,20,31,0,13,80,69,0,13,0,13,10,17,0,13,0,13,93,123,17,18
1400000US48209010807,48209010807,"Census Tract 108.07, Hays County, Texas",156,54,124,50,0,13,0,13,0,13,0,13,0,13,0,13,0,13,0,13,0,13,9,13,0,13,0,13,5,7,6,9,3,6,7,11,14,18,42,40,22,14,16,17,0,13,0,13,0,13,0,13,32,23
1400000US48209010808,48209010808,"Census Tract 108.08, Hays County, Texas",359,160,344,158,0,18,0,18,0,18,15,21,0,18,0,18,59,90,0,18,0,18,0,18,3,7,13,21,0,18,8,15,0,18,72,96,43,41,25,24,48,50,41,47,17,22,0,18,0,18,0,18,15,24
1400000US48209010809,48209010809,"Census Tract 108.09, Hays County, Texas",164,70,152,71,0,18,0,18,0,18,0,18,4,7,0,18,0,18,0,18,0,18,0,18,0,18,0,18,0,18,0,18,0,18,34,28,15,21,16,26,0,18,57,49,10,16,16,26,0,18,0,18,12,19
1400000US48209010901,48209010901,"Census Tract 109.01, Hays County, Texas",211,111,193,117,0,18,0,18,0,18,0,18,0,18,0,18,0,18,0,18,0,18,1,3,0,18,0,18,0,18,0,18,1,3,0,18,0,18,77,81,16,27,76,70,11,17,11,21,0,18,0,18,18,28
1400000US48209010902,48209010902,"Census Tract 109.02, Hays County, Texas",843,230,841,231,0,20,0,20,0,20,22,36,0,20,0,20,0,20,0,20,0,20,20,30,0,20,0,20,0,20,0,20,73,100,74,75,95,71,333,160,71,90,153,127,0,20,0,20,0,20,0,20,2,4
1400000US48209010905,48209010905,"Census Tract 109.05, Hays County, Texas",464,166,412,176,0,18,0,18,0,18,0,18,8,13,0,18,0,18,0,18,0,18,12,20,17,27,0,18,116,153,18,27,0,18,53,62,46,69,39,45,34,39,43,53,26,31,0,18,0,18,0,18,52,55
1400000US48209010906,48209010906,"Census Tract 109.06, Hays County, Texas",834,267,834,267,0,20,0,20,0,20,0,20,0,20,0,20,0,20,2,4,12,11,5,9,8,10,73,80,22,31,18,23,13,16,0,20,63,73,103,80,303,191,212,125,0,20,0,20,0,20,0,20,0,20
1400000US48209010907,48209010907,"Census Tract 109.07, Hays County, Texas",598,180,526,156,0,20,0,20,0,20,0,20,17,27,0,20,0,20,0,20,0,20,31,49,39,53,0,20,0,20,26,31,0,20,87,76,22,22,80,66,120,79,76,71,28,51,0,20,0,20,0,20,72,68
1400000US48209010908,48209010908,"Census Tract 109.08, Hays County, Texas",705,150,705,150,0,20,0,20,0,20,0,20,0,20,0,20,0,20,53,77,16,24,10,20,73,87,0,20,15,24,98,82,34,58,81,72,74,57,134,99,82,82,35,40,0,20,0,20,0,20,0,20,0,20
1400000US48209010909,48209010909,"Census Tract 109.09, Hays County, Texas",708,180,708,180,0,18,0,18,0,18,0,18,0,18,0,18,0,18,0,18,0,18,0,18,0,18,0,18,0,18,0,18,14,22,20,23,122,88,148,72,186,107,195,118,0,18,23,39,0,18,0,18,0,18
1400000US48209010910,48209010910,"Census Tract 109.10, Hays County, Texas",432,152,432,152,0,18,0,18,0,18,0,18,0,18,0,18,0,18,0,18,0,18,0,18,14,22,14,23,19,32,8,15,0,18,14,24,34,55,82,91,154,82,78,82,15,27,0,18,0,18,0,18,0,18
1400000US48453000101,48453000101,"Census Tract 1.01, Travis County, Texas",756,118,739,121,0,13,0,13,0,13,0,13,0,13,0,13,0,13,0,13,12,19,8,13,0,13,10,15,17,20,0,13,7,11,24,29,20,24,106,47,159,81,278,93,43,39,55,36,0,13,0,13,17,17
1400000US48453000102,48453000102,"Census Tract 1.02, Travis County, Texas",81,41,62,35,0,13,0,13,0,13,0,13,0,13,0,13,10,16,0,13,0,13,0,13,0,13,0,13,0,13,0,13,15,23,0,13,0,13,8,12,19,25,0,13,0,13,10,15,0,13,0,13,19,20
1400000US48453000203,48453000203,"Census Tract 2.03, Travis County, Texas",669,61,669,61,0,13,0,13,0,13,0,13,0,13,0,13,0,13,0,13,0,13,0,13,0,13,0,13,3,5,0,13,0,13,0,13,0,13,15,17,207,58,314,70,95,39,30,23,5,8,0,13,0,13
1400000US48453000204,48453000204,"Census Tract 2.04, Travis County, Texas",947,97,917,101,0,13,0,13,0,13,0,13,10,15,0,13,0,13,0,13,11,17,0,13,0,13,16,17,25,29,24,20,107,79,213,85,134,72,128,72,125,57,92,59,8,13,15,17,0,13,9,14,30,27
1400000US48453000205,48453000205,"Census Tract 2.05, Travis County, Texas",1368,147,1368,147,0,13,0,13,0,13,0,13,0,13,0,13,0,13,0,13,18,29,0,13,44,50,92,94,66,75,97,106,171,106,200,106,113,80,354,122,144,91,13,21,19,31,37,37,0,13,0,13,0,13
1400000US48453000206,48453000206,"Census Tract 2.06, Travis County, Texas",978,120,948,121,0,13,0,13,0,13,89,53,10,16,0,13,17,27,23,37,0,13,0,13,0,13,0,13,15,22,34,31,44,53,92,52,36,32,226,77,204,78,110,50,6,9,42,55,0,13,0,13,30,32
1400000US48453000302,48453000302,"Census Tract 3.02, Travis County, Texas",2189,205,2189,205,0,18,0,18,0,18,0,18,0,18,34,55,0,18,0,18,0,18,13,20,172,125,63,46,97,74,91,56,236,128,371,143,220,125,266,94,297,142,157,78,137,87,15,25,20,31,0,18,0,18
1400000US48453000304,48453000304,"Census Tract 3.04, Travis County, Texas",1006,101,992,105,0,13,0,13,0,13,0,13,0,13,0,13,0,13,0,13,0,13,21,31,0,13,112,92,28,28,6,10,30,24,250,104,160,66,200,71,76,62,102,69,7,13,0,13,0,13,0,13,14,19
1400000US48453000305,48453000305,"Census Tract 3.05, Travis County, Texas",1309,110,1285,113,0,13,0,13,9,14,0,13,0,13,0,13,0,13,28,39,10,15,12,14,36,40,74,46,42,42,102,62,120,69,192,83,100,54,127,65,145,69,216,90,29,38,29,35,0,13,14,22,24,26
1400000US48453000306,48453000306,"Census Tract 3.06, Travis County, Texas",1001,112,987,114,0,13,0,13,0,13,15,24,0,13,0,13,0,13,14,22,0,13,0,13,92,78,91,75,108,74,35,39,0,13,45,48,52,49,32,29,75,51,312,95,82,43,23,24,0,13,11,18,14,17
1400000US48453000307,48453000307,"Census Tract 3.07, Travis County, Texas",426,74,422,74,0,13,0,13,0,13,0,13,0,13,0,13,0,13,0,13,8,12,0,13,5,9,0,13,0,13,7,10,23,21,75,59,69,47,104,52,71,43,30,20,12,12,18,18,0,13,0,13,4,6
1400000US48453000401,48453000401,"Census Tract 4.01, Travis County, Texas",1014,99,959,100,0,13,0,13,0,13,0,13,0,13,0,13,0,13,0,13,0,13,13,18,17,20,19,21,6,10,38,37,31,25,95,56,108,48,135,46,199,62,215,76,83,42,0,13,0,13,0,13,55,32
1400000US48453000402,48453000402,"Census Tract 4.02, Travis County, Texas",958,126,958,126,0,13,0,13,8,11,0,13,8,13,0,13,0,13,0,13,0,13,0,13,0,13,35,44,8,14,55,49,61,48,261,123,85,53,159,81,136,78,91,70,51,40,0,13,0,13,0,13,0,13
1400000US48453000500,48453000500,"Census Tract 5, Travis County, Texas",1734,161,1718,161,0,13,0,13,0,13,0,13,0,13,0,13,0,13,0,13,0,13,51,65,0,13,51,49,53,42,145,89,27,32,258,115,290,123,404,147,109,57,119,66,170,126,41,48,0,13,0,13,16,25
1400000US48453000601,48453000601,"Census Tract 6.01, Travis County, Texas",363,38,358,38,0,18,0,18,0,18,0,18,0,18,0,18,3,4,0,18,5,8,4,6,4,7,5,8,0,18,28,17,46,26,36,24,19,12,68,27,14,13,78,38,48,24,0,18,0,18,0,18,5,7
1400000US48453000603,48453000603,"Census Tract 6.03, Travis County, Texas",2345,178,2306,180,0,18,0,18,0,18,0,18,0,18,0,18,0,18,7,11,10,16,0,18,72,75,11,19,78,68,51,44,35,41,289,129,176,81,449,158,270,109,342,127,389,120,29,47,73,56,25,41,39,35
1400000US48453000604,48453000604,"Census Tract 6.04, Travis County, Texas",1679,171,1650,174,0,18,7,11,0,18,50,68,15,25,0,18,0,18,14,24,0,18,0,18,0,18,28,45,105,93,0,18,92,82,180,99,201,104,255,120,121,73,335,137,116,79,41,56,29,45,61,57,29,33
1400000US48453000700,48453000700,"Census Tract 7, Travis County, Texas",410,70,399,72,0,13,0,13,0,13,0,13,0,13,0,13,0,13,0,13,0,13,5,6,40,33,46,42,20,15,14,12,11,18,26,20,41,27,94,40,43,27,59,43,0,13,0,13,0,13,0,13,11,12
1400000US48453000801,48453000801,"Census Tract 8.01, Travis County, Texas",278,59,267,59,0,13,0,13,32,30,31,25,11,12,19,17,0,13,5,7,4,6,11,18,0,13,0,13,0,13,0,13,22,25,24,26,0,13,14,17,63,32,31,25,0,13,0,13,0,13,0,13,11,11
1400000US48453000802,48453000802,"Census Tract 8.02, Travis County, Texas",826,112,807,108,18,19,80,62,39,50,57,47,83,56,53,43,0,13,10,16,37,46,19,29,39,38,8,13,30,47,47,59,40,33,15,18,50,43,88,70,68,60,15,18,11,17,0,13,0,13,0,13,19,21
1400000US48453000803,48453000803,"Census Tract 8.03, Travis County, Texas",470,86,461,85,0,13,0,13,0,13,0,13,0,13,0,13,0,13,7,12,0,13,0,13,6,14,0,13,25,23,21,33,62,40,7,13,0,13,100,70,90,51,89,53,48,44,0,13,6,9,0,13,9,17
1400000US48453000804,48453000804,"Census Tract 8.04, Travis County, Texas",573,68,549,66,55,43,3,7,26,28,50,26,28,23,21,22,34,31,9,15,30,29,15,15,6,8,8,13,0,13,9,14,25,22,20,19,29,21,56,39,36,25,50,34,36,25,3,6,0,13,0,13,24,19
1400000US48453000901,48453000901,"Census Tract 9.01, Travis County, Texas",598,77,587,75,0,13,0,13,0,13,6,8,0,13,0,13,0,13,7,11,0,13,33,31,0,13,25,30,0,13,0,13,15,18,20,24,52,38,100,51,72,33,186,55,71,39,0,13,0,13,0,13,11,12
1400000US48453000902,48453000902,"Census Tract 9.02, Travis County, Texas",905,146,834,146,2,4,0,18,34,53,24,24,29,38,0,18,11,18,7,10,27,35,0,18,0,18,32,43,68,69,53,35,0,18,131,77,61,46,187,95,75,51,60,48,0,18,33,43,0,18,0,18,71,65
1400000US48453001000,48453001000,"Census Tract 10, Travis County, Texas",681,130,648,126,26,38,19,29,5,8,6,10,17,20,10,16,46,46,8,12,21,22,27,26,51,46,34,41,8,14,0,13,0,13,34,46,35,41,86,58,84,48,81,53,50,46,0,13,0,13,0,13,33,37
1400000US48453001100,48453001100,"Census Tract 11, Travis County, Texas",2061,290,2022,286,0,18,0,18,0,18,16,25,50,73,9,15,0,18,0,18,0,18,0,18,0,18,0,18,0,18,15,23,0,18,40,39,0,18,122,122,128,86,677,227,390,169,274,120,148,95,153,82,39,46
1400000US48453001200,48453001200,"Census Tract 12, Travis County, Texas",2325,196,2267,202,0,13,0,13,0,13,16,24,0,13,0,13,0,13,14,25,0,13,11,19,141,130,57,54,87,60,0,13,16,27,63,50,24,27,459,191,179,99,747,176,226,109,151,86,11,17,65,63,58,47
1400000US48453001303,48453001303,"Census Tract 13.03, Travis County, Texas",833,143,833,143,0,13,0,13,0,13,9,14,0,13,10,15,6,11,54,50,15,24,0,13,22,24,34,36,29,28,27,42,9,14,67,64,74,62,130,76,87,63,232,96,0,13,23,26,5,8,0,13,0,13
1400000US48453001304,48453001304,"Census Tract 13.04, Travis County, Texas",1014,111,965,104,0,13,0,13,0,13,0,13,0,13,0,13,0,13,0,13,0,13,17,21,0,13,14,23,33,41,9,15,21,26,152,73,103,55,134,58,230,103,169,72,34,27,26,23,0,13,23,37,49,48
1400000US48453001305,48453001305,"Census Tract 13.05, Travis County, Texas",1569,178,1507,180,71,62,31,51,0,18,23,20,7,14,0,18,13,21,54,62,41,48,0,18,0,18,16,26,0,18,37,57,12,20,221,103,120,90,240,105,295,116,160,104,126,89,29,31,11,20,0,18,62,52
1400000US48453001307,48453001307,"Census Tract 13.07, Travis County, Texas",1318,114,1306,115,0,13,0,13,37,45,0,13,36,27,40,59,5,9,46,59,6,9,0,13,0,13,10,15,50,42,26,21,29,26,187,90,327,124,298,99,113,70,73,42,18,22,5,7,0,13,0,13,12,16
1400000US48453001308,48453001308,"Census Tract 13.08, Travis County, Texas",838,109,789,106,0,13,0,13,0,13,0,13,0,13,0,13,0,13,26,41,0,13,0,13,9,14,0,13,59,52,33,39,63,56,95,65,34,43,205,84,98,60,159,67,8,12,0,13,0,13,0,13,49,40
1400000US48453001401,48453001401,"Census Tract 14.01, Travis County, Texas",1181,139,1145,138,0,13,0,13,0,13,0,13,0,13,0,13,0,13,0,13,21,34,0,13,0,13,0,13,39,47,11,18,0,13,30,38,113,78,159,82,304,106,307,95,85,45,51,32,18,23,7,10,36,44
1400000US48453001402,48453001402,"Census Tract 14.02, Travis County, Texas",871,115,849,113,0,13,0,13,17,17,0,13,0,13,8,13,0,13,0,13,0,13,0,13,0,13,9,15,0,13,45,45,104,71,43,38,65,37,173,84,104,59,147,76,71,38,19,20,0,13,44,50,22,24
1400000US48453001403,48453001403,"Census Tract 14.03, Travis County, Texas",561,69,553,70,0,13,3,5,0,13,0,13,0,13,0,13,0,13,0,13,0,13,0,13,6,8,21,24,64,46,53,44,65,42,59,43,121,61,34,21,48,30,63,31,16,23,0,13,0,13,0,13,8,9
1400000US48453001501,48453001501,"Census Tract 15.01, Travis County, Texas",414,112,414,112,0,18,0,18,0,18,61,97,0,18,0,18,0,18,0,18,11,18,0,18,0,18,0,18,0,18,19,30,63,96,56,50,17,26,91,63,54,52,16,26,0,18,0,18,26,31,0,18,0,18
1400000US48453001503,48453001503,"Census Tract 15.03, Travis County, Texas",1022,121,997,123,8,12,0,13,6,11,0,13,0,13,0,13,0,13,0,13,10,16,20,32,27,34,88,64,114,71,49,46,69,54,82,52,70,42,153,85,96,56,134,62,32,21,39,37,0,13,0,13,25,34
1400000US48453001504,48453001504,"Census Tract 15.04, Travis County, Texas",870,185,849,187,0,18,0,18,0,18,0,18,0,18,0,18,0,18,0,18,0,18,0,18,0,18,13,22,0,18,72,73,13,21,23,26,14,23,258,142,193,86,248,107,15,27,0,18,0,18,0,18,21,26
1400000US48453001505,48453001505,"Census Tract 15.05, Travis County, Texas",1114,132,1114,132,0,13,0,13,0,13,0,13,0,13,0,13,0,13,12,20,0,13,0,13,0,13,17,26,33,37,115,89,100,95,102,67,220,121,235,93,94,62,169,118,17,26,0,13,0,13,0,13,0,13
1400000US48453001602,48453001602,"Census Tract 16.02, Travis County, Texas",1115,112,1115,112,0,13,9,13,0,13,0,13,0,13,0,13,14,19,0,13,6,9,0,13,59,54,95,58,147,60,112,47,41,35,86,61,52,49,149,86,66,34,169,89,77,46,6,8,0,13,27,42,0,13
1400000US48453001603,48453001603,"Census Tract 16.03, Travis County, Texas",321,91,309,88,0,13,0,13,0,13,0,13,0,13,0,13,0,13,0,13,0,13,0,13,0,13,0,13,0,13,0,13,0,13,36,19,15,20,7,12,20,22,68,41,121,71,25,24,17,19,0,13,12,15
1400000US48453001604,48453001604,"Census Tract 16.04, Travis County, Texas",307,102,243,97,0,13,0,13,0,13,0,13,0,13,0,13,0,13,0,13,0,13,0,13,0,13,0,13,0,13,42,55,11,18,0,13,28,26,50,56,46,51,42,34,0,13,0,13,0,13,24,27,64,42
1400000US48453001605,48453001605,"Census Tract 16.05, Travis County, Texas",992,146,962,145,0,13,0,13,0,13,0,13,0,13,0,13,0,13,9,13,0,13,11,18,33,41,0,13,9,13,17,19,52,47,63,49,123,97,188,78,205,87,181,70,54,49,17,19,0,13,0,13,30,34
1400000US48453001606,48453001606,"Census Tract 16.06, Travis County, Texas",0,13,0,13,0,13,0,13,0,13,0,13,0,13,0,13,0,13,0,13,0,13,0,13,0,13,0,13,0,13,0,13,0,13,0,13,0,13,0,13,0,13,0,13,0,13,0,13,0,13,0,13,0,13
1400000US48453001705,48453001705,"Census Tract 17.05, Travis County, Texas",726,132,726,132,0,13,0,13,0,13,0,13,0,13,0,13,0,13,0,13,0,13,0,13,0,13,0,13,26,31,0,13,0,13,0,13,0,13,204,101,154,63,230,111,65,58,47,51,0,13,0,13,0,13
1400000US48453001706,48453001706,"Census Tract 17.06, Travis County, Texas",785,120,768,120,0,13,0,13,0,13,0,13,0,13,0,13,0,13,0,13,0,13,0,13,7,13,6,10,34,27,24,39,34,26,38,28,188,85,172,63,61,49,167,87,37,36,0,13,0,13,0,13,17,17
1400000US48453001707,48453001707,"Census Tract 17.07, Travis County, Texas",1096,176,1067,175,0,13,0,13,0,13,0,13,0,13,0,13,0,13,9,15,0,13,0,13,0,13,0,13,18,31,61,57,58,56,171,92,90,58,289,131,172,91,130,85,69,51,0,13,0,13,0,13,29,32
1400000US48453001712,48453001712,"Census Tract 17.12, Travis County, Texas",1166,127,1166,127,0,13,0,13,29,26,36,26,11,17,10,15,17,19,24,38,28,46,31,51,0,13,18,23,66,53,55,63,66,48,74,62,152,96,338,125,51,37,85,61,9,13,39,27,27,19,0,13,0,13
1400000US48453001713,48453001713,"Census Tract 17.13, Travis County, Texas",826,119,764,114,0,13,0,13,26,41,0,13,0,13,0,13,0,13,0,13,40,45,21,23,19,20,10,16,37,58,19,22,46,56,50,65,25,20,173,82,186,95,92,59,20,23,0,13,0,13,0,13,62,55
1400000US48453001714,48453001714,"Census Tract 17.14, Travis County, Texas",2457,369,2457,369,0,20,0,20,0,20,0,20,0,20,0,20,0,20,0,20,0,20,0,20,0,20,0,20,0,20,0,20,181,154,397,175,352,179,957,319,428,221,56,65,84,89,0,20,2,18,0,20,0,20
1400000US48453001716,48453001716,"Census Tract 17.16, Travis County, Texas",1279,199,1279,199,0,18,0,18,0,18,0,18,0,18,0,18,0,18,0,18,0,18,0,18,0,18,0,18,18,30,17,28,0,18,132,105,40,36,252,118,421,193,232,125,115,92,12,19,0,18,40,57,0,18
1400000US48453001718,48453001718,"Census Tract 17.18, Travis County, Texas",1253,217,1253,217,0,18,0,18,0,18,0,18,0,18,0,18,0,18,0,18,0,18,0,18,0,18,14,22,0,18,43,37,42,57,143,84,81,51,335,161,227,104,275,113,93,116,0,18,0,18,0,18,0,18
1400000US48453001719,48453001719,"Census Tract 17.19, Travis County, Texas",240,86,210,88,0,13,0,13,0,13,0,13,0,13,0,13,0,13,0,13,0,13,0,13,0,13,0,13,0,13,0,13,0,13,0,13,6,12,0,13,76,58,105,64,23,31,0,13,0,13,0,13,30,31
1400000US48453001722,48453001722,"Census Tract 17.22, Travis County, Texas",2050,178,2050,178,0,13,57,91,0,13,0,13,0,13,0,13,0,13,0,13,0,13,0,13,0,13,0,13,38,60,61,54,144,106,336,148,522,201,544,159,286,119,62,42,0,13,0,13,0,13,0,13,0,13
1400000US48453001728,48453001728,"Census Tract 17.28, Travis County, Texas",1174,215,1157,210,0,18,0,18,0,18,0,18,0,18,0,18,0,18,14,22,0,18,43,53,0,18,43,70,0,18,0,18,25,31,59,68,80,50,195,100,274,138,374,133,50,53,0,18,0,18,0,18,17,26
1400000US48453001729,48453001729,"Census Tract 17.29, Travis County, Texas",994,201,994,201,0,13,0,13,0,13,0,13,0,13,0,13,0,13,0,13,0,13,0,13,0,13,0,13,0,13,21,32,0,13,97,62,119,86,360,159,176,110,221,129,0,13,0,13,0,13,0,13,0,13
1400000US48453001733,48453001733,"Census Tract 17.33, Travis County, Texas",121,82,111,81,0,13,0,13,0,13,0,13,0,13,0,13,0,13,0,13,0,13,0,13,0,13,0,13,0,13,0,13,0,13,39,61,0,13,22,38,0,13,10,17,22,34,5,9,0,13,13,19,10,16
1400000US48453001737,48453001737,"Census Tract 17.37, Travis County, Texas",1129,213,1129,213,0,20,0,20,0,20,0,20,0,20,0,20,0,20,0,20,0,20,0,20,0,20,0,20,0,20,0,20,0,20,74,49,28,32,353,163,234,119,174,106,174,124,81,84,11,18,0,20,0,20
1400000US48453001738,48453001738,"Census Tract 17.38, Travis County, Texas",657,173,630,179,0,18,0,18,0,18,0,18,0,18,0,18,0,18,0,18,0,18,0,18,0,18,0,18,15,24,86,92,46,72,0,18,62,92,67,51,54,80,162,94,138,103,0,18,0,18,0,18,27,43
1400000US48453001740,48453001740,"Census Tract 17.40, Travis County, Texas",926,103,893,100,0,13,0,13,0,13,0,13,0,13,0,13,0,13,0,13,0,13,0,13,0,13,0,13,0,13,0,13,0,13,0,13,36,32,294,85,210,87,249,109,96,70,8,12,0,13,0,13,33,30
1400000US48453001741,48453001741,"Census Tract 17.41, Travis County, Texas",295,101,262,99,0,13,0,13,0,13,0,13,0,13,0,13,0,13,25,41,0,13,0,13,0,13,0,13,0,13,0,13,0,13,0,13,13,22,54,60,46,39,58,56,26,35,29,27,11,16,0,13,33,24
1400000US48453001742,48453001742,"Census Tract 17.42, Travis County, Texas",697,204,687,204,0,18,0,18,0,18,0,18,0,18,0,18,0,18,52,82,0,18,0,18,0,18,0,18,0,18,0,18,34,56,44,73,17,27,41,38,32,51,217,152,151,72,15,25,84,90,0,18,10,16
1400000US48453001745,48453001745,"Census Tract 17.45, Travis County, Texas",303,84,295,84,0,13,0,13,0,13,0,13,0,13,0,13,0,13,0,13,0,13,0,13,0,13,0,13,0,13,0,13,10,17,21,22,17,21,119,70,30,27,34,28,29,46,0,13,35,44,0,13,8,14
1400000US48453001746,48453001746,"Census Tract 17.46, Travis County, Texas",775,128,775,128,0,13,0,13,0,13,0,13,0,13,0,13,0,13,0,13,0,13,0,13,0,13,12,19,5,8,35,35,41,38,162,84,59,41,235,109,57,37,169,78,0,13,0,13,0,13,0,13,0,13
1400000US48453001747,48453001747,"Census Tract 17.47, Travis County, Texas",1044,139,1025,142,0,18,5,9,0,18,7,10,0,18,0,18,7,11,7,10,6,9,0,18,20,33,0,18,0,18,52,50,57,56,36,41,152,68,350,110,160,80,133,77,33,45,0,18,0,18,0,18,19,20
1400000US48453001748,48453001748,"Census Tract 17.48, Travis County, Texas",907,164,890,165,0,18,0,18,0,18,0,18,0,18,0,18,0,18,0,18,0,18,0,18,0,18,0,18,0,18,9,13,20,31,37,36,163,77,161,89,273,120,204,120,0,18,23,36,0,18,0,18,17,29
1400000US48453001749,48453001749,"Census Tract 17.49, Travis County, Texas",1922,194,1922,194,0,18,0,18,0,18,9,17,28,32,0,18,0,18,0,18,0,18,0,18,0,18,0,18,0,18,32,50,0,18,120,79,144,84,735,171,520,139,312,150,22,33,0,18,0,18,0,18,0,18
1400000US48453001750,48453001750,"Census Tract 17.50, Travis County, Texas",1649,166,1646,167,0,13,0,13,0,13,2,4,0,13,0,13,47,72,0,13,0,13,0,13,0,13,0,13,0,13,50,63,32,49,95,54,343,137,647,180,320,145,82,65,8,13,18,25,2,4,0,13,3,5
1400000US48453001751,48453001751,"Census Tract 17.51, Travis County, Texas",144,60,131,58,0,13,0,13,0,13,0,13,0,13,0,13,0,13,0,13,0,13,0,13,0,13,0,13,19,28,0,13,6,9,0,13,4,7,0,13,25,18,17,18,15,16,14,15,6,10,25,36,13,18
1400000US48453001752,48453001752,"Census Tract 17.52, Travis County, Texas",2047,156,2047,156,0,13,0,13,0,13,0,13,0,13,0,13,0,13,0,13,0,13,0,13,0,13,65,67,119,83,118,85,207,118,409,137,331,130,574,160,187,116,37,33,0,13,0,13,0,13,0,13,0,13
1400000US48453001753,48453001753,"Census Tract 17.53, Travis County, Texas",701,62,696,62,0,13,0,13,0,13,0,13,0,13,0,13,0,13,0,13,0,13,0,13,0,13,0,13,0,13,0,13,7,10,60,36,141,51,283,58,152,48,53,24,0,13,0,13,0,13,0,13,5,9
1400000US48453001754,48453001754,"Census Tract 17.54, Travis County, Texas",1376,185,1376,185,0,13,0,13,0,13,0,13,0,13,0,13,0,13,0,13,0,13,0,13,0,13,14,22,110,93,80,62,102,97,183,103,279,130,217,118,173,101,208,115,10,16,0,13,0,13,0,13,0,13
1400000US48453001755,48453001755,"Census Tract 17.55, Travis County, Texas",125,76,104,73,0,18,0,18,0,18,0,18,0,18,0,18,0,18,0,18,0,18,10,15,0,18,0,18,0,18,0,18,0,18,6,11,0,18,8,12,31,49,7,12,11,17,31,28,0,18,0,18,21,23
1400000US48453001756,48453001756,"Census Tract 17.56, Travis County, Texas",737,114,737,114,0,13,0,13,0,13,0,13,0,13,0,13,0,13,0,13,0,13,0,13,0,13,0,13,7,11,38,42,8,12,6,10,82,65,82,47,200,90,275,114,39,42,0,13,0,13,0,13,0,13
1400000US48453001757,48453001757,"Census Tract 17.57, Travis County, Texas",368,66,368,66,0,13,0,13,0,13,0,13,0,13,0,13,0,13,0,13,0,13,0,13,0,13,0,13,0,13,0,13,0,13,37,28,49,29,121,66,78,42,83,58,0,13,0,13,0,13,0,13,0,13
1400000US48453001760,48453001760,"Census Tract 17.60, Travis County, Texas",1079,290,1079,290,0,20,0,20,0,20,0,20,0,20,0,20,0,20,0,20,0,20,0,20,0,20,0,20,0,20,0,20,0,20,18,28,63,86,325,174,274,192,142,110,186,148,30,43,0,20,41,61,0,20
1400000US48453001761,48453001761,"Census Tract 17.61, Travis County, Texas",1217,199,1150,204,0,18,0,18,0,18,0,18,0,18,0,18,0,18,0,18,0,18,0,18,0,18,0,18,0,18,0,18,19,30,109,70,136,116,497,187,301,110,38,42,17,28,20,27,0,18,13,22,67,95
1400000US48453001764,48453001764,"Census Tract 17.64, Travis County, Texas",280,99,248,93,0,18,0,18,0,18,18,28,0,18,0,18,0,18,0,18,0,18,0,18,17,26,0,18,0,18,0,18,0,18,46,50,5,7,52,45,33,32,34,22,25,19,18,29,0,18,0,18,32,30
1400000US48453001765,48453001765,"Census Tract 17.65, Travis County, Texas",938,254,873,248,0,20,0,20,0,20,0,20,0,20,0,20,0,20,0,20,0,20,1,3,3,5,39,56,5,7,0,20,27,41,247,167,154,165,170,127,134,113,12,15,79,69,2,4,0,20,0,20,65,68
1400000US48453001766,48453001766,"Census Tract 17.66, Travis County, Texas",519,196,441,184,0,18,0,18,0,18,0,18,0,18,6,10,0,18,17,25,0,18,53,74,0,18,22,32,0,18,0,18,147,101,12,19,103,115,9,14,34,39,38,51,0,18,0,18,0,18,0,18,78,110
1400000US48453001768,48453001768,"Census Tract 17.68, Travis County, Texas",701,189,628,168,0,18,0,18,0,18,0,18,0,18,0,18,0,18,0,18,0,18,0,18,0,18,0,18,57,81,0,18,16,28,40,42,34,39,235,123,149,113,64,57,33,40,0,18,0,18,0,18,73,95
1400000US48453001769,48453001769,"Census Tract 17.69, Travis County, Texas",333,108,333,108,0,18,0,18,0,18,0,18,0,18,0,18,0,18,19,32,20,29,0,18,0,18,0,18,0,18,0,18,0,18,32,32,38,42,36,40,34,40,140,98,0,18,14,22,0,18,0,18,0,18
1400000US48453001770,48453001770,"Census Tract 17.70, Travis County, Texas",246,129,246,129,0,20,0,20,0,20,0,20,0,20,0,20,0,20,0,20,0,20,0,20,0,20,0,20,0,20,0,20,0,20,0,20,0,20,0,20,0,20,80,76,70,70,96,71,0,20,0,20,0,20
1400000US48453001771,48453001771,"Census Tract 17.71, Travis County, Texas",162,119,151,119,0,13,0,13,0,13,0,13,0,13,0,13,0,13,0,13,0,13,10,17,0,13,8,13,0,13,0,13,0,13,0,13,0,13,0,13,18,20,48,59,49,64,18,19,0,13,0,13,11,18
1400000US48453001772,48453001772,"Census Tract 17.72, Travis County, Texas",161,76,161,76,0,13,0,13,0,13,0,13,0,13,0,13,0,13,0,13,8,13,0,13,0,13,0,13,0,13,0,13,0,13,14,28,45,48,18,20,46,49,30,27,0,13,0,13,0,13,0,13,0,13
1400000US48453001773,48453001773,"Census Tract 17.73, Travis County, Texas",396,101,335,103,0,18,0,18,0,18,0,18,0,18,0,18,0,18,0,18,0,18,0,18,0,18,0,18,0,18,0,18,0,18,0,18,35,38,120,93,54,45,79,60,6,10,23,29,18,19,0,18,61,58
1400000US48453001774,48453001774,"Census Tract 17.74, Travis County, Texas",486,192,423,143,0,18,0,18,0,18,0,18,0,18,0,18,0,18,0,18,0,18,0,18,0,18,0,18,0,18,8,16,0,18,0,18,0,18,0,18,32,37,367,133,16,25,0,18,0,18,0,18,63,88
1400000US48453001775,48453001775,"Census Tract 17.75, Travis County, Texas",69,48,55,45,0,18,0,18,23,37,0,18,0,18,0,18,0,18,0,18,0,18,0,18,0,18,0,18,0,18,0,18,0,18,0,18,0,18,0,18,17,19,6,10,9,15,0,18,0,18,0,18,14,16
1400000US48453001776,48453001776,"Census Tract 17.76, Travis County, Texas",343,76,343,76,0,13,0,13,0,13,0,13,0,13,0,13,0,13,0,13,0,13,0,13,0,13,0,13,0,13,10,16,0,13,26,40,0,13,74,46,136,61,97,60,0,13,0,13,0,13,0,13,0,13
1400000US48453001777,48453001777,"Census Tract 17.77, Travis County, Texas",925,160,904,162,0,18,0,18,0,18,0,18,0,18,0,18,0,18,0,18,0,18,61,90,0,18,0,18,0,18,0,18,14,22,39,61,23,28,212,95,257,116,298,131,0,18,0,18,0,18,0,18,21,20
1400000US48453001778,48453001778,"Census Tract 17.78, Travis County, Texas",496,135,496,135,0,13,0,13,0,13,0,13,0,13,0,13,0,13,0,13,0,13,0,13,0,13,0,13,0,13,13,23,0,13,32,49,0,13,168,72,124,84,131,83,16,20,12,16,0,13,0,13,0,13
1400000US48453001779,48453001779,"Census Tract 17.79, Travis County, Texas",510,202,510,202,0,18,0,18,0,18,0,18,0,18,0,18,0,18,0,18,57,94,16,27,0,18,0,18,0,18,0,18,19,33,55,84,127,130,140,122,0,18,74,66,0,18,22,36,0,18,0,18,0,18
1400000US48453001780,48453001780,"Census Tract 17.80, Travis County, Texas",257,82,218,80,0,13,0,13,0,13,6,10,0,13,0,13,0,13,0,13,0,13,0,13,0,13,0,13,23,34,9,13,5,8,6,9,5,7,44,28,66,42,54,30,0,13,0,13,0,13,0,13,39,25
1400000US48453001781,48453001781,"Census Tract 17.81, Travis County, Texas",127,50,122,49,0,13,0,13,0,13,0,13,0,13,0,13,0,13,0,13,0,13,0,13,0,13,0,13,0,13,0,13,5,9,66,56,13,15,14,18,20,19,0,13,4,8,0,13,0,13,0,13,5,8
1400000US48453001782,48453001782,"Census Tract 17.82, Travis County, Texas",324,86,314,87,0,18,0,18,0,18,0,18,0,18,0,18,0,18,0,18,12,17,0,18,0,18,0,18,0,18,0,18,0,18,18,21,0,18,139,88,43,31,69,56,9,14,0,18,13,20,11,18,10,17
1400000US48453001783,48453001783,"Census Tract 17.83, Travis County, Texas",278,111,268,109,0,18,0,18,0,18,0,18,0,18,0,18,0,18,0,18,0,18,0,18,0,18,8,12,0,18,0,18,0,18,32,50,10,16,52,43,0,18,67,43,80,63,0,18,19,20,0,18,10,17
1400000US48453001784,48453001784,"Census Tract 17.84, Travis County, Texas",347,121,347,121,0,18,0,18,0,18,0,18,0,18,0,18,0,18,0,18,0,18,0,18,0,18,0,18,0,18,0,18,0,18,0,18,22,25,31,26,60,50,39,32,23,21,139,107,0,18,33,40,0,18
1400000US48453001785,48453001785,"Census Tract 17.85, Travis County, Texas",1836,173,1836,173,0,13,0,13,0,13,0,13,0,13,0,13,0,13,0,13,0,13,0,13,0,13,2,12,28,45,0,13,93,94,331,135,198,124,640,188,366,154,131,99,47,70,0,13,0,13,0,13,0,13
1400000US48453001786,48453001786,"Census Tract 17.86, Travis County, Texas",2005,194,2005,194,0,18,0,18,0,18,0,18,0,18,0,18,0,18,0,18,0,18,0,18,0,18,0,18,0,18,0,18,49,51,120,78,239,123,434,127,688,197,434,138,10,16,31,44,0,18,0,18,0,18
1400000US48453001804,48453001804,"Census Tract 18.04, Travis County, Texas",2057,143,2037,140,0,18,0,18,14,23,0,18,0,18,21,34,0,18,0,18,80,64,14,24,74,75,33,52,248,131,170,96,304,125,391,156,293,139,232,127,127,86,36,38,0,18,0,18,0,18,0,18,20,27
1400000US48453001805,48453001805,"Census Tract 18.05, Travis County, Texas",1281,126,1245,126,0,18,0,18,50,44,35,41,11,16,78,63,14,22,32,36,11,18,57,48,109,81,82,53,47,43,102,70,120,76,168,95,109,66,73,60,50,41,82,60,8,15,0,18,7,11,0,18,36,41
1400000US48453001806,48453001806,"Census Tract 18.06, Travis County, Texas",1847,166,1847,166,34,54,0,18,0,18,29,43,0,18,0,18,50,53,0,18,13,21,0,18,127,83,130,87,151,91,237,104,113,85,287,119,322,143,188,103,128,94,38,64,0,18,0,18,0,18,0,18,0,18
1400000US48453001811,48453001811,"Census Tract 18.11, Travis County, Texas",888,122,862,128,0,13,0,13,0,13,0,13,7,11,29,28,19,31,26,41,0,13,16,26,26,37,68,56,61,54,88,81,88,68,178,96,67,43,123,77,23,29,33,35,10,15,0,13,0,13,0,13,26,42
1400000US48453001812,48453001812,"Census Tract 18.12, Travis County, Texas",2547,163,2491,174,0,18,17,26,0,18,13,23,0,18,0,18,49,38,0,18,31,50,35,38,60,77,126,104,92,62,316,168,287,132,650,180,392,142,247,107,64,68,24,39,26,42,17,26,45,41,0,18,56,55
1400000US48453001813,48453001813,"Census Tract 18.13, Travis County, Texas",1416,157,1395,162,0,18,0,18,0,18,0,18,28,33,20,32,18,28,0,18,0,18,0,18,122,80,32,33,90,63,121,62,166,85,340,133,114,59,221,95,86,59,37,42,0,18,0,18,0,18,0,18,21,33
1400000US48453001817,48453001817,"Census Tract 18.17, Travis County, Texas",1256,167,1225,170,0,13,12,20,31,26,17,26,12,19,21,23,0,13,15,24,0,13,34,38,0,13,62,65,39,39,84,86,122,100,71,54,172,104,215,116,194,114,95,63,29,47,0,13,0,13,0,13,31,32
1400000US48453001818,48453001818,"Census Tract 18.18, Travis County, Texas",1119,173,1119,173,0,18,0,18,0,18,0,18,0,18,13,21,0,18,0,18,0,18,13,22,0,18,28,45,73,78,30,48,22,26,217,115,141,114,356,136,156,100,52,63,18,30,0,18,0,18,0,18,0,18
1400000US48453001819,48453001819,"Census Tract 18.19, Travis County, Texas",1206,90,1206,90,0,13,0,13,0,13,40,45,0,13,27,40,15,24,7,10,0,13,16,25,8,14,22,35,89,58,136,69,114,57,192,83,262,87,241,75,21,24,16,18,0,13,0,13,0,13,0,13,0,13
1400000US48453001820,48453001820,"Census Tract 18.20, Travis County, Texas",2165,161,2151,164,0,18,0,18,26,42,0,18,0,18,0,18,27,44,0,18,40,46,61,68,51,42,165,106,390,132,275,125,132,90,386,146,245,122,227,118,73,68,53,61,0,18,0,18,0,18,0,18,14,23
1400000US48453001821,48453001821,"Census Tract 18.21, Travis County, Texas",1062,130,1021,132,0,18,0,18,0,18,0,18,0,18,0,18,0,18,0,18,0,18,0,18,30,25,10,16,37,42,122,65,119,73,95,54,115,63,165,71,192,99,136,63,0,18,0,18,0,18,0,18,41,34
1400000US48453001822,48453001822,"Census Tract 18.22, Travis County, Texas",1700,173,1646,175,0,18,11,20,0,18,12,18,0,18,0,18,15,24,10,16,32,51,59,65,27,33,99,79,135,88,155,91,145,100,270,137,168,94,341,141,112,83,55,55,0,18,0,18,0,18,0,18,54,62
1400000US48453001823,48453001823,"Census Tract 18.23, Travis County, Texas",1709,124,1681,125,0,18,0,18,0,18,26,42,0,18,18,29,0,18,0,18,0,18,11,18,0,18,59,60,90,53,151,87,106,80,242,95,280,130,439,145,226,116,33,39,0,18,0,18,0,18,0,18,28,30
1400000US48453001824,48453001824,"Census Tract 18.24, Travis County, Texas",267,49,263,48,0,13,0,13,0,13,0,13,0,13,0,13,0,13,0,13,0,13,0,13,0,13,0,13,0,13,0,13,20,25,45,28,62,35,63,27,31,26,42,29,0,13,0,13,0,13,0,13,4,6
1400000US48453001826,48453001826,"Census Tract 18.26, Travis County, Texas",868,83,860,85,0,13,0,13,0,13,0,13,0,13,0,13,0,13,0,13,0,13,0,13,0,13,17,26,0,13,33,43,0,13,135,74,138,67,329,93,155,73,39,27,0,13,0,13,14,16,0,13,8,13
1400000US48453001828,48453001828,"Census Tract 18.28, Travis County, Texas",379,99,379,99,0,13,0,13,0,13,0,13,0,13,0,13,0,13,0,13,0,13,0,13,12,19,0,13,0,13,65,60,0,13,0,13,74,49,66,36,67,42,87,50,8,12,0,13,0,13,0,13,0,13
1400000US48453001829,48453001829,"Census Tract 18.29, Travis County, Texas",1151,89,1151,89,0,13,0,13,0,13,0,13,0,13,0,13,0,13,0,13,0,13,0,13,0,13,22,21,9,13,43,30,87,51,365,105,236,93,221,70,76,61,92,62,0,13,0,13,0,13,0,13,0,13
1400000US48453001832,48453001832,"Census Tract 18.32, Travis County, Texas",755,98,738,93,0,13,0,13,0,13,0,13,0,13,10,16,0,13,0,13,0,13,0,13,10,17,21,25,33,30,61,58,64,65,150,85,146,86,119,80,47,45,77,62,0,13,0,13,0,13,0,13,17,26
1400000US48453001833,48453001833,"Census Tract 18.33, Travis County, Texas",1396,194,1396,194,0,18,0,18,0,18,0,18,0,18,0,18,0,18,0,18,0,18,0,18,0,18,57,69,32,36,57,70,78,62,187,125,400,217,366,162,125,114,65,74,0,18,29,34,0,18,0,18,0,18
1400000US48453001834,48453001834,"Census Tract 18.34, Travis County, Texas",2474,249,2415,253,0,18,0,18,0,18,0,18,0,18,0,18,0,18,0,18,0,18,0,18,0,18,26,30,20,32,108,89,112,58,284,126,517,154,803,205,227,143,318,110,0,18,0,18,0,18,0,18,59,73
1400000US48453001835,48453001835,"Census Tract 18.35, Travis County, Texas",1079,155,1054,156,0,18,0,18,0,18,0,18,0,18,0,18,0,18,0,18,0,18,0,18,14,23,10,15,0,18,45,52,74,68,166,101,30,23,350,121,294,115,71,68,0,18,0,18,0,18,0,18,25,32
1400000US48453001839,48453001839,"Census Tract 18.39, Travis County, Texas",1865,225,1835,224,0,18,0,18,0,18,49,75,0,18,0,18,0,18,0,18,0,18,58,66,0,18,0,18,13,21,81,78,138,86,318,129,343,136,338,130,177,113,320,137,0,18,0,18,0,18,0,18,30,33
1400000US48453001840,48453001840,"Census Tract 18.40, Travis County, Texas",1294,209,1227,212,0,20,0,20,0,20,0,20,0,20,0,20,0,20,0,20,15,23,0,20,0,20,0,20,0,20,42,66,50,77,54,63,141,88,446,162,342,145,137,90,0,20,0,20,0,20,0,20,67,73
1400000US48453001841,48453001841,"Census Tract 18.41, Travis County, Texas",1294,307,1217,304,0,20,0,20,0,20,0,20,0,20,0,20,0,20,0,20,0,20,0,20,23,37,0,20,32,63,0,20,22,36,155,154,117,162,368,238,406,209,94,85,0,20,0,20,0,20,0,20,77,111
1400000US48453001842,48453001842,"Census Tract 18.42, Travis County, Texas",1056,266,1056,266,0,20,0,20,0,20,0,20,0,20,0,20,0,20,16,26,0,20,0,20,0,20,0,20,0,20,0,20,0,20,67,79,231,141,315,196,188,164,239,92,0,20,0,20,0,20,0,20,0,20
1400000US48453001843,48453001843,"Census Tract 18.43, Travis County, Texas",269,79,245,80,0,13,0,13,0,13,0,13,0,13,0,13,0,13,0,13,0,13,0,13,16,25,0,13,6,15,0,13,0,13,20,22,0,13,47,34,46,39,110,59,0,13,0,13,0,13,0,13,24,27
1400000US48453001844,48453001844,"Census Tract 18.44, Travis County, Texas",1163,110,1145,114,0,13,0,13,0,13,0,13,0,13,0,13,0,13,0,13,0,13,0,13,0,13,15,24,80,60,74,71,79,54,150,82,176,92,452,138,30,37,89,66,0,13,0,13,0,13,0,13,18,24
1400000US48453001845,48453001845,"Census Tract 18.45, Travis County, Texas",521,108,521,108,0,13,0,13,0,13,0,13,0,13,0,13,0,13,0,13,0,13,0,13,0,13,18,28,0,13,6,10,29,36,67,56,102,73,161,81,53,36,74,52,11,17,0,13,0,13,0,13,0,13
1400000US48453001846,48453001846,"Census Tract 18.46, Travis County, Texas",76,47,76,47,0,13,0,13,0,13,0,13,0,13,0,13,0,13,0,13,0,13,0,13,0,13,0,13,0,13,0,13,0,13,0,13,21,32,0,13,12,13,12,14,31,28,0,13,0,13,0,13,0,13
1400000US48453001847,48453001847,"Census Tract 18.47, Travis County, Texas",1261,226,1261,226,0,18,0,18,0,18,18,31,0,18,0,18,0,18,0,18,21,34,0,18,0,18,0,18,0,18,15,25,35,33,146,106,221,132,477,173,105,80,129,73,94,89,0,18,0,18,0,18,0,18
1400000US48453001848,48453001848,"Census Tract 18.48, Travis County, Texas",1019,135,1019,135,0,18,0,18,7,10,0,18,0,18,0,18,0,18,0,18,0,18,8,12,0,18,0,18,0,18,7,10,8,13,130,72,174,88,390,105,205,103,84,43,6,10,0,18,0,18,0,18,0,18
1400000US48453001849,48453001849,"Census Tract 18.49, Travis County, Texas",3333,251,3228,264,0,18,20,37,0,18,0,18,0,18,0,18,0,18,0,18,0,18,0,18,0,18,0,18,48,47,56,43,79,69,524,176,580,185,1070,202,400,152,388,144,42,44,0,18,0,18,21,34,105,103
1400000US48453001850,48453001850,"Census Tract 18.50, Travis County, Texas",1640,191,1627,189,0,13,0,13,0,13,0,13,0,13,0,13,0,13,50,59,10,17,0,13,6,10,19,23,107,79,109,92,31,38,152,75,161,94,503,170,263,136,183,112,33,53,0,13,0,13,0,13,13,20
1400000US48453001851,48453001851,"Census Tract 18.51, Travis County, Texas",2524,265,2386,278,0,18,0,18,0,18,0,18,0,18,0,18,0,18,0,18,0,18,0,18,50,78,0,18,0,18,126,107,71,83,431,198,464,198,749,225,258,134,237,133,0,18,0,18,0,18,0,18,138,152
1400000US48453001853,48453001853,"Census Tract 18.53, Travis County, Texas",228,90,228,90,0,13,0,13,0,13,0,13,0,13,0,13,0,13,0,13,0,13,0,13,0,13,0,13,0,13,0,13,0,13,0,13,19,28,86,52,6,11,117,71,0,13,0,13,0,13,0,13,0,13
1400000US48453001854,48453001854,"Census Tract 18.54, Travis County, Texas",113,68,98,63,0,18,0,18,0,18,0,18,0,18,0,18,0,18,0,18,0,18,0,18,0,18,0,18,0,18,0,18,0,18,0,18,13,19,36,35,31,31,5,22,13,21,0,18,0,18,0,18,15,21
1400000US48453001855,48453001855,"Census Tract 18.55, Travis County, Texas",1081,327,1003,330,0,20,0,20,0,20,0,20,0,20,0,20,0,20,0,20,0,20,0,20,0,20,31,50,0,20,0,20,0,20,0,20,242,247,242,134,107,75,215,153,166,184,0,20,0,20,0,20,78,89
1400000US48453001856,48453001856,"Census Tract 18.56, Travis County, Texas",231,104,231,104,0,18,0,18,33,53,0,18,0,18,0,18,0,18,0,18,0,18,0,18,0,18,0,18,0,18,0,18,0,18,12,19,0,18,47,54,43,48,86,49,10,16,0,18,0,18,0,18,0,18
1400000US48453001857,48453001857,"Census Tract 18.57, Travis County, Texas",920,191,920,191,0,18,20,34,59,63,0,18,0,18,0,18,0,18,0,18,18,30,17,29,0,18,0,18,0,18,13,21,14,24,130,92,90,93,160,81,92,68,307,142,0,18,0,18,0,18,0,18,0,18
1400000US48453001858,48453001858,"Census Tract 18.58, Travis County, Texas",268,125,234,115,0,20,0,20,0,20,0,20,0,20,0,20,0,20,0,20,0,20,0,20,0,20,25,42,0,20,0,20,0,20,0,20,0,20,0,20,0,20,158,106,51,59,0,20,0,20,0,20,34,54
1400000US48453001859,48453001859,"Census Tract 18.59, Travis County, Texas",70,55,64,56,0,13,0,13,0,13,0,13,0,13,0,13,0,13,0,13,0,13,0,13,0,13,7,11,0,13,32,51,0,13,0,13,0,13,9,13,0,13,13,14,3,5,0,13,0,13,0,13,6,9
1400000US48453001860,48453001860,"Census Tract 18.60, Travis County, Texas",1041,143,1003,150,0,13,0,13,0,13,0,13,0,13,0,13,0,13,0,13,0,13,0,13,13,23,0,13,0,13,30,32,60,36,194,104,127,90,338,123,151,88,90,80,0,13,0,13,0,13,0,13,38,63
1400000US48453001861,48453001861,"Census Tract 18.61, Travis County, Texas",250,117,239,115,0,13,0,13,0,13,0,13,0,13,0,13,0,13,0,13,0,13,0,13,0,13,0,13,0,13,0,13,0,13,0,13,43,67,20,25,34,30,142,96,0,13,0,13,0,13,0,13,11,17
1400000US48453001862,48453001862,"Census Tract 18.62, Travis County, Texas",733,162,689,168,0,18,0,18,0,18,0,18,0,18,0,18,0,18,0,18,10,17,0,18,0,18,36,54,0,18,62,90,40,56,77,80,106,65,215,128,102,83,41,44,0,18,0,18,0,18,0,18,44,49
1400000US48453001863,48453001863,"Census Tract 18.63, Travis County, Texas",1834,110,1818,112,0,13,0,13,0,13,0,13,0,13,0,13,8,13,0,13,0,13,0,13,0,13,65,63,165,66,89,48,264,89,462,116,391,107,349,106,14,14,11,17,0,13,0,13,0,13,0,13,16,19
1400000US48453001864,48453001864,"Census Tract 18.64, Travis County, Texas",1238,114,1216,114,0,13,0,13,0,13,0,13,0,13,0,13,0,13,0,13,0,13,8,15,0,13,38,35,6,10,6,11,44,41,130,72,136,60,539,116,165,89,46,47,0,13,83,41,15,16,0,13,22,27
1400000US48453001901,48453001901,"Census Tract 19.01, Travis County, Texas",1706,155,1696,155,0,18,32,51,0,18,0,18,0,18,0,18,0,18,0,18,0,18,14,22,16,25,27,22,0,18,0,18,99,94,138,87,135,81,656,163,266,127,254,105,59,58,0,18,0,18,0,18,10,16
1400000US48453001908,48453001908,"Census Tract 19.08, Travis County, Texas",1499,226,1462,232,0,18,0,18,21,34,0,18,0,18,0,18,0,18,0,18,0,18,0,18,17,28,0,18,0,18,17,29,57,72,90,59,245,112,358,151,362,136,171,103,62,79,38,33,0,18,24,36,37,44
1400000US48453001910,48453001910,"Census Tract 19.10, Travis County, Texas",740,111,740,111,0,13,0,13,0,13,0,13,0,13,0,13,0,13,0,13,0,13,0,13,0,13,0,13,0,13,14,22,6,10,10,15,50,45,186,65,194,89,100,58,116,66,10,16,9,15,45,48,0,13
1400000US48453001911,48453001911,"Census Tract 19.11, Travis County, Texas",1635,90,1629,90,0,13,0,13,0,13,0,13,0,13,10,16,0,13,0,13,0,13,20,29,13,14,29,37,0,13,13,20,16,17,114,67,138,57,408,94,339,97,452,97,54,46,15,22,8,12,0,13,6,9
1400000US48453001912,48453001912,"Census Tract 19.12, Travis County, Texas",298,73,271,67,0,13,0,13,0,13,0,13,0,13,0,13,0,13,0,13,0,13,0,13,0,13,0,13,0,13,0,13,0,13,0,13,0,13,26,18,63,45,89,45,65,39,7,11,21,21,0,13,27,19
1400000US48453001913,48453001913,"Census Tract 19.13, Travis County, Texas",138,72,130,71,0,13,0,13,0,13,0,13,0,13,0,13,0,13,0,13,0,13,0,13,0,13,0,13,0,13,0,13,0,13,10,17,0,13,11,16,0,13,56,59,27,33,18,22,8,11,0,13,8,12
1400000US48453001914,48453001914,"Census Tract 19.14, Travis County, Texas",1192,183,1167,180,0,18,0,18,0,18,0,18,0,18,19,31,0,18,0,18,0,18,0,18,0,18,0,18,0,18,0,18,0,18,50,45,48,46,383,151,403,165,241,128,11,19,12,19,0,18,0,18,25,31
1400000US48453001915,48453001915,"Census Tract 19.15, Travis County, Texas",570,71,560,71,3,5,0,13,0,13,0,13,0,13,0,13,0,13,0,13,0,13,0,13,25,39,0,13,0,13,0,13,0,13,35,32,58,38,158,71,134,62,97,59,6,11,0,13,15,17,29,34,10,15
1400000US48453001916,48453001916,"Census Tract 19.16, Travis County, Texas",36,32,36,32,0,13,0,13,0,13,0,13,0,13,0,13,0,13,0,13,0,13,0,13,0,13,0,13,0,13,0,13,0,13,0,13,0,13,22,27,4,7,0,13,5,9,0,13,0,13,5,7,0,13
1400000US48453001917,48453001917,"Census Tract 19.17, Travis County, Texas",102,48,59,46,0,13,0,13,0,13,0,13,0,13,0,13,0,13,0,13,0,13,0,13,0,13,0,13,0,13,0,13,0,13,0,13,4,8,0,13,0,13,55,46,0,13,0,13,0,13,0,13,43,33
1400000US48453001918,48453001918,"Census Tract 19.18, Travis County, Texas",136,82,136,82,0,13,0,13,0,13,0,13,0,13,0,13,0,13,0,13,0,13,0,13,0,13,0,13,0,13,0,13,0,13,0,13,0,13,27,42,0,13,46,52,51,65,0,13,6,9,6,9,0,13
1400000US48453001919,48453001919,"Census Tract 19.19, Travis County, Texas",250,82,246,82,0,13,0,13,0,13,0,13,0,13,0,13,0,13,0,13,0,13,0,13,0,13,0,13,16,17,0,13,0,13,9,13,0,13,33,40,52,54,45,40,45,54,28,24,0,13,18,13,4,6
1400000US48453002002,48453002002,"Census Tract 20.02, Travis County, Texas",541,109,541,109,0,13,0,13,0,13,8,12,11,18,0,13,9,14,0,13,0,13,0,13,0,13,0,13,0,13,58,59,81,50,33,32,16,26,89,73,118,59,76,53,42,57,0,13,0,13,0,13,0,13
1400000US48453002003,48453002003,"Census Tract 20.03, Travis County, Texas",682,109,675,107,0,13,0,13,0,13,0,13,0,13,0,13,0,13,0,13,0,13,23,38,0,13,51,42,49,42,135,65,45,41,62,44,84,50,133,67,66,47,11,20,16,17,0,13,0,13,0,13,7,11
1400000US48453002004,48453002004,"Census Tract 20.04, Travis County, Texas",1322,84,1322,84,0,13,0,13,0,13,44,42,0,13,8,13,0,13,0,13,0,13,7,12,0,13,0,13,48,34,82,59,62,45,182,79,298,94,334,101,186,61,53,37,18,27,0,13,0,13,0,13,0,13
1400000US48453002005,48453002005,"Census Tract 20.05, Travis County, Texas",1785,202,1775,201,0,13,0,13,0,13,0,13,0,13,0,13,0,13,55,54,0,13,111,88,0,13,17,26,113,94,139,117,46,46,198,105,303,153,477,157,216,120,100,103,0,13,0,13,0,13,0,13,10,16
1400000US48453002104,48453002104,"Census Tract 21.04, Travis County, Texas",573,117,573,117,0,13,0,13,0,13,0,13,0,13,0,13,11,18,0,13,0,13,8,13,0,13,0,13,0,13,82,74,0,13,97,74,52,50,83,62,132,86,100,68,0,13,8,13,0,13,0,13,0,13
1400000US48453002105,48453002105,"Census Tract 21.05, Travis County, Texas",1848,126,1848,126,0,18,21,32,0,18,58,75,0,18,17,27,10,14,0,18,8,12,9,13,18,21,129,85,154,90,167,73,227,96,475,146,229,92,186,79,67,55,73,48,0,18,0,18,0,18,0,18,0,18
1400000US48453002106,48453002106,"Census Tract 21.06, Travis County, Texas",496,136,479,134,0,13,0,13,0,13,38,40,0,13,26,42,0,13,0,13,83,79,8,12,18,28,47,48,0,13,8,12,0,13,61,73,60,57,69,58,8,16,49,29,4,13,0,13,0,13,0,13,17,20
1400000US48453002107,48453002107,"Census Tract 21.07, Travis County, Texas",901,103,894,102,30,36,0,13,8,12,20,30,24,39,0,13,0,13,20,30,0,13,30,45,15,17,50,57,52,44,50,50,62,59,144,82,72,44,128,60,148,86,28,23,13,20,0,13,0,13,0,13,7,11
1400000US48453002108,48453002108,"Census Tract 21.08, Travis County, Texas",749,95,744,94,0,13,0,13,0,13,24,39,0,13,25,37,0,13,0,13,0,13,67,55,93,66,45,48,39,49,92,57,13,22,100,68,68,62,73,49,44,43,39,32,22,24,0,13,0,13,0,13,5,9
1400000US48453002109,48453002109,"Census Tract 21.09, Travis County, Texas",746,143,713,144,0,13,0,13,9,13,7,12,0,13,10,16,8,14,0,13,29,47,5,8,38,48,6,10,75,81,91,69,32,41,65,53,119,73,87,71,39,39,93,54,0,13,0,13,0,13,0,13,33,28
1400000US48453002110,48453002110,"Census Tract 21.10, Travis County, Texas",580,110,547,110,0,13,9,14,22,34,0,13,0,13,0,13,0,13,0,13,9,14,23,36,38,46,0,13,26,42,28,35,9,14,50,35,70,48,184,81,27,26,52,41,0,13,0,13,0,13,0,13,33,38
1400000US48453002111,48453002111,"Census Tract 21.11, Travis County, Texas",880,128,855,131,0,18,14,16,39,36,10,17,21,32,30,34,29,44,14,22,138,75,27,32,19,32,12,20,0,18,31,44,15,17,53,44,152,84,111,66,94,62,46,48,0,18,0,18,0,18,0,18,25,24
1400000US48453002112,48453002112,"Census Tract 21.12, Travis County, Texas",1083,108,1050,107,0,18,0,18,0,18,8,12,9,15,0,18,0,18,0,18,0,18,35,35,54,50,80,59,146,72,69,52,72,53,159,76,95,63,231,96,43,33,49,53,0,18,0,18,0,18,0,18,33,26
1400000US48453002113,48453002113,"Census Tract 21.13, Travis County, Texas",409,84,396,83,0,13,0,13,0,13,0,13,0,13,0,13,0,13,0,13,18,20,9,13,12,18,32,46,9,14,0,13,56,53,50,45,40,45,60,53,37,42,46,42,27,37,0,13,0,13,0,13,13,15
1400000US48453002201,48453002201,"Census Tract 22.01, Travis County, Texas",197,51,189,50,0,13,0,13,0,13,0,13,0,13,0,13,0,13,0,13,0,13,6,9,3,6,0,13,0,13,0,13,0,13,41,33,38,29,32,26,69,30,0,13,0,13,0,13,0,13,0,13,8,11
1400000US48453002202,48453002202,"Census Tract 22.02, Travis County, Texas",1410,243,1410,243,0,18,30,46,0,18,0,18,0,18,0,18,0,18,0,18,0,18,49,59,0,18,0,18,18,28,0,18,104,116,323,166,306,126,505,155,65,80,10,16,0,18,0,18,0,18,0,18,0,18
1400000US48453002207,48453002207,"Census Tract 22.07, Travis County, Texas",708,240,653,223,0,18,0,18,0,18,0,18,0,18,0,18,0,18,0,18,0,18,112,166,2,3,15,25,0,18,0,18,37,58,33,55,128,129,52,52,240,140,13,23,21,36,0,18,0,18,0,18,55,53
1400000US48453002208,48453002208,"Census Tract 22.08, Travis County, Texas",594,170,594,170,0,18,0,18,0,18,0,18,0,18,0,18,0,18,0,18,0,18,26,40,15,19,43,47,25,42,21,33,35,40,77,67,28,33,78,66,155,93,91,66,0,18,0,18,0,18,0,18,0,18
1400000US48453002209,48453002209,"Census Tract 22.09, Travis County, Texas",450,166,450,166,0,18,0,18,0,18,0,18,0,18,22,35,0,18,0,18,0,18,0,18,13,21,0,18,52,74,0,18,17,29,50,81,0,18,80,82,163,120,53,53,0,18,0,18,0,18,0,18,0,18
1400000US48453002210,48453002210,"Census Tract 22.10, Travis County, Texas",179,89,146,74,0,13,0,13,0,13,0,13,22,35,0,13,0,13,0,13,0,13,21,33,0,13,3,5,17,24,0,13,33,38,2,4,43,37,0,13,5,9,0,13,0,13,0,13,0,13,0,13,33,32
1400000US48453002211,48453002211,"Census Tract 22.11, Travis County, Texas",169,61,169,61,0,13,0,13,0,13,0,13,0,13,0,13,16,26,0,13,0,13,0,13,13,15,0,13,0,13,0,13,43,50,17,15,11,12,19,22,28,25,22,23,0,13,0,13,0,13,0,13,0,13
1400000US48453002212,48453002212,"Census Tract 22.12, Travis County, Texas",31,24,31,24,0,13,0,13,0,13,0,13,0,13,0,13,0,13,0,13,0,13,0,13,0,13,0,13,0,13,0,13,0,13,8,13,0,13,0,13,10,10,13,20,0,13,0,13,0,13,0,13,0,13
1400000US48453002304,48453002304,"Census Tract 23.04, Travis County, Texas",1605,131,1553,143,8,13,0,13,0,13,0,13,0,13,0,13,0,13,5,10,20,31,0,13,31,50,94,62,143,73,69,59,57,48,164,81,278,111,176,63,272,87,113,54,57,44,0,13,66,43,0,13,52,57
1400000US48453002307,48453002307,"Census Tract 23.07, Travis County, Texas",2113,199,2094,201,0,18,0,18,49,76,0,18,0,18,0,18,15,24,0,18,0,18,0,18,0,18,48,54,12,19,106,75,257,143,465,154,395,166,464,147,130,86,139,109,14,22,0,18,0,18,0,18,19,28
1400000US48453002308,48453002308,"Census Tract 23.08, Travis County, Texas",1958,190,1911,193,11,17,52,49,16,25,17,28,30,35,0,18,0,18,18,29,0,18,52,65,28,33,75,77,18,22,123,86,54,61,185,103,69,43,441,138,322,146,312,137,88,70,0,18,0,18,0,18,47,46
1400000US48453002310,48453002310,"Census Tract 23.10, Travis County, Texas",469,91,459,90,0,13,0,13,0,13,5,8,0,13,0,13,0,13,18,17,0,13,38,34,0,13,29,27,9,15,48,39,31,30,51,38,86,47,108,63,36,33,0,13,0,13,0,13,0,13,0,13,10,16
1400000US48453002312,48453002312,"Census Tract 23.12, Travis County, Texas",1212,197,1083,190,0,18,0,18,14,24,13,20,0,18,27,44,0,18,15,25,0,18,37,60,80,71,40,51,31,50,118,89,63,64,86,80,210,105,162,109,98,91,66,56,23,38,0,18,0,18,0,18,129,101
1400000US48453002313,48453002313,"Census Tract 23.13, Travis County, Texas",1826,109,1816,111,0,13,0,13,0,13,0,13,15,24,0,13,0,13,36,40,0,13,0,13,9,14,42,40,62,41,118,72,221,101,435,107,337,109,335,98,102,51,82,56,22,36,0,13,0,13,0,13,10,15
1400000US48453002314,48453002314,"Census Tract 23.14, Travis County, Texas",2020,184,1987,190,0,13,0,13,0,13,0,13,0,13,57,5,0,13,0,13,42,73,0,13,0,13,2,18,79,109,182,103,212,115,224,109,335,140,495,161,249,132,91,66,0,13,0,13,19,31,0,13,33,61
1400000US48453002315,48453002315,"Census Tract 23.15, Travis County, Texas",1176,97,1169,98,0,13,0,13,0,13,0,13,0,13,0,13,8,15,12,19,0,13,54,49,30,29,85,54,108,57,129,78,108,62,136,56,183,71,221,78,76,51,19,29,0,13,0,13,0,13,0,13,7,10
1400000US48453002316,48453002316,"Census Tract 23.16, Travis County, Texas",2199,111,2184,114,30,40,0,18,0,18,14,22,28,34,0,18,30,32,37,39,0,18,0,18,115,62,220,89,136,84,178,87,188,87,320,121,424,134,343,107,86,59,35,42,0,18,0,18,0,18,0,18,15,23
1400000US48453002317,48453002317,"Census Tract 23.17, Travis County, Texas",1693,162,1687,165,0,18,0,18,0,18,0,18,0,18,0,18,0,18,47,45,0,18,264,104,216,119,167,82,95,65,35,34,15,23,177,94,29,33,254,129,141,89,171,84,76,65,0,18,0,18,0,18,6,12
1400000US48453002318,48453002318,"Census Tract 23.18, Travis County, Texas",2950,273,2896,280,0,20,0,20,22,35,0,20,0,20,0,20,222,135,35,41,129,125,0,20,226,141,244,141,72,85,49,80,175,151,244,140,185,154,641,237,196,130,456,188,0,20,0,20,0,20,0,20,54,86
1400000US48453002319,48453002319,"Census Tract 23.19, Travis County, Texas",0,13,0,13,0,13,0,13,0,13,0,13,0,13,0,13,0,13,0,13,0,13,0,13,0,13,0,13,0,13,0,13,0,13,0,13,0,13,0,13,0,13,0,13,0,13,0,13,0,13,0,13,0,13
1400000US48453002402,48453002402,"Census Tract 24.02, Travis County, Texas",2289,212,2237,223,0,18,0,18,0,18,15,26,0,18,13,21,0,18,0,18,63,94,29,47,0,18,54,86,0,18,11,18,121,90,167,63,309,139,730,182,610,190,115,83,0,18,0,18,0,18,0,18,52,73
1400000US48453002403,48453002403,"Census Tract 24.03, Travis County, Texas",380,118,380,118,0,13,0,13,0,13,0,13,0,13,0,13,0,13,0,13,0,13,0,13,0,13,56,52,5,9,0,13,15,20,6,9,4,7,65,42,92,73,112,66,25,21,0,13,0,13,0,13,0,13
1400000US48453002407,48453002407,"Census Tract 24.07, Travis County, Texas",833,120,820,119,0,18,0,18,0,18,0,18,33,51,0,18,0,18,14,23,0,18,0,18,0,18,4,16,0,18,0,18,0,18,3,5,144,84,209,121,243,116,170,121,0,18,0,18,0,18,0,18,13,16
1400000US48453002409,48453002409,"Census Tract 24.09, Travis County, Texas",581,115,564,117,0,13,0,13,0,13,0,13,0,13,0,13,0,13,7,12,0,13,0,13,0,13,0,13,9,14,9,15,29,46,15,18,36,47,119,65,134,71,206,83,0,13,0,13,0,13,0,13,17,19
1400000US48453002410,48453002410,"Census Tract 24.10, Travis County, Texas",1182,110,1156,107,0,13,0,13,0,13,0,13,10,15,9,14,11,16,7,12,10,15,0,13,0,13,18,29,63,38,12,14,88,57,144,68,151,84,406,121,220,84,7,11,0,13,0,13,0,13,0,13,26,30
1400000US48453002411,48453002411,"Census Tract 24.11, Travis County, Texas",1118,121,1118,121,0,18,0,18,0,18,0,18,0,18,0,18,4,10,0,18,0,18,9,15,11,18,0,18,25,30,34,29,47,51,196,92,156,98,445,153,140,77,51,36,0,18,0,18,0,18,0,18,0,18
1400000US48453002412,48453002412,"Census Tract 24.12, Travis County, Texas",491,96,491,96,0,18,0,18,0,18,0,18,0,18,0,18,0,18,0,18,0,18,8,13,42,39,0,18,7,12,0,18,14,23,27,30,59,50,182,69,132,69,0,18,20,31,0,18,0,18,0,18,0,18
1400000US48453002413,48453002413,"Census Tract 24.13, Travis County, Texas",897,121,897,121,0,13,0,13,0,13,0,13,0,13,0,13,11,9,0,13,0,13,0,13,25,40,14,23,21,33,0,13,0,13,118,70,206,97,409,127,65,55,28,33,0,13,0,13,0,13,0,13,0,13
1400000US48453002419,48453002419,"Census Tract 24.19, Travis County, Texas",1824,91,1788,98,18,28,0,13,29,36,0,13,0,13,0,13,0,13,0,13,0,13,10,15,31,25,22,35,21,24,110,52,200,82,450,121,332,97,519,127,46,38,0,13,0,13,0,13,0,13,0,13,36,43
1400000US48453002421,48453002421,"Census Tract 24.21, Travis County, Texas",2303,159,2303,159,0,18,0,18,14,23,0,18,0,18,0,18,0,18,0,18,0,18,48,76,0,18,0,18,0,18,25,37,50,60,157,100,199,107,825,206,659,188,326,141,0,18,0,18,0,18,0,18,0,18
1400000US48453002422,48453002422,"Census Tract 24.22, Travis County, Texas",1491,192,1451,192,0,18,0,18,0,18,0,18,0,18,0,18,0,18,33,51,52,83,15,28,47,72,46,74,208,143,110,119,51,52,109,89,371,169,188,138,181,82,40,35,0,18,0,18,0,18,0,18,40,45
1400000US48453002423,48453002423,"Census Tract 24.23, Travis County, Texas",884,208,884,208,0,18,0,18,0,18,0,18,0,18,0,18,0,18,0,18,0,18,0,18,0,18,15,24,0,18,0,18,0,18,52,60,134,96,390,189,82,78,211,115,0,18,0,18,0,18,0,18,0,18
1400000US48453002424,48453002424,"Census Tract 24.24, Travis County, Texas",636,120,612,121,20,30,0,13,0,13,0,13,9,14,0,13,21,20,0,13,0,13,20,29,0,13,29,26,10,17,39,42,48,39,32,30,52,49,169,85,124,75,39,36,0,13,0,13,0,13,0,13,24,23
1400000US48453002425,48453002425,"Census Tract 24.25, Travis County, Texas",462,124,433,120,0,13,0,13,0,13,0,13,0,13,0,13,0,13,0,13,0,13,0,13,0,13,0,13,0,13,0,13,0,13,23,29,117,73,72,51,60,51,116,92,15,20,30,39,0,13,0,13,29,44
1400000US48453002426,48453002426,"Census Tract 24.26, Travis County, Texas",568,199,545,206,0,18,0,18,0,18,0,18,0,18,0,18,0,18,0,18,0,18,0,18,0,18,0,18,0,18,61,95,0,18,0,18,38,65,80,74,178,142,162,112,26,44,0,18,0,18,0,18,23,38
1400000US48453002427,48453002427,"Census Tract 24.27, Travis County, Texas",1052,209,987,217,0,18,0,18,0,18,0,18,0,18,0,18,0,18,0,18,0,18,0,18,54,81,0,18,0,18,53,64,0,18,168,109,173,115,402,164,102,101,35,38,0,18,0,18,0,18,0,18,65,65
1400000US48453002428,48453002428,"Census Tract 24.28, Travis County, Texas",1275,197,1275,197,0,18,0,18,0,18,0,18,0,18,0,18,0,18,0,18,0,18,4,18,0,18,0,18,0,18,21,35,0,18,84,89,273,152,507,202,221,121,165,114,0,18,0,18,0,18,0,18,0,18
1400000US48453002429,48453002429,"Census Tract 24.29, Travis County, Texas",339,67,339,67,0,13,0,13,0,13,0,13,0,13,0,13,0,13,0,13,0,13,0,13,0,13,0,13,22,23,0,13,0,13,28,27,37,36,137,51,61,37,42,37,12,16,0,13,0,13,0,13,0,13
1400000US48453002430,48453002430,"Census Tract 24.30, Travis County, Texas",159,76,159,76,0,13,0,13,0,13,0,13,0,13,0,13,0,13,0,13,24,32,0,13,0,13,0,13,0,13,26,29,0,13,8,13,22,34,50,43,12,19,17,27,0,13,0,13,0,13,0,13,0,13
1400000US48453002431,48453002431,"Census Tract 24.31, Travis County, Texas",628,159,579,161,0,18,0,18,0,18,0,18,0,18,40,64,0,18,25,40,0,18,0,18,0,18,0,18,0,18,13,21,6,11,53,62,117,89,152,97,84,95,89,74,0,18,0,18,0,18,0,18,49,49
1400000US48453002432,48453002432,"Census Tract 24.32, Travis County, Texas",228,74,177,77,0,13,0,13,0,13,15,25,2,3,0,13,5,7,0,13,0,13,2,3,8,13,0,13,4,8,26,35,0,13,5,8,34,37,32,28,41,58,0,13,3,5,0,13,0,13,0,13,51,50
1400000US48453002433,48453002433,"Census Tract 24.33, Travis County, Texas",333,137,300,131,0,18,0,18,0,18,0,18,16,25,0,18,0,18,17,27,0,18,0,18,0,18,28,46,0,18,8,12,0,18,14,17,0,18,50,60,23,39,144,95,0,18,0,18,0,18,0,18,33,49
1400000US48453002434,48453002434,"Census Tract 24.34, Travis County, Texas",210,54,192,55,0,13,0,13,0,13,0,13,0,13,0,13,0,13,0,13,0,13,0,13,0,13,0,13,0,13,0,13,4,5,59,36,46,35,20,20,63,41,0,13,0,13,0,13,0,13,0,13,18,16
1400000US48453002435,48453002435,"Census Tract 24.35, Travis County, Texas",556,240,486,202,0,18,0,18,0,18,0,18,0,18,0,18,0,18,0,18,0,18,0,18,0,18,0,18,52,71,0,18,0,18,85,96,27,49,28,37,173,129,121,114,0,18,0,18,0,18,0,18,70,89
1400000US48453002436,48453002436,"Census Tract 24.36, Travis County, Texas",144,62,125,57,0,13,0,13,0,13,0,13,10,14,0,13,0,13,8,11,3,6,0,13,0,13,12,22,0,13,0,13,0,13,34,27,41,35,7,11,10,21,0,13,0,13,0,13,0,13,0,13,19,21
1400000US48453002500,48453002500,"Census Tract 25, Travis County, Texas",1838,165,1838,165,0,18,0,18,0,18,15,23,0,18,0,18,0,18,0,18,0,18,0,18,16,25,19,30,8,13,49,66,66,78,134,72,248,94,586,186,213,112,288,151,98,76,0,18,30,37,68,41,0,18
1400000US48453980000,48453980000,"Census Tract 9800, Travis County, Texas",0,13,0,13,0,13,0,13,0,13,0,13,0,13,0,13,0,13,0,13,0,13,0,13,0,13,0,13,0,13,0,13,0,13,0,13,0,13,0,13,0,13,0,13,0,13,0,13,0,13,0,13,0,13
1400000US48491020105,48491020105,"Census Tract 201.05, Williamson County, Texas",203,83,187,89,0,18,0,18,0,18,0,18,0,18,0,18,0,18,0,18,0,18,0,18,0,18,0,18,0,18,0,18,0,18,9,15,0,18,49,42,27,30,73,55,29,43,0,18,0,18,0,18,16,26
1400000US48491020106,48491020106,"Census Tract 201.06, Williamson County, Texas",87,93,87,93,0,13,0,13,0,13,0,13,0,13,0,13,0,13,0,13,0,13,0,13,0,13,0,13,0,13,0,13,0,13,0,13,0,13,0,13,0,13,87,93,0,13,0,13,0,13,0,13,0,13
1400000US48491020107,48491020107,"Census Tract 201.07, Williamson County, Texas",224,110,207,111,0,18,0,18,0,18,0,18,0,18,17,28,0,18,0,18,0,18,0,18,0,18,0,18,0,18,0,18,0,18,18,30,0,18,15,26,46,70,111,74,0,18,0,18,0,18,0,18,17,27
1400000US48491020108,48491020108,"Census Tract 201.08, Williamson County, Texas",303,70,287,70,0,13,0,13,0,13,0,13,0,13,0,13,0,13,0,13,0,13,0,13,0,13,7,11,0,13,8,12,0,13,33,57,0,13,53,63,26,32,18,22,0,13,15,24,27,24,100,66,16,17
1400000US48491020109,48491020109,"Census Tract 201.09, Williamson County, Texas",62,52,62,52,0,13,0,13,0,13,0,13,0,13,0,13,0,13,0,13,0,13,0,13,0,13,0,13,0,13,0,13,0,13,0,13,0,13,0,13,25,35,37,37,0,13,0,13,0,13,0,13,0,13
1400000US48491020110,48491020110,"Census Tract 201.10, Williamson County, Texas",219,85,211,84,0,13,0,13,8,14,49,73,0,13,0,13,0,13,0,13,0,13,0,13,20,24,0,13,12,20,0,13,58,62,0,13,11,18,40,35,0,13,0,13,13,21,0,13,0,13,0,13,8,13
1400000US48491020111,48491020111,"Census Tract 201.11, Williamson County, Texas",345,91,304,80,0,13,0,13,0,13,0,13,0,13,0,13,0,13,0,13,0,13,0,13,0,13,0,13,0,13,0,13,37,30,27,41,91,61,33,31,21,23,84,61,0,13,0,13,11,17,0,13,41,41
1400000US48491020112,48491020112,"Census Tract 201.12, Williamson County, Texas",42,30,42,30,0,13,0,13,0,13,0,13,0,13,0,13,6,9,0,13,0,13,0,13,0,13,0,13,0,13,0,13,0,13,0,13,0,13,25,27,0,13,11,18,0,13,0,13,0,13,0,13,0,13
1400000US48491020113,48491020113,"Census Tract 201.13, Williamson County, Texas",461,115,461,115,0,13,0,13,0,13,17,19,0,13,0,13,0,13,0,13,0,13,20,24,9,15,27,25,21,24,25,24,16,26,81,60,66,43,60,39,19,24,100,69,0,13,0,13,0,13,0,13,0,13
1400000US48491020114,48491020114,"Census Tract 201.14, Williamson County, Texas",1263,153,1219,159,0,18,0,18,0,18,7,12,52,41,0,18,0,18,0,18,0,18,0,18,39,49,0,18,14,22,51,50,139,61,154,73,197,108,460,138,62,38,44,36,0,18,0,18,0,18,0,18,44,53
1400000US48491020115,48491020115,"Census Tract 201.15, Williamson County, Texas",88,57,88,57,0,13,0,13,0,13,0,13,0,13,0,13,0,13,0,13,0,13,0,13,0,13,0,13,0,13,0,13,0,13,0,13,0,13,0,13,0,13,67,52,21,26,0,13,0,13,0,13,0,13
1400000US48491020201,48491020201,"Census Tract 202.01, Williamson County, Texas",189,62,171,55,0,13,0,13,8,13,0,13,0,13,0,13,0,13,0,13,10,13,0,13,17,19,7,11,55,31,23,28,0,13,23,32,2,4,10,12,16,15,0,13,0,13,0,13,0,13,0,13,18,24
1400000US48491020202,48491020202,"Census Tract 202.02, Williamson County, Texas",164,86,124,80,0,18,0,18,0,18,0,18,0,18,0,18,0,18,0,18,0,18,0,18,0,18,8,14,0,18,0,18,0,18,32,52,42,52,18,28,9,15,15,23,0,18,0,18,0,18,0,18,40,37
1400000US48491020203,48491020203,"Census Tract 202.03, Williamson County, Texas",35,31,26,28,0,13,0,13,0,13,0,13,0,13,0,13,0,13,0,13,0,13,0,13,0,13,0,13,0,13,0,13,0,13,0,13,12,18,14,21,0,13,0,13,0,13,0,13,0,13,0,13,9,15
1400000US48491020204,48491020204,"Census Tract 202.04, Williamson County, Texas",180,115,165,113,0,13,0,13,0,13,0,13,0,13,8,13,0,13,0,13,0,13,0,13,24,38,0,13,0,13,0,13,0,13,12,15,70,98,31,42,12,13,8,12,0,13,0,13,0,13,0,13,15,17
1400000US48491020301,48491020301,"Census Tract 203.01, Williamson County, Texas",266,95,236,91,0,18,3,5,0,18,0,18,0,18,0,18,0,18,0,18,0,18,0,18,0,18,0,18,3,5,3,8,25,30,23,22,30,25,56,43,43,39,50,42,0,18,0,18,0,18,0,18,30,26
1400000US48491020302,48491020302,"Census Tract 203.02, Williamson County, Texas",164,67,142,67,0,13,0,13,0,13,0,13,0,13,0,13,0,13,0,13,0,13,0,13,0,13,0,13,0,13,10,15,0,13,17,21,28,31,35,29,31,34,21,26,0,13,0,13,0,13,0,13,22,24
1400000US48491020310,48491020310,"Census Tract 203.10, Williamson County, Texas",139,58,139,58,0,13,0,13,0,13,0,13,0,13,0,13,0,13,0,13,0,13,0,13,0,13,0,13,0,13,0,13,26,28,22,31,23,21,19,18,0,13,32,41,0,13,17,23,0,13,0,13,0,13
1400000US48491020311,48491020311,"Census Tract 203.11, Williamson County, Texas",888,129,888,129,0,13,0,13,0,13,0,13,0,13,0,13,0,13,0,13,0,13,0,13,11,18,0,13,0,13,0,13,27,45,11,18,269,126,270,115,101,61,158,87,29,34,0,13,12,19,0,13,0,13
1400000US48491020312,48491020312,"Census Tract 203.12, Williamson County, Texas",784,207,761,209,0,18,0,18,0,18,0,18,0,18,0,18,0,18,0,18,0,18,6,9,0,18,0,18,28,53,0,18,0,18,98,104,115,134,40,47,169,121,305,160,0,18,0,18,0,18,0,18,23,35
1400000US48491020313,48491020313,"Census Tract 203.13, Williamson County, Texas",1053,254,1037,254,0,18,0,18,0,18,0,18,0,18,0,18,0,18,0,18,0,18,0,18,0,18,0,18,0,18,0,18,118,107,134,114,151,98,259,123,99,103,198,114,78,63,0,18,0,18,0,18,16,27
1400000US48491020314,48491020314,"Census Tract 203.14, Williamson County, Texas",412,149,401,148,0,18,0,18,0,18,0,18,0,18,0,18,0,18,0,18,0,18,0,18,0,18,0,18,0,18,0,18,58,85,0,18,0,18,73,86,154,127,116,70,0,18,0,18,0,18,0,18,11,16
1400000US48491020315,48491020315,"Census Tract 203.15, Williamson County, Texas",741,160,741,160,0,18,0,18,0,18,0,18,0,18,0,18,0,18,0,18,0,18,0,18,0,18,0,18,0,18,9,15,28,46,113,88,111,69,270,148,78,59,37,45,44,39,46,48,5,11,0,18,0,18
1400000US48491020316,48491020316,"Census Tract 203.16, Williamson County, Texas",770,134,770,134,0,13,0,13,0,13,0,13,0,13,0,13,0,13,0,13,0,13,0,13,0,13,0,13,0,13,0,13,29,28,32,29,170,97,253,115,178,104,68,47,6,10,34,45,0,13,0,13,0,13
1400000US48491020317,48491020317,"Census Tract 203.17, Williamson County, Texas",565,182,559,178,0,13,0,13,0,13,0,13,0,13,0,13,0,13,0,13,0,13,6,13,0,13,0,13,0,13,0,13,10,16,106,90,104,42,195,90,54,59,63,34,15,22,6,11,0,13,0,13,6,11
1400000US48491020318,48491020318,"Census Tract 203.18, Williamson County, Texas",1019,207,938,217,0,18,0,18,0,18,0,18,0,18,0,18,0,18,0,18,0,18,0,18,0,18,0,18,66,85,0,18,100,82,248,156,173,109,99,65,75,57,162,89,15,25,0,18,0,18,0,18,81,92
1400000US48491020319,48491020319,"Census Tract 203.19, Williamson County, Texas",395,121,395,121,0,18,0,18,0,18,0,18,0,18,0,18,0,18,0,18,0,18,0,18,0,18,0,18,0,18,0,18,0,18,0,18,13,21,31,32,81,69,255,119,15,25,0,18,0,18,0,18,0,18
1400000US48491020320,48491020320,"Census Tract 203.20, Williamson County, Texas",445,241,445,241,0,18,0,18,0,18,0,18,0,18,0,18,0,18,0,18,0,18,0,18,0,18,0,18,0,18,0,18,0,18,0,18,0,18,26,30,228,210,158,94,33,54,0,18,0,18,0,18,0,18
1400000US48491020321,48491020321,"Census Tract 203.21, Williamson County, Texas",99,42,90,40,0,13,0,13,6,10,0,13,22,29,0,13,13,11,0,13,0,13,0,13,7,11,0,13,0,13,0,13,0,13,0,13,9,14,4,6,29,21,0,13,0,13,0,13,0,13,0,13,9,12
1400000US48491020322,48491020322,"Census Tract 203.22, Williamson County, Texas",1057,229,930,221,0,18,0,18,0,18,0,18,0,18,0,18,0,18,0,18,0,18,0,18,59,93,0,18,0,18,0,18,62,59,144,105,83,63,281,115,130,114,152,122,0,18,19,33,0,18,0,18,127,87
1400000US48491020323,48491020323,"Census Tract 203.23, Williamson County, Texas",345,87,345,87,0,13,0,13,0,13,0,13,0,13,0,13,0,13,0,13,0,13,0,13,0,13,0,13,0,13,0,13,5,7,26,28,15,15,121,61,35,21,136,66,7,11,0,13,0,13,0,13,0,13
1400000US48491020324,48491020324,"Census Tract 203.24, Williamson County, Texas",246,103,246,103,0,18,0,18,0,18,0,18,0,18,0,18,0,18,0,18,0,18,0,18,0,18,0,18,0,18,0,18,0,18,21,35,0,18,14,23,20,23,113,79,70,74,8,12,0,18,0,18,0,18
1400000US48491020325,48491020325,"Census Tract 203.25, Williamson County, Texas",295,87,295,87,0,13,0,13,0,13,0,13,0,13,0,13,0,13,0,13,0,13,0,13,0,13,0,13,12,20,0,13,3,6,48,52,29,26,145,119,20,20,38,30,0,13,0,13,0,13,0,13,0,13
1400000US48491020326,48491020326,"Census Tract 203.26, Williamson County, Texas",158,76,143,73,0,18,0,18,0,18,0,18,0,18,0,18,0,18,0,18,0,18,0,18,0,18,0,18,0,18,0,18,0,18,0,18,14,23,25,38,0,18,48,36,56,49,0,18,0,18,0,18,15,18
1400000US48491020327,48491020327,"Census Tract 203.27, Williamson County, Texas",97,47,84,42,0,13,0,13,0,13,0,13,0,13,0,13,0,13,0,13,0,13,0,13,0,13,15,16,0,13,4,10,10,15,12,18,0,13,4,8,15,19,24,20,0,13,0,13,0,13,0,13,13,17
1400000US48491020328,48491020328,"Census Tract 203.28, Williamson County, Texas",809,192,794,191,0,18,0,18,0,18,0,18,11,19,0,18,0,18,0,18,21,32,0,18,0,18,0,18,28,31,64,26,0,18,74,36,33,38,35,39,127,97,377,184,14,23,0,18,10,16,0,18,15,23
1400000US48491020403,48491020403,"Census Tract 204.03, Williamson County, Texas",303,62,303,62,0,13,0,13,0,13,0,13,0,13,0,13,0,13,0,13,0,13,0,13,0,13,0,13,6,10,0,13,12,19,51,39,42,33,128,46,32,29,16,14,16,19,0,13,0,13,0,13,0,13
1400000US48491020404,48491020404,"Census Tract 204.04, Williamson County, Texas",299,91,287,89,0,13,0,13,0,13,0,13,0,13,0,13,0,13,0,13,0,13,0,13,0,13,0,13,0,13,0,13,0,13,0,13,20,17,69,47,77,67,121,75,0,13,0,13,0,13,0,13,12,19
1400000US48491020405,48491020405,"Census Tract 204.05, Williamson County, Texas",1563,179,1563,179,0,18,0,18,0,18,0,18,0,18,0,18,0,18,0,18,14,23,0,18,12,21,0,18,12,19,142,92,68,74,75,56,375,137,502,143,154,107,209,118,0,18,0,18,0,18,0,18,0,18
1400000US48491020406,48491020406,"Census Tract 204.06, Williamson County, Texas",2858,267,2850,267,0,18,0,18,0,18,0,18,0,18,0,18,0,18,0,18,0,18,0,18,17,28,33,38,199,128,60,53,88,76,389,136,522,174,1044,261,448,183,37,67,13,22,0,18,0,18,0,18,8,13
1400000US48491020408,48491020408,"Census Tract 204.08, Williamson County, Texas",947,157,947,157,0,18,0,18,0,18,16,25,0,18,0,18,0,18,0,18,0,18,15,24,18,28,13,21,0,18,64,46,26,29,200,120,94,70,228,122,233,137,40,72,0,18,0,18,0,18,0,18,0,18
1400000US48491020409,48491020409,"Census Tract 204.09, Williamson County, Texas",1309,212,1309,212,0,18,0,18,0,18,0,18,0,18,0,18,0,18,0,18,0,18,0,18,0,18,15,27,0,18,0,18,0,18,124,107,173,117,483,179,284,129,124,80,106,98,0,18,0,18,0,18,0,18
1400000US48491020410,48491020410,"Census Tract 204.10, Williamson County, Texas",1545,250,1488,242,0,18,0,18,0,18,0,18,0,18,0,18,0,18,0,18,0,18,98,145,0,18,0,18,16,26,113,127,166,145,334,199,201,117,32,39,264,127,242,158,22,26,0,18,0,18,0,18,57,49
1400000US48491020411,48491020411,"Census Tract 204.11, Williamson County, Texas",442,121,442,121,0,18,0,18,0,18,0,18,0,18,0,18,0,18,0,18,0,18,0,18,0,18,0,18,0,18,14,22,0,18,40,45,50,44,76,77,67,69,150,95,31,34,14,21,0,18,0,18,0,18
1400000US48491020503,48491020503,"Census Tract 205.03, Williamson County, Texas",192,78,184,77,0,18,0,18,0,18,0,18,10,15,38,61,0,18,0,18,0,18,0,18,8,13,0,18,0,18,0,18,14,18,17,18,42,57,10,16,17,25,10,15,18,19,0,18,0,18,0,18,8,14
1400000US48491020504,48491020504,"Census Tract 205.04, Williamson County, Texas",2689,269,2681,271,49,79,0,18,0,18,0,18,0,18,0,18,0,18,0,18,0,18,78,101,0,18,25,27,46,43,30,48,141,96,685,193,302,133,807,221,420,140,98,77,0,18,0,18,0,18,0,18,8,12
1400000US48491020505,48491020505,"Census Tract 205.05, Williamson County, Texas",84,44,84,44,0,13,0,13,0,13,0,13,0,13,0,13,0,13,0,13,0,13,0,13,0,13,0,13,0,13,0,13,0,13,0,13,0,13,0,13,7,13,51,34,26,32,0,13,0,13,0,13,0,13
1400000US48491020506,48491020506,"Census Tract 205.06, Williamson County, Texas",523,152,515,152,0,18,0,18,0,18,0,18,0,18,0,18,0,18,0,18,0,18,0,18,0,18,0,18,14,21,0,18,0,18,17,29,47,57,129,102,98,84,183,98,9,16,0,18,18,28,0,18,8,13
1400000US48491020507,48491020507,"Census Tract 205.07, Williamson County, Texas",405,121,405,121,0,13,0,13,0,13,0,13,0,13,0,13,0,13,0,13,0,13,0,13,0,13,0,13,0,13,0,13,0,13,0,13,43,43,189,130,43,52,123,81,7,13,0,13,0,13,0,13,0,13
1400000US48491020508,48491020508,"Census Tract 205.08, Williamson County, Texas",1637,194,1637,194,0,13,0,13,0,13,0,13,0,13,0,13,0,13,0,13,0,13,0,13,0,13,0,13,20,31,0,13,15,24,354,201,356,158,484,218,314,154,72,66,22,36,0,13,0,13,0,13,0,13
1400000US48491020509,48491020509,"Census Tract 205.09, Williamson County, Texas",240,134,240,134,0,18,0,18,0,18,0,18,0,18,0,18,0,18,0,18,0,18,0,18,55,49,0,18,0,18,0,18,0,18,0,18,0,18,33,36,50,49,0,18,102,99,0,18,0,18,0,18,0,18
1400000US48491020510,48491020510,"Census Tract 205.10, Williamson County, Texas",732,163,732,163,0,20,0,20,0,20,0,20,0,20,0,20,0,20,0,20,0,20,0,20,0,20,14,23,0,20,0,20,14,24,41,46,181,116,186,120,129,95,113,90,54,48,0,20,0,20,0,20,0,20
1400000US48491020602,48491020602,"Census Tract 206.02, Williamson County, Texas",466,106,466,106,0,18,24,37,0,18,0,18,0,18,0,18,0,18,0,18,7,11,0,18,26,40,17,26,50,51,26,43,0,18,64,60,54,47,81,54,75,50,30,27,12,19,0,18,0,18,0,18,0,18
1400000US48491020603,48491020603,"Census Tract 206.03, Williamson County, Texas",95,85,69,83,0,18,0,18,0,18,0,18,0,18,0,18,0,18,0,18,0,18,0,18,0,18,0,18,0,18,0,18,0,18,0,18,0,18,0,18,0,18,0,18,21,33,48,75,0,18,0,18,26,32
1400000US48491020604,48491020604,"Census Tract 206.04, Williamson County, Texas",532,137,532,137,0,18,0,18,0,18,0,18,0,18,0,18,0,18,59,80,0,18,0,18,0,18,26,30,33,49,62,76,0,18,78,59,59,51,136,80,56,58,23,30,0,18,0,18,0,18,0,18,0,18
1400000US48491020605,48491020605,"Census Tract 206.05, Williamson County, Texas",274,129,274,129,0,18,0,18,0,18,0,18,0,18,0,18,0,18,0,18,0,18,0,18,0,18,0,18,0,18,0,18,0,18,13,24,0,18,0,18,27,43,190,108,44,45,0,18,0,18,0,18,0,18
1400000US48491020701,48491020701,"Census Tract 207.01, Williamson County, Texas",583,66,562,67,0,13,0,13,12,15,4,6,0,13,0,13,0,13,0,13,0,13,26,30,12,14,12,13,88,60,65,45,83,47,132,50,83,48,36,33,9,11,0,13,0,13,0,13,0,13,0,13,21,17
1400000US48491020703,48491020703,"Census Tract 207.03, Williamson County, Texas",1781,256,1722,252,0,20,0,20,0,20,0,20,0,20,0,20,16,27,0,20,0,20,0,20,0,20,12,20,13,20,0,20,48,64,110,62,68,52,772,187,313,141,288,122,61,91,10,16,0,20,11,16,59,52
1400000US48491020704,48491020704,"Census Tract 207.04, Williamson County, Texas",1127,184,1127,184,0,18,0,18,0,18,41,33,12,21,13,21,0,18,0,18,15,28,0,18,0,18,28,27,8,13,103,82,98,74,124,91,221,143,399,170,31,36,34,45,0,18,0,18,0,18,0,18,0,18
1400000US48491020706,48491020706,"Census Tract 207.06, Williamson County, Texas",35,34,21,26,0,13,0,13,0,13,0,13,0,13,0,13,0,13,0,13,0,13,0,13,0,13,0,13,0,13,0,13,0,13,0,13,0,13,0,13,0,13,13,18,0,13,8,15,0,13,0,13,14,22
1400000US48491020707,48491020707,"Census Tract 207.07, Williamson County, Texas",647,114,634,116,0,13,0,13,0,13,0,13,0,13,0,13,0,13,0,13,0,13,8,13,0,13,0,13,75,86,0,13,80,59,66,55,42,42,247,129,74,56,42,36,0,13,0,13,0,13,0,13,13,22
1400000US48491020708,48491020708,"Census Tract 207.08, Williamson County, Texas",307,139,307,139,0,18,0,18,0,18,0,18,0,18,0,18,0,18,0,18,0,18,0,18,0,18,0,18,0,18,0,18,0,18,0,18,0,18,0,18,68,79,206,104,33,43,0,18,0,18,0,18,0,18
1400000US48491020803,48491020803,"Census Tract 208.03, Williamson County, Texas",349,112,334,114,0,13,0,13,0,13,0,13,41,69,0,13,0,13,0,13,0,13,0,13,0,13,0,13,0,13,0,13,0,13,14,25,0,13,61,67,37,30,181,107,0,13,0,13,0,13,0,13,15,18
1400000US48491020804,48491020804,"Census Tract 208.04, Williamson County, Texas",810,202,796,204,0,18,0,18,0,18,0,18,0,18,0,18,0,18,0,18,0,18,0,18,0,18,0,18,0,18,0,18,15,22,33,38,119,100,202,129,110,105,150,98,105,106,28,34,0,18,34,49,14,23
1400000US48491020805,48491020805,"Census Tract 208.05, Williamson County, Texas",336,127,336,127,0,18,0,18,0,18,0,18,0,18,0,18,27,37,68,101,0,18,0,18,0,18,0,18,0,18,0,18,39,63,77,81,44,69,45,53,36,47,0,18,0,18,0,18,0,18,0,18,0,18
1400000US48491020806,48491020806,"Census Tract 208.06, Williamson County, Texas",139,68,139,68,0,13,0,13,0,13,0,13,0,13,0,13,0,13,0,13,0,13,0,13,0,13,4,6,0,13,0,13,19,31,0,13,8,12,0,13,38,27,56,47,14,21,0,13,0,13,0,13,0,13
1400000US48491020807,48491020807,"Census Tract 208.07, Williamson County, Texas",237,126,228,129,0,18,0,18,0,18,0,18,0,18,0,18,0,18,0,18,0,18,0,18,0,18,0,18,0,18,0,18,0,18,0,18,0,18,6,20,130,121,78,66,14,24,0,18,0,18,0,18,9,20
1400000US48491020808,48491020808,"Census Tract 208.08, Williamson County, Texas",204,80,194,79,0,13,0,13,8,12,0,13,18,20,0,13,5,8,0,13,0,13,0,13,11,22,18,28,0,13,0,13,47,42,15,25,7,13,41,42,24,37,0,13,0,13,0,13,0,13,0,13,10,14
1400000US48491020809,48491020809,"Census Tract 208.09, Williamson County, Texas",200,83,200,83,0,18,0,18,0,18,0,18,0,18,0,18,0,18,0,18,0,18,0,18,0,18,0,18,0,18,0,18,0,18,33,40,8,15,45,46,40,34,74,69,0,18,0,18,0,18,0,18,0,18
1400000US48491020900,48491020900,"Census Tract 209, Williamson County, Texas",291,74,246,73,0,13,0,13,0,13,0,13,0,13,0,13,2,4,0,13,7,12,6,9,13,13,20,14,10,8,10,10,19,19,55,53,37,29,34,31,33,28,0,13,0,13,0,13,0,13,0,13,45,28
1400000US48491021000,48491021000,"Census Tract 210, Williamson County, Texas",381,84,349,80,0,13,0,13,22,26,8,12,9,11,0,13,23,20,15,17,0,13,33,31,24,21,0,13,20,26,56,41,19,24,11,13,58,42,33,37,13,16,5,8,0,13,0,13,0,13,0,13,32,34
1400000US48491021100,48491021100,"Census Tract 211, Williamson County, Texas",508,88,481,96,0,13,0,13,0,13,0,13,0,13,0,13,9,11,0,13,4,6,0,13,26,30,0,13,5,9,4,8,78,62,83,53,113,60,154,84,5,7,0,13,0,13,0,13,0,13,0,13,27,28
1400000US48491021201,48491021201,"Census Tract 212.01, Williamson County, Texas",208,80,173,74,0,13,0,13,0,13,0,13,0,13,0,13,0,13,0,13,8,14,0,13,0,13,9,18,0,13,41,53,0,13,40,45,24,36,25,26,18,23,8,15,0,13,0,13,0,13,0,13,35,33
1400000US48491021202,48491021202,"Census Tract 212.02, Williamson County, Texas",407,116,407,116,0,13,0,13,0,13,0,13,0,13,8,13,24,23,19,32,9,15,9,16,26,27,31,46,26,34,49,51,31,50,8,16,12,14,96,51,59,58,0,13,0,13,0,13,0,13,0,13,0,13
1400000US48491021203,48491021203,"Census Tract 212.03, Williamson County, Texas",626,96,622,97,0,13,0,13,0,13,0,13,0,13,0,13,0,13,4,7,0,13,0,13,0,13,125,75,67,61,73,50,36,46,65,63,101,69,71,55,80,50,0,13,0,13,0,13,0,13,0,13,4,9
1400000US48491021300,48491021300,"Census Tract 213, Williamson County, Texas",246,60,187,53,0,13,0,13,7,11,8,10,9,14,13,11,11,17,23,27,3,5,18,18,9,13,6,10,14,13,3,5,11,14,17,17,7,11,15,14,13,17,0,13,0,13,0,13,0,13,0,13,59,34
1400000US48491021401,48491021401,"Census Tract 214.01, Williamson County, Texas",630,195,560,188,0,20,0,20,0,20,0,20,0,20,0,20,0,20,0,20,0,20,0,20,18,30,15,23,0,20,0,20,43,65,146,119,42,70,60,63,74,74,152,91,0,20,0,20,0,20,10,16,70,58
1400000US48491021402,48491021402,"Census Tract 214.02, Williamson County, Texas",1275,139,1262,138,35,41,0,13,10,15,92,52,12,18,30,28,0,13,10,15,0,13,10,16,71,60,66,74,59,64,81,57,63,37,253,96,9,14,266,98,154,93,41,37,0,13,0,13,0,13,0,13,13,20
1400000US48491021403,48491021403,"Census Tract 214.03, Williamson County, Texas",556,125,545,123,0,13,0,13,0,13,0,13,0,13,0,13,0,13,0,13,0,13,0,13,17,28,63,49,0,13,56,62,75,70,114,81,27,25,44,44,48,46,85,75,0,13,16,25,0,13,0,13,11,18
1400000US48491021502,48491021502,"Census Tract 215.02, Williamson County, Texas",932,119,927,118,0,18,0,18,0,18,0,18,0,18,0,18,6,10,0,18,0,18,0,18,0,18,0,18,0,18,33,50,24,38,110,68,189,103,313,110,173,93,79,78,0,18,0,18,0,18,0,18,5,10
1400000US48491021503,48491021503,"Census Tract 215.03, Williamson County, Texas",1083,122,1074,120,0,13,0,13,0,13,0,13,0,13,0,13,0,13,11,16,0,13,16,26,0,13,37,40,79,65,87,73,114,64,252,114,68,40,304,116,10,17,96,91,0,13,0,13,0,13,0,13,9,14
1400000US48491021504,48491021504,"Census Tract 215.04, Williamson County, Texas",679,175,679,175,0,18,0,18,0,18,0,18,0,18,0,18,0,18,0,18,0,18,0,18,0,18,0,18,0,18,0,18,29,45,0,18,81,72,159,109,166,111,60,56,61,50,24,34,0,18,99,109,0,18
1400000US48491021505,48491021505,"Census Tract 215.05, Williamson County, Texas",1134,245,1106,245,0,18,0,18,0,18,0,18,0,18,0,18,0,18,0,18,0,18,0,18,0,18,0,18,32,52,100,82,283,237,97,82,195,184,148,79,194,113,42,44,15,25,0,18,0,18,0,18,28,48
1400000US48491021506,48491021506,"Census Tract 215.06, Williamson County, Texas",171,69,165,67,0,13,0,13,0,13,0,13,0,13,0,13,0,13,0,13,0,13,0,13,0,13,0,13,0,13,0,13,0,13,0,13,0,13,16,18,34,25,74,43,13,11,0,13,28,41,0,13,6,12
1400000US48491021507,48491021507,"Census Tract 215.07, Williamson County, Texas",1874,280,1814,287,0,18,0,18,0,18,48,85,0,18,0,18,0,18,0,18,0,18,8,13,0,18,0,18,105,88,79,55,45,45,310,195,364,161,270,110,284,170,230,109,0,18,0,18,40,63,31,51,60,74
1400000US48491021508,48491021508,"Census Tract 215.08, Williamson County, Texas",917,210,917,210,0,18,0,18,22,35,0,18,0,18,0,18,0,18,0,18,0,18,0,18,0,18,0,18,0,18,14,23,0,18,148,108,216,124,275,150,125,121,117,87,0,18,0,18,0,18,0,18,0,18
1400000US48491021601,48491021601,"Census Tract 216.01, Williamson County, Texas",352,104,339,102,0,13,0,13,0,13,0,13,0,13,0,13,0,13,0,13,0,13,2,4,42,53,28,32,2,5,33,29,12,21,34,29,18,21,109,57,59,75,0,13,0,13,0,13,0,13,0,13,13,17
1400000US48491021602,48491021602,"Census Tract 216.02, Williamson County, Texas",132,61,126,62,0,13,0,13,0,13,0,13,0,13,0,13,5,9,0,13,26,37,3,6,0,13,3,6,0,13,0,13,0,13,16,21,37,32,22,20,14,23,0,13,0,13,0,13,0,13,0,13,6,7
1400000US48491021603,48491021603,"Census Tract 216.03, Williamson County, Texas",94,39,72,35,0,13,0,13,0,13,0,13,0,13,0,13,8,11,0,13,0,13,0,13,0,13,0,13,11,19,5,7,0,13,9,11,3,5,31,21,5,8,0,13,0,13,0,13,0,13,0,13,22,17
