GEO.id,GEO.id2,GEO.display-label,HD01_VD01,HD02_VD01,HD01_VD02,HD02_VD02,HD01_VD03,HD02_VD03,HD01_VD04,HD02_VD04,HD01_VD05,HD02_VD05,HD01_VD06,HD02_VD06,HD01_VD07,HD02_VD07,HD01_VD08,HD02_VD08,HD01_VD09,HD02_VD09,HD01_VD10,HD02_VD10,HD01_VD11,HD02_VD11,HD01_VD12,HD02_VD12,HD01_VD13,HD02_VD13,HD01_VD14,HD02_VD14,HD01_VD15,HD02_VD15,HD01_VD16,HD02_VD16,HD01_VD17,HD02_VD17,HD01_VD18,HD02_VD18,HD01_VD19,HD02_VD19,HD01_VD20,HD02_VD20,HD01_VD21,HD02_VD21,HD01_VD22,HD02_VD22,HD01_VD23,HD02_VD23,HD01_VD24,HD02_VD24
Id,Id2,Geography,Estimate; Total:,Margin of Error; Total:,Estimate; With cash rent:,Margin of Error; With cash rent:,Estimate; With cash rent: - Less than $100,Margin of Error; With cash rent: - Less than $100,Estimate; With cash rent: - $100 to $149,Margin of Error; With cash rent: - $100 to $149,Estimate; With cash rent: - $150 to $199,Margin of Error; With cash rent: - $150 to $199,Estimate; With cash rent: - $200 to $249,Margin of Error; With cash rent: - $200 to $249,Estimate; With cash rent: - $250 to $299,Margin of Error; With cash rent: - $250 to $299,Estimate; With cash rent: - $300 to $349,Margin of Error; With cash rent: - $300 to $349,Estimate; With cash rent: - $350 to $399,Margin of Error; With cash rent: - $350 to $399,Estimate; With cash rent: - $400 to $449,Margin of Error; With cash rent: - $400 to $449,Estimate; With cash rent: - $450 to $499,Margin of Error; With cash rent: - $450 to $499,Estimate; With cash rent: - $500 to $549,Margin of Error; With cash rent: - $500 to $549,Estimate; With cash rent: - $550 to $599,Margin of Error; With cash rent: - $550 to $599,Estimate; With cash rent: - $600 to $649,Margin of Error; With cash rent: - $600 to $649,Estimate; With cash rent: - $650 to $699,Margin of Error; With cash rent: - $650 to $699,Estimate; With cash rent: - $700 to $749,Margin of Error; With cash rent: - $700 to $749,Estimate; With cash rent: - $750 to $799,Margin of Error; With cash rent: - $750 to $799,Estimate; With cash rent: - $800 to $899,Margin of Error; With cash rent: - $800 to $899,Estimate; With cash rent: - $900 to $999,Margin of Error; With cash rent: - $900 to $999,"Estimate; With cash rent: - $1,000 to $1,249","Margin of Error; With cash rent: - $1,000 to $1,249","Estimate; With cash rent: - $1,250 to $1,499","Margin of Error; With cash rent: - $1,250 to $1,499","Estimate; With cash rent: - $1,500 to $1,999","Margin of Error; With cash rent: - $1,500 to $1,999","Estimate; With cash rent: - $2,000 or more","Margin of Error; With cash rent: - $2,000 or more",Estimate; No cash rent,Margin of Error; No cash rent
1400000US48021950100,48021950100,"Census Tract 9501, Bastrop County, Texas",473,188,364,168,4,6,0,18,0,18,0,18,18,29,0,18,11,18,53,86,4,6,6,11,13,22,10,15,0,18,82,93,4,7,58,74,0,18,55,52,14,22,32,37,0,18,109,73
1400000US48021950200,48021950200,"Census Tract 9502, Bastrop County, Texas",848,224,834,220,0,18,0,18,0,18,0,18,0,18,0,18,31,43,23,38,50,84,30,49,65,67,32,53,10,17,11,19,9,15,150,97,252,146,160,117,11,24,0,18,0,18,14,23
1400000US48021950300,48021950300,"Census Tract 9503, Bastrop County, Texas",1023,243,757,223,0,20,0,20,0,20,0,20,0,20,86,123,37,59,0,20,0,20,0,20,64,60,0,20,105,101,0,20,0,20,23,34,144,111,88,89,141,108,69,84,0,20,266,114
1400000US48021950400,48021950400,"Census Tract 9504, Bastrop County, Texas",1117,243,962,252,0,18,32,51,0,18,22,35,64,63,0,18,0,18,0,18,51,66,17,29,43,69,25,40,16,25,0,18,162,110,85,60,90,62,258,136,19,30,59,71,19,22,155,119
1400000US48021950501,48021950501,"Census Tract 9505.01, Bastrop County, Texas",411,133,348,113,0,18,0,18,0,18,10,17,0,18,0,18,0,18,0,18,101,80,0,18,65,56,0,18,0,18,30,36,0,18,48,58,24,33,70,54,0,18,0,18,0,18,63,69
1400000US48021950502,48021950502,"Census Tract 9505.02, Bastrop County, Texas",232,129,195,115,0,18,0,18,0,18,0,18,0,18,0,18,0,18,0,18,0,18,0,18,12,14,0,18,31,36,0,18,0,18,0,18,0,18,83,72,0,18,69,81,0,18,37,45
1400000US48021950600,48021950600,"Census Tract 9506, Bastrop County, Texas",316,125,204,91,0,13,0,13,0,13,0,13,9,17,0,13,0,13,0,13,19,30,30,37,7,14,0,13,0,13,0,13,35,40,83,65,0,13,21,26,0,13,0,13,0,13,112,100
1400000US48021950700,48021950700,"Census Tract 9507, Bastrop County, Texas",495,127,456,122,0,13,0,13,26,17,0,13,37,33,11,18,0,13,0,13,0,13,37,35,9,14,4,9,18,20,17,20,40,41,69,55,37,37,58,37,93,58,0,13,0,13,39,35
1400000US48021950801,48021950801,"Census Tract 9508.01, Bastrop County, Texas",398,147,307,148,0,18,0,18,0,18,0,18,0,18,0,18,0,18,0,18,0,18,0,18,20,33,0,18,0,18,0,18,34,52,34,41,63,64,44,52,112,115,0,18,0,18,91,62
1400000US48021950802,48021950802,"Census Tract 9508.02, Bastrop County, Texas",227,117,179,111,0,18,0,18,0,18,0,18,0,18,0,18,0,18,0,18,0,18,15,27,20,33,26,45,49,78,0,18,0,18,14,24,0,18,55,65,0,18,0,18,0,18,48,48
1400000US48055960101,48055960101,"Census Tract 9601.01, Caldwell County, Texas",370,143,311,131,0,18,0,18,0,18,0,18,0,18,0,18,0,18,0,18,9,16,60,93,14,22,17,23,45,44,38,28,16,26,49,72,10,18,33,26,20,22,0,18,0,18,59,73
1400000US48055960102,48055960102,"Census Tract 9601.02, Caldwell County, Texas",292,138,231,131,0,13,0,13,0,13,0,13,0,13,0,13,0,13,0,13,33,44,11,19,0,13,0,13,34,51,0,13,0,13,14,23,0,13,139,134,0,13,0,13,0,13,61,56
1400000US48055960200,48055960200,"Census Tract 9602, Caldwell County, Texas",494,134,415,127,0,18,0,18,8,12,29,31,15,13,0,18,0,18,14,17,25,30,47,55,28,25,7,14,7,13,78,82,33,29,42,50,20,29,27,31,14,17,12,20,9,14,79,68
1400000US48055960300,48055960300,"Census Tract 9603, Caldwell County, Texas",459,106,394,96,12,20,0,13,0,13,0,13,0,13,0,13,12,14,0,13,0,13,0,13,5,8,0,13,0,13,13,17,8,13,87,65,94,65,71,55,67,56,25,29,0,13,65,43
1400000US48055960400,48055960400,"Census Tract 9604, Caldwell County, Texas",564,129,553,129,0,13,0,13,0,13,7,11,4,8,16,18,32,42,0,13,10,18,32,36,38,46,56,41,125,77,14,23,8,13,47,48,63,41,60,54,41,43,0,13,0,13,11,19
1400000US48055960500,48055960500,"Census Tract 9605, Caldwell County, Texas",705,163,649,156,0,18,0,18,0,18,17,21,6,9,0,18,4,10,78,76,35,25,19,27,30,28,59,51,47,51,19,24,56,66,93,62,34,38,123,81,14,21,15,18,0,18,56,33
1400000US48055960600,48055960600,"Census Tract 9606, Caldwell County, Texas",130,71,76,52,0,13,0,13,0,13,0,13,0,13,4,8,0,13,34,41,0,13,0,13,0,13,0,13,0,13,0,13,0,13,14,16,6,11,18,28,0,13,0,13,0,13,54,48
1400000US48055960700,48055960700,"Census Tract 9607, Caldwell County, Texas",863,232,807,230,0,18,0,18,0,18,71,103,27,34,0,18,20,35,55,70,84,90,96,72,11,18,0,18,11,18,190,161,81,78,54,62,86,103,0,18,21,36,0,18,0,18,56,63
1400000US48209010100,48209010100,"Census Tract 101, Hays County, Texas",817,113,803,112,0,13,0,13,0,13,10,16,0,13,0,13,0,13,34,54,0,13,9,16,14,20,10,15,23,21,81,55,82,69,101,75,101,82,146,88,101,80,44,53,47,50,14,15
1400000US48209010200,48209010200,"Census Tract 102, Hays County, Texas",317,79,317,79,0,18,0,18,0,18,0,18,8,12,0,18,0,18,0,18,25,26,0,18,12,14,21,23,42,38,26,36,6,11,25,27,77,62,52,30,23,26,0,18,0,18,0,18
1400000US48209010302,48209010302,"Census Tract 103.02, Hays County, Texas",1191,184,1139,186,0,13,0,13,13,17,45,44,13,21,56,62,15,17,24,28,0,13,6,10,55,60,24,25,118,84,116,86,155,86,213,115,96,66,151,95,31,50,8,13,0,13,52,55
1400000US48209010303,48209010303,"Census Tract 103.03, Hays County, Texas",1852,242,1837,238,0,18,0,18,0,18,0,18,0,18,15,23,0,18,14,22,0,18,0,18,37,43,83,84,51,63,49,63,160,140,400,196,307,127,386,146,88,92,70,69,177,143,15,25
1400000US48209010304,48209010304,"Census Tract 103.04, Hays County, Texas",2318,252,2318,252,0,18,0,18,136,120,36,29,22,33,36,59,0,18,16,28,57,56,50,52,100,68,139,77,308,135,207,103,300,124,434,183,217,106,245,144,15,24,0,18,0,18,0,18
1400000US48209010400,48209010400,"Census Tract 104, Hays County, Texas",1804,271,1712,243,0,18,0,18,0,18,0,18,0,18,28,44,0,18,20,32,17,28,118,105,82,60,56,52,87,65,90,61,85,106,154,85,286,150,278,151,200,126,166,148,45,47,92,80
1400000US48209010500,48209010500,"Census Tract 105, Hays County, Texas",1169,187,1149,184,0,13,0,13,0,13,20,21,10,18,0,13,0,13,54,76,13,20,19,23,92,73,0,13,60,70,39,47,69,56,158,85,279,114,204,80,132,100,0,13,0,13,20,25
1400000US48209010600,48209010600,"Census Tract 106, Hays County, Texas",1034,176,991,173,0,18,0,18,0,18,0,18,0,18,0,18,14,24,19,31,0,18,0,18,0,18,41,68,0,18,41,31,150,87,39,38,128,80,332,154,102,72,116,102,9,15,43,39
1400000US48209010701,48209010701,"Census Tract 107.01, Hays County, Texas",2428,274,2398,275,0,18,0,18,0,18,0,18,0,18,0,18,0,18,0,18,0,18,73,48,14,22,54,68,49,43,55,44,201,137,507,185,231,133,528,175,262,153,382,183,42,34,30,35
1400000US48209010702,48209010702,"Census Tract 107.02, Hays County, Texas",427,122,417,122,0,13,0,13,0,13,0,13,0,13,0,13,0,13,0,13,15,25,7,15,29,40,79,72,0,13,25,41,0,13,0,13,26,40,52,42,16,21,168,118,0,13,10,17
1400000US48209010803,48209010803,"Census Tract 108.03, Hays County, Texas",303,155,212,108,0,13,0,13,0,13,0,13,0,13,0,13,0,13,16,26,4,8,11,15,0,13,19,31,29,43,13,22,7,12,14,23,47,52,34,37,0,13,18,22,0,13,91,106
1400000US48209010804,48209010804,"Census Tract 108.04, Hays County, Texas",446,203,441,204,0,18,0,18,0,18,0,18,0,18,0,18,0,18,3,4,0,18,33,48,0,18,0,18,0,18,0,18,0,18,168,201,59,70,23,21,94,69,58,37,3,5,5,8
1400000US48209010805,48209010805,"Census Tract 108.05, Hays County, Texas",173,99,157,100,0,18,0,18,0,18,0,18,0,18,0,18,0,18,0,18,0,18,0,18,0,18,0,18,0,18,0,18,0,18,0,18,0,18,36,42,13,19,3,4,105,84,16,19
1400000US48209010806,48209010806,"Census Tract 108.06, Hays County, Texas",251,135,237,133,0,13,0,13,0,13,0,13,0,13,0,13,0,13,0,13,0,13,9,13,0,13,0,13,0,13,0,13,12,19,34,43,0,13,77,76,0,13,0,13,105,137,14,17
1400000US48209010807,48209010807,"Census Tract 108.07, Hays County, Texas",123,67,109,64,0,13,0,13,0,13,0,13,0,13,0,13,0,13,0,13,0,13,0,13,0,13,30,47,3,6,0,13,5,8,0,13,13,21,29,35,19,13,7,8,3,6,14,13
1400000US48209010808,48209010808,"Census Tract 108.08, Hays County, Texas",328,144,289,137,0,18,0,18,0,18,0,18,0,18,0,18,18,19,11,17,0,18,0,18,0,18,0,18,0,18,6,10,0,18,95,91,35,33,12,24,60,72,46,54,6,12,39,62
1400000US48209010809,48209010809,"Census Tract 108.09, Hays County, Texas",126,54,116,51,0,18,0,18,0,18,0,18,0,18,0,18,0,18,0,18,0,18,0,18,0,18,0,18,0,18,0,18,4,7,26,27,16,21,25,30,0,18,27,38,18,26,10,16
1400000US48209010901,48209010901,"Census Tract 109.01, Hays County, Texas",157,95,141,93,0,18,0,18,0,18,0,18,0,18,0,18,0,18,0,18,0,18,2,3,0,18,0,18,0,18,0,18,2,3,0,18,0,18,46,66,54,64,19,23,18,25,16,24
1400000US48209010902,48209010902,"Census Tract 109.02, Hays County, Texas",576,170,573,169,0,20,0,20,0,20,0,20,0,20,0,20,0,20,0,20,0,20,0,20,0,20,29,48,0,20,0,20,17,26,61,73,67,52,174,85,81,64,144,121,0,20,3,4
1400000US48209010905,48209010905,"Census Tract 109.05, Hays County, Texas",381,151,339,150,0,18,0,18,0,18,8,14,0,18,0,18,0,18,0,18,0,18,9,14,0,18,0,18,125,157,0,18,0,18,20,32,58,66,21,27,34,43,64,60,0,18,42,46
1400000US48209010906,48209010906,"Census Tract 109.06, Hays County, Texas",447,164,437,164,0,20,0,20,0,20,0,20,0,20,0,20,0,20,2,3,37,30,2,3,5,10,2,8,2,4,2,5,40,53,0,20,71,80,81,73,113,79,80,73,0,20,10,15
1400000US48209010907,48209010907,"Census Tract 109.07, Hays County, Texas",549,164,492,156,0,20,0,20,0,20,0,20,0,20,0,20,0,20,0,20,11,18,31,50,42,54,0,20,97,82,17,27,0,20,21,23,14,16,127,98,114,86,18,26,0,20,57,66
1400000US48209010908,48209010908,"Census Tract 109.08, Hays County, Texas",568,180,553,182,0,18,0,18,0,18,0,18,0,18,0,18,0,18,75,90,0,18,12,20,25,43,24,38,26,30,75,78,0,18,61,75,76,75,15,18,83,93,81,71,0,18,15,24
1400000US48209010909,48209010909,"Census Tract 109.09, Hays County, Texas",505,156,505,156,0,18,0,18,0,18,0,18,0,18,0,18,0,18,0,18,0,18,0,18,0,18,0,18,0,18,0,18,11,17,10,16,88,79,162,85,185,110,23,28,26,43,0,18
1400000US48209010910,48209010910,"Census Tract 109.10, Hays County, Texas",437,162,397,154,0,18,0,18,0,18,0,18,0,18,0,18,0,18,0,18,0,18,0,18,24,28,13,23,0,18,0,18,0,18,108,89,29,48,58,77,127,81,38,36,0,18,40,63
1400000US48453000101,48453000101,"Census Tract 1.01, Travis County, Texas",744,132,744,132,0,13,0,13,0,13,0,13,0,13,0,13,0,13,0,13,13,21,0,13,10,18,62,60,9,15,8,13,0,13,44,54,18,20,111,52,161,90,238,99,70,42,0,13
1400000US48453000102,48453000102,"Census Tract 1.02, Travis County, Texas",59,40,48,36,0,13,0,13,0,13,0,13,0,13,0,13,0,13,0,13,0,13,0,13,0,13,0,13,0,13,13,20,0,13,0,13,0,13,22,23,13,21,0,13,0,13,11,17
1400000US48453000203,48453000203,"Census Tract 2.03, Travis County, Texas",755,68,755,68,0,13,0,13,0,13,10,16,0,13,0,13,0,13,0,13,0,13,0,13,13,16,4,7,0,13,0,13,0,13,0,13,0,13,34,30,210,66,382,78,102,45,0,13
1400000US48453000204,48453000204,"Census Tract 2.04, Travis County, Texas",928,109,919,114,0,13,0,13,0,13,0,13,0,13,0,13,0,13,11,18,0,13,0,13,0,13,28,25,50,34,51,54,68,55,244,100,76,60,114,60,121,63,142,66,14,18,9,14
1400000US48453000205,48453000205,"Census Tract 2.05, Travis County, Texas",1301,196,1301,196,0,13,0,13,0,13,0,13,0,13,0,13,0,13,0,13,0,13,29,33,112,94,170,113,93,83,108,55,186,114,176,101,49,46,243,120,113,109,13,20,9,26,0,13
1400000US48453000206,48453000206,"Census Tract 2.06, Travis County, Texas",1022,137,1005,135,0,13,0,13,0,13,72,59,91,88,0,13,21,34,0,13,0,13,0,13,32,35,0,13,15,24,56,45,64,52,97,71,76,38,182,97,182,84,117,93,0,13,17,27
1400000US48453000302,48453000302,"Census Tract 3.02, Travis County, Texas",2210,170,2160,176,0,18,0,18,0,18,0,18,0,18,0,18,0,18,0,18,13,21,89,90,47,51,128,93,166,106,239,105,251,111,304,134,185,128,240,111,266,144,199,116,33,31,50,57
1400000US48453000304,48453000304,"Census Tract 3.04, Travis County, Texas",1149,121,1139,122,0,13,0,13,0,13,0,13,0,13,0,13,0,13,0,13,0,13,14,22,94,77,148,105,30,31,36,34,35,31,276,119,135,63,133,54,173,103,58,50,7,12,10,16
1400000US48453000305,48453000305,"Census Tract 3.05, Travis County, Texas",1480,120,1480,120,0,13,0,13,0,13,0,13,0,13,0,13,0,13,22,33,32,37,15,18,64,60,100,70,53,55,134,72,208,91,219,101,87,54,159,84,143,64,217,108,27,35,0,13
1400000US48453000306,48453000306,"Census Tract 3.06, Travis County, Texas",763,128,745,128,0,13,0,13,0,13,15,25,0,13,0,13,0,13,0,13,24,33,0,13,75,68,62,62,42,50,36,44,0,13,15,24,51,49,28,32,60,51,241,91,96,49,18,22
1400000US48453000307,48453000307,"Census Tract 3.07, Travis County, Texas",415,80,415,80,0,13,0,13,0,13,0,13,12,20,0,13,0,13,11,17,8,12,0,13,0,13,0,13,0,13,8,10,78,67,52,38,68,37,67,45,59,40,16,18,36,32,0,13
1400000US48453000401,48453000401,"Census Tract 4.01, Travis County, Texas",1051,118,1012,115,0,13,0,13,0,13,0,13,0,13,8,12,0,13,9,14,0,13,13,15,21,21,70,50,47,32,50,44,33,27,86,45,197,86,113,52,180,64,85,46,100,55,39,32
1400000US48453000402,48453000402,"Census Tract 4.02, Travis County, Texas",948,111,921,103,0,13,0,13,0,13,0,13,8,13,0,13,0,13,0,13,0,13,0,13,0,13,49,60,27,21,33,42,143,79,168,94,127,81,157,86,118,61,61,45,30,40,27,41
1400000US48453000500,48453000500,"Census Tract 5, Travis County, Texas",1900,176,1855,177,0,13,0,13,0,13,12,19,0,13,0,13,0,13,0,13,0,13,53,70,32,35,85,84,160,109,166,90,93,73,214,118,270,128,310,123,140,71,111,84,209,131,45,40
1400000US48453000601,48453000601,"Census Tract 6.01, Travis County, Texas",446,68,443,68,0,18,0,18,0,18,0,18,0,18,0,18,3,5,28,43,3,5,0,18,22,24,11,12,0,18,28,23,36,26,27,21,12,11,54,32,35,28,103,53,81,62,3,6
1400000US48453000603,48453000603,"Census Tract 6.03, Travis County, Texas",2476,189,2408,186,0,18,0,18,0,18,0,18,0,18,0,18,0,18,23,19,0,18,51,73,23,37,77,42,23,26,48,40,63,50,230,100,217,84,387,126,249,116,482,143,535,153,68,46
1400000US48453000604,48453000604,"Census Tract 6.04, Travis County, Texas",1627,177,1561,178,0,18,0,18,0,18,0,18,10,16,0,18,0,18,0,18,18,29,20,33,79,78,0,18,53,41,0,18,106,95,202,102,135,96,243,125,98,61,390,140,207,102,66,54
1400000US48453000700,48453000700,"Census Tract 7, Travis County, Texas",447,64,442,64,0,13,0,13,0,13,0,13,0,13,0,13,0,13,0,13,0,13,30,29,33,29,40,35,27,17,3,6,20,22,29,28,34,25,127,75,47,33,52,50,0,13,5,8
1400000US48453000801,48453000801,"Census Tract 8.01, Travis County, Texas",225,51,220,51,0,13,15,24,22,29,17,13,6,10,8,11,0,13,6,9,6,9,15,23,10,17,11,16,0,13,4,9,23,28,10,17,0,13,7,11,52,38,8,12,0,13,5,9
1400000US48453000802,48453000802,"Census Tract 8.02, Travis County, Texas",825,118,810,115,44,43,48,44,0,13,91,61,51,47,30,34,57,53,21,23,50,55,77,60,23,35,22,33,45,59,62,73,0,13,21,25,34,37,38,37,87,68,9,17,0,13,15,19
1400000US48453000803,48453000803,"Census Tract 8.03, Travis County, Texas",479,104,458,103,0,13,0,13,0,13,0,13,0,13,0,13,0,13,8,12,0,13,0,13,0,13,8,19,7,11,22,24,73,51,68,62,0,13,127,76,101,68,34,29,10,16,21,26
1400000US48453000804,48453000804,"Census Tract 8.04, Travis County, Texas",512,74,481,70,35,23,2,6,22,25,15,12,9,10,17,19,24,28,18,21,20,23,12,14,24,31,27,31,0,13,27,32,15,16,34,29,27,22,55,42,48,33,29,26,21,20,31,27
1400000US48453000901,48453000901,"Census Tract 9.01, Travis County, Texas",517,74,510,75,0,13,0,13,0,13,5,7,0,13,0,13,0,13,19,21,0,13,25,26,8,12,19,23,0,13,0,13,30,35,37,33,54,41,68,43,74,42,155,55,16,17,7,11
1400000US48453000902,48453000902,"Census Tract 9.02, Travis County, Texas",963,146,881,159,0,18,0,18,49,70,58,53,32,42,18,26,0,18,40,45,65,68,0,18,0,18,0,18,61,69,37,37,0,18,118,77,60,52,256,97,80,57,0,18,7,12,82,69
1400000US48453001000,48453001000,"Census Tract 10, Travis County, Texas",783,119,776,119,0,13,21,33,9,15,30,27,17,18,36,46,54,51,32,31,37,30,67,54,46,51,10,16,26,25,0,13,0,13,96,83,30,26,82,50,84,66,55,55,44,52,7,11
1400000US48453001100,48453001100,"Census Tract 11, Travis County, Texas",1750,284,1736,283,0,13,0,13,0,13,40,30,27,23,0,13,0,13,0,13,0,13,0,13,6,10,0,13,16,26,0,13,14,22,19,23,13,15,129,112,84,57,741,216,647,196,14,22
1400000US48453001200,48453001200,"Census Tract 12, Travis County, Texas",1903,242,1852,239,0,13,0,13,0,13,13,22,0,13,0,13,0,13,16,26,24,27,44,71,162,119,38,46,47,50,16,24,46,53,55,74,93,57,315,157,130,81,550,127,303,120,51,44
1400000US48453001303,48453001303,"Census Tract 13.03, Travis County, Texas",576,117,562,115,0,13,0,13,0,13,10,17,0,13,10,16,54,42,6,10,0,13,8,12,0,13,32,31,0,13,13,20,8,13,122,79,96,60,36,28,27,26,97,47,43,33,14,22
1400000US48453001304,48453001304,"Census Tract 13.04, Travis County, Texas",1103,145,1061,147,0,13,0,13,0,13,0,13,0,13,33,33,24,36,0,13,0,13,18,20,9,13,13,21,7,10,15,24,56,45,146,69,59,43,262,96,269,105,95,51,55,39,42,39
1400000US48453001305,48453001305,"Census Tract 13.05, Travis County, Texas",1490,208,1425,206,98,82,27,44,0,18,32,22,9,24,7,13,59,55,35,42,36,42,15,23,15,23,14,22,0,18,62,91,13,21,207,92,159,95,337,127,157,96,117,82,26,29,65,55
1400000US48453001307,48453001307,"Census Tract 13.07, Travis County, Texas",1281,103,1272,104,0,13,0,13,85,72,11,17,0,13,43,48,0,13,33,50,19,23,0,13,20,29,43,49,74,53,31,28,31,24,153,68,276,85,264,88,136,66,29,24,24,24,9,15
1400000US48453001308,48453001308,"Census Tract 13.08, Travis County, Texas",716,128,684,126,0,13,0,13,0,13,0,13,0,13,0,13,0,13,30,47,0,13,23,37,28,25,39,48,59,48,77,56,50,46,83,52,41,47,117,67,62,48,52,36,23,39,32,32
1400000US48453001401,48453001401,"Census Tract 14.01, Travis County, Texas",1120,139,1120,139,0,13,0,13,0,13,0,13,0,13,0,13,0,13,10,15,25,40,0,13,0,13,8,12,29,48,0,13,15,24,101,76,118,75,234,108,267,106,215,66,98,44,0,13
1400000US48453001402,48453001402,"Census Tract 14.02, Travis County, Texas",819,117,792,108,0,13,0,13,16,13,0,13,0,13,7,11,15,24,0,13,0,13,0,13,0,13,5,9,16,24,85,62,79,53,41,28,62,47,227,109,98,45,48,26,93,46,27,31
1400000US48453001403,48453001403,"Census Tract 14.03, Travis County, Texas",479,80,462,84,0,13,3,5,0,13,0,13,0,13,0,13,0,13,0,13,0,13,0,13,16,18,30,32,110,69,81,56,63,46,59,43,0,13,19,18,51,27,27,28,3,6,17,27
1400000US48453001501,48453001501,"Census Tract 15.01, Travis County, Texas",509,120,493,119,0,18,4,9,0,18,0,18,0,18,0,18,0,18,11,18,0,18,0,18,11,18,11,18,0,18,15,23,73,88,77,60,41,40,138,81,40,41,72,67,0,18,16,25
1400000US48453001503,48453001503,"Census Tract 15.03, Travis County, Texas",1047,121,996,119,6,10,0,13,6,9,0,13,0,13,0,13,0,13,9,13,0,13,9,15,45,42,73,45,129,74,74,56,31,33,97,60,75,50,174,63,125,65,96,52,47,37,51,39
1400000US48453001504,48453001504,"Census Tract 15.04, Travis County, Texas",1001,159,970,163,0,13,0,13,0,13,0,13,0,13,0,13,0,13,0,13,0,13,0,13,0,13,28,34,0,13,71,60,31,25,127,89,124,94,262,125,89,52,238,126,0,13,31,35
1400000US48453001505,48453001505,"Census Tract 15.05, Travis County, Texas",1012,137,1012,137,0,13,0,13,0,13,0,13,0,13,0,13,0,13,8,14,0,13,0,13,28,31,15,25,14,22,224,130,118,80,71,46,142,81,197,106,94,69,89,75,12,22,0,13
1400000US48453001602,48453001602,"Census Tract 16.02, Travis County, Texas",1184,111,1179,111,0,13,7,11,0,13,0,13,0,13,0,13,11,16,0,13,8,14,22,35,42,39,138,73,161,64,135,75,50,39,108,73,9,14,110,74,115,55,160,90,103,52,5,9
1400000US48453001603,48453001603,"Census Tract 16.03, Travis County, Texas",359,96,352,95,0,13,0,13,0,13,0,13,0,13,0,13,0,13,0,13,0,13,0,13,8,13,0,13,0,13,0,13,9,14,45,23,17,20,9,13,18,20,135,64,111,72,7,10
1400000US48453001604,48453001604,"Census Tract 16.04, Travis County, Texas",225,82,178,80,0,13,0,13,0,13,0,13,0,13,0,13,0,13,0,13,0,13,0,13,0,13,0,13,0,13,10,16,0,13,0,13,22,20,25,29,41,49,71,61,9,15,47,38
1400000US48453001605,48453001605,"Census Tract 16.05, Travis County, Texas",1053,161,1024,161,0,13,0,13,0,13,0,13,0,13,0,13,0,13,9,14,0,13,0,13,24,38,17,26,37,27,21,23,59,57,48,33,136,91,287,109,159,71,173,103,54,73,29,33
1400000US48453001606,48453001606,"Census Tract 16.06, Travis County, Texas",0,13,0,13,0,13,0,13,0,13,0,13,0,13,0,13,0,13,0,13,0,13,0,13,0,13,0,13,0,13,0,13,0,13,0,13,0,13,0,13,0,13,0,13,0,13,0,13
1400000US48453001705,48453001705,"Census Tract 17.05, Travis County, Texas",826,135,826,135,0,13,0,13,0,13,0,13,0,13,0,13,0,13,0,13,0,13,0,13,0,13,0,13,35,40,0,13,0,13,0,13,54,49,314,137,85,61,257,120,81,51,0,13
1400000US48453001706,48453001706,"Census Tract 17.06, Travis County, Texas",693,102,667,100,0,13,0,13,0,13,0,13,0,13,0,13,0,13,0,13,11,16,0,13,8,12,7,11,51,37,62,56,52,36,81,47,74,52,157,74,25,25,90,68,49,44,26,30
1400000US48453001707,48453001707,"Census Tract 17.07, Travis County, Texas",998,147,975,155,0,13,0,13,0,13,0,13,0,13,0,13,0,13,14,23,0,13,0,13,0,13,0,13,0,13,93,70,102,80,199,106,134,106,250,127,101,87,29,33,53,44,23,36
1400000US48453001712,48453001712,"Census Tract 17.12, Travis County, Texas",1082,107,1075,109,0,13,0,13,23,26,31,24,32,35,0,13,8,13,0,13,31,49,31,52,0,13,26,42,51,45,90,76,109,80,55,36,169,105,287,108,18,21,35,31,79,39,7,13
1400000US48453001713,48453001713,"Census Tract 17.13, Travis County, Texas",703,133,686,130,0,13,0,13,44,53,0,13,0,13,0,13,19,24,0,13,45,41,7,12,8,13,9,14,37,45,31,25,67,58,64,59,100,62,112,69,35,44,99,62,9,14,17,21
1400000US48453001714,48453001714,"Census Tract 17.14, Travis County, Texas",2390,300,2390,300,0,20,0,20,0,20,0,20,0,20,0,20,0,20,0,20,0,20,0,20,0,20,0,20,55,70,100,112,179,157,426,203,300,156,834,310,433,163,28,45,35,42,0,20
1400000US48453001716,48453001716,"Census Tract 17.16, Travis County, Texas",1014,158,999,156,0,18,0,18,0,18,0,18,0,18,0,18,0,18,0,18,0,18,0,18,0,18,0,18,31,34,13,21,0,18,108,80,39,48,421,154,187,101,175,103,25,36,15,26
1400000US48453001718,48453001718,"Census Tract 17.18, Travis County, Texas",1384,204,1384,204,0,18,0,18,0,18,0,18,0,18,0,18,0,18,0,18,0,18,0,18,0,18,0,18,74,86,20,31,57,47,92,64,141,82,372,155,262,130,264,128,102,98,0,18
1400000US48453001719,48453001719,"Census Tract 17.19, Travis County, Texas",164,86,128,79,0,13,0,13,0,13,0,13,0,13,0,13,0,13,0,13,0,13,0,13,0,13,0,13,0,13,0,13,0,13,0,13,0,13,0,13,24,36,71,66,33,39,36,41
1400000US48453001722,48453001722,"Census Tract 17.22, Travis County, Texas",2294,126,2294,126,0,13,47,74,0,13,0,13,0,13,0,13,0,13,0,13,0,13,0,13,0,13,102,95,72,75,82,51,195,110,576,194,388,141,577,164,197,108,45,38,13,21,0,13
1400000US48453001728,48453001728,"Census Tract 17.28, Travis County, Texas",1213,222,1195,220,0,18,0,18,0,18,0,18,0,18,0,18,0,18,12,20,0,18,44,66,0,18,36,57,32,53,44,42,0,18,22,35,67,55,271,120,276,135,368,187,23,29,18,28
1400000US48453001729,48453001729,"Census Tract 17.29, Travis County, Texas",900,170,893,168,0,13,0,13,0,13,0,13,0,13,0,13,0,13,0,13,0,13,0,13,0,13,0,13,13,21,35,40,49,76,105,64,78,61,342,121,114,101,157,115,0,13,7,17
1400000US48453001733,48453001733,"Census Tract 17.33, Travis County, Texas",137,89,137,89,0,13,0,13,0,13,0,13,0,13,0,13,0,13,0,13,0,13,0,13,0,13,0,13,0,13,0,13,0,13,38,58,16,24,70,72,0,13,7,11,6,9,0,13
1400000US48453001737,48453001737,"Census Tract 17.37, Travis County, Texas",991,193,983,191,0,20,0,20,0,20,0,20,0,20,0,20,0,20,0,20,0,20,0,20,0,20,0,20,0,20,0,20,15,24,89,55,35,33,399,149,96,79,172,97,177,120,8,12
1400000US48453001738,48453001738,"Census Tract 17.38, Travis County, Texas",491,144,467,150,0,18,0,18,0,18,0,18,0,18,0,18,0,18,0,18,0,18,0,18,0,18,0,18,29,31,131,112,15,24,0,18,0,18,28,33,0,18,134,84,130,93,24,38
1400000US48453001740,48453001740,"Census Tract 17.40, Travis County, Texas",785,94,767,90,0,13,0,13,0,13,0,13,0,13,0,13,0,13,0,13,0,13,0,13,0,13,0,13,0,13,0,13,5,8,14,22,118,68,232,81,166,94,193,97,39,37,18,27
1400000US48453001741,48453001741,"Census Tract 17.41, Travis County, Texas",327,125,327,125,0,13,0,13,0,13,0,13,0,13,0,13,31,51,0,13,0,13,0,13,7,13,0,13,0,13,0,13,37,59,0,13,16,26,83,80,12,19,100,76,41,50,0,13
1400000US48453001742,48453001742,"Census Tract 17.42, Travis County, Texas",583,150,577,151,0,18,0,18,0,18,0,18,0,18,0,18,0,18,49,77,0,18,0,18,0,18,19,32,0,18,55,68,0,18,49,78,34,30,47,54,109,88,46,47,169,76,6,12
1400000US48453001745,48453001745,"Census Tract 17.45, Travis County, Texas",305,80,297,82,0,13,0,13,0,13,0,13,0,13,0,13,0,13,0,13,0,13,0,13,0,13,0,13,0,13,0,13,17,19,10,15,93,55,76,62,41,33,24,24,36,45,8,13
1400000US48453001746,48453001746,"Census Tract 17.46, Travis County, Texas",703,107,703,107,0,13,0,13,0,13,0,13,0,13,0,13,0,13,0,13,0,13,0,13,0,13,38,31,35,40,75,47,62,51,105,72,81,87,168,91,53,34,86,50,0,13,0,13
1400000US48453001747,48453001747,"Census Tract 17.47, Travis County, Texas",1037,139,1018,137,0,18,0,18,0,18,11,17,0,18,10,17,12,19,0,18,7,11,0,18,20,30,0,18,0,18,34,41,71,66,91,65,51,34,382,121,150,73,179,109,0,18,19,22
1400000US48453001748,48453001748,"Census Tract 17.48, Travis County, Texas",832,156,818,155,0,18,0,18,0,18,0,18,0,18,0,18,0,18,0,18,0,18,0,18,0,18,0,18,0,18,14,23,51,49,121,74,110,67,236,100,163,91,110,80,13,22,14,23
1400000US48453001749,48453001749,"Census Tract 17.49, Travis County, Texas",1752,212,1752,212,0,18,0,18,0,18,16,25,14,23,0,18,0,18,0,18,0,18,0,18,0,18,0,18,11,17,32,53,77,70,235,124,248,112,638,176,259,120,222,110,0,18,0,18
1400000US48453001750,48453001750,"Census Tract 17.50, Travis County, Texas",1658,157,1656,157,0,13,0,13,0,13,0,13,0,13,0,13,0,13,0,13,0,13,0,13,0,13,0,13,0,13,94,94,18,24,243,101,520,162,527,152,161,98,67,53,26,24,2,3
1400000US48453001751,48453001751,"Census Tract 17.51, Travis County, Texas",84,56,74,53,0,13,0,13,0,13,0,13,0,13,0,13,0,13,0,13,0,13,0,13,0,13,0,13,0,13,0,13,0,13,0,13,5,8,5,8,19,17,39,51,6,9,10,16
1400000US48453001752,48453001752,"Census Tract 17.52, Travis County, Texas",2076,138,2076,138,0,13,0,13,0,13,0,13,18,28,0,13,0,13,0,13,0,13,0,13,28,34,91,68,153,85,238,102,270,132,329,96,295,125,523,148,131,83,0,13,0,13,0,13
1400000US48453001753,48453001753,"Census Tract 17.53, Travis County, Texas",751,56,739,56,0,13,0,13,0,13,0,13,0,13,0,13,0,13,0,13,0,13,11,9,0,13,0,13,0,13,0,13,11,17,131,60,183,68,270,65,127,60,6,9,0,13,12,22
1400000US48453001754,48453001754,"Census Tract 17.54, Travis County, Texas",1343,158,1343,158,0,13,0,13,0,13,0,13,0,13,0,13,0,13,0,13,0,13,8,13,0,13,79,75,140,131,110,86,154,100,139,92,241,108,173,100,177,97,102,94,20,31,0,13
1400000US48453001755,48453001755,"Census Tract 17.55, Travis County, Texas",164,82,155,81,0,18,0,18,0,18,0,18,0,18,0,18,0,18,0,18,0,18,8,13,0,18,0,18,0,18,0,18,11,16,10,18,0,18,7,11,58,48,0,18,61,57,9,14
1400000US48453001756,48453001756,"Census Tract 17.56, Travis County, Texas",563,124,563,124,0,13,0,13,0,13,0,13,0,13,0,13,0,13,0,13,0,13,0,13,0,13,10,18,8,13,49,54,20,17,19,19,100,91,67,58,127,71,154,77,9,14,0,13
1400000US48453001757,48453001757,"Census Tract 17.57, Travis County, Texas",385,79,385,79,0,13,0,13,0,13,0,13,0,13,0,13,0,13,0,13,0,13,0,13,0,13,0,13,0,13,0,13,0,13,35,31,48,34,174,70,78,50,41,46,9,14,0,13
1400000US48453001760,48453001760,"Census Tract 17.60, Travis County, Texas",927,227,927,227,0,20,0,20,0,20,0,20,0,20,0,20,0,20,0,20,0,20,0,20,0,20,0,20,0,20,0,20,0,20,17,28,118,102,82,54,225,157,141,116,344,159,0,20
1400000US48453001761,48453001761,"Census Tract 17.61, Travis County, Texas",1081,203,1007,178,0,18,0,18,0,18,0,18,0,18,0,18,0,18,0,18,0,18,0,18,0,18,0,18,0,18,31,36,0,18,174,105,117,86,425,176,166,103,76,96,18,29,74,96
1400000US48453001764,48453001764,"Census Tract 17.64, Travis County, Texas",276,117,229,113,0,18,0,18,0,18,0,18,0,18,0,18,0,18,0,18,0,18,0,18,0,18,0,18,0,18,0,18,0,18,31,41,0,18,76,87,42,42,43,34,37,39,47,38
1400000US48453001765,48453001765,"Census Tract 17.65, Travis County, Texas",1468,246,1389,249,0,20,0,20,0,20,0,20,0,20,0,20,0,20,0,20,0,20,3,5,1,4,23,35,6,7,36,50,93,110,223,119,166,168,470,195,210,151,85,66,73,70,79,66
1400000US48453001766,48453001766,"Census Tract 17.66, Travis County, Texas",531,190,463,168,0,18,0,18,0,18,0,18,0,18,0,18,0,18,0,18,0,18,0,18,14,22,7,11,0,18,21,27,93,78,103,84,94,89,21,34,96,77,14,23,0,18,68,87
1400000US48453001768,48453001768,"Census Tract 17.68, Travis County, Texas",650,187,631,185,0,18,0,18,0,18,0,18,0,18,0,18,0,18,0,18,0,18,0,18,0,18,0,18,0,18,0,18,46,38,31,41,36,42,193,113,237,149,11,18,77,85,19,32
1400000US48453001769,48453001769,"Census Tract 17.69, Travis County, Texas",253,100,253,100,0,18,0,18,0,18,0,18,0,18,0,18,0,18,16,25,0,18,0,18,0,18,0,18,0,18,0,18,0,18,38,35,27,29,85,56,11,18,64,63,12,20,0,18
1400000US48453001770,48453001770,"Census Tract 17.70, Travis County, Texas",231,107,173,85,0,20,0,20,0,20,0,20,0,20,0,20,0,20,0,20,0,20,0,20,0,20,0,20,0,20,0,20,0,20,0,20,0,20,17,26,0,20,57,67,99,58,58,69
1400000US48453001771,48453001771,"Census Tract 17.71, Travis County, Texas",91,69,80,66,0,13,0,13,0,13,0,13,0,13,0,13,0,13,0,13,0,13,8,12,0,13,11,18,0,13,0,13,0,13,0,13,0,13,0,13,0,13,47,60,14,16,11,17
1400000US48453001772,48453001772,"Census Tract 17.72, Travis County, Texas",184,98,184,98,0,13,0,13,0,13,0,13,0,13,0,13,0,13,7,12,0,13,0,13,0,13,0,13,0,13,0,13,0,13,31,49,37,59,16,25,28,28,50,51,15,24,0,13
1400000US48453001773,48453001773,"Census Tract 17.73, Travis County, Texas",407,88,331,85,0,18,0,18,0,18,0,18,0,18,0,18,0,18,0,18,0,18,0,18,0,18,0,18,6,9,7,10,0,18,18,31,30,32,112,73,45,31,54,44,59,36,76,74
1400000US48453001774,48453001774,"Census Tract 17.74, Travis County, Texas",425,176,373,168,0,18,0,18,0,18,0,18,0,18,0,18,0,18,0,18,0,18,0,18,0,18,0,18,0,18,11,19,0,18,0,18,0,18,0,18,36,42,326,163,0,18,52,73
1400000US48453001775,48453001775,"Census Tract 17.75, Travis County, Texas",47,39,39,37,0,18,0,18,24,41,0,18,0,18,0,18,0,18,0,18,0,18,0,18,0,18,0,18,0,18,0,18,0,18,0,18,0,18,0,18,9,14,6,9,0,18,8,13
1400000US48453001776,48453001776,"Census Tract 17.76, Travis County, Texas",205,94,205,94,0,13,0,13,0,13,0,13,0,13,0,13,0,13,0,13,0,13,0,13,0,13,0,13,0,13,0,13,0,13,26,40,0,13,49,55,102,65,28,33,0,13,0,13
1400000US48453001777,48453001777,"Census Tract 17.77, Travis County, Texas",868,154,847,154,0,18,0,18,0,18,0,18,0,18,0,18,0,18,0,18,0,18,38,60,0,18,0,18,0,18,0,18,25,30,55,71,24,32,269,106,176,107,260,138,0,18,21,24
1400000US48453001778,48453001778,"Census Tract 17.78, Travis County, Texas",490,109,474,107,0,13,0,13,0,13,0,13,0,13,0,13,0,13,0,13,0,13,0,13,0,13,0,13,0,13,8,12,0,13,24,42,16,19,133,85,229,113,14,22,50,39,16,25
1400000US48453001779,48453001779,"Census Tract 17.79, Travis County, Texas",397,166,347,157,0,18,0,18,0,18,0,18,0,18,0,18,0,18,0,18,0,18,18,29,0,18,0,18,0,18,0,18,9,14,21,27,96,107,119,125,63,62,21,34,0,18,50,77
1400000US48453001780,48453001780,"Census Tract 17.80, Travis County, Texas",183,63,164,60,0,13,0,13,0,13,0,13,0,13,0,13,0,13,0,13,0,13,0,13,0,13,0,13,0,13,9,13,0,13,21,25,20,21,30,29,24,23,60,56,0,13,19,18
1400000US48453001781,48453001781,"Census Tract 17.81, Travis County, Texas",140,86,140,86,0,13,0,13,0,13,0,13,0,13,0,13,0,13,0,13,0,13,0,13,0,13,0,13,0,13,0,13,0,13,67,63,13,16,53,74,7,11,0,13,0,13,0,13
1400000US48453001782,48453001782,"Census Tract 17.82, Travis County, Texas",320,94,320,94,0,18,0,18,0,18,0,18,0,18,0,18,0,18,0,18,0,18,0,18,0,18,0,18,0,18,0,18,0,18,9,15,18,28,174,95,60,46,39,52,20,24,0,18
1400000US48453001783,48453001783,"Census Tract 17.83, Travis County, Texas",265,116,265,116,0,18,0,18,0,18,0,18,0,18,0,18,0,18,0,18,0,18,0,18,0,18,9,15,13,20,0,18,0,18,32,51,20,26,31,35,26,41,108,88,26,32,0,18
1400000US48453001784,48453001784,"Census Tract 17.84, Travis County, Texas",349,121,349,121,0,18,0,18,0,18,0,18,0,18,0,18,3,6,0,18,0,18,0,18,0,18,0,18,0,18,0,18,0,18,0,18,42,35,60,49,80,62,13,16,151,100,0,18
1400000US48453001785,48453001785,"Census Tract 17.85, Travis County, Texas",1686,164,1686,164,0,13,0,13,0,13,0,13,0,13,0,13,0,13,0,13,0,13,0,13,0,13,11,18,38,54,80,73,214,139,277,131,116,67,591,210,232,122,127,92,0,13,0,13
1400000US48453001786,48453001786,"Census Tract 17.86, Travis County, Texas",2059,206,2031,210,0,18,0,18,0,18,0,18,0,18,0,18,0,18,0,18,0,18,0,18,0,18,0,18,0,18,25,40,77,70,185,95,269,131,630,185,531,179,285,133,29,33,28,40
1400000US48453001804,48453001804,"Census Tract 18.04, Travis County, Texas",2050,154,2047,159,0,18,0,18,10,15,0,18,0,18,12,19,0,18,11,17,65,70,65,57,42,46,24,39,523,197,121,78,113,80,465,178,170,108,321,141,60,65,45,41,0,18,3,18
1400000US48453001805,48453001805,"Census Tract 18.05, Travis County, Texas",1134,127,1120,130,0,13,0,13,15,17,29,38,21,38,42,40,21,33,39,42,38,44,118,72,46,52,26,31,90,63,60,47,36,39,221,110,119,76,110,79,47,32,33,38,9,16,14,21
1400000US48453001806,48453001806,"Census Tract 18.06, Travis County, Texas",1705,169,1705,169,31,50,0,18,0,18,14,23,0,18,15,24,26,31,0,18,76,75,115,82,146,101,196,111,208,112,145,79,102,80,254,133,229,129,60,45,88,84,0,18,0,18,0,18
1400000US48453001811,48453001811,"Census Tract 18.11, Travis County, Texas",775,142,754,147,0,13,0,13,10,16,11,17,12,18,15,17,23,37,53,58,0,13,0,13,83,81,101,71,123,65,40,49,39,45,84,70,63,53,57,59,40,42,0,13,0,13,21,32
1400000US48453001812,48453001812,"Census Tract 18.12, Travis County, Texas",2512,213,2512,213,0,18,12,20,0,18,19,24,0,18,13,21,57,48,19,17,38,46,59,58,80,87,289,146,101,68,333,138,464,144,463,133,215,100,223,94,35,33,34,39,58,48,0,18
1400000US48453001813,48453001813,"Census Tract 18.13, Travis County, Texas",1352,155,1331,164,0,18,0,18,0,18,0,18,64,46,17,29,0,18,0,18,0,18,16,25,91,55,98,85,70,67,151,84,225,105,239,106,198,101,101,74,29,45,32,53,0,18,21,33
1400000US48453001817,48453001817,"Census Tract 18.17, Travis County, Texas",1029,162,1014,163,0,13,19,29,45,24,19,30,0,13,24,27,0,13,18,30,15,25,17,26,0,13,73,75,59,51,150,107,55,52,113,68,128,73,100,53,138,100,31,28,10,17,15,24
1400000US48453001818,48453001818,"Census Tract 18.18, Travis County, Texas",1014,179,1014,179,0,18,0,18,0,18,0,18,0,18,15,25,0,18,0,18,0,18,15,25,0,18,54,68,107,101,82,89,30,35,214,146,79,54,244,156,126,107,48,44,0,18,0,18
1400000US48453001819,48453001819,"Census Tract 18.19, Travis County, Texas",1180,71,1170,71,0,13,0,13,0,13,0,13,0,13,15,24,0,13,0,13,0,13,19,30,35,38,45,48,159,84,156,75,111,64,160,80,218,79,231,99,21,26,0,13,0,13,10,17
1400000US48453001820,48453001820,"Census Tract 18.20, Travis County, Texas",2137,186,2137,186,0,18,0,18,72,97,12,19,0,18,0,18,0,18,0,18,22,35,101,81,76,59,436,194,288,118,326,121,106,77,189,100,235,125,98,80,125,113,51,56,0,18,0,18
1400000US48453001821,48453001821,"Census Tract 18.21, Travis County, Texas",990,126,982,127,0,18,0,18,0,18,0,18,0,18,0,18,0,18,0,18,7,12,0,18,36,36,21,34,27,44,70,63,35,43,131,74,137,78,268,104,123,70,127,75,0,18,8,13
1400000US48453001822,48453001822,"Census Tract 18.22, Travis County, Texas",1639,193,1614,195,0,18,30,47,0,18,0,18,0,18,34,57,25,40,0,18,40,63,27,43,73,55,51,51,124,88,116,89,248,123,212,117,191,109,317,144,82,86,44,64,0,18,25,39
1400000US48453001823,48453001823,"Census Tract 18.23, Travis County, Texas",1487,123,1464,120,0,18,0,18,0,18,23,35,0,18,0,18,0,18,0,18,0,18,19,28,31,38,106,73,107,70,123,77,142,82,141,72,294,99,308,111,142,74,28,31,0,18,23,33
1400000US48453001824,48453001824,"Census Tract 18.24, Travis County, Texas",271,53,255,55,0,13,0,13,0,13,0,13,0,13,0,13,0,13,0,13,0,13,0,13,0,13,0,13,0,13,10,16,23,25,42,32,74,38,51,35,21,24,34,29,0,13,16,19
1400000US48453001826,48453001826,"Census Tract 18.26, Travis County, Texas",813,101,807,100,0,13,0,13,0,13,0,13,0,13,0,13,0,13,0,13,0,13,0,13,0,13,15,25,26,41,0,13,32,38,100,64,162,74,359,99,93,52,6,10,14,12,6,9
1400000US48453001828,48453001828,"Census Tract 18.28, Travis County, Texas",409,114,409,114,0,13,0,13,0,13,0,13,0,13,0,13,0,13,0,13,0,13,0,13,18,28,0,13,0,13,73,65,0,13,0,13,72,57,64,43,70,54,102,61,10,16,0,13
1400000US48453001829,48453001829,"Census Tract 18.29, Travis County, Texas",1203,104,1203,104,0,13,0,13,0,13,0,13,0,13,0,13,0,13,0,13,0,13,0,13,0,13,35,30,44,40,35,35,113,79,356,105,244,76,136,65,144,93,96,82,0,13,0,13
1400000US48453001832,48453001832,"Census Tract 18.32, Travis County, Texas",781,114,728,112,0,13,0,13,0,13,0,13,0,13,11,16,0,13,0,13,0,13,0,13,9,15,23,23,22,26,115,80,42,43,137,99,187,99,148,98,34,38,0,13,0,13,53,75
1400000US48453001833,48453001833,"Census Tract 18.33, Travis County, Texas",1187,158,1158,162,0,18,0,18,0,18,0,18,0,18,0,18,0,18,0,18,0,18,0,18,72,75,63,76,12,20,39,61,105,70,119,101,318,158,219,121,115,102,84,76,12,19,29,33
1400000US48453001834,48453001834,"Census Tract 18.34, Travis County, Texas",2187,243,2148,242,0,18,0,18,0,18,0,18,0,18,0,18,0,18,0,18,0,18,0,18,22,26,70,80,54,45,151,80,77,67,391,143,392,162,529,160,242,131,220,123,0,18,39,61
1400000US48453001835,48453001835,"Census Tract 18.35, Travis County, Texas",836,169,836,169,0,18,0,18,0,18,0,18,0,18,0,18,12,19,0,18,0,18,0,18,0,18,10,17,0,18,11,17,108,84,108,82,87,78,282,122,183,102,35,40,0,18,0,18
1400000US48453001839,48453001839,"Census Tract 18.39, Travis County, Texas",1769,248,1713,252,0,18,0,18,0,18,0,18,0,18,0,18,0,18,0,18,0,18,58,69,0,18,0,18,13,21,97,67,303,151,287,127,262,133,298,126,189,124,206,123,0,18,56,57
1400000US48453001840,48453001840,"Census Tract 18.40, Travis County, Texas",1071,217,1007,223,0,18,0,18,0,18,0,18,0,18,0,18,0,18,0,18,0,18,0,18,0,18,0,18,0,18,0,18,50,64,56,53,98,72,355,142,275,125,173,106,0,18,64,63
1400000US48453001841,48453001841,"Census Tract 18.41, Travis County, Texas",1052,255,1025,255,0,20,0,20,0,20,0,20,10,17,10,18,0,20,0,20,0,20,0,20,57,91,0,20,0,20,0,20,92,101,147,124,13,23,285,178,232,157,158,102,21,33,27,30
1400000US48453001842,48453001842,"Census Tract 18.42, Travis County, Texas",935,241,907,238,0,18,0,18,0,18,0,18,0,18,0,18,0,18,0,18,10,17,0,18,0,18,40,66,38,42,0,18,0,18,45,56,199,143,236,149,238,144,101,63,0,18,28,34
1400000US48453001843,48453001843,"Census Tract 18.43, Travis County, Texas",249,76,236,78,0,13,0,13,0,13,0,13,0,13,10,15,0,13,0,13,0,13,0,13,21,23,0,13,0,13,0,13,0,13,24,27,12,21,76,45,23,28,48,37,22,23,13,19
1400000US48453001844,48453001844,"Census Tract 18.44, Travis County, Texas",1021,115,999,120,0,13,0,13,0,13,0,13,0,13,0,13,0,13,0,13,0,13,0,13,9,14,51,43,22,23,100,71,83,50,167,89,125,71,332,77,81,51,29,42,0,13,22,34
1400000US48453001845,48453001845,"Census Tract 18.45, Travis County, Texas",557,105,557,105,0,13,0,13,0,13,0,13,0,13,0,13,0,13,0,13,0,13,0,13,0,13,22,24,6,10,0,13,19,22,116,69,139,79,129,64,28,42,88,60,10,17,0,13
1400000US48453001846,48453001846,"Census Tract 18.46, Travis County, Texas",81,54,81,54,0,13,0,13,0,13,0,13,0,13,0,13,0,13,0,13,0,13,0,13,0,13,0,13,0,13,0,13,0,13,0,13,20,31,0,13,10,12,10,11,41,47,0,13
1400000US48453001847,48453001847,"Census Tract 18.47, Travis County, Texas",1228,201,1228,201,0,18,0,18,0,18,25,43,0,18,0,18,0,18,0,18,0,18,0,18,0,18,0,18,14,22,58,50,20,32,193,128,165,106,355,156,130,80,194,126,74,93,0,18
1400000US48453001848,48453001848,"Census Tract 18.48, Travis County, Texas",1171,105,1171,105,0,13,0,13,0,13,0,13,0,13,0,13,0,13,0,13,0,13,8,14,0,13,0,13,0,13,55,45,17,21,263,96,101,54,446,119,154,78,70,41,57,58,0,13
1400000US48453001849,48453001849,"Census Tract 18.49, Travis County, Texas",3158,192,3057,213,0,18,14,24,0,18,0,18,0,18,0,18,0,18,0,18,0,18,0,18,14,22,13,23,46,43,60,45,239,139,690,232,604,197,897,213,284,139,151,86,45,44,101,99
1400000US48453001850,48453001850,"Census Tract 18.50, Travis County, Texas",1747,124,1732,126,0,13,0,13,0,13,0,13,0,13,0,13,0,13,0,13,0,13,26,40,9,15,33,33,201,110,118,67,130,88,286,98,203,121,408,154,202,103,74,69,42,66,15,23
1400000US48453001851,48453001851,"Census Tract 18.51, Travis County, Texas",2502,270,2374,270,0,18,0,18,0,18,0,18,0,18,0,18,69,67,0,18,0,18,0,18,0,18,0,18,46,58,114,107,201,122,436,215,392,159,738,256,142,76,236,123,0,18,128,162
1400000US48453001853,48453001853,"Census Tract 18.53, Travis County, Texas",181,98,181,98,0,13,0,13,0,13,0,13,0,13,0,13,0,13,0,13,0,13,0,13,0,13,0,13,0,13,0,13,0,13,0,13,21,29,97,74,21,34,42,45,0,13,0,13
1400000US48453001854,48453001854,"Census Tract 18.54, Travis County, Texas",163,81,151,79,0,13,0,13,0,13,0,13,0,13,0,13,0,13,0,13,0,13,0,13,0,13,0,13,0,13,0,13,0,13,0,13,7,12,11,19,73,68,43,41,17,28,12,18
1400000US48453001855,48453001855,"Census Tract 18.55, Travis County, Texas",1148,352,1105,357,0,20,0,20,0,20,0,20,0,20,0,20,0,20,0,20,0,20,0,20,0,20,15,27,0,20,0,20,0,20,58,90,233,231,260,167,202,133,219,142,118,118,43,51
1400000US48453001856,48453001856,"Census Tract 18.56, Travis County, Texas",217,112,217,112,0,18,0,18,34,58,0,18,0,18,0,18,0,18,0,18,0,18,0,18,0,18,0,18,0,18,0,18,0,18,64,82,16,26,0,18,37,39,45,37,21,29,0,18
1400000US48453001857,48453001857,"Census Tract 18.57, Travis County, Texas",770,210,770,210,0,18,42,66,48,75,0,18,0,18,0,18,0,18,17,28,0,18,17,30,0,18,0,18,13,21,25,29,62,65,37,39,42,52,128,91,220,143,119,120,0,18,0,18
1400000US48453001858,48453001858,"Census Tract 18.58, Travis County, Texas",218,123,218,123,0,20,0,20,0,20,0,20,0,20,0,20,0,20,0,20,0,20,0,20,0,20,33,52,0,20,0,20,0,20,0,20,0,20,0,20,40,52,122,93,23,38,0,20
1400000US48453001859,48453001859,"Census Tract 18.59, Travis County, Texas",88,53,82,53,0,13,0,13,0,13,0,13,0,13,0,13,0,13,0,13,0,13,0,13,0,13,0,13,0,13,23,36,0,13,11,21,0,13,48,42,0,13,0,13,0,13,6,11
1400000US48453001860,48453001860,"Census Tract 18.60, Travis County, Texas",1096,149,1096,149,0,13,0,13,0,13,0,13,0,13,0,13,0,13,0,13,41,64,0,13,0,13,0,13,0,13,20,24,46,35,86,64,107,88,578,137,130,101,88,71,0,13,0,13
1400000US48453001861,48453001861,"Census Tract 18.61, Travis County, Texas",275,140,266,140,0,13,0,13,0,13,0,13,0,13,0,13,0,13,0,13,0,13,0,13,0,13,0,13,0,13,0,13,0,13,0,13,41,64,12,19,25,28,188,126,0,13,9,15
1400000US48453001862,48453001862,"Census Tract 18.62, Travis County, Texas",780,153,758,154,0,18,0,18,0,18,0,18,0,18,0,18,0,18,0,18,10,16,0,18,31,49,0,18,0,18,48,74,65,69,181,112,51,41,129,90,122,97,71,67,50,78,22,33
1400000US48453001863,48453001863,"Census Tract 18.63, Travis County, Texas",1851,110,1840,112,0,13,0,13,0,13,0,13,0,13,0,13,8,13,0,13,0,13,0,13,19,27,159,102,204,97,181,77,317,128,443,125,240,113,229,101,27,28,13,20,0,13,11,17
1400000US48453001864,48453001864,"Census Tract 18.64, Travis County, Texas",1274,131,1274,131,0,13,0,13,0,13,0,13,0,13,0,13,0,13,0,13,0,13,14,22,12,19,35,31,31,42,60,62,78,59,173,74,159,79,418,110,127,91,79,67,88,49,0,13
1400000US48453001901,48453001901,"Census Tract 19.01, Travis County, Texas",1755,156,1745,155,0,18,35,56,0,18,0,18,0,18,0,18,0,18,9,14,0,18,85,85,17,28,18,29,22,35,63,70,82,68,267,98,177,112,608,155,178,100,153,97,31,31,10,16
1400000US48453001908,48453001908,"Census Tract 19.08, Travis County, Texas",1419,211,1369,209,0,18,0,18,16,25,0,18,0,18,0,18,0,18,0,18,0,18,48,76,0,18,0,18,19,30,0,18,19,31,110,75,217,90,402,140,306,129,152,103,80,76,50,48
1400000US48453001910,48453001910,"Census Tract 19.10, Travis County, Texas",828,116,828,116,0,13,0,13,0,13,0,13,0,13,0,13,0,13,0,13,37,58,0,13,27,33,0,13,0,13,16,24,15,17,33,31,86,56,173,73,164,82,128,86,149,76,0,13
1400000US48453001911,48453001911,"Census Tract 19.11, Travis County, Texas",1610,114,1605,113,0,13,0,13,0,13,0,13,0,13,3,9,0,13,0,13,21,27,7,10,9,14,6,10,0,13,18,27,39,31,217,97,127,67,637,131,283,84,193,84,45,34,5,9
1400000US48453001912,48453001912,"Census Tract 19.12, Travis County, Texas",266,72,255,72,0,13,0,13,0,13,0,13,0,13,0,13,0,13,0,13,0,13,0,13,0,13,0,13,0,13,0,13,0,13,0,13,0,13,55,44,41,35,133,67,26,19,11,17
1400000US48453001913,48453001913,"Census Tract 19.13, Travis County, Texas",148,71,139,71,0,13,0,13,0,13,0,13,0,13,0,13,0,13,0,13,0,13,0,13,0,13,0,13,0,13,0,13,0,13,11,18,0,13,27,29,0,13,38,57,63,38,9,14
1400000US48453001914,48453001914,"Census Tract 19.14, Travis County, Texas",1245,163,1188,156,0,18,0,18,0,18,0,18,0,18,30,46,0,18,0,18,0,18,0,18,0,18,0,18,0,18,0,18,0,18,99,67,137,87,501,189,263,121,105,82,53,50,57,50
1400000US48453001915,48453001915,"Census Tract 19.15, Travis County, Texas",533,61,525,62,1,3,0,13,0,13,0,13,0,13,0,13,0,13,0,13,0,13,0,13,0,13,0,13,0,13,17,25,37,36,31,36,112,67,183,78,61,43,51,42,32,26,8,12
1400000US48453001916,48453001916,"Census Tract 19.16, Travis County, Texas",6,11,6,11,0,13,0,13,0,13,0,13,0,13,0,13,0,13,0,13,0,13,0,13,0,13,0,13,0,13,0,13,0,13,0,13,0,13,0,13,6,11,0,13,0,13,0,13
1400000US48453001917,48453001917,"Census Tract 19.17, Travis County, Texas",54,47,17,26,0,13,0,13,0,13,0,13,0,13,0,13,0,13,0,13,0,13,0,13,0,13,0,13,0,13,0,13,0,13,0,13,0,13,0,13,0,13,17,26,0,13,37,38
1400000US48453001918,48453001918,"Census Tract 19.18, Travis County, Texas",89,77,89,77,0,13,0,13,0,13,0,13,0,13,0,13,0,13,0,13,0,13,0,13,0,13,0,13,0,13,0,13,0,13,0,13,0,13,0,13,0,13,43,60,46,57,0,13
1400000US48453001919,48453001919,"Census Tract 19.19, Travis County, Texas",161,59,157,59,0,13,0,13,0,13,0,13,0,13,0,13,0,13,0,13,0,13,0,13,0,13,0,13,20,22,0,13,0,13,13,19,0,13,37,39,25,35,0,13,62,40,4,6
1400000US48453002002,48453002002,"Census Tract 20.02, Travis County, Texas",546,119,546,119,0,13,0,13,0,13,3,8,7,11,7,12,4,8,0,13,0,13,0,13,27,44,0,13,7,11,21,21,56,53,0,13,22,32,177,85,136,71,79,69,0,13,0,13
1400000US48453002003,48453002003,"Census Tract 20.03, Travis County, Texas",774,99,753,98,0,13,0,13,0,13,0,13,0,13,0,13,0,13,0,13,0,13,25,40,0,13,79,56,53,52,88,65,132,63,142,81,81,57,68,51,19,21,29,29,37,42,21,26
1400000US48453002004,48453002004,"Census Tract 20.04, Travis County, Texas",1278,94,1278,94,0,13,0,13,0,13,18,17,0,13,0,13,0,13,0,13,0,13,7,12,0,13,34,52,65,38,96,53,75,50,316,106,308,86,178,74,141,57,40,38,0,13,0,13
1400000US48453002005,48453002005,"Census Tract 20.05, Travis County, Texas",1859,198,1859,198,0,13,0,13,0,13,0,13,0,13,0,13,17,27,54,53,0,13,43,70,0,13,16,27,194,118,106,75,106,93,247,129,309,131,466,175,138,81,163,125,0,13,0,13
1400000US48453002104,48453002104,"Census Tract 21.04, Travis County, Texas",521,131,521,131,0,13,0,13,0,13,0,13,0,13,0,13,14,22,0,13,0,13,7,12,0,13,0,13,44,47,0,13,46,34,31,50,78,43,80,66,127,87,94,70,0,13,0,13
1400000US48453002105,48453002105,"Census Tract 21.05, Travis County, Texas",1768,153,1768,153,0,18,19,30,0,18,49,65,36,53,0,18,57,77,0,18,35,55,12,20,14,24,242,112,61,49,174,96,246,91,263,94,305,112,67,61,116,91,72,58,0,18,0,18
1400000US48453002106,48453002106,"Census Tract 21.06, Travis County, Texas",474,98,457,95,0,13,0,13,0,13,41,38,0,13,18,27,0,13,0,13,31,38,0,13,19,30,31,41,27,25,50,54,0,13,73,65,41,45,40,47,51,53,35,41,0,13,17,21
1400000US48453002107,48453002107,"Census Tract 21.07, Travis County, Texas",802,127,794,125,22,28,0,13,10,15,0,13,20,32,0,13,0,13,8,12,0,13,56,63,7,13,82,65,52,58,24,40,17,28,110,81,114,66,106,56,136,76,24,31,6,13,8,13
1400000US48453002108,48453002108,"Census Tract 21.08, Travis County, Texas",798,95,782,99,0,13,0,13,27,37,22,36,0,13,21,36,0,13,0,13,0,13,105,57,125,71,50,49,42,36,66,58,16,19,93,61,107,74,27,25,19,30,39,35,23,22,16,17
1400000US48453002109,48453002109,"Census Tract 21.09, Travis County, Texas",649,128,627,130,0,13,0,13,8,13,8,12,9,15,19,22,49,57,0,13,0,13,12,18,38,46,46,43,16,26,17,18,12,18,69,63,108,54,84,65,61,49,71,64,0,13,22,20
1400000US48453002110,48453002110,"Census Tract 21.10, Travis County, Texas",721,115,670,118,0,13,10,16,31,51,0,13,37,59,0,13,0,13,0,13,0,13,0,13,43,56,7,12,41,51,0,13,57,59,64,56,93,78,221,99,13,19,53,63,0,13,51,53
1400000US48453002111,48453002111,"Census Tract 21.11, Travis County, Texas",878,123,858,124,0,13,15,19,16,20,64,63,31,37,0,13,31,36,0,13,143,84,24,38,49,55,0,13,24,38,25,22,36,36,67,60,81,66,156,85,57,38,39,46,0,13,20,23
1400000US48453002112,48453002112,"Census Tract 21.12, Travis County, Texas",1055,126,1037,128,0,13,0,13,0,13,8,11,0,13,0,13,0,13,0,13,0,13,47,47,81,53,99,64,172,83,78,65,82,55,58,32,99,69,226,103,44,42,43,56,0,13,18,20
1400000US48453002113,48453002113,"Census Tract 21.13, Travis County, Texas",400,91,371,86,0,13,0,13,0,13,0,13,0,13,0,13,16,23,0,13,0,13,7,11,0,13,31,36,0,13,30,44,27,33,67,50,33,36,87,54,32,36,41,43,0,13,29,27
1400000US48453002201,48453002201,"Census Tract 22.01, Travis County, Texas",177,51,177,51,0,13,0,13,0,13,0,13,0,13,0,13,0,13,0,13,4,7,0,13,4,9,0,13,0,13,0,13,0,13,47,40,40,34,46,34,36,25,0,13,0,13,0,13
1400000US48453002202,48453002202,"Census Tract 22.02, Travis County, Texas",1400,200,1400,200,0,18,33,48,0,18,0,18,20,32,0,18,0,18,0,18,52,68,12,19,0,18,0,18,13,20,37,56,17,29,320,142,234,123,561,202,85,83,16,26,0,18,0,18
1400000US48453002207,48453002207,"Census Tract 22.07, Travis County, Texas",531,215,531,215,0,18,0,18,0,18,2,4,0,18,0,18,0,18,12,20,0,18,100,151,0,18,13,20,0,18,0,18,32,52,40,66,13,20,51,53,210,127,58,54,0,18,0,18
1400000US48453002208,48453002208,"Census Tract 22.08, Travis County, Texas",682,159,647,152,0,18,0,18,0,18,0,18,0,18,0,18,0,18,0,18,0,18,23,38,70,69,29,41,0,18,0,18,20,33,94,67,28,32,178,106,69,58,136,84,0,18,35,33
1400000US48453002209,48453002209,"Census Tract 22.09, Travis County, Texas",640,207,623,207,0,18,0,18,0,18,0,18,37,55,0,18,0,18,0,18,0,18,0,18,0,18,48,74,0,18,37,39,43,69,14,22,31,43,14,24,280,175,119,96,0,18,17,22
1400000US48453002210,48453002210,"Census Tract 22.10, Travis County, Texas",100,65,79,58,0,13,0,13,0,13,0,13,0,13,0,13,0,13,0,13,0,13,0,13,6,9,0,13,0,13,0,13,15,18,4,8,35,44,12,25,6,11,1,3,0,13,21,23
1400000US48453002211,48453002211,"Census Tract 22.11, Travis County, Texas",144,82,144,82,0,13,0,13,0,13,0,13,0,13,0,13,0,13,0,13,0,13,0,13,37,47,49,53,0,13,0,13,21,33,28,38,0,13,0,13,9,16,0,13,0,13,0,13
1400000US48453002212,48453002212,"Census Tract 22.12, Travis County, Texas",17,22,17,22,0,13,0,13,0,13,0,13,0,13,0,13,0,13,0,13,0,13,0,13,0,13,0,13,0,13,0,13,0,13,13,21,0,13,0,13,4,7,0,13,0,13,0,13
1400000US48453002304,48453002304,"Census Tract 23.04, Travis County, Texas",1393,142,1369,142,8,12,0,13,0,13,0,13,0,13,0,13,0,13,36,43,0,13,0,13,28,44,162,81,127,66,48,50,113,72,216,92,230,102,161,94,190,70,16,19,34,36,24,40
1400000US48453002307,48453002307,"Census Tract 23.07, Travis County, Texas",2077,192,2064,196,0,18,0,18,31,48,0,18,0,18,0,18,0,18,0,18,0,18,13,19,0,18,90,71,27,31,175,105,275,140,470,180,410,180,362,140,111,87,87,85,13,20,13,21
1400000US48453002308,48453002308,"Census Tract 23.08, Travis County, Texas",1795,178,1755,181,11,18,51,40,14,22,16,25,13,20,0,18,0,18,0,18,0,18,46,54,27,32,71,69,109,90,69,49,71,63,216,115,169,89,417,178,168,88,209,104,78,72,40,48
1400000US48453002310,48453002310,"Census Tract 23.10, Travis County, Texas",471,108,457,104,0,13,0,13,0,13,5,8,0,13,0,13,0,13,0,13,16,25,24,29,5,8,52,58,17,25,30,33,15,17,121,68,32,30,113,55,27,30,0,13,0,13,14,20
1400000US48453002312,48453002312,"Census Tract 23.12, Travis County, Texas",1233,155,1126,153,0,18,0,18,0,18,13,21,0,18,26,41,0,18,0,18,0,18,32,50,49,60,65,74,32,52,159,96,83,71,151,80,162,87,151,96,108,80,95,77,0,18,107,70
1400000US48453002313,48453002313,"Census Tract 23.13, Travis County, Texas",1822,131,1822,131,0,13,0,13,0,13,0,13,0,13,0,13,0,13,53,50,0,13,0,13,69,56,105,64,153,88,204,79,226,87,296,112,321,128,279,111,69,49,29,45,18,27,0,13
1400000US48453002314,48453002314,"Census Tract 23.14, Travis County, Texas",1946,174,1925,179,0,13,0,13,0,13,0,13,0,13,30,33,0,13,0,13,0,13,0,13,0,13,105,84,117,53,251,115,188,98,323,133,226,107,384,128,211,94,70,66,20,32,21,35
1400000US48453002315,48453002315,"Census Tract 23.15, Travis County, Texas",1034,111,1031,109,0,13,0,13,0,13,0,13,0,13,0,13,11,17,17,30,34,40,0,13,66,52,108,60,83,52,106,53,86,53,194,71,192,82,72,46,36,34,26,43,0,13,3,8
1400000US48453002316,48453002316,"Census Tract 23.16, Travis County, Texas",2135,134,2120,135,0,18,0,18,0,18,0,18,0,18,0,18,30,33,17,24,0,18,12,16,190,86,160,97,237,113,236,95,321,124,408,125,341,138,76,57,53,64,39,45,0,18,15,25
1400000US48453002317,48453002317,"Census Tract 23.17, Travis County, Texas",1608,143,1608,143,0,13,0,13,0,13,0,13,0,13,0,13,15,24,33,35,109,90,157,92,70,71,112,81,62,43,40,43,57,67,274,133,46,60,277,122,169,103,106,81,81,72,0,13
1400000US48453002318,48453002318,"Census Tract 23.18, Travis County, Texas",2190,224,2134,225,26,42,0,18,0,18,0,18,0,18,25,38,138,97,33,57,0,18,42,48,129,81,77,69,20,23,119,127,107,87,230,149,282,135,392,194,203,130,311,137,0,18,56,83
1400000US48453002319,48453002319,"Census Tract 23.19, Travis County, Texas",0,13,0,13,0,13,0,13,0,13,0,13,0,13,0,13,0,13,0,13,0,13,0,13,0,13,0,13,0,13,0,13,0,13,0,13,0,13,0,13,0,13,0,13,0,13,0,13
1400000US48453002402,48453002402,"Census Tract 24.02, Travis County, Texas",2080,212,2013,214,0,18,0,18,0,18,16,26,0,18,0,18,0,18,72,106,0,18,0,18,0,18,34,58,36,39,0,18,119,91,308,130,254,121,633,177,450,169,91,73,0,18,67,74
1400000US48453002403,48453002403,"Census Tract 24.03, Travis County, Texas",470,124,461,125,0,13,0,13,0,13,0,13,0,13,22,35,0,13,0,13,0,13,0,13,14,22,51,56,8,12,43,53,22,28,11,16,0,13,110,79,61,57,102,61,17,20,9,14
1400000US48453002407,48453002407,"Census Tract 24.07, Travis County, Texas",529,105,527,105,0,18,0,18,0,18,0,18,24,38,0,18,0,18,0,18,0,18,0,18,0,18,0,18,0,18,0,18,0,18,1,3,104,66,211,97,168,89,16,18,3,5,2,3
1400000US48453002409,48453002409,"Census Tract 24.09, Travis County, Texas",489,99,489,99,0,13,0,13,0,13,0,13,0,13,0,13,6,10,0,13,0,13,0,13,0,13,0,13,11,17,7,13,0,13,15,19,31,47,204,90,114,75,101,72,0,13,0,13
1400000US48453002410,48453002410,"Census Tract 24.10, Travis County, Texas",1225,128,1151,120,0,13,0,13,0,13,0,13,8,13,0,13,0,13,7,12,0,13,31,49,41,55,45,52,64,57,24,22,124,77,271,107,124,85,282,98,72,54,58,50,0,13,74,56
1400000US48453002411,48453002411,"Census Tract 24.11, Travis County, Texas",1016,125,1009,125,0,18,0,18,0,18,0,18,0,18,10,17,0,18,0,18,0,18,9,13,14,23,8,13,0,18,27,42,117,81,223,92,170,87,300,123,114,77,17,19,0,18,7,11
1400000US48453002412,48453002412,"Census Tract 24.12, Travis County, Texas",432,113,432,113,0,18,0,18,0,18,0,18,0,18,0,18,0,18,0,18,0,18,29,44,0,18,0,18,8,13,0,18,24,25,18,31,60,44,184,87,109,70,0,18,0,18,0,18
1400000US48453002413,48453002413,"Census Tract 24.13, Travis County, Texas",910,93,910,93,0,18,0,18,0,18,0,18,10,17,0,18,0,18,0,18,21,24,16,27,23,34,67,68,0,18,0,18,0,18,183,98,238,117,312,139,0,18,40,37,0,18,0,18
1400000US48453002419,48453002419,"Census Tract 24.19, Travis County, Texas",1894,84,1865,93,0,13,0,13,40,39,0,13,0,13,0,13,0,13,0,13,0,13,11,17,62,53,27,33,119,77,133,69,310,104,428,109,341,102,361,92,33,32,0,13,0,13,29,35
1400000US48453002421,48453002421,"Census Tract 24.21, Travis County, Texas",2251,190,2211,211,0,18,0,18,12,21,0,18,3,20,0,18,0,18,0,18,0,18,0,18,0,18,0,18,24,37,25,30,51,65,87,61,482,165,821,205,450,193,256,132,0,18,40,65
1400000US48453002422,48453002422,"Census Tract 24.22, Travis County, Texas",1414,156,1414,156,0,18,0,18,0,18,14,21,0,18,0,18,0,18,40,58,44,71,24,29,66,84,79,90,235,138,15,26,86,74,56,45,278,137,310,137,125,84,42,42,0,18,0,18
1400000US48453002423,48453002423,"Census Tract 24.23, Travis County, Texas",817,155,810,155,0,18,0,18,0,18,0,18,0,18,0,18,0,18,25,41,0,18,32,47,0,18,16,27,0,18,0,18,0,18,64,75,114,100,301,148,208,131,50,63,0,18,7,14
1400000US48453002424,48453002424,"Census Tract 24.24, Travis County, Texas",676,99,644,99,0,13,0,13,0,13,9,14,9,14,0,13,24,20,0,13,19,31,0,13,0,13,64,51,25,39,72,50,6,9,59,49,94,55,96,66,102,50,65,55,0,13,32,36
1400000US48453002425,48453002425,"Census Tract 24.25, Travis County, Texas",490,118,467,116,0,13,0,13,0,13,0,13,0,13,0,13,0,13,0,13,29,45,0,13,0,13,0,13,0,13,0,13,0,13,34,39,100,64,107,59,25,42,145,121,27,32,23,37
1400000US48453002426,48453002426,"Census Tract 24.26, Travis County, Texas",712,217,701,218,0,18,0,18,0,18,0,18,0,18,0,18,0,18,0,18,0,18,0,18,0,18,0,18,0,18,106,114,0,18,73,79,0,18,80,67,219,134,208,165,15,25,11,21
1400000US48453002427,48453002427,"Census Tract 24.27, Travis County, Texas",892,187,892,187,0,18,0,18,0,18,0,18,0,18,0,18,0,18,0,18,0,18,0,18,61,89,13,21,125,106,17,28,53,72,158,97,123,96,270,148,48,70,24,35,0,18,0,18
1400000US48453002428,48453002428,"Census Tract 24.28, Travis County, Texas",1102,193,1102,193,0,18,0,18,0,18,0,18,0,18,0,18,0,18,0,18,35,52,0,18,0,18,0,18,19,30,17,25,91,123,205,146,134,86,308,140,229,129,48,50,16,26,0,18
1400000US48453002429,48453002429,"Census Tract 24.29, Travis County, Texas",363,53,363,53,0,13,0,13,0,13,0,13,0,13,0,13,0,13,0,13,0,13,0,13,0,13,10,15,8,10,0,13,51,49,32,29,28,29,142,48,70,51,22,38,0,13,0,13
1400000US48453002430,48453002430,"Census Tract 24.30, Travis County, Texas",202,94,202,94,0,13,0,13,0,13,0,13,0,13,0,13,0,13,0,13,7,23,0,13,0,13,0,13,19,30,15,27,0,13,0,13,27,38,91,60,31,37,12,20,0,13,0,13
1400000US48453002431,48453002431,"Census Tract 24.31, Travis County, Texas",607,164,566,168,0,18,0,18,0,18,0,18,0,18,36,56,26,41,0,18,0,18,0,18,0,18,0,18,0,18,0,18,12,20,23,37,46,51,239,107,115,91,69,65,0,18,41,40
1400000US48453002432,48453002432,"Census Tract 24.32, Travis County, Texas",228,79,187,78,0,13,0,13,0,13,12,18,2,3,0,13,0,13,28,44,0,13,1,3,0,13,56,59,3,5,22,30,0,13,20,25,5,12,7,10,31,47,0,13,0,13,41,37
1400000US48453002433,48453002433,"Census Tract 24.33, Travis County, Texas",151,67,146,67,0,18,0,18,0,18,0,18,0,18,0,18,0,18,0,18,0,18,0,18,0,18,0,18,0,18,9,15,0,18,7,13,0,18,13,25,29,35,88,57,0,18,5,9
1400000US48453002434,48453002434,"Census Tract 24.34, Travis County, Texas",166,60,162,59,0,13,0,13,0,13,0,13,0,13,0,13,0,13,0,13,0,13,0,13,0,13,0,13,0,13,0,13,24,25,6,10,32,26,25,29,75,45,0,13,0,13,4,7
1400000US48453002435,48453002435,"Census Tract 24.35, Travis County, Texas",501,203,424,195,0,18,0,18,0,18,0,18,0,18,0,18,0,18,0,18,0,18,0,18,0,18,0,18,40,64,15,25,0,18,57,69,0,18,58,81,155,119,99,94,0,18,77,74
1400000US48453002436,48453002436,"Census Tract 24.36, Travis County, Texas",193,67,161,60,0,13,0,13,0,13,0,13,0,13,0,13,0,13,57,42,0,13,0,13,0,13,0,13,0,13,0,13,0,13,15,16,35,33,18,32,36,39,0,13,0,13,32,35
1400000US48453002500,48453002500,"Census Tract 25, Travis County, Texas",1737,161,1716,163,0,18,0,18,0,18,0,18,0,18,0,18,0,18,0,18,0,18,0,18,0,18,16,24,56,51,16,25,16,20,231,94,217,85,666,194,176,93,195,117,127,59,21,22
1400000US48453980000,48453980000,"Census Tract 9800, Travis County, Texas",0,13,0,13,0,13,0,13,0,13,0,13,0,13,0,13,0,13,0,13,0,13,0,13,0,13,0,13,0,13,0,13,0,13,0,13,0,13,0,13,0,13,0,13,0,13,0,13
1400000US48491020105,48491020105,"Census Tract 201.05, Williamson County, Texas",188,121,188,121,0,13,0,13,0,13,0,13,0,13,0,13,0,13,0,13,0,13,0,13,0,13,0,13,0,13,0,13,0,13,7,12,0,13,97,104,14,23,30,31,40,47,0,13
1400000US48491020106,48491020106,"Census Tract 201.06, Williamson County, Texas",125,100,125,100,0,13,0,13,0,13,0,13,0,13,0,13,0,13,0,13,0,13,0,13,0,13,0,13,0,13,0,13,0,13,0,13,0,13,0,13,0,13,125,100,0,13,0,13
1400000US48491020107,48491020107,"Census Tract 201.07, Williamson County, Texas",180,108,164,108,0,13,0,13,0,13,0,13,0,13,17,27,0,13,0,13,0,13,0,13,0,13,0,13,0,13,0,13,0,13,17,27,0,13,15,25,44,71,71,60,0,13,16,26
1400000US48491020108,48491020108,"Census Tract 201.08, Williamson County, Texas",261,83,261,83,0,13,0,13,0,13,0,13,0,13,0,13,0,13,0,13,0,13,0,13,0,13,0,13,0,13,0,13,0,13,24,40,0,13,57,66,59,55,13,19,108,56,0,13
1400000US48491020109,48491020109,"Census Tract 201.09, Williamson County, Texas",36,40,36,40,0,13,0,13,0,13,0,13,0,13,0,13,0,13,0,13,0,13,0,13,0,13,0,13,0,13,0,13,0,13,0,13,0,13,0,13,25,36,11,18,0,13,0,13
1400000US48491020110,48491020110,"Census Tract 201.10, Williamson County, Texas",194,84,184,84,0,13,0,13,9,14,0,13,17,27,0,13,0,13,51,79,0,13,19,24,9,14,0,13,9,16,0,13,31,41,0,13,13,20,26,32,0,13,0,13,0,13,10,17
1400000US48491020111,48491020111,"Census Tract 201.11, Williamson County, Texas",232,76,211,71,0,13,0,13,0,13,0,13,0,13,0,13,0,13,0,13,0,13,0,13,0,13,0,13,0,13,0,13,18,18,60,51,17,24,24,30,43,43,49,42,0,13,21,24
1400000US48491020112,48491020112,"Census Tract 201.12, Williamson County, Texas",70,79,18,27,0,13,0,13,0,13,0,13,0,13,0,13,0,13,0,13,0,13,0,13,0,13,0,13,0,13,0,13,0,13,0,13,0,13,18,27,0,13,0,13,0,13,52,77
1400000US48491020113,48491020113,"Census Tract 201.13, Williamson County, Texas",438,128,438,128,21,32,0,13,0,13,16,20,0,13,0,13,0,13,0,13,0,13,13,21,23,25,45,37,12,21,80,73,49,48,8,13,50,40,21,27,12,20,88,75,0,13,0,13
1400000US48491020114,48491020114,"Census Tract 201.14, Williamson County, Texas",1029,119,999,116,0,18,0,18,0,18,11,19,15,18,0,18,0,18,0,18,0,18,0,18,0,18,9,15,38,62,74,43,126,65,97,48,199,129,379,120,51,32,0,18,0,18,30,32
1400000US48491020115,48491020115,"Census Tract 201.15, Williamson County, Texas",78,57,78,57,0,13,0,13,0,13,0,13,0,13,0,13,0,13,0,13,0,13,0,13,0,13,0,13,0,13,0,13,0,13,0,13,0,13,17,29,0,13,61,50,0,13,0,13
1400000US48491020201,48491020201,"Census Tract 202.01, Williamson County, Texas",201,90,199,91,0,13,0,13,0,13,9,14,0,13,0,13,0,13,0,13,0,13,4,7,13,16,9,12,70,75,19,32,11,14,19,30,7,8,36,28,2,3,0,13,0,13,2,4
1400000US48491020202,48491020202,"Census Tract 202.02, Williamson County, Texas",97,52,58,40,0,18,0,18,0,18,0,18,0,18,0,18,7,11,0,18,0,18,0,18,0,18,0,18,0,18,0,18,30,37,11,17,0,18,0,18,0,18,10,18,0,18,39,37
1400000US48491020203,48491020203,"Census Tract 202.03, Williamson County, Texas",82,85,82,85,0,13,0,13,0,13,0,13,0,13,0,13,0,13,0,13,0,13,0,13,0,13,0,13,0,13,0,13,0,13,0,13,15,23,0,13,0,13,67,82,0,13,0,13
1400000US48491020204,48491020204,"Census Tract 202.04, Williamson County, Texas",215,129,190,125,0,13,0,13,0,13,0,13,0,13,0,13,0,13,0,13,14,22,0,13,30,48,0,13,0,13,0,13,0,13,11,13,69,104,49,45,7,9,0,13,10,15,25,28
1400000US48491020301,48491020301,"Census Tract 203.01, Williamson County, Texas",361,107,277,99,0,18,0,18,0,18,0,18,0,18,0,18,5,8,0,18,0,18,5,7,0,18,0,18,3,5,0,18,0,18,21,19,47,38,54,38,62,49,69,62,11,17,84,64
1400000US48491020302,48491020302,"Census Tract 203.02, Williamson County, Texas",196,83,189,83,0,13,0,13,0,13,0,13,0,13,0,13,0,13,0,13,0,13,0,13,0,13,0,13,0,13,13,20,0,13,19,23,4,7,23,21,54,46,76,69,0,13,7,11
1400000US48491020310,48491020310,"Census Tract 203.10, Williamson County, Texas",204,70,204,70,0,13,0,13,0,13,0,13,0,13,0,13,0,13,0,13,0,13,0,13,0,13,0,13,0,13,0,13,16,25,18,28,17,18,28,29,36,54,52,40,37,44,0,13
1400000US48491020311,48491020311,"Census Tract 203.11, Williamson County, Texas",639,128,639,128,0,13,0,13,0,13,0,13,0,13,0,13,0,13,0,13,0,13,14,22,0,13,0,13,0,13,0,13,23,38,71,55,211,104,217,98,64,48,31,28,8,14,0,13
1400000US48491020312,48491020312,"Census Tract 203.12, Williamson County, Texas",802,208,789,210,0,18,0,18,0,18,0,18,0,18,0,18,0,18,0,18,0,18,0,18,0,18,0,18,55,85,0,18,0,18,244,148,20,32,72,76,239,162,159,118,0,18,13,21
1400000US48491020313,48491020313,"Census Tract 203.13, Williamson County, Texas",922,203,904,202,0,18,0,18,0,18,0,18,0,18,0,18,0,18,0,18,0,18,0,18,0,18,0,18,8,14,30,39,145,104,111,82,97,75,127,88,77,103,199,112,110,84,18,29
1400000US48491020314,48491020314,"Census Tract 203.14, Williamson County, Texas",353,140,353,140,0,18,0,18,0,18,0,18,0,18,0,18,0,18,0,18,0,18,0,18,0,18,0,18,0,18,0,18,33,52,0,18,0,18,49,68,171,118,100,67,0,18,0,18
1400000US48491020315,48491020315,"Census Tract 203.15, Williamson County, Texas",628,126,628,126,0,13,0,13,0,13,0,13,0,13,0,13,0,13,0,13,0,13,0,13,0,13,0,13,0,13,8,13,35,41,178,115,137,118,94,61,95,73,0,13,81,65,0,13
1400000US48491020316,48491020316,"Census Tract 203.16, Williamson County, Texas",646,113,646,113,0,13,0,13,0,13,0,13,0,13,0,13,0,13,0,13,0,13,0,13,0,13,0,13,0,13,21,24,13,20,50,46,111,75,247,111,148,102,29,28,27,35,0,13
1400000US48491020317,48491020317,"Census Tract 203.17, Williamson County, Texas",535,166,535,166,0,13,0,13,0,13,0,13,0,13,0,13,0,13,0,13,0,13,0,13,0,13,0,13,0,13,23,25,37,41,146,113,35,41,210,95,46,47,38,34,0,13,0,13
1400000US48491020318,48491020318,"Census Tract 203.18, Williamson County, Texas",852,202,820,195,0,18,0,18,0,18,0,18,0,18,0,18,0,18,0,18,0,18,0,18,0,18,0,18,19,31,7,12,37,43,228,130,84,68,187,132,84,64,146,97,28,46,32,51
1400000US48491020319,48491020319,"Census Tract 203.19, Williamson County, Texas",380,129,380,129,0,18,0,18,0,18,0,18,0,18,0,18,0,18,0,18,0,18,0,18,0,18,0,18,0,18,0,18,0,18,0,18,0,18,0,18,170,119,192,114,18,28,0,18
1400000US48491020320,48491020320,"Census Tract 203.20, Williamson County, Texas",474,208,474,208,0,18,0,18,0,18,0,18,0,18,0,18,0,18,0,18,0,18,0,18,0,18,0,18,0,18,0,18,0,18,0,18,0,18,65,64,289,200,120,98,0,18,0,18
1400000US48491020321,48491020321,"Census Tract 203.21, Williamson County, Texas",108,57,97,56,0,13,0,13,4,8,9,15,16,25,0,13,0,13,0,13,0,13,16,25,5,8,0,13,0,13,0,13,0,13,0,13,4,9,5,9,0,13,38,55,0,13,11,15
1400000US48491020322,48491020322,"Census Tract 203.22, Williamson County, Texas",884,158,800,156,0,18,0,18,0,18,0,18,0,18,0,18,0,18,0,18,0,18,0,18,59,89,53,50,0,18,73,55,39,45,123,92,82,52,188,116,106,91,49,61,28,45,84,64
1400000US48491020323,48491020323,"Census Tract 203.23, Williamson County, Texas",319,120,319,120,0,13,0,13,0,13,0,13,0,13,0,13,0,13,0,13,0,13,0,13,0,13,0,13,0,13,0,13,20,27,0,13,12,18,111,62,118,96,58,53,0,13,0,13
1400000US48491020324,48491020324,"Census Tract 203.24, Williamson County, Texas",205,92,205,92,0,18,0,18,0,18,0,18,0,18,0,18,0,18,0,18,0,18,0,18,0,18,0,18,0,18,0,18,0,18,16,25,0,18,10,16,42,41,125,87,12,16,0,18
1400000US48491020325,48491020325,"Census Tract 203.25, Williamson County, Texas",351,111,351,111,0,13,0,13,0,13,0,13,0,13,0,13,0,13,0,13,0,13,10,16,0,13,0,13,6,10,0,13,0,13,17,22,48,37,228,103,24,22,18,27,0,13,0,13
1400000US48491020326,48491020326,"Census Tract 203.26, Williamson County, Texas",125,68,98,61,0,18,0,18,0,18,0,18,0,18,0,18,0,18,0,18,0,18,0,18,0,18,0,18,0,18,0,18,0,18,0,18,17,26,0,18,0,18,52,44,29,34,27,26
1400000US48491020327,48491020327,"Census Tract 203.27, Williamson County, Texas",54,63,54,63,0,13,0,13,0,13,0,13,0,13,0,13,0,13,0,13,0,13,0,13,0,13,0,13,0,13,0,13,0,13,0,13,35,58,10,14,0,13,9,17,0,13,0,13
1400000US48491020328,48491020328,"Census Tract 203.28, Williamson County, Texas",620,188,611,190,0,18,0,18,0,18,0,18,9,16,0,18,0,18,0,18,12,24,0,18,0,18,0,18,17,27,55,33,37,44,35,42,35,40,114,87,97,72,200,161,0,18,9,15
1400000US48491020403,48491020403,"Census Tract 204.03, Williamson County, Texas",238,56,238,56,0,13,0,13,0,13,0,13,0,13,0,13,0,13,0,13,0,13,0,13,0,13,0,13,4,6,0,13,12,19,73,47,40,31,92,43,15,23,2,4,0,13,0,13
1400000US48491020404,48491020404,"Census Tract 204.04, Williamson County, Texas",238,87,238,87,0,13,0,13,0,13,0,13,0,13,0,13,0,13,0,13,0,13,0,13,0,13,0,13,0,13,0,13,0,13,0,13,6,9,42,35,112,65,58,33,20,31,0,13
1400000US48491020405,48491020405,"Census Tract 204.05, Williamson County, Texas",1435,193,1435,193,0,18,0,18,0,18,0,18,0,18,0,18,0,18,0,18,11,17,0,18,0,18,11,18,74,51,168,124,101,73,196,107,348,141,243,98,196,124,87,61,0,18,0,18
1400000US48491020406,48491020406,"Census Tract 204.06, Williamson County, Texas",2744,220,2728,222,0,18,0,18,0,18,0,18,0,18,0,18,0,18,0,18,0,18,0,18,29,33,64,64,159,102,85,59,159,117,436,159,516,166,833,218,347,152,100,64,0,18,16,25
1400000US48491020408,48491020408,"Census Tract 204.08, Williamson County, Texas",957,173,957,173,0,13,0,13,0,13,15,24,11,18,0,13,0,13,0,13,0,13,0,13,17,28,15,23,21,35,45,36,15,24,85,70,128,78,370,162,234,141,1,14,0,13,0,13
1400000US48491020409,48491020409,"Census Tract 204.09, Williamson County, Texas",1074,190,1074,190,0,13,0,13,0,13,0,13,0,13,0,13,0,13,0,13,0,13,0,13,0,13,0,13,41,64,0,13,30,52,219,134,115,85,411,153,197,96,29,41,32,36,0,13
1400000US48491020410,48491020410,"Census Tract 204.10, Williamson County, Texas",1407,204,1372,193,0,18,0,18,0,18,0,18,0,18,0,18,0,18,0,18,0,18,62,75,12,19,76,64,59,83,128,111,96,127,214,145,202,104,55,52,217,100,239,126,12,19,35,42
1400000US48491020411,48491020411,"Census Tract 204.11, Williamson County, Texas",516,120,516,120,0,18,0,18,0,18,0,18,0,18,0,18,0,18,0,18,0,18,0,18,0,18,0,18,0,18,14,22,8,13,74,55,41,41,150,79,124,99,73,54,32,47,0,18
1400000US48491020503,48491020503,"Census Tract 205.03, Williamson County, Texas",276,98,276,98,0,13,0,13,0,13,0,13,11,18,36,57,0,13,0,13,0,13,0,13,9,15,26,28,14,22,11,17,0,13,48,56,9,14,10,15,29,40,7,12,66,38,0,13
1400000US48491020504,48491020504,"Census Tract 205.04, Williamson County, Texas",2730,227,2682,242,42,65,0,18,0,18,0,18,0,18,0,18,39,57,0,18,0,18,38,47,12,19,15,24,53,39,83,58,229,128,517,187,494,194,599,185,498,196,63,52,0,18,48,78
1400000US48491020505,48491020505,"Census Tract 205.05, Williamson County, Texas",78,50,56,51,0,13,0,13,0,13,0,13,0,13,0,13,0,13,0,13,0,13,0,13,0,13,0,13,0,13,0,13,0,13,0,13,0,13,0,13,0,13,34,42,22,31,22,31
1400000US48491020506,48491020506,"Census Tract 205.06, Williamson County, Texas",736,178,736,178,0,18,0,18,0,18,0,18,0,18,0,18,0,18,0,18,0,18,12,21,0,18,0,18,0,18,0,18,18,32,18,30,46,50,175,120,166,98,301,130,0,18,0,18
1400000US48491020507,48491020507,"Census Tract 205.07, Williamson County, Texas",399,135,399,135,0,13,0,13,0,13,0,13,0,13,0,13,0,13,0,13,0,13,0,13,0,13,0,13,0,13,0,13,0,13,0,13,26,24,117,119,9,25,225,107,22,32,0,13
1400000US48491020508,48491020508,"Census Tract 205.08, Williamson County, Texas",1527,178,1527,178,0,13,0,13,0,13,0,13,0,13,0,13,0,13,0,13,0,13,0,13,11,19,0,13,14,23,13,21,124,104,368,179,302,124,425,156,135,109,93,73,42,41,0,13
1400000US48491020509,48491020509,"Census Tract 205.09, Williamson County, Texas",158,104,158,104,0,18,0,18,0,18,0,18,0,18,0,18,0,18,0,18,0,18,0,18,44,53,0,18,0,18,0,18,0,18,0,18,0,18,11,17,10,22,0,18,93,85,0,18
1400000US48491020510,48491020510,"Census Tract 205.10, Williamson County, Texas",635,203,635,203,0,20,0,20,0,20,0,20,0,20,0,20,0,20,0,20,0,20,0,20,0,20,0,20,7,12,0,20,16,26,97,97,73,51,145,116,128,99,104,83,65,62,0,20
1400000US48491020602,48491020602,"Census Tract 206.02, Williamson County, Texas",450,119,439,118,0,13,0,13,0,13,0,13,0,13,0,13,0,13,0,13,10,15,0,13,29,43,0,13,26,37,0,13,0,13,32,30,97,80,98,52,88,59,38,31,21,27,11,17
1400000US48491020603,48491020603,"Census Tract 206.03, Williamson County, Texas",134,106,134,106,0,18,0,18,0,18,0,18,0,18,0,18,0,18,0,18,0,18,0,18,0,18,0,18,0,18,0,18,0,18,0,18,0,18,0,18,0,18,68,79,66,79,0,18
1400000US48491020604,48491020604,"Census Tract 206.04, Williamson County, Texas",530,138,530,138,0,18,0,18,0,18,0,18,0,18,0,18,0,18,58,75,0,18,0,18,0,18,27,30,28,45,42,66,47,53,27,31,48,45,202,77,28,44,23,28,0,18,0,18
1400000US48491020605,48491020605,"Census Tract 206.05, Williamson County, Texas",320,122,320,122,0,18,0,18,0,18,0,18,0,18,0,18,0,18,0,18,0,18,0,18,0,18,0,18,0,18,0,18,0,18,0,18,0,18,0,18,22,37,276,110,22,36,0,18
1400000US48491020701,48491020701,"Census Tract 207.01, Williamson County, Texas",546,104,502,108,0,13,0,13,9,12,4,8,0,13,0,13,0,13,0,13,0,13,5,8,20,31,17,18,95,64,46,36,31,30,109,77,84,67,56,64,6,11,20,29,0,13,44,40
1400000US48491020703,48491020703,"Census Tract 207.03, Williamson County, Texas",1837,264,1749,260,0,20,0,20,0,20,0,20,0,20,0,20,13,20,0,20,0,20,0,20,13,23,17,28,14,23,48,64,14,21,164,81,114,76,703,185,278,142,300,151,71,95,88,74
1400000US48491020704,48491020704,"Census Tract 207.04, Williamson County, Texas",1155,166,1155,166,0,18,8,14,10,16,27,29,25,31,15,23,0,18,0,18,26,41,0,18,0,18,36,36,25,44,111,83,88,76,256,114,182,122,239,129,76,60,31,29,0,18,0,18
1400000US48491020706,48491020706,"Census Tract 207.06, Williamson County, Texas",33,38,33,38,0,13,0,13,0,13,0,13,0,13,0,13,0,13,0,13,0,13,0,13,0,13,0,13,0,13,0,13,0,13,0,13,0,13,0,13,0,13,15,25,18,29,0,13
1400000US48491020707,48491020707,"Census Tract 207.07, Williamson County, Texas",697,118,697,118,0,13,0,13,0,13,0,13,0,13,0,13,0,13,0,13,0,13,0,13,0,13,0,13,102,103,0,13,77,51,69,58,76,58,215,101,63,57,95,62,0,13,0,13
1400000US48491020708,48491020708,"Census Tract 207.08, Williamson County, Texas",358,172,358,172,0,18,0,18,0,18,0,18,0,18,0,18,0,18,0,18,0,18,0,18,0,18,0,18,0,18,0,18,0,18,0,18,6,13,0,18,197,156,141,108,14,21,0,18
1400000US48491020803,48491020803,"Census Tract 208.03, Williamson County, Texas",364,129,347,127,0,13,0,13,0,13,0,13,0,13,0,13,0,13,0,13,0,13,10,17,0,13,0,13,0,13,0,13,0,13,9,18,0,13,96,61,65,47,167,99,0,13,17,27
1400000US48491020804,48491020804,"Census Tract 208.04, Williamson County, Texas",851,219,851,219,0,18,0,18,0,18,0,18,0,18,0,18,0,18,0,18,0,18,0,18,0,18,0,18,0,18,16,27,0,18,10,17,89,66,211,119,71,61,234,157,220,128,0,18
1400000US48491020805,48491020805,"Census Tract 208.05, Williamson County, Texas",285,184,285,184,0,18,0,18,0,18,0,18,0,18,0,18,0,18,66,94,0,18,0,18,0,18,0,18,0,18,17,28,0,18,0,18,47,66,15,25,38,39,102,130,0,18,0,18
1400000US48491020806,48491020806,"Census Tract 208.06, Williamson County, Texas",76,55,76,55,0,13,0,13,0,13,0,13,0,13,0,13,0,13,0,13,0,13,0,13,4,7,0,13,0,13,21,35,0,13,0,13,0,13,0,13,10,15,26,40,15,23,0,13
1400000US48491020807,48491020807,"Census Tract 208.07, Williamson County, Texas",287,149,276,146,0,18,0,18,0,18,0,18,0,18,0,18,14,22,0,18,0,18,0,18,0,18,31,53,0,18,0,18,0,18,62,81,0,18,0,18,80,69,89,77,0,18,11,21
1400000US48491020808,48491020808,"Census Tract 208.08, Williamson County, Texas",106,64,84,51,0,13,0,13,11,16,0,13,8,13,0,13,7,12,0,13,0,13,0,13,0,13,20,32,27,39,0,13,0,13,0,13,11,17,0,13,0,13,0,13,0,13,22,30
1400000US48491020809,48491020809,"Census Tract 208.09, Williamson County, Texas",250,131,250,131,0,18,0,18,0,18,0,18,0,18,0,18,0,18,0,18,0,18,0,18,0,18,0,18,0,18,0,18,0,18,47,69,11,20,39,50,95,74,58,58,0,18,0,18
1400000US48491020900,48491020900,"Census Tract 209, Williamson County, Texas",262,84,204,81,0,13,0,13,0,13,0,13,0,13,2,4,0,13,0,13,7,14,0,13,11,14,8,13,15,12,41,61,35,28,13,15,10,12,14,15,48,38,0,13,0,13,58,32
1400000US48491021000,48491021000,"Census Tract 210, Williamson County, Texas",384,99,380,98,0,13,0,13,24,20,0,13,15,14,0,13,24,22,0,13,16,27,19,21,13,21,16,25,14,18,101,51,5,8,28,25,70,51,30,31,0,13,5,8,0,13,4,8
1400000US48491021100,48491021100,"Census Tract 211, Williamson County, Texas",575,108,508,108,0,13,0,13,0,13,0,13,0,13,0,13,4,6,19,27,5,8,0,13,8,13,39,35,10,15,4,8,94,68,79,47,120,82,122,81,4,8,0,13,0,13,67,53
1400000US48491021201,48491021201,"Census Tract 212.01, Williamson County, Texas",195,88,148,76,0,13,0,13,0,13,0,13,0,13,0,13,0,13,0,13,0,13,0,13,0,13,0,13,0,13,8,15,0,13,32,39,45,51,44,47,8,13,11,21,0,13,47,45
1400000US48491021202,48491021202,"Census Tract 212.02, Williamson County, Texas",412,124,398,122,0,13,0,13,0,13,12,18,0,13,0,13,27,26,25,39,11,17,44,54,21,34,0,13,0,13,17,27,39,59,30,28,27,22,65,46,52,59,28,43,0,13,14,22
1400000US48491021203,48491021203,"Census Tract 212.03, Williamson County, Texas",554,101,531,103,0,13,0,13,0,13,0,13,0,13,0,13,0,13,7,12,16,27,10,16,0,13,88,61,91,80,20,24,39,48,51,46,89,89,51,50,47,49,13,20,9,15,23,28
1400000US48491021300,48491021300,"Census Tract 213, Williamson County, Texas",263,66,199,61,8,14,0,13,0,13,11,15,9,12,18,16,10,15,15,16,3,5,3,5,30,45,0,13,28,25,3,5,9,13,22,24,10,11,9,15,11,18,0,13,0,13,64,36
1400000US48491021401,48491021401,"Census Tract 214.01, Williamson County, Texas",821,213,778,215,0,20,0,20,0,20,0,20,0,20,0,20,0,20,0,20,0,20,0,20,11,21,11,18,0,20,79,73,41,50,11,17,0,20,196,136,239,130,172,115,18,24,43,40
1400000US48491021402,48491021402,"Census Tract 214.02, Williamson County, Texas",1013,170,1013,170,0,13,0,13,8,13,47,44,36,34,16,19,11,18,9,14,0,13,7,11,76,59,45,39,32,26,37,28,117,49,101,60,163,107,225,102,75,65,8,13,0,13,0,13
1400000US48491021403,48491021403,"Census Tract 214.03, Williamson County, Texas",513,120,482,120,0,13,0,13,0,13,0,13,0,13,0,13,34,50,0,13,0,13,0,13,44,48,26,40,23,36,0,13,14,17,49,70,156,116,57,46,18,28,50,52,11,18,31,27
1400000US48491021502,48491021502,"Census Tract 215.02, Williamson County, Texas",947,140,942,141,0,18,0,18,0,18,0,18,0,18,0,18,7,10,0,18,0,18,0,18,0,18,0,18,0,18,35,51,27,45,189,86,159,97,349,108,165,96,11,19,0,18,5,11
1400000US48491021503,48491021503,"Census Tract 215.03, Williamson County, Texas",1049,123,1041,122,0,13,0,13,0,13,0,13,0,13,0,13,0,13,10,16,0,13,0,13,11,18,53,50,131,73,107,73,65,50,158,83,154,92,273,103,38,34,41,59,0,13,8,14
1400000US48491021504,48491021504,"Census Tract 215.04, Williamson County, Texas",680,200,680,200,0,18,0,18,0,18,0,18,0,18,0,18,0,18,0,18,0,18,0,18,0,18,0,18,0,18,0,18,36,38,160,114,26,31,176,122,46,52,64,63,172,129,0,18
1400000US48491021505,48491021505,"Census Tract 215.05, Williamson County, Texas",1153,205,1144,211,0,18,0,18,0,18,0,18,0,18,0,18,0,18,0,18,0,18,0,18,0,18,0,18,43,57,118,120,146,177,127,94,199,161,199,109,221,111,91,76,0,18,9,15
1400000US48491021506,48491021506,"Census Tract 215.06, Williamson County, Texas",167,74,167,74,0,13,0,13,0,13,0,13,0,13,0,13,0,13,0,13,0,13,12,18,0,13,0,13,0,13,18,30,0,13,0,13,16,24,24,31,25,24,27,28,45,50,0,13
1400000US48491021507,48491021507,"Census Tract 215.07, Williamson County, Texas",1660,295,1646,295,0,18,0,18,0,18,0,18,0,18,0,18,0,18,0,18,0,18,0,18,0,18,15,24,115,100,39,28,52,47,414,225,226,178,309,121,327,151,116,84,33,35,14,26
1400000US48491021508,48491021508,"Census Tract 215.08, Williamson County, Texas",987,230,987,230,0,18,0,18,21,35,0,18,0,18,0,18,0,18,0,18,0,18,0,18,0,18,0,18,0,18,44,54,103,102,193,119,144,87,280,140,202,156,0,18,0,18,0,18
1400000US48491021601,48491021601,"Census Tract 216.01, Williamson County, Texas",208,76,193,75,0,13,0,13,6,9,0,13,0,13,0,13,0,13,0,13,3,4,0,13,39,42,7,7,0,13,43,35,0,13,15,21,0,13,80,54,0,13,0,13,0,13,15,20
1400000US48491021602,48491021602,"Census Tract 216.02, Williamson County, Texas",255,90,250,90,0,13,0,13,0,13,0,13,0,13,0,13,0,13,0,13,29,35,2,6,0,13,0,13,27,32,22,36,0,13,32,25,18,17,18,21,102,73,0,13,0,13,5,7
1400000US48491021603,48491021603,"Census Tract 216.03, Williamson County, Texas",102,46,81,42,0,13,0,13,0,13,0,13,0,13,0,13,0,13,0,13,0,13,0,13,0,13,0,13,15,21,12,19,0,13,12,14,0,13,37,32,5,7,0,13,0,13,21,19
