POPGROUP.id,Id
POPGROUP.display-label,Population Group
GEO.id,Id
GEO.id2,Id2
GEO.display-label,Geography
HC01_VC02,Number; HOUSEHOLD TYPE - Total households
HC02_VC02,Percent; HOUSEHOLD TYPE - Total households
HC01_VC03,Number; HOUSEHOLD TYPE - Total households - Family households
HC02_VC03,Percent; HOUSEHOLD TYPE - Total households - Family households
HC01_VC04,Number; HOUSEHOLD TYPE - Total households - Family households - Male householder
HC02_VC04,Percent; HOUSEHOLD TYPE - Total households - Family households - Male householder
HC01_VC05,Number; HOUSEHOLD TYPE - Total households - Family households - Female householder
HC02_VC05,Percent; HOUSEHOLD TYPE - Total households - Family households - Female householder
HC01_VC06,Number; HOUSEHOLD TYPE - Total households - Nonfamily households
HC02_VC06,Percent; HOUSEHOLD TYPE - Total households - Nonfamily households
HC01_VC07,Number; HOUSEHOLD TYPE - Total households - Nonfamily households - Male householder
HC02_VC07,Percent; HOUSEHOLD TYPE - Total households - Nonfamily households - Male householder
HC01_VC08,Number; HOUSEHOLD TYPE - Total households - Nonfamily households - Male householder - Living alone
HC02_VC08,Percent; HOUSEHOLD TYPE - Total households - Nonfamily households - Male householder - Living alone
HC01_VC09,Number; HOUSEHOLD TYPE - Total households - Nonfamily households - Female householder
HC02_VC09,Percent; HOUSEHOLD TYPE - Total households - Nonfamily households - Female householder
HC01_VC10,Number; HOUSEHOLD TYPE - Total households - Nonfamily households - Female householder - Living alone
HC02_VC10,Percent; HOUSEHOLD TYPE - Total households - Nonfamily households - Female householder - Living alone
HC01_VC12,Number; HOUSEHOLD SIZE - Total households
HC02_VC12,Percent; HOUSEHOLD SIZE - Total households
HC01_VC13,Number; HOUSEHOLD SIZE - Total households - 1-person household
HC02_VC13,Percent; HOUSEHOLD SIZE - Total households - 1-person household
HC01_VC14,Number; HOUSEHOLD SIZE - Total households - 2-person household
HC02_VC14,Percent; HOUSEHOLD SIZE - Total households - 2-person household
HC01_VC15,Number; HOUSEHOLD SIZE - Total households - 3-person household
HC02_VC15,Percent; HOUSEHOLD SIZE - Total households - 3-person household
HC01_VC16,Number; HOUSEHOLD SIZE - Total households - 4-person household
HC02_VC16,Percent; HOUSEHOLD SIZE - Total households - 4-person household
HC01_VC17,Number; HOUSEHOLD SIZE - Total households - 5-person household
HC02_VC17,Percent; HOUSEHOLD SIZE - Total households - 5-person household
HC01_VC18,Number; HOUSEHOLD SIZE - Total households - 6-person household
HC02_VC18,Percent; HOUSEHOLD SIZE - Total households - 6-person household
HC01_VC19,Number; HOUSEHOLD SIZE - Total households - 7-or-more-person household
HC02_VC19,Percent; HOUSEHOLD SIZE - Total households - 7-or-more-person household
HC01_VC20,Number; HOUSEHOLD SIZE - Total households - Average household size
HC02_VC20,Percent; HOUSEHOLD SIZE - Total households - Average household size
HC01_VC21,Number; HOUSEHOLD SIZE - Total households - Average family size
HC02_VC21,Percent; HOUSEHOLD SIZE - Total households - Average family size
HC01_VC23,Number; FAMILY TYPE AND PRESENCE OF OWN CHILDREN - Families
HC02_VC23,Percent; FAMILY TYPE AND PRESENCE OF OWN CHILDREN - Families
HC01_VC24,Number; FAMILY TYPE AND PRESENCE OF OWN CHILDREN - Families - With related children under 18 years
HC02_VC24,Percent; FAMILY TYPE AND PRESENCE OF OWN CHILDREN - Families - With related children under 18 years
HC01_VC25,Number; FAMILY TYPE AND PRESENCE OF OWN CHILDREN - Families - With related children under 18 years - With own children under 18 years
HC02_VC25,Percent; FAMILY TYPE AND PRESENCE OF OWN CHILDREN - Families - With related children under 18 years - With own children under 18 years
HC01_VC26,Number; FAMILY TYPE AND PRESENCE OF OWN CHILDREN - Families - With related children under 18 years - With own children under 18 years - Under 6 years only
HC02_VC26,Percent; FAMILY TYPE AND PRESENCE OF OWN CHILDREN - Families - With related children under 18 years - With own children under 18 years - Under 6 years only
HC01_VC27,Number; FAMILY TYPE AND PRESENCE OF OWN CHILDREN - Families - With related children under 18 years - With own children under 18 years - Under 6 and 6 to 17 years
HC02_VC27,Percent; FAMILY TYPE AND PRESENCE OF OWN CHILDREN - Families - With related children under 18 years - With own children under 18 years - Under 6 and 6 to 17 years
HC01_VC28,Number; FAMILY TYPE AND PRESENCE OF OWN CHILDREN - Families - With related children under 18 years - With own children under 18 years - 6 to 17 years only
HC02_VC28,Percent; FAMILY TYPE AND PRESENCE OF OWN CHILDREN - Families - With related children under 18 years - With own children under 18 years - 6 to 17 years only
HC01_VC29,Number; FAMILY TYPE AND PRESENCE OF OWN CHILDREN - Married-couple families
HC02_VC29,Percent; FAMILY TYPE AND PRESENCE OF OWN CHILDREN - Married-couple families
HC01_VC30,Number; FAMILY TYPE AND PRESENCE OF OWN CHILDREN - Married-couple families - With related children under 18 years
HC02_VC30,Percent; FAMILY TYPE AND PRESENCE OF OWN CHILDREN - Married-couple families - With related children under 18 years
HC01_VC31,Number; FAMILY TYPE AND PRESENCE OF OWN CHILDREN - Married-couple families - With related children under 18 years - With own children under 18 years
HC02_VC31,Percent; FAMILY TYPE AND PRESENCE OF OWN CHILDREN - Married-couple families - With related children under 18 years - With own children under 18 years
HC01_VC32,Number; FAMILY TYPE AND PRESENCE OF OWN CHILDREN - Married-couple families - With related children under 18 years - With own children under 18 years - Under 6 years only
HC02_VC32,Percent; FAMILY TYPE AND PRESENCE OF OWN CHILDREN - Married-couple families - With related children under 18 years - With own children under 18 years - Under 6 years only
HC01_VC33,Number; FAMILY TYPE AND PRESENCE OF OWN CHILDREN - Married-couple families - With related children under 18 years - With own children under 18 years - Under 6 and 6 to 17 years
HC02_VC33,Percent; FAMILY TYPE AND PRESENCE OF OWN CHILDREN - Married-couple families - With related children under 18 years - With own children under 18 years - Under 6 and 6 to 17 years
HC01_VC34,Number; FAMILY TYPE AND PRESENCE OF OWN CHILDREN - Married-couple families - With related children under 18 years - With own children under 18 years - 6 to 17 years only
HC02_VC34,Percent; FAMILY TYPE AND PRESENCE OF OWN CHILDREN - Married-couple families - With related children under 18 years - With own children under 18 years - 6 to 17 years only
HC01_VC35,"Number; FAMILY TYPE AND PRESENCE OF OWN CHILDREN - Female householder, no husband present"
HC02_VC35,"Percent; FAMILY TYPE AND PRESENCE OF OWN CHILDREN - Female householder, no husband present"
HC01_VC36,"Number; FAMILY TYPE AND PRESENCE OF OWN CHILDREN - Female householder, no husband present - With related children under 18 years"
HC02_VC36,"Percent; FAMILY TYPE AND PRESENCE OF OWN CHILDREN - Female householder, no husband present - With related children under 18 years"
HC01_VC37,"Number; FAMILY TYPE AND PRESENCE OF OWN CHILDREN - Female householder, no husband present - With related children under 18 years - With own children under 18 years"
HC02_VC37,"Percent; FAMILY TYPE AND PRESENCE OF OWN CHILDREN - Female householder, no husband present - With related children under 18 years - With own children under 18 years"
HC01_VC38,"Number; FAMILY TYPE AND PRESENCE OF OWN CHILDREN - Female householder, no husband present - With related children under 18 years - With own children under 18 years - Under 6 years only"
HC02_VC38,"Percent; FAMILY TYPE AND PRESENCE OF OWN CHILDREN - Female householder, no husband present - With related children under 18 years - With own children under 18 years - Under 6 years only"
HC01_VC39,"Number; FAMILY TYPE AND PRESENCE OF OWN CHILDREN - Female householder, no husband present - With related children under 18 years - With own children under 18 years - Under 6 and 6 to 17 years"
HC02_VC39,"Percent; FAMILY TYPE AND PRESENCE OF OWN CHILDREN - Female householder, no husband present - With related children under 18 years - With own children under 18 years - Under 6 and 6 to 17 years"
HC01_VC40,"Number; FAMILY TYPE AND PRESENCE OF OWN CHILDREN - Female householder, no husband present - With related children under 18 years - With own children under 18 years - 6 to 17 years only"
HC02_VC40,"Percent; FAMILY TYPE AND PRESENCE OF OWN CHILDREN - Female householder, no husband present - With related children under 18 years - With own children under 18 years - 6 to 17 years only"
