GEO.id,Id
GEO.id2,Id2
GEO.display-label,Geography
VD01,Total:
VD02,With cash rent:
VD03,With cash rent: - Less than $100
VD04,With cash rent: - $100 to $149
VD05,With cash rent: - $150 to $199
VD06,With cash rent: - $200 to $249
VD07,With cash rent: - $250 to $299
VD08,With cash rent: - $300 to $349
VD09,With cash rent: - $350 to $399
VD10,With cash rent: - $400 to $449
VD11,With cash rent: - $450 to $499
VD12,With cash rent: - $500 to $549
VD13,With cash rent: - $550 to $599
VD14,With cash rent: - $600 to $649
VD15,With cash rent: - $650 to $699
VD16,With cash rent: - $700 to $749
VD17,With cash rent: - $750 to $799
VD18,With cash rent: - $800 to $899
VD19,With cash rent: - $900 to $999
VD20,"With cash rent: - $1,000 to $1,249"
VD21,"With cash rent: - $1,250 to $1,499"
VD22,"With cash rent: - $1,500 to $1,999"
VD23,"With cash rent: - $2,000 or more"
VD24,No cash rent
