GEO.id,GEO.id2,GEO.display-label,HD01_VD01,HD02_VD01,HD01_VD02,HD02_VD02,HD01_VD03,HD02_VD03,HD01_VD04,HD02_VD04,HD01_VD05,HD02_VD05,HD01_VD06,HD02_VD06,HD01_VD07,HD02_VD07,HD01_VD08,HD02_VD08,HD01_VD09,HD02_VD09
Id,Id2,Geography,Estimate; Total:,Margin of Error; Total:,Estimate; Family households:,Margin of Error; Family households:,Estimate; Family households: - Married-couple family,Margin of Error; Family households: - Married-couple family,Estimate; Family households: - Other family:,Margin of Error; Family households: - Other family:,"Estimate; Family households: - Other family: - Male householder, no wife present","Margin of Error; Family households: - Other family: - Male householder, no wife present","Estimate; Family households: - Other family: - Female householder, no husband present","Margin of Error; Family households: - Other family: - Female householder, no husband present",Estimate; Nonfamily households:,Margin of Error; Nonfamily households:,Estimate; Nonfamily households: - Householder living alone,Margin of Error; Nonfamily households: - Householder living alone,Estimate; Nonfamily households: - Householder not living alone,Margin of Error; Nonfamily households: - Householder not living alone
1400000US48021950100,48021950100,"Census Tract 9501, Bastrop County, Texas",3285,213,2596,269,2063,296,533,166,180,97,353,138,689,166,605,164,84,61
1400000US48021950200,48021950200,"Census Tract 9502, Bastrop County, Texas",2725,265,2019,201,1476,222,543,173,28,25,515,175,706,282,647,266,59,53
1400000US48021950300,48021950300,"Census Tract 9503, Bastrop County, Texas",4551,341,3557,331,2929,306,628,235,266,149,362,190,994,246,659,195,335,144
1400000US48021950400,48021950400,"Census Tract 9504, Bastrop County, Texas",3132,311,1799,237,1403,209,396,159,73,73,323,145,1333,261,1219,248,114,69
1400000US48021950501,48021950501,"Census Tract 9505.01, Bastrop County, Texas",2008,254,1570,192,1072,215,498,183,185,131,313,128,438,133,332,153,106,92
1400000US48021950502,48021950502,"Census Tract 9505.02, Bastrop County, Texas",2029,327,1519,329,1346,305,173,113,91,91,82,61,510,174,455,165,55,52
1400000US48021950600,48021950600,"Census Tract 9506, Bastrop County, Texas",1958,218,1368,197,1022,183,346,126,217,98,129,85,590,132,499,128,91,53
1400000US48021950700,48021950700,"Census Tract 9507, Bastrop County, Texas",1654,161,1004,97,594,106,410,107,67,60,343,91,650,166,630,165,20,22
1400000US48021950801,48021950801,"Census Tract 9508.01, Bastrop County, Texas",1945,183,1555,198,1256,201,299,145,97,87,202,113,390,142,261,121,129,83
1400000US48021950802,48021950802,"Census Tract 9508.02, Bastrop County, Texas",2027,209,1620,220,1321,230,299,124,158,81,141,99,407,143,349,136,58,48
1400000US48055960101,48055960101,"Census Tract 9601.01, Caldwell County, Texas",1797,180,1321,160,953,143,368,127,150,90,218,100,476,119,397,107,79,55
1400000US48055960102,48055960102,"Census Tract 9601.02, Caldwell County, Texas",1224,151,969,160,630,136,339,144,101,81,238,141,255,102,180,91,75,63
1400000US48055960200,48055960200,"Census Tract 9602, Caldwell County, Texas",1341,147,834,115,624,97,210,89,40,29,170,81,507,129,394,124,113,66
1400000US48055960300,48055960300,"Census Tract 9603, Caldwell County, Texas",1548,146,1097,139,917,137,180,93,74,66,106,65,451,120,383,105,68,56
1400000US48055960400,48055960400,"Census Tract 9604, Caldwell County, Texas",1244,134,837,122,619,131,218,85,41,35,177,77,407,121,381,121,26,25
1400000US48055960500,48055960500,"Census Tract 9605, Caldwell County, Texas",2014,160,1369,156,845,168,524,166,106,66,418,163,645,146,409,112,236,109
1400000US48055960600,48055960600,"Census Tract 9606, Caldwell County, Texas",813,104,623,109,460,96,163,62,26,22,137,58,190,69,132,55,58,47
1400000US48055960700,48055960700,"Census Tract 9607, Caldwell County, Texas",2078,233,1380,162,962,190,418,167,45,44,373,164,698,237,553,233,145,101
1400000US48209010100,48209010100,"Census Tract 101, Hays County, Texas",1260,95,354,101,228,80,126,84,24,26,102,85,906,117,523,121,383,93
1400000US48209010200,48209010200,"Census Tract 102, Hays County, Texas",430,87,114,38,100,36,14,15,6,9,8,12,316,82,147,66,169,67
1400000US48209010302,48209010302,"Census Tract 103.02, Hays County, Texas",1687,180,907,152,489,125,418,141,157,108,261,117,780,178,512,162,268,102
1400000US48209010303,48209010303,"Census Tract 103.03, Hays County, Texas",2656,266,968,222,493,132,475,201,113,107,362,175,1688,297,714,238,974,266
1400000US48209010304,48209010304,"Census Tract 103.04, Hays County, Texas",2639,229,896,185,358,138,538,175,124,89,414,158,1743,253,1000,253,743,217
1400000US48209010400,48209010400,"Census Tract 104, Hays County, Texas",3601,223,1859,304,1137,236,722,257,298,207,424,183,1742,292,1227,235,515,208
1400000US48209010500,48209010500,"Census Tract 105, Hays County, Texas",1758,158,765,144,399,129,366,111,136,79,230,95,993,184,760,176,233,120
1400000US48209010600,48209010600,"Census Tract 106, Hays County, Texas",3873,237,2648,240,2030,219,618,194,184,112,434,160,1225,251,983,225,242,125
1400000US48209010701,48209010701,"Census Tract 107.01, Hays County, Texas",3479,262,912,153,504,134,408,151,132,96,276,132,2567,269,1114,275,1453,259
1400000US48209010702,48209010702,"Census Tract 107.02, Hays County, Texas",1172,99,473,98,413,88,60,53,0,13,60,53,699,124,213,108,486,141
1400000US48209010803,48209010803,"Census Tract 108.03, Hays County, Texas",1894,192,1234,181,980,168,254,154,25,22,229,152,660,167,625,170,35,26
1400000US48209010804,48209010804,"Census Tract 108.04, Hays County, Texas",3639,208,2583,245,2308,245,275,110,86,63,189,92,1056,229,866,196,190,162
1400000US48209010805,48209010805,"Census Tract 108.05, Hays County, Texas",2227,136,1944,153,1795,163,149,63,41,33,108,57,283,128,241,123,42,35
1400000US48209010806,48209010806,"Census Tract 108.06, Hays County, Texas",1353,85,1005,135,930,145,75,45,31,25,44,34,348,110,310,103,38,39
1400000US48209010807,48209010807,"Census Tract 108.07, Hays County, Texas",721,88,584,97,409,90,175,71,85,62,90,49,137,58,97,45,40,38
1400000US48209010808,48209010808,"Census Tract 108.08, Hays County, Texas",2094,192,1658,191,1460,192,198,89,65,53,133,81,436,151,363,152,73,46
1400000US48209010809,48209010809,"Census Tract 108.09, Hays County, Texas",1681,125,1411,138,1294,136,117,56,73,49,44,35,270,95,248,96,22,22
1400000US48209010901,48209010901,"Census Tract 109.01, Hays County, Texas",2800,133,2282,153,2059,154,223,118,68,43,155,106,518,138,374,131,144,89
1400000US48209010902,48209010902,"Census Tract 109.02, Hays County, Texas",3988,275,2904,247,2371,224,533,213,116,100,417,189,1084,241,850,228,234,157
1400000US48209010905,48209010905,"Census Tract 109.05, Hays County, Texas",1869,121,1454,143,1149,173,305,125,154,108,151,72,415,153,359,150,56,51
1400000US48209010906,48209010906,"Census Tract 109.06, Hays County, Texas",3650,214,2923,271,2226,248,697,205,261,141,436,155,727,237,498,187,229,150
1400000US48209010907,48209010907,"Census Tract 109.07, Hays County, Texas",2985,198,2341,203,1714,246,627,177,196,112,431,153,644,193,485,164,159,86
1400000US48209010908,48209010908,"Census Tract 109.08, Hays County, Texas",2987,222,2192,243,1670,246,522,183,270,157,252,126,795,200,495,152,300,151
1400000US48209010909,48209010909,"Census Tract 109.09, Hays County, Texas",1908,137,1419,128,1090,123,329,102,152,90,177,73,489,113,403,104,86,61
1400000US48209010910,48209010910,"Census Tract 109.10, Hays County, Texas",2398,183,2021,183,1616,192,405,111,69,67,336,108,377,159,221,129,156,105
1400000US48453000101,48453000101,"Census Tract 1.01, Travis County, Texas",1893,96,864,114,680,116,184,80,71,47,113,68,1029,124,793,132,236,74
1400000US48453000102,48453000102,"Census Tract 1.02, Travis County, Texas",1146,55,689,79,566,83,123,69,63,59,60,42,457,78,389,69,68,41
1400000US48453000203,48453000203,"Census Tract 2.03, Travis County, Texas",735,45,232,54,172,53,60,36,3,6,57,36,503,66,340,67,163,57
1400000US48453000204,48453000204,"Census Tract 2.04, Travis County, Texas",1633,63,604,80,478,70,126,65,26,24,100,62,1029,96,845,101,184,74
1400000US48453000205,48453000205,"Census Tract 2.05, Travis County, Texas",2026,121,684,161,489,152,195,116,125,101,70,53,1342,188,980,175,362,157
1400000US48453000206,48453000206,"Census Tract 2.06, Travis County, Texas",1686,96,674,104,544,87,130,78,12,18,118,81,1012,121,735,127,277,86
1400000US48453000302,48453000302,"Census Tract 3.02, Travis County, Texas",2928,144,695,147,565,127,130,103,85,92,45,42,2233,208,1659,235,574,185
1400000US48453000304,48453000304,"Census Tract 3.04, Travis County, Texas",1455,84,466,113,286,78,180,92,22,25,158,97,989,120,643,129,346,87
1400000US48453000305,48453000305,"Census Tract 3.05, Travis County, Texas",1792,89,301,95,233,73,68,55,38,46,30,30,1491,112,981,154,510,150
1400000US48453000306,48453000306,"Census Tract 3.06, Travis County, Texas",1471,69,664,117,471,97,193,92,15,17,178,90,807,111,472,99,335,99
1400000US48453000307,48453000307,"Census Tract 3.07, Travis County, Texas",805,53,429,77,369,76,60,35,17,24,43,26,376,81,207,73,169,47
1400000US48453000401,48453000401,"Census Tract 4.01, Travis County, Texas",1540,88,350,71,245,59,105,52,28,24,77,46,1190,100,669,101,521,114
1400000US48453000402,48453000402,"Census Tract 4.02, Travis County, Texas",1384,88,455,94,265,86,190,79,71,55,119,60,929,127,651,130,278,96
1400000US48453000500,48453000500,"Census Tract 5, Travis County, Texas",2300,148,468,133,308,105,160,76,55,50,105,64,1832,173,1104,184,728,153
1400000US48453000601,48453000601,"Census Tract 6.01, Travis County, Texas",396,51,57,45,44,41,13,22,0,18,13,22,339,51,147,37,192,52
1400000US48453000603,48453000603,"Census Tract 6.03, Travis County, Texas",2449,156,254,103,47,46,207,96,109,72,98,65,2195,188,934,179,1261,189
1400000US48453000604,48453000604,"Census Tract 6.04, Travis County, Texas",1696,160,136,82,72,66,64,44,39,34,25,27,1560,162,745,182,815,168
1400000US48453000700,48453000700,"Census Tract 7, Travis County, Texas",659,74,136,45,115,40,21,20,0,13,21,20,523,81,352,77,171,57
1400000US48453000801,48453000801,"Census Tract 8.01, Travis County, Texas",618,32,341,56,204,54,137,63,44,39,93,55,277,57,237,55,40,29
1400000US48453000802,48453000802,"Census Tract 8.02, Travis County, Texas",1223,94,665,119,162,62,503,104,57,38,446,99,558,108,301,97,257,98
1400000US48453000803,48453000803,"Census Tract 8.03, Travis County, Texas",989,81,435,93,253,71,182,81,65,40,117,72,554,120,324,103,230,91
1400000US48453000804,48453000804,"Census Tract 8.04, Travis County, Texas",993,49,486,61,184,58,302,60,91,47,211,51,507,70,357,70,150,43
1400000US48453000901,48453000901,"Census Tract 9.01, Travis County, Texas",820,56,370,55,159,57,211,56,46,30,165,53,450,59,286,55,164,56
1400000US48453000902,48453000902,"Census Tract 9.02, Travis County, Texas",1866,136,975,175,419,142,556,132,141,81,415,105,891,174,641,153,250,102
1400000US48453001000,48453001000,"Census Tract 10, Travis County, Texas",1536,106,673,125,335,97,338,111,115,74,223,88,863,142,613,120,250,81
1400000US48453001100,48453001100,"Census Tract 11, Travis County, Texas",2952,232,676,171,603,161,73,71,50,62,23,37,2276,251,1887,258,389,171
1400000US48453001200,48453001200,"Census Tract 12, Travis County, Texas",2955,161,793,139,605,147,188,85,75,55,113,69,2162,219,1796,226,366,131
1400000US48453001303,48453001303,"Census Tract 13.03, Travis County, Texas",1605,144,537,107,382,85,155,70,42,38,113,60,1068,166,839,158,229,93
1400000US48453001304,48453001304,"Census Tract 13.04, Travis County, Texas",2036,75,680,98,491,86,189,70,67,49,122,53,1356,129,955,131,401,103
1400000US48453001305,48453001305,"Census Tract 13.05, Travis County, Texas",2759,134,1054,141,579,129,475,137,98,72,377,115,1705,172,1267,188,438,126
1400000US48453001307,48453001307,"Census Tract 13.07, Travis County, Texas",1845,85,677,121,345,75,332,115,90,63,242,103,1168,144,913,151,255,74
1400000US48453001308,48453001308,"Census Tract 13.08, Travis County, Texas",1262,102,501,102,298,94,203,91,72,58,131,71,761,123,553,113,208,85
1400000US48453001401,48453001401,"Census Tract 14.01, Travis County, Texas",1647,133,423,77,362,74,61,24,33,19,28,25,1224,151,783,135,441,101
1400000US48453001402,48453001402,"Census Tract 14.02, Travis County, Texas",1346,87,441,76,301,66,140,66,41,39,99,57,905,121,591,122,314,99
1400000US48453001403,48453001403,"Census Tract 14.03, Travis County, Texas",790,64,187,60,140,50,47,35,37,33,10,12,603,88,388,80,215,78
1400000US48453001501,48453001501,"Census Tract 15.01, Travis County, Texas",2344,78,1320,148,1101,144,219,97,39,39,180,92,1024,151,837,151,187,95
1400000US48453001503,48453001503,"Census Tract 15.03, Travis County, Texas",1764,95,858,113,545,101,313,74,57,41,256,69,906,117,557,108,349,93
1400000US48453001504,48453001504,"Census Tract 15.04, Travis County, Texas",2292,133,1220,176,967,156,253,123,81,84,172,97,1072,186,721,176,351,129
1400000US48453001505,48453001505,"Census Tract 15.05, Travis County, Texas",2224,36,865,150,682,145,183,106,56,67,127,94,1359,153,1018,177,341,115
1400000US48453001602,48453001602,"Census Tract 16.02, Travis County, Texas",1647,123,628,109,510,102,118,79,60,59,58,55,1019,133,726,131,293,104
1400000US48453001603,48453001603,"Census Tract 16.03, Travis County, Texas",1741,120,1234,113,1083,110,151,78,28,41,123,68,507,112,374,106,133,66
1400000US48453001604,48453001604,"Census Tract 16.04, Travis County, Texas",1731,103,1060,117,850,118,210,83,67,61,143,59,671,133,540,115,131,65
1400000US48453001605,48453001605,"Census Tract 16.05, Travis County, Texas",1936,103,774,101,690,104,84,44,7,11,77,44,1162,131,882,144,280,104
1400000US48453001606,48453001606,"Census Tract 16.06, Travis County, Texas",0,13,0,13,0,13,0,13,0,13,0,13,0,13,0,13,0,13
1400000US48453001705,48453001705,"Census Tract 17.05, Travis County, Texas",2081,142,1142,136,1041,143,101,60,24,28,77,56,939,176,845,165,94,60
1400000US48453001706,48453001706,"Census Tract 17.06, Travis County, Texas",1788,86,931,115,666,86,265,112,119,80,146,69,857,118,765,112,92,50
1400000US48453001707,48453001707,"Census Tract 17.07, Travis County, Texas",2349,114,1113,156,870,124,243,134,56,74,187,127,1236,176,907,167,329,138
1400000US48453001712,48453001712,"Census Tract 17.12, Travis County, Texas",2010,69,967,144,592,123,375,101,139,83,236,74,1043,144,894,135,149,69
1400000US48453001713,48453001713,"Census Tract 17.13, Travis County, Texas",1930,80,1036,133,637,141,399,114,98,70,301,98,894,142,578,125,316,93
1400000US48453001714,48453001714,"Census Tract 17.14, Travis County, Texas",5271,305,3226,298,2627,286,599,235,145,109,454,200,2045,367,1543,317,502,244
1400000US48453001716,48453001716,"Census Tract 17.16, Travis County, Texas",2544,151,1334,153,1214,139,120,117,60,93,60,76,1210,211,1097,200,113,61
1400000US48453001718,48453001718,"Census Tract 17.18, Travis County, Texas",2865,135,1346,205,1073,193,273,111,32,37,241,105,1519,207,1159,200,360,114
1400000US48453001719,48453001719,"Census Tract 17.19, Travis County, Texas",1690,52,1299,93,1138,109,161,72,8,13,153,69,391,94,273,71,118,67
1400000US48453001722,48453001722,"Census Tract 17.22, Travis County, Texas",2306,132,720,155,593,153,127,85,11,18,116,89,1586,187,1346,184,240,100
1400000US48453001728,48453001728,"Census Tract 17.28, Travis County, Texas",2950,134,1846,185,1299,210,547,209,128,73,419,188,1104,204,747,183,357,155
1400000US48453001729,48453001729,"Census Tract 17.29, Travis County, Texas",2135,102,1047,172,661,187,386,157,59,74,327,136,1088,204,734,150,354,164
1400000US48453001733,48453001733,"Census Tract 17.33, Travis County, Texas",1321,36,1082,99,910,105,172,91,123,84,49,38,239,93,199,87,40,30
1400000US48453001737,48453001737,"Census Tract 17.37, Travis County, Texas",4058,74,2985,196,2564,224,421,173,97,65,324,154,1073,190,832,170,241,123
1400000US48453001738,48453001738,"Census Tract 17.38, Travis County, Texas",2735,112,1823,146,1439,191,384,148,123,83,261,119,912,154,776,144,136,68
1400000US48453001740,48453001740,"Census Tract 17.40, Travis County, Texas",1875,71,1168,145,804,103,364,127,59,46,305,122,707,134,499,115,208,99
1400000US48453001741,48453001741,"Census Tract 17.41, Travis County, Texas",1441,116,906,111,743,103,163,65,54,37,109,56,535,128,484,128,51,36
1400000US48453001742,48453001742,"Census Tract 17.42, Travis County, Texas",2142,135,1696,149,1441,163,255,100,80,79,175,81,446,151,350,144,96,68
1400000US48453001745,48453001745,"Census Tract 17.45, Travis County, Texas",1070,65,648,74,445,72,203,81,66,55,137,69,422,99,365,99,57,49
1400000US48453001746,48453001746,"Census Tract 17.46, Travis County, Texas",1782,61,844,120,534,112,310,96,53,30,257,96,938,142,710,128,228,92
1400000US48453001747,48453001747,"Census Tract 17.47, Travis County, Texas",2072,77,1351,126,937,118,414,107,190,75,224,91,721,117,400,106,321,112
1400000US48453001748,48453001748,"Census Tract 17.48, Travis County, Texas",2395,96,1528,175,1149,170,379,145,170,105,209,114,867,179,515,139,352,132
1400000US48453001749,48453001749,"Census Tract 17.49, Travis County, Texas",2682,171,1229,207,903,163,326,116,91,69,235,99,1453,234,1006,218,447,139
1400000US48453001750,48453001750,"Census Tract 17.50, Travis County, Texas",2452,154,1129,175,818,175,311,105,80,60,231,94,1323,204,1073,215,250,112
1400000US48453001751,48453001751,"Census Tract 17.51, Travis County, Texas",946,43,617,67,542,78,75,39,7,10,68,38,329,63,315,61,14,16
1400000US48453001752,48453001752,"Census Tract 17.52, Travis County, Texas",2178,121,604,156,464,124,140,93,49,54,91,71,1574,166,1195,180,379,119
1400000US48453001753,48453001753,"Census Tract 17.53, Travis County, Texas",741,47,178,50,112,37,66,43,41,36,25,28,563,60,506,61,57,35
1400000US48453001754,48453001754,"Census Tract 17.54, Travis County, Texas",2264,126,982,145,838,135,144,88,57,53,87,74,1282,187,912,218,370,148
1400000US48453001755,48453001755,"Census Tract 17.55, Travis County, Texas",2009,51,1774,91,1629,114,145,82,61,62,84,48,235,89,205,86,30,32
1400000US48453001756,48453001756,"Census Tract 17.56, Travis County, Texas",1754,78,1176,143,910,132,266,93,70,42,196,87,578,135,514,124,64,53
1400000US48453001757,48453001757,"Census Tract 17.57, Travis County, Texas",1007,61,535,71,475,72,60,40,10,16,50,35,472,86,394,85,78,45
1400000US48453001760,48453001760,"Census Tract 17.60, Travis County, Texas",5074,247,4003,278,3728,289,275,133,99,85,176,102,1071,279,814,283,257,124
1400000US48453001761,48453001761,"Census Tract 17.61, Travis County, Texas",3046,182,1699,198,1494,182,205,117,17,28,188,113,1347,170,1116,191,231,125
1400000US48453001764,48453001764,"Census Tract 17.64, Travis County, Texas",2409,179,1805,160,1628,142,177,99,26,27,151,94,604,174,432,147,172,76
1400000US48453001765,48453001765,"Census Tract 17.65, Travis County, Texas",4755,298,3730,284,3262,284,468,193,123,106,345,159,1025,215,842,204,183,124
1400000US48453001766,48453001766,"Census Tract 17.66, Travis County, Texas",2655,194,1973,202,1660,201,313,153,56,47,257,153,682,189,530,185,152,81
1400000US48453001768,48453001768,"Census Tract 17.68, Travis County, Texas",2386,181,1607,183,1329,137,278,129,86,90,192,98,779,214,565,181,214,99
1400000US48453001769,48453001769,"Census Tract 17.69, Travis County, Texas",2111,122,1596,144,1364,159,232,130,96,95,136,92,515,144,463,141,52,40
1400000US48453001770,48453001770,"Census Tract 17.70, Travis County, Texas",3960,129,3500,188,3191,254,309,200,145,183,164,83,460,151,431,153,29,42
1400000US48453001771,48453001771,"Census Tract 17.71, Travis County, Texas",1689,126,1245,135,1205,136,40,33,7,13,33,30,444,129,386,109,58,51
1400000US48453001772,48453001772,"Census Tract 17.72, Travis County, Texas",1100,135,834,128,504,120,330,152,55,53,275,154,266,136,160,84,106,88
1400000US48453001773,48453001773,"Census Tract 17.73, Travis County, Texas",2440,150,1957,151,1840,147,117,57,15,26,102,49,483,150,433,145,50,42
1400000US48453001774,48453001774,"Census Tract 17.74, Travis County, Texas",2737,160,2334,182,1970,213,364,171,113,107,251,122,403,141,258,112,145,96
1400000US48453001775,48453001775,"Census Tract 17.75, Travis County, Texas",1690,120,1436,117,1319,128,117,69,9,15,108,66,254,138,226,143,28,24
1400000US48453001776,48453001776,"Census Tract 17.76, Travis County, Texas",1119,89,778,113,485,106,293,119,67,59,226,97,341,85,177,75,164,69
1400000US48453001777,48453001777,"Census Tract 17.77, Travis County, Texas",2277,123,1585,183,1251,175,334,138,168,103,166,79,692,149,532,138,160,93
1400000US48453001778,48453001778,"Census Tract 17.78, Travis County, Texas",1664,147,1132,134,938,113,194,89,73,58,121,59,532,158,421,155,111,77
1400000US48453001779,48453001779,"Census Tract 17.79, Travis County, Texas",2484,256,1903,189,1726,234,177,162,0,18,177,162,581,219,500,211,81,81
1400000US48453001780,48453001780,"Census Tract 17.80, Travis County, Texas",1869,147,1305,146,1097,160,208,74,119,81,89,41,564,129,489,116,75,30
1400000US48453001781,48453001781,"Census Tract 17.81, Travis County, Texas",934,47,793,58,724,57,69,37,12,14,57,34,141,66,131,67,10,16
1400000US48453001782,48453001782,"Census Tract 17.82, Travis County, Texas",1714,89,1513,93,1355,105,158,94,31,45,127,86,201,70,194,68,7,11
1400000US48453001783,48453001783,"Census Tract 17.83, Travis County, Texas",2005,105,1472,138,1264,128,208,92,35,33,173,85,533,164,463,160,70,53
1400000US48453001784,48453001784,"Census Tract 17.84, Travis County, Texas",1819,89,1667,87,1536,93,131,69,49,50,82,52,152,60,147,59,5,8
1400000US48453001785,48453001785,"Census Tract 17.85, Travis County, Texas",2227,91,836,189,464,154,372,156,113,80,259,141,1391,195,1012,191,379,144
1400000US48453001786,48453001786,"Census Tract 17.86, Travis County, Texas",2467,171,1163,199,791,181,372,143,45,56,327,133,1304,215,1013,203,291,136
1400000US48453001804,48453001804,"Census Tract 18.04, Travis County, Texas",2516,124,1456,200,741,178,715,172,214,101,501,154,1060,195,760,203,300,139
1400000US48453001805,48453001805,"Census Tract 18.05, Travis County, Texas",1703,106,956,140,452,106,504,141,139,67,365,126,747,128,630,130,117,68
1400000US48453001806,48453001806,"Census Tract 18.06, Travis County, Texas",2310,154,1366,197,695,157,671,187,82,61,589,181,944,184,579,152,365,153
1400000US48453001811,48453001811,"Census Tract 18.11, Travis County, Texas",1253,104,698,121,295,112,403,126,96,81,307,109,555,120,411,121,144,89
1400000US48453001812,48453001812,"Census Tract 18.12, Travis County, Texas",2846,157,1472,209,857,180,615,168,237,123,378,127,1374,217,1041,211,333,145
1400000US48453001813,48453001813,"Census Tract 18.13, Travis County, Texas",1978,118,1298,138,710,158,588,133,221,106,367,107,680,136,408,121,272,100
1400000US48453001817,48453001817,"Census Tract 18.17, Travis County, Texas",2132,116,809,159,483,126,326,131,91,77,235,96,1323,193,1016,180,307,137
1400000US48453001818,48453001818,"Census Tract 18.18, Travis County, Texas",2107,147,1236,180,810,209,426,151,148,88,278,123,871,179,595,158,276,124
1400000US48453001819,48453001819,"Census Tract 18.19, Travis County, Texas",1338,67,950,95,424,101,526,115,189,81,337,105,388,96,202,80,186,67
1400000US48453001820,48453001820,"Census Tract 18.20, Travis County, Texas",2499,196,1278,193,554,153,724,180,260,133,464,148,1221,213,890,211,331,125
1400000US48453001821,48453001821,"Census Tract 18.21, Travis County, Texas",1912,69,1250,135,753,129,497,110,141,82,356,105,662,124,481,118,181,82
1400000US48453001822,48453001822,"Census Tract 18.22, Travis County, Texas",2328,118,1376,159,783,170,593,166,261,137,332,135,952,171,652,143,300,122
1400000US48453001823,48453001823,"Census Tract 18.23, Travis County, Texas",2110,93,1417,155,734,130,683,124,180,88,503,121,693,155,380,122,313,108
1400000US48453001824,48453001824,"Census Tract 18.24, Travis County, Texas",758,46,446,59,292,53,154,54,28,16,126,51,312,63,257,64,55,26
1400000US48453001826,48453001826,"Census Tract 18.26, Travis County, Texas",1012,94,436,73,297,58,139,67,14,18,125,66,576,101,418,94,158,66
1400000US48453001828,48453001828,"Census Tract 18.28, Travis County, Texas",1646,96,1143,111,976,107,167,74,108,69,59,40,503,124,348,102,155,80
1400000US48453001829,48453001829,"Census Tract 18.29, Travis County, Texas",1473,70,437,75,301,71,136,66,51,35,85,62,1036,97,788,115,248,84
1400000US48453001832,48453001832,"Census Tract 18.32, Travis County, Texas",1195,88,700,112,417,116,283,101,61,57,222,87,495,126,376,126,119,71
1400000US48453001833,48453001833,"Census Tract 18.33, Travis County, Texas",2390,146,1623,170,862,147,761,183,227,138,534,147,767,166,562,144,205,116
1400000US48453001834,48453001834,"Census Tract 18.34, Travis County, Texas",3688,147,1975,196,1437,218,538,159,129,91,409,141,1713,218,1263,246,450,155
1400000US48453001835,48453001835,"Census Tract 18.35, Travis County, Texas",1963,124,1163,175,754,152,409,127,110,89,299,101,800,139,648,132,152,70
1400000US48453001839,48453001839,"Census Tract 18.39, Travis County, Texas",3121,146,1485,190,1111,172,374,128,115,65,259,127,1636,227,1303,239,333,161
1400000US48453001840,48453001840,"Census Tract 18.40, Travis County, Texas",3172,153,2143,226,1311,223,832,204,371,152,461,161,1029,221,694,191,335,117
1400000US48453001841,48453001841,"Census Tract 18.41, Travis County, Texas",5309,225,4352,246,3236,289,1116,270,190,154,926,224,957,265,707,196,250,156
1400000US48453001842,48453001842,"Census Tract 18.42, Travis County, Texas",2801,150,2001,220,1231,216,770,246,279,165,491,185,800,191,513,173,287,131
1400000US48453001843,48453001843,"Census Tract 18.43, Travis County, Texas",956,36,610,67,513,63,97,46,42,35,55,30,346,68,253,55,93,50
1400000US48453001844,48453001844,"Census Tract 18.44, Travis County, Texas",1559,98,695,90,446,93,249,83,81,43,168,79,864,124,586,129,278,100
1400000US48453001845,48453001845,"Census Tract 18.45, Travis County, Texas",1371,84,748,118,559,101,189,83,31,36,158,75,623,113,443,99,180,81
1400000US48453001846,48453001846,"Census Tract 18.46, Travis County, Texas",1044,34,661,53,608,55,53,27,0,13,53,27,383,54,294,83,89,53
1400000US48453001847,48453001847,"Census Tract 18.47, Travis County, Texas",2848,144,1658,219,1216,225,442,141,62,73,380,132,1190,237,802,216,388,154
1400000US48453001848,48453001848,"Census Tract 18.48, Travis County, Texas",1962,76,1213,122,870,123,343,107,95,52,248,95,749,132,555,131,194,69
1400000US48453001849,48453001849,"Census Tract 18.49, Travis County, Texas",3171,240,985,217,674,185,311,144,25,30,286,137,2186,291,1770,259,416,142
1400000US48453001850,48453001850,"Census Tract 18.50, Travis County, Texas",1998,132,703,138,400,132,303,111,86,73,217,102,1295,185,859,178,436,139
1400000US48453001851,48453001851,"Census Tract 18.51, Travis County, Texas",3972,226,1906,273,1523,240,383,181,105,80,278,160,2066,273,1405,264,661,204
1400000US48453001853,48453001853,"Census Tract 18.53, Travis County, Texas",1307,45,814,91,649,89,165,63,52,36,113,52,493,91,407,86,86,52
1400000US48453001854,48453001854,"Census Tract 18.54, Travis County, Texas",1551,183,1138,121,883,129,255,92,54,45,201,82,413,149,364,148,49,39
1400000US48453001855,48453001855,"Census Tract 18.55, Travis County, Texas",5102,195,4048,313,2814,469,1234,403,174,158,1060,339,1054,308,788,289,266,136
1400000US48453001856,48453001856,"Census Tract 18.56, Travis County, Texas",2293,144,1795,199,1502,220,293,111,162,73,131,95,498,140,327,97,171,100
1400000US48453001857,48453001857,"Census Tract 18.57, Travis County, Texas",2374,154,1525,157,1198,186,327,173,40,47,287,165,849,176,674,176,175,100
1400000US48453001858,48453001858,"Census Tract 18.58, Travis County, Texas",5801,298,4952,332,4259,361,693,276,308,198,385,168,849,270,617,226,232,151
1400000US48453001859,48453001859,"Census Tract 18.59, Travis County, Texas",501,94,398,92,358,95,40,30,6,9,34,28,103,67,84,62,19,22
1400000US48453001860,48453001860,"Census Tract 18.60, Travis County, Texas",1799,110,1049,157,642,151,407,142,109,78,298,129,750,174,640,165,110,90
1400000US48453001861,48453001861,"Census Tract 18.61, Travis County, Texas",1654,123,1348,158,1048,170,300,135,20,22,280,135,306,136,276,132,30,24
1400000US48453001862,48453001862,"Census Tract 18.62, Travis County, Texas",2024,154,1532,151,1049,153,483,159,22,27,461,159,492,152,343,135,149,93
1400000US48453001863,48453001863,"Census Tract 18.63, Travis County, Texas",1885,109,855,127,412,112,443,113,131,82,312,101,1030,147,779,136,251,106
1400000US48453001864,48453001864,"Census Tract 18.64, Travis County, Texas",1470,90,598,110,311,90,287,100,105,55,182,80,872,134,665,119,207,83
1400000US48453001901,48453001901,"Census Tract 19.01, Travis County, Texas",3028,132,1133,163,958,142,175,95,42,36,133,93,1895,184,1479,204,416,141
1400000US48453001908,48453001908,"Census Tract 19.08, Travis County, Texas",3572,214,2142,244,1829,236,313,147,97,81,216,120,1430,222,1120,205,310,116
1400000US48453001910,48453001910,"Census Tract 19.10, Travis County, Texas",1810,78,1228,123,1090,126,138,58,35,31,103,55,582,126,530,122,52,43
1400000US48453001911,48453001911,"Census Tract 19.11, Travis County, Texas",1752,93,594,117,457,105,137,55,8,12,129,52,1158,129,824,126,334,91
1400000US48453001912,48453001912,"Census Tract 19.12, Travis County, Texas",1463,98,988,92,878,99,110,51,52,36,58,38,475,121,450,120,25,21
1400000US48453001913,48453001913,"Census Tract 19.13, Travis County, Texas",1724,106,1412,126,1325,136,87,59,25,28,62,51,312,110,267,99,45,43
1400000US48453001914,48453001914,"Census Tract 19.14, Travis County, Texas",2773,145,1481,144,1295,159,186,109,104,89,82,69,1292,182,1046,180,246,136
1400000US48453001915,48453001915,"Census Tract 19.15, Travis County, Texas",805,47,480,82,385,87,95,68,39,34,56,51,325,88,287,85,38,39
1400000US48453001916,48453001916,"Census Tract 19.16, Travis County, Texas",934,63,913,68,865,65,48,28,19,19,29,21,21,24,21,24,0,13
1400000US48453001917,48453001917,"Census Tract 19.17, Travis County, Texas",1708,58,1421,119,1274,113,147,76,14,23,133,75,287,93,216,80,71,53
1400000US48453001918,48453001918,"Census Tract 19.18, Travis County, Texas",927,92,768,73,685,117,83,78,64,79,19,17,159,84,140,83,19,18
1400000US48453001919,48453001919,"Census Tract 19.19, Travis County, Texas",1419,68,1090,72,963,79,127,58,21,14,106,58,329,71,310,71,19,21
1400000US48453002002,48453002002,"Census Tract 20.02, Travis County, Texas",1360,79,656,132,496,100,160,83,36,33,124,76,704,137,515,144,189,86
1400000US48453002003,48453002003,"Census Tract 20.03, Travis County, Texas",1391,91,877,117,541,115,336,102,95,69,241,86,514,100,341,101,173,81
1400000US48453002004,48453002004,"Census Tract 20.04, Travis County, Texas",1372,88,243,68,160,55,83,48,37,37,46,28,1129,109,841,121,288,88
1400000US48453002005,48453002005,"Census Tract 20.05, Travis County, Texas",2077,175,721,162,328,138,393,158,122,87,271,142,1356,182,866,180,490,153
1400000US48453002104,48453002104,"Census Tract 21.04, Travis County, Texas",1209,70,669,118,484,114,185,100,88,64,97,81,540,115,334,96,206,84
1400000US48453002105,48453002105,"Census Tract 21.05, Travis County, Texas",2137,121,944,133,484,121,460,102,118,66,342,94,1193,151,786,147,407,109
1400000US48453002106,48453002106,"Census Tract 21.06, Travis County, Texas",1209,81,772,116,497,105,275,86,24,25,251,81,437,94,386,88,51,35
1400000US48453002107,48453002107,"Census Tract 21.07, Travis County, Texas",1348,127,750,133,350,100,400,121,90,67,310,103,598,120,424,115,174,75
1400000US48453002108,48453002108,"Census Tract 21.08, Travis County, Texas",1368,104,737,111,278,87,459,111,54,46,405,106,631,115,511,120,120,62
1400000US48453002109,48453002109,"Census Tract 21.09, Travis County, Texas",1600,93,807,122,354,102,453,126,131,83,322,101,793,123,601,124,192,78
1400000US48453002110,48453002110,"Census Tract 21.10, Travis County, Texas",1368,116,855,131,384,103,471,132,125,72,346,111,513,116,323,111,190,78
1400000US48453002111,48453002111,"Census Tract 21.11, Travis County, Texas",1709,107,1061,123,533,111,528,128,147,106,381,106,648,136,461,115,187,98
1400000US48453002112,48453002112,"Census Tract 21.12, Travis County, Texas",1717,113,1156,120,625,126,531,127,130,71,401,99,561,121,432,101,129,68
1400000US48453002113,48453002113,"Census Tract 21.13, Travis County, Texas",1386,66,826,100,590,98,236,89,68,58,168,68,560,104,436,108,124,56
1400000US48453002201,48453002201,"Census Tract 22.01, Travis County, Texas",607,35,496,55,237,58,259,61,53,30,206,59,111,52,111,52,0,13
1400000US48453002202,48453002202,"Census Tract 22.02, Travis County, Texas",2406,163,1872,225,838,203,1034,205,135,100,899,220,534,169,467,152,67,67
1400000US48453002207,48453002207,"Census Tract 22.07, Travis County, Texas",2624,182,2046,248,1178,218,868,237,307,230,561,209,578,193,327,140,251,171
1400000US48453002208,48453002208,"Census Tract 22.08, Travis County, Texas",1925,136,1608,147,1015,175,593,165,148,80,445,146,317,123,224,104,93,62
1400000US48453002209,48453002209,"Census Tract 22.09, Travis County, Texas",2753,222,1985,227,1386,225,599,170,178,115,421,138,768,234,582,208,186,150
1400000US48453002210,48453002210,"Census Tract 22.10, Travis County, Texas",946,180,759,156,504,141,255,114,134,88,121,84,187,93,164,94,23,25
1400000US48453002211,48453002211,"Census Tract 22.11, Travis County, Texas",745,98,464,78,291,73,173,63,78,49,95,49,281,90,181,93,100,73
1400000US48453002212,48453002212,"Census Tract 22.12, Travis County, Texas",172,55,148,61,108,58,40,25,10,15,30,23,24,22,12,12,12,18
1400000US48453002304,48453002304,"Census Tract 23.04, Travis County, Texas",1455,133,466,108,157,70,309,89,206,73,103,59,989,111,663,98,326,90
1400000US48453002307,48453002307,"Census Tract 23.07, Travis County, Texas",2613,146,893,198,422,144,471,169,241,114,230,113,1720,202,1085,205,635,170
1400000US48453002308,48453002308,"Census Tract 23.08, Travis County, Texas",2399,160,629,158,376,140,253,97,0,18,253,97,1770,191,1086,213,684,152
1400000US48453002310,48453002310,"Census Tract 23.10, Travis County, Texas",889,84,647,89,314,81,333,79,112,63,221,60,242,76,192,77,50,36
1400000US48453002312,48453002312,"Census Tract 23.12, Travis County, Texas",2107,144,1586,167,936,203,650,180,168,105,482,161,521,138,378,124,143,78
1400000US48453002313,48453002313,"Census Tract 23.13, Travis County, Texas",2145,107,842,141,432,142,410,119,141,84,269,88,1303,143,1003,139,300,111
1400000US48453002314,48453002314,"Census Tract 23.14, Travis County, Texas",1991,165,621,147,183,95,438,132,114,83,324,108,1370,177,978,195,392,131
1400000US48453002315,48453002315,"Census Tract 23.15, Travis County, Texas",1275,106,523,125,213,91,310,119,93,53,217,99,752,118,451,109,301,73
1400000US48453002316,48453002316,"Census Tract 23.16, Travis County, Texas",2212,128,1130,153,328,132,802,162,296,101,506,146,1082,156,603,144,479,145
1400000US48453002317,48453002317,"Census Tract 23.17, Travis County, Texas",1696,147,348,113,80,46,268,116,97,88,171,79,1348,162,403,162,945,185
1400000US48453002318,48453002318,"Census Tract 23.18, Travis County, Texas",3112,190,1079,289,362,197,717,246,211,126,506,237,2033,288,788,194,1245,295
1400000US48453002319,48453002319,"Census Tract 23.19, Travis County, Texas",0,13,0,13,0,13,0,13,0,13,0,13,0,13,0,13,0,13
1400000US48453002402,48453002402,"Census Tract 24.02, Travis County, Texas",3195,204,1496,201,840,151,656,219,301,177,355,150,1699,240,1128,214,571,190
1400000US48453002403,48453002403,"Census Tract 24.03, Travis County, Texas",1018,83,539,89,388,104,151,67,34,33,117,62,479,109,278,104,201,85
1400000US48453002407,48453002407,"Census Tract 24.07, Travis County, Texas",2134,113,1467,149,1176,159,291,119,48,54,243,106,667,148,524,122,143,98
1400000US48453002409,48453002409,"Census Tract 24.09, Travis County, Texas",1293,61,786,103,459,98,327,96,63,58,264,86,507,103,330,99,177,74
1400000US48453002410,48453002410,"Census Tract 24.10, Travis County, Texas",1603,84,735,118,396,105,339,118,63,50,276,103,868,133,624,135,244,102
1400000US48453002411,48453002411,"Census Tract 24.11, Travis County, Texas",1689,83,1367,130,606,114,761,130,167,89,594,143,322,119,199,72,123,92
1400000US48453002412,48453002412,"Census Tract 24.12, Travis County, Texas",1381,58,1144,79,747,110,397,99,90,54,307,87,237,72,101,44,136,66
1400000US48453002413,48453002413,"Census Tract 24.13, Travis County, Texas",1236,75,995,113,586,120,409,134,34,42,375,131,241,97,144,75,97,75
1400000US48453002419,48453002419,"Census Tract 24.19, Travis County, Texas",1823,115,838,137,393,106,445,136,120,82,325,108,985,132,607,108,378,95
1400000US48453002421,48453002421,"Census Tract 24.21, Travis County, Texas",3641,105,1740,215,1150,176,590,173,59,55,531,159,1901,251,1087,231,814,214
1400000US48453002422,48453002422,"Census Tract 24.22, Travis County, Texas",2368,73,1004,197,657,157,347,172,79,73,268,146,1364,190,942,212,422,161
1400000US48453002423,48453002423,"Census Tract 24.23, Travis County, Texas",2111,104,1217,214,672,170,545,202,269,169,276,140,894,190,616,155,278,113
1400000US48453002424,48453002424,"Census Tract 24.24, Travis County, Texas",1386,86,733,99,490,102,243,81,88,53,155,64,653,101,381,99,272,79
1400000US48453002425,48453002425,"Census Tract 24.25, Travis County, Texas",1142,62,748,94,520,90,228,91,48,48,180,84,394,93,219,73,175,76
1400000US48453002426,48453002426,"Census Tract 24.26, Travis County, Texas",2399,170,1715,211,1104,220,611,179,99,121,512,173,684,195,453,187,231,130
1400000US48453002427,48453002427,"Census Tract 24.27, Travis County, Texas",2314,151,1588,210,839,232,749,221,228,127,521,189,726,190,418,158,308,122
1400000US48453002428,48453002428,"Census Tract 24.28, Travis County, Texas",2719,107,1669,192,1236,193,433,160,203,112,230,123,1050,214,865,212,185,109
1400000US48453002429,48453002429,"Census Tract 24.29, Travis County, Texas",415,62,164,55,133,49,31,27,3,11,28,26,251,64,201,66,50,39
1400000US48453002430,48453002430,"Census Tract 24.30, Travis County, Texas",978,86,751,93,474,122,277,93,50,47,227,97,227,91,199,89,28,28
1400000US48453002431,48453002431,"Census Tract 24.31, Travis County, Texas",2171,161,1543,185,1099,199,444,135,131,102,313,114,628,188,379,188,249,103
1400000US48453002432,48453002432,"Census Tract 24.32, Travis County, Texas",639,65,450,83,349,79,101,48,45,40,56,28,189,71,144,62,45,42
1400000US48453002433,48453002433,"Census Tract 24.33, Travis County, Texas",1831,157,1528,154,1072,193,456,149,104,73,352,146,303,117,271,114,32,33
1400000US48453002434,48453002434,"Census Tract 24.34, Travis County, Texas",534,50,418,53,361,54,57,29,9,10,48,27,116,44,88,50,28,28
1400000US48453002435,48453002435,"Census Tract 24.35, Travis County, Texas",2170,188,1905,201,1243,255,662,216,184,133,478,178,265,117,191,102,74,71
1400000US48453002436,48453002436,"Census Tract 24.36, Travis County, Texas",643,112,569,106,327,94,242,81,131,65,111,63,74,39,61,37,13,13
1400000US48453002500,48453002500,"Census Tract 25, Travis County, Texas",2834,123,1221,180,1054,170,167,95,66,63,101,65,1613,199,1182,196,431,168
1400000US48453980000,48453980000,"Census Tract 9800, Travis County, Texas",0,13,0,13,0,13,0,13,0,13,0,13,0,13,0,13,0,13
1400000US48491020105,48491020105,"Census Tract 201.05, Williamson County, Texas",2293,122,1648,148,1632,148,16,19,0,13,16,19,645,158,504,149,141,79
1400000US48491020106,48491020106,"Census Tract 201.06, Williamson County, Texas",1420,76,1007,135,941,145,66,43,21,25,45,30,413,129,390,131,23,34
1400000US48491020107,48491020107,"Census Tract 201.07, Williamson County, Texas",2923,173,1896,182,1847,178,49,44,0,13,49,44,1027,225,992,221,35,40
1400000US48491020108,48491020108,"Census Tract 201.08, Williamson County, Texas",1248,36,911,87,840,93,71,41,15,17,56,37,337,81,307,77,30,43
1400000US48491020109,48491020109,"Census Tract 201.09, Williamson County, Texas",1031,81,926,94,827,91,99,74,8,15,91,73,105,62,70,56,35,29
1400000US48491020110,48491020110,"Census Tract 201.10, Williamson County, Texas",1391,99,1055,115,975,121,80,48,45,35,35,35,336,124,297,117,39,32
1400000US48491020111,48491020111,"Census Tract 201.11, Williamson County, Texas",1227,74,873,90,765,106,108,58,45,38,63,45,354,79,330,77,24,26
1400000US48491020112,48491020112,"Census Tract 201.12, Williamson County, Texas",1102,79,1018,87,986,94,32,26,12,15,20,23,84,53,84,53,0,13
1400000US48491020113,48491020113,"Census Tract 201.13, Williamson County, Texas",1016,86,537,118,374,88,163,81,68,69,95,59,479,100,386,103,93,67
1400000US48491020114,48491020114,"Census Tract 201.14, Williamson County, Texas",1970,128,1280,136,833,136,447,143,121,73,326,132,690,143,619,136,71,54
1400000US48491020115,48491020115,"Census Tract 201.15, Williamson County, Texas",1232,84,965,108,842,98,123,70,8,16,115,66,267,114,249,118,18,24
1400000US48491020201,48491020201,"Census Tract 202.01, Williamson County, Texas",608,57,389,71,313,70,76,43,16,14,60,38,219,74,147,49,72,63
1400000US48491020202,48491020202,"Census Tract 202.02, Williamson County, Texas",1693,121,1398,122,1278,128,120,64,30,28,90,53,295,92,276,87,19,24
1400000US48491020203,48491020203,"Census Tract 202.03, Williamson County, Texas",1640,106,1265,107,1265,107,0,13,0,13,0,13,375,94,345,89,30,28
1400000US48491020204,48491020204,"Census Tract 202.04, Williamson County, Texas",1519,129,1199,139,948,144,251,128,66,48,185,119,320,102,273,98,47,44
1400000US48491020301,48491020301,"Census Tract 203.01, Williamson County, Texas",2151,130,1657,165,1454,168,203,83,71,46,132,65,494,140,411,131,83,47
1400000US48491020302,48491020302,"Census Tract 203.02, Williamson County, Texas",1070,89,863,105,740,98,123,60,44,36,79,47,207,70,189,68,18,20
1400000US48491020310,48491020310,"Census Tract 203.10, Williamson County, Texas",951,62,729,70,678,73,51,27,9,15,42,25,222,68,179,61,43,46
1400000US48491020311,48491020311,"Census Tract 203.11, Williamson County, Texas",1584,119,907,127,774,100,133,93,22,33,111,84,677,150,513,154,164,74
1400000US48491020312,48491020312,"Census Tract 203.12, Williamson County, Texas",2474,192,1869,194,1276,211,593,221,232,177,361,162,605,189,445,186,160,122
1400000US48491020313,48491020313,"Census Tract 203.13, Williamson County, Texas",3130,223,2203,196,1730,179,473,171,221,126,252,129,927,243,628,192,299,154
1400000US48491020314,48491020314,"Census Tract 203.14, Williamson County, Texas",1702,104,1438,123,1133,174,305,150,94,86,211,119,264,98,244,93,20,20
1400000US48491020315,48491020315,"Census Tract 203.15, Williamson County, Texas",1899,119,1524,142,1296,133,228,148,21,28,207,144,375,125,346,125,29,24
1400000US48491020316,48491020316,"Census Tract 203.16, Williamson County, Texas",1365,106,863,143,571,118,292,141,46,42,246,147,502,148,411,145,91,61
1400000US48491020317,48491020317,"Census Tract 203.17, Williamson County, Texas",1308,187,922,117,658,106,264,105,54,44,210,90,386,158,322,154,64,59
1400000US48491020318,48491020318,"Census Tract 203.18, Williamson County, Texas",3268,113,2191,211,1628,181,563,159,106,81,457,150,1077,184,938,155,139,79
1400000US48491020319,48491020319,"Census Tract 203.19, Williamson County, Texas",1707,72,1416,116,1200,157,216,115,36,46,180,103,291,111,124,63,167,113
1400000US48491020320,48491020320,"Census Tract 203.20, Williamson County, Texas",2518,103,2192,158,1662,169,530,223,141,138,389,198,326,139,272,126,54,59
1400000US48491020321,48491020321,"Census Tract 203.21, Williamson County, Texas",609,82,412,80,356,80,56,40,18,28,38,26,197,66,180,64,17,16
1400000US48491020322,48491020322,"Census Tract 203.22, Williamson County, Texas",3103,145,2221,199,1636,202,585,182,94,88,491,160,882,182,634,152,248,142
1400000US48491020323,48491020323,"Census Tract 203.23, Williamson County, Texas",1053,61,812,82,590,93,222,93,33,39,189,87,241,79,198,79,43,28
1400000US48491020324,48491020324,"Census Tract 203.24, Williamson County, Texas",2088,120,1813,142,1569,168,244,104,44,46,200,94,275,122,163,78,112,76
1400000US48491020325,48491020325,"Census Tract 203.25, Williamson County, Texas",944,54,718,108,482,117,236,102,21,17,215,104,226,103,164,98,62,66
1400000US48491020326,48491020326,"Census Tract 203.26, Williamson County, Texas",1955,81,1771,93,1568,122,203,109,23,22,180,109,184,73,153,65,31,30
1400000US48491020327,48491020327,"Census Tract 203.27, Williamson County, Texas",779,76,572,70,449,75,123,50,15,19,108,49,207,77,144,76,63,62
1400000US48491020328,48491020328,"Census Tract 203.28, Williamson County, Texas",2367,119,1775,155,1509,158,266,92,39,48,227,81,592,164,505,150,87,95
1400000US48491020403,48491020403,"Census Tract 204.03, Williamson County, Texas",758,70,491,70,335,80,156,67,42,39,114,57,267,68,153,49,114,54
1400000US48491020404,48491020404,"Census Tract 204.04, Williamson County, Texas",1350,58,961,108,683,79,278,97,80,67,198,91,389,91,334,84,55,41
1400000US48491020405,48491020405,"Census Tract 204.05, Williamson County, Texas",2601,174,1501,204,1006,175,495,144,128,96,367,115,1100,247,861,224,239,125
1400000US48491020406,48491020406,"Census Tract 204.06, Williamson County, Texas",2970,267,1340,273,767,199,573,204,97,79,476,191,1630,213,1312,226,318,145
1400000US48491020408,48491020408,"Census Tract 204.08, Williamson County, Texas",2039,123,1181,197,677,152,504,178,100,96,404,153,858,198,616,162,242,131
1400000US48491020409,48491020409,"Census Tract 204.09, Williamson County, Texas",2131,159,1125,156,741,174,384,150,48,55,336,144,1006,177,818,191,188,87
1400000US48491020410,48491020410,"Census Tract 204.10, Williamson County, Texas",2674,154,1413,166,817,161,596,184,239,169,357,148,1261,221,1176,218,85,64
1400000US48491020411,48491020411,"Census Tract 204.11, Williamson County, Texas",2156,92,1318,115,1057,110,261,105,61,63,200,89,838,139,714,154,124,81
1400000US48491020503,48491020503,"Census Tract 205.03, Williamson County, Texas",1858,104,1406,119,1212,111,194,77,36,31,158,71,452,114,369,99,83,59
1400000US48491020504,48491020504,"Census Tract 205.04, Williamson County, Texas",3533,189,1894,247,948,226,946,218,301,153,645,183,1639,229,1263,226,376,146
1400000US48491020505,48491020505,"Census Tract 205.05, Williamson County, Texas",838,55,696,66,637,73,59,55,0,13,59,55,142,58,123,57,19,19
1400000US48491020506,48491020506,"Census Tract 205.06, Williamson County, Texas",2589,134,2166,145,1814,159,352,122,81,68,271,109,423,156,377,150,46,55
1400000US48491020507,48491020507,"Census Tract 205.07, Williamson County, Texas",1077,95,782,131,728,135,54,55,0,13,54,55,295,98,235,90,60,53
1400000US48491020508,48491020508,"Census Tract 205.08, Williamson County, Texas",2051,164,1244,207,826,164,418,174,33,35,385,172,807,178,616,193,191,138
1400000US48491020509,48491020509,"Census Tract 205.09, Williamson County, Texas",2162,113,1869,149,1727,160,142,87,38,43,104,74,293,109,246,107,47,51
1400000US48491020510,48491020510,"Census Tract 205.10, Williamson County, Texas",3316,182,2775,228,2477,220,298,128,147,100,151,88,541,209,319,124,222,149
1400000US48491020602,48491020602,"Census Tract 206.02, Williamson County, Texas",1680,70,1293,110,1021,115,272,95,131,80,141,73,387,114,308,95,79,59
1400000US48491020603,48491020603,"Census Tract 206.03, Williamson County, Texas",2815,63,2600,113,2491,132,109,74,55,48,54,60,215,112,194,106,21,33
1400000US48491020604,48491020604,"Census Tract 206.04, Williamson County, Texas",1850,90,1486,125,1284,150,202,109,118,92,84,52,364,118,297,112,67,63
1400000US48491020605,48491020605,"Census Tract 206.05, Williamson County, Texas",2109,109,1817,126,1502,149,315,139,29,40,286,134,292,115,266,117,26,30
1400000US48491020701,48491020701,"Census Tract 207.01, Williamson County, Texas",806,70,496,85,295,93,201,69,84,51,117,62,310,94,257,76,53,47
1400000US48491020703,48491020703,"Census Tract 207.03, Williamson County, Texas",3542,165,2405,234,1612,223,793,214,236,136,557,174,1137,210,844,178,293,155
1400000US48491020704,48491020704,"Census Tract 207.04, Williamson County, Texas",2139,137,1362,198,1096,191,266,123,120,97,146,88,777,167,605,153,172,105
1400000US48491020706,48491020706,"Census Tract 207.06, Williamson County, Texas",1092,57,998,67,900,74,98,51,70,45,28,36,94,63,94,63,0,13
1400000US48491020707,48491020707,"Census Tract 207.07, Williamson County, Texas",1710,90,1166,150,850,130,316,119,88,94,228,93,544,125,407,127,137,78
1400000US48491020708,48491020708,"Census Tract 207.08, Williamson County, Texas",2253,140,1881,170,1724,169,157,107,38,47,119,97,372,162,194,100,178,137
1400000US48491020803,48491020803,"Census Tract 208.03, Williamson County, Texas",1311,170,905,132,744,118,161,79,16,21,145,81,406,157,271,131,135,86
1400000US48491020804,48491020804,"Census Tract 208.04, Williamson County, Texas",3166,190,2490,203,2120,196,370,163,108,85,262,134,676,173,395,164,281,101
1400000US48491020805,48491020805,"Census Tract 208.05, Williamson County, Texas",2204,189,1903,172,1505,249,398,206,85,79,313,186,301,129,271,128,30,32
1400000US48491020806,48491020806,"Census Tract 208.06, Williamson County, Texas",883,78,807,77,690,83,117,53,28,30,89,51,76,51,71,50,5,8
1400000US48491020807,48491020807,"Census Tract 208.07, Williamson County, Texas",2439,251,1988,222,1637,274,351,174,110,105,241,121,451,149,391,147,60,61
1400000US48491020808,48491020808,"Census Tract 208.08, Williamson County, Texas",604,70,393,84,329,97,64,56,9,14,55,55,211,86,194,85,17,20
1400000US48491020809,48491020809,"Census Tract 208.09, Williamson County, Texas",2076,180,1818,180,1581,184,237,95,79,68,158,69,258,117,249,117,9,15
1400000US48491020900,48491020900,"Census Tract 209, Williamson County, Texas",1562,117,1050,99,940,104,110,36,44,30,66,23,512,111,474,109,38,22
1400000US48491021000,48491021000,"Census Tract 210, Williamson County, Texas",930,93,652,79,444,72,208,61,60,43,148,52,278,96,222,85,56,42
1400000US48491021100,48491021100,"Census Tract 211, Williamson County, Texas",952,76,590,96,401,82,189,78,102,62,87,52,362,90,314,86,48,41
1400000US48491021201,48491021201,"Census Tract 212.01, Williamson County, Texas",1123,71,806,90,711,90,95,52,27,23,68,43,317,88,276,80,41,31
1400000US48491021202,48491021202,"Census Tract 212.02, Williamson County, Texas",1248,100,1004,101,685,101,319,94,34,33,285,93,244,83,213,76,31,44
1400000US48491021203,48491021203,"Census Tract 212.03, Williamson County, Texas",1097,72,708,111,464,94,244,97,58,54,186,86,389,118,377,118,12,14
1400000US48491021300,48491021300,"Census Tract 213, Williamson County, Texas",1248,94,845,92,638,81,207,65,45,32,162,65,403,67,369,67,34,22
1400000US48491021401,48491021401,"Census Tract 214.01, Williamson County, Texas",2656,181,2106,193,1726,214,380,137,20,31,360,132,550,141,506,137,44,41
1400000US48491021402,48491021402,"Census Tract 214.02, Williamson County, Texas",1553,149,751,140,389,99,362,115,68,52,294,117,802,167,734,156,68,57
1400000US48491021403,48491021403,"Census Tract 214.03, Williamson County, Texas",1304,93,875,145,650,134,225,105,92,70,133,73,429,130,360,115,69,64
1400000US48491021502,48491021502,"Census Tract 215.02, Williamson County, Texas",1559,96,1147,120,751,135,396,116,131,66,265,106,412,90,291,84,121,78
1400000US48491021503,48491021503,"Census Tract 215.03, Williamson County, Texas",1595,95,1055,128,714,134,341,122,67,75,274,119,540,118,425,119,115,69
1400000US48491021504,48491021504,"Census Tract 215.04, Williamson County, Texas",2208,167,1649,175,1571,177,78,60,0,18,78,60,559,170,402,161,157,93
1400000US48491021505,48491021505,"Census Tract 215.05, Williamson County, Texas",2440,137,1492,217,1131,215,361,164,194,155,167,90,948,222,719,187,229,121
1400000US48491021506,48491021506,"Census Tract 215.06, Williamson County, Texas",997,55,870,71,804,82,66,39,20,26,46,28,127,60,118,57,9,14
1400000US48491021507,48491021507,"Census Tract 215.07, Williamson County, Texas",3511,294,2281,279,1663,287,618,218,107,91,511,212,1230,247,1067,235,163,101
1400000US48491021508,48491021508,"Census Tract 215.08, Williamson County, Texas",2522,158,1826,234,1363,211,463,226,209,212,254,138,696,198,515,168,181,116
1400000US48491021601,48491021601,"Census Tract 216.01, Williamson County, Texas",1168,122,914,133,756,114,158,81,49,55,109,58,254,97,240,95,14,15
1400000US48491021602,48491021602,"Census Tract 216.02, Williamson County, Texas",976,93,836,97,737,94,99,53,61,42,38,30,140,68,89,58,51,45
1400000US48491021603,48491021603,"Census Tract 216.03, Williamson County, Texas",514,51,383,50,343,48,40,25,21,22,19,12,131,44,117,42,14,17
