GEO.id,GEO.id2,GEO.display-label,HD01_VD01,HD02_VD01,HD01_VD02,HD02_VD02,HD01_VD03,HD02_VD03,HD01_VD04,HD02_VD04,HD01_VD05,HD02_VD05,HD01_VD06,HD02_VD06,HD01_VD07,HD02_VD07,HD01_VD08,HD02_VD08,HD01_VD09,HD02_VD09
Id,Id2,Geography,Estimate; Total:,Margin of Error; Total:,Estimate; Family households:,Margin of Error; Family households:,Estimate; Family households: - Married-couple family,Margin of Error; Family households: - Married-couple family,Estimate; Family households: - Other family:,Margin of Error; Family households: - Other family:,"Estimate; Family households: - Other family: - Male householder, no wife present","Margin of Error; Family households: - Other family: - Male householder, no wife present","Estimate; Family households: - Other family: - Female householder, no husband present","Margin of Error; Family households: - Other family: - Female householder, no husband present",Estimate; Nonfamily households:,Margin of Error; Nonfamily households:,Estimate; Nonfamily households: - Householder living alone,Margin of Error; Nonfamily households: - Householder living alone,Estimate; Nonfamily households: - Householder not living alone,Margin of Error; Nonfamily households: - Householder not living alone
1400000US48021950100,48021950100,"Census Tract 9501, Bastrop County, Texas",2816,192,1997,227,1775,201,222,100,91,73,131,59,819,194,720,191,99,62
1400000US48021950200,48021950200,"Census Tract 9502, Bastrop County, Texas",2776,443,2024,321,1417,316,607,205,351,193,256,153,752,261,626,235,126,86
1400000US48021950300,48021950300,"Census Tract 9503, Bastrop County, Texas",3441,200,2659,213,2144,218,515,124,83,53,432,128,782,189,598,162,184,124
1400000US48021950400,48021950400,"Census Tract 9504, Bastrop County, Texas",2887,241,1934,203,1327,201,607,167,162,79,445,143,953,241,756,211,197,129
1400000US48021950500,48021950500,"Census Tract 9505, Bastrop County, Texas",3574,265,2544,246,2169,241,375,135,120,87,255,115,1030,223,933,213,97,77
1400000US48021950600,48021950600,"Census Tract 9506, Bastrop County, Texas",1455,175,880,162,755,145,125,77,52,48,73,64,575,156,526,153,49,39
1400000US48021950700,48021950700,"Census Tract 9507, Bastrop County, Texas",1817,199,1187,140,748,132,439,132,60,57,379,120,630,145,540,141,90,65
1400000US48021950800,48021950800,"Census Tract 9508, Bastrop County, Texas",3252,227,2755,238,1982,257,773,223,322,156,451,166,497,146,451,147,46,39
1400000US48055960100,48055960100,"Census Tract 9601, Caldwell County, Texas",2916,227,2275,222,1950,217,325,115,156,93,169,80,641,178,600,169,41,53
1400000US48055960200,48055960200,"Census Tract 9602, Caldwell County, Texas",1182,219,989,200,648,180,341,148,149,104,192,101,193,87,150,82,43,33
1400000US48055960300,48055960300,"Census Tract 9603, Caldwell County, Texas",1266,204,1012,176,771,169,241,94,112,76,129,75,254,85,221,83,33,25
1400000US48055960400,48055960400,"Census Tract 9604, Caldwell County, Texas",1066,171,708,144,351,103,357,111,90,67,267,94,358,109,287,102,71,53
1400000US48055960500,48055960500,"Census Tract 9605, Caldwell County, Texas",1944,226,1522,217,1118,161,404,147,195,109,209,108,422,111,386,112,36,24
1400000US48055960600,48055960600,"Census Tract 9606, Caldwell County, Texas",798,114,539,98,391,100,148,82,80,65,68,52,259,86,244,85,15,14
1400000US48055960700,48055960700,"Census Tract 9607, Caldwell County, Texas",2071,188,1235,181,837,167,398,159,142,111,256,159,836,218,705,215,131,102
1400000US48209010100,48209010100,"Census Tract 101, Hays County, Texas",992,109,375,114,258,108,117,68,58,49,59,44,617,128,341,111,276,117
1400000US48209010200,48209010200,"Census Tract 102, Hays County, Texas",579,88,218,70,102,45,116,62,61,48,55,47,361,98,164,83,197,78
1400000US48209010301,48209010301,"Census Tract 103.01, Hays County, Texas",4278,332,1240,171,660,129,580,139,225,127,355,140,3038,323,2106,322,932,214
1400000US48209010302,48209010302,"Census Tract 103.02, Hays County, Texas",1799,157,1175,208,459,138,716,206,247,104,469,187,624,165,467,145,157,70
1400000US48209010400,48209010400,"Census Tract 104, Hays County, Texas",2387,206,1352,164,993,168,359,143,140,74,219,128,1035,211,847,197,188,94
1400000US48209010500,48209010500,"Census Tract 105, Hays County, Texas",1121,106,754,116,468,117,286,91,90,64,196,69,367,95,264,83,103,60
1400000US48209010600,48209010600,"Census Tract 106, Hays County, Texas",3771,267,2197,192,1683,182,514,167,238,124,276,107,1574,240,1282,227,292,135
1400000US48209010700,48209010700,"Census Tract 107, Hays County, Texas",4194,298,1083,179,840,136,243,121,72,70,171,90,3111,320,1864,289,1247,238
1400000US48209010801,48209010801,"Census Tract 108.01, Hays County, Texas",5517,234,4479,231,3916,238,563,160,218,109,345,105,1038,198,852,198,186,68
1400000US48209010802,48209010802,"Census Tract 108.02, Hays County, Texas",4423,289,3074,216,2547,219,527,137,100,57,427,131,1349,267,1134,250,215,103
1400000US48209010901,48209010901,"Census Tract 109.01, Hays County, Texas",2237,110,1920,129,1796,128,124,55,28,28,96,51,317,98,292,93,25,22
1400000US48209010902,48209010902,"Census Tract 109.02, Hays County, Texas",2727,177,2209,160,1859,159,350,113,29,27,321,112,518,123,464,122,54,36
1400000US48209010903,48209010903,"Census Tract 109.03, Hays County, Texas",4268,243,3520,256,2991,268,529,161,161,99,368,123,748,155,599,144,149,52
1400000US48209010904,48209010904,"Census Tract 109.04, Hays County, Texas",6735,363,5046,332,3913,348,1133,228,360,130,773,167,1689,297,1381,291,308,154
1400000US48453000101,48453000101,"Census Tract 1.01, Travis County, Texas",1693,95,804,118,740,122,64,41,36,33,28,26,889,132,708,107,181,74
1400000US48453000102,48453000102,"Census Tract 1.02, Travis County, Texas",982,86,675,68,591,64,84,60,44,43,40,35,307,81,251,74,56,40
1400000US48453000201,48453000201,"Census Tract 2.01, Travis County, Texas",3646,167,1315,233,875,185,440,152,174,83,266,136,2331,229,1711,245,620,188
1400000US48453000203,48453000203,"Census Tract 2.03, Travis County, Texas",466,92,60,45,60,45,0,127,0,127,0,127,406,103,242,109,164,69
1400000US48453000204,48453000204,"Census Tract 2.04, Travis County, Texas",1495,168,393,93,348,98,45,31,15,19,30,27,1102,163,827,155,275,120
1400000US48453000301,48453000301,"Census Tract 3.01, Travis County, Texas",3148,192,820,145,568,137,252,135,140,110,112,75,2328,226,1326,227,1002,240
1400000US48453000302,48453000302,"Census Tract 3.02, Travis County, Texas",2940,166,744,160,619,148,125,69,71,50,54,44,2196,205,1717,252,479,176
1400000US48453000303,48453000303,"Census Tract 3.03, Travis County, Texas",1134,100,412,112,276,91,136,66,28,31,108,65,722,135,499,114,223,79
1400000US48453000401,48453000401,"Census Tract 4.01, Travis County, Texas",1465,126,451,116,317,108,134,74,98,68,36,28,1014,142,698,143,316,95
1400000US48453000402,48453000402,"Census Tract 4.02, Travis County, Texas",1288,108,415,131,256,96,159,81,60,56,99,62,873,154,656,148,217,90
1400000US48453000500,48453000500,"Census Tract 5, Travis County, Texas",2419,236,477,136,360,113,117,83,30,34,87,78,1942,251,1337,318,605,199
1400000US48453000601,48453000601,"Census Tract 6.01, Travis County, Texas",469,105,56,34,37,26,19,22,10,16,9,14,413,110,180,77,233,89
1400000US48453000603,48453000603,"Census Tract 6.03, Travis County, Texas",1720,163,162,72,55,43,107,60,49,41,58,48,1558,160,801,166,757,142
1400000US48453000604,48453000604,"Census Tract 6.04, Travis County, Texas",1230,165,115,61,63,48,52,35,38,32,14,17,1115,168,616,163,499,136
1400000US48453000700,48453000700,"Census Tract 7, Travis County, Texas",592,83,119,55,104,50,15,18,15,18,0,127,473,105,290,85,183,88
1400000US48453000801,48453000801,"Census Tract 8.01, Travis County, Texas",494,81,228,56,188,62,40,36,26,28,14,24,266,85,233,66,33,40
1400000US48453000802,48453000802,"Census Tract 8.02, Travis County, Texas",1119,95,772,116,299,139,473,127,40,33,433,122,347,112,267,90,80,64
1400000US48453000803,48453000803,"Census Tract 8.03, Travis County, Texas",856,117,388,114,207,87,181,84,71,70,110,64,468,116,385,107,83,52
1400000US48453000804,48453000804,"Census Tract 8.04, Travis County, Texas",817,119,439,86,257,66,182,67,76,61,106,56,378,118,285,105,93,76
1400000US48453000901,48453000901,"Census Tract 9.01, Travis County, Texas",609,93,229,81,151,75,78,54,20,34,58,40,380,88,244,93,136,61
1400000US48453000902,48453000902,"Census Tract 9.02, Travis County, Texas",1649,141,974,140,413,122,561,114,176,90,385,99,675,153,495,123,180,94
1400000US48453001000,48453001000,"Census Tract 10, Travis County, Texas",1439,117,898,134,436,139,462,123,214,81,248,104,541,116,475,101,66,56
1400000US48453001100,48453001100,"Census Tract 11, Travis County, Texas",1858,151,440,138,351,127,89,62,44,43,45,49,1418,191,1245,182,173,98
1400000US48453001200,48453001200,"Census Tract 12, Travis County, Texas",2111,237,498,133,378,124,120,50,8,12,112,50,1613,270,1316,256,297,149
1400000US48453001303,48453001303,"Census Tract 13.03, Travis County, Texas",1339,129,516,109,460,117,56,43,0,127,56,43,823,148,695,134,128,75
1400000US48453001304,48453001304,"Census Tract 13.04, Travis County, Texas",1955,132,710,149,418,102,292,115,79,73,213,98,1245,184,708,157,537,151
1400000US48453001305,48453001305,"Census Tract 13.05, Travis County, Texas",2858,187,914,155,395,112,519,136,103,103,416,147,1944,223,1447,240,497,173
1400000US48453001307,48453001307,"Census Tract 13.07, Travis County, Texas",1813,95,692,119,405,117,287,110,48,52,239,107,1121,135,899,140,222,101
1400000US48453001308,48453001308,"Census Tract 13.08, Travis County, Texas",1220,121,593,125,408,97,185,91,94,90,91,41,627,147,468,143,159,91
1400000US48453001401,48453001401,"Census Tract 14.01, Travis County, Texas",1606,152,566,136,497,135,69,40,18,24,51,34,1040,146,736,135,304,104
1400000US48453001402,48453001402,"Census Tract 14.02, Travis County, Texas",1469,84,463,123,375,91,88,79,34,55,54,58,1006,146,635,136,371,131
1400000US48453001403,48453001403,"Census Tract 14.03, Travis County, Texas",701,76,246,75,151,69,95,73,44,50,51,48,455,78,355,85,100,63
1400000US48453001501,48453001501,"Census Tract 15.01, Travis County, Texas",1995,100,1240,117,1040,110,200,84,57,44,143,64,755,145,564,149,191,121
1400000US48453001503,48453001503,"Census Tract 15.03, Travis County, Texas",1693,133,747,149,570,144,177,60,34,39,143,52,946,159,608,149,338,122
1400000US48453001504,48453001504,"Census Tract 15.04, Travis County, Texas",1954,65,951,151,632,147,319,110,84,58,235,96,1003,156,797,150,206,105
1400000US48453001505,48453001505,"Census Tract 15.05, Travis County, Texas",2130,128,933,176,772,155,161,79,36,36,125,76,1197,185,882,181,315,118
1400000US48453001602,48453001602,"Census Tract 16.02, Travis County, Texas",1786,142,862,128,709,136,153,85,87,72,66,56,924,159,738,163,186,93
1400000US48453001603,48453001603,"Census Tract 16.03, Travis County, Texas",1847,141,1217,133,1060,131,157,81,78,79,79,46,630,110,472,109,158,62
1400000US48453001604,48453001604,"Census Tract 16.04, Travis County, Texas",1674,99,1072,122,929,112,143,74,11,17,132,74,602,106,458,97,144,87
1400000US48453001605,48453001605,"Census Tract 16.05, Travis County, Texas",1849,172,679,153,581,147,98,55,31,36,67,46,1170,179,917,170,253,110
1400000US48453001606,48453001606,"Census Tract 16.06, Travis County, Texas",0,127,0,127,0,127,0,127,0,127,0,127,0,127,0,127,0,127
1400000US48453001705,48453001705,"Census Tract 17.05, Travis County, Texas",2090,123,1147,118,1052,121,95,67,0,127,95,67,943,169,795,165,148,97
1400000US48453001706,48453001706,"Census Tract 17.06, Travis County, Texas",1704,97,874,113,598,95,276,118,109,76,167,105,830,138,741,117,89,58
1400000US48453001707,48453001707,"Census Tract 17.07, Travis County, Texas",2413,106,981,147,806,135,175,87,99,65,76,64,1432,147,1359,149,73,68
1400000US48453001712,48453001712,"Census Tract 17.12, Travis County, Texas",1958,114,869,153,563,129,306,156,206,138,100,67,1089,137,886,135,203,100
1400000US48453001713,48453001713,"Census Tract 17.13, Travis County, Texas",1613,97,925,122,604,136,321,106,78,58,243,99,688,136,565,124,123,70
1400000US48453001714,48453001714,"Census Tract 17.14, Travis County, Texas",4850,226,3081,232,2568,218,513,174,174,112,339,134,1769,258,1355,243,414,171
1400000US48453001715,48453001715,"Census Tract 17.15, Travis County, Texas",2882,150,2180,176,2034,180,146,89,50,64,96,56,702,178,542,156,160,100
1400000US48453001716,48453001716,"Census Tract 17.16, Travis County, Texas",2142,108,1312,155,1154,139,158,99,66,81,92,61,830,160,777,159,53,42
1400000US48453001718,48453001718,"Census Tract 17.18, Travis County, Texas",2798,137,1166,117,1042,119,124,76,34,38,90,65,1632,158,1358,172,274,104
1400000US48453001719,48453001719,"Census Tract 17.19, Travis County, Texas",1502,98,1165,101,1105,106,60,36,24,22,36,29,337,89,309,88,28,22
1400000US48453001722,48453001722,"Census Tract 17.22, Travis County, Texas",2599,185,709,171,645,170,64,56,23,38,41,40,1890,222,1575,244,315,165
1400000US48453001728,48453001728,"Census Tract 17.28, Travis County, Texas",2790,160,1726,180,1247,156,479,156,104,81,375,140,1064,200,584,160,480,173
1400000US48453001729,48453001729,"Census Tract 17.29, Travis County, Texas",2039,123,978,153,754,135,224,76,48,36,176,70,1061,178,709,155,352,151
1400000US48453001732,48453001732,"Census Tract 17.32, Travis County, Texas",7824,290,6468,263,5762,287,706,164,134,80,572,148,1356,223,974,212,382,132
1400000US48453001733,48453001733,"Census Tract 17.33, Travis County, Texas",1154,101,982,129,916,130,66,41,20,24,46,35,172,97,157,95,15,19
1400000US48453001737,48453001737,"Census Tract 17.37, Travis County, Texas",3769,97,2678,178,2341,164,337,127,27,30,310,125,1091,193,751,165,340,152
1400000US48453001738,48453001738,"Census Tract 17.38, Travis County, Texas",2550,86,1863,117,1617,147,246,114,18,18,228,108,687,125,576,119,111,60
1400000US48453001739,48453001739,"Census Tract 17.39, Travis County, Texas",3488,184,2039,230,1688,202,351,122,36,37,315,117,1449,235,1081,215,368,136
1400000US48453001740,48453001740,"Census Tract 17.40, Travis County, Texas",1525,61,1059,107,910,132,149,78,16,19,133,74,466,92,350,95,116,66
1400000US48453001741,48453001741,"Census Tract 17.41, Travis County, Texas",1495,165,947,158,707,111,240,114,135,98,105,75,548,165,440,152,108,66
1400000US48453001742,48453001742,"Census Tract 17.42, Travis County, Texas",1689,153,1123,147,879,141,244,112,63,39,181,106,566,147,413,125,153,84
1400000US48453001743,48453001743,"Census Tract 17.43, Travis County, Texas",3402,172,2729,189,2423,201,306,107,69,64,237,86,673,177,517,136,156,101
1400000US48453001744,48453001744,"Census Tract 17.44, Travis County, Texas",5206,221,1682,264,1261,280,421,168,150,76,271,128,3524,292,2894,336,630,195
1400000US48453001745,48453001745,"Census Tract 17.45, Travis County, Texas",896,113,563,70,399,77,164,57,9,14,155,59,333,104,240,82,93,63
1400000US48453001746,48453001746,"Census Tract 17.46, Travis County, Texas",1619,60,776,118,615,104,161,79,18,21,143,75,843,125,551,113,292,117
1400000US48453001747,48453001747,"Census Tract 17.47, Travis County, Texas",2041,107,1296,130,831,163,465,155,133,85,332,142,745,164,404,125,341,127
1400000US48453001748,48453001748,"Census Tract 17.48, Travis County, Texas",1780,107,1230,117,997,140,233,97,22,27,211,92,550,123,377,111,173,79
1400000US48453001749,48453001749,"Census Tract 17.49, Travis County, Texas",2999,183,1335,190,862,184,473,173,69,67,404,171,1664,241,1319,225,345,170
1400000US48453001750,48453001750,"Census Tract 17.50, Travis County, Texas",2462,159,986,182,847,193,139,75,21,23,118,73,1476,197,1128,204,348,145
1400000US48453001751,48453001751,"Census Tract 17.51, Travis County, Texas",903,48,533,79,514,74,19,30,0,127,19,30,370,71,333,66,37,34
1400000US48453001752,48453001752,"Census Tract 17.52, Travis County, Texas",2286,188,527,184,434,177,93,85,75,79,18,30,1759,231,1378,235,381,149
1400000US48453001753,48453001753,"Census Tract 17.53, Travis County, Texas",840,71,205,77,173,73,32,23,0,127,32,23,635,106,557,111,78,48
1400000US48453001754,48453001754,"Census Tract 17.54, Travis County, Texas",2407,115,954,132,804,150,150,78,17,27,133,73,1453,163,1183,161,270,147
1400000US48453001755,48453001755,"Census Tract 17.55, Travis County, Texas",1904,80,1637,84,1558,95,79,49,18,24,61,43,267,83,199,74,68,38
1400000US48453001756,48453001756,"Census Tract 17.56, Travis County, Texas",1705,72,1090,137,940,138,150,79,16,18,134,77,615,132,501,143,114,49
1400000US48453001757,48453001757,"Census Tract 17.57, Travis County, Texas",872,51,457,72,433,70,24,25,7,12,17,21,415,73,284,83,131,79
1400000US48453001758,48453001758,"Census Tract 17.58, Travis County, Texas",1290,78,638,107,553,90,85,75,19,24,66,71,652,103,469,120,183,98
1400000US48453001759,48453001759,"Census Tract 17.59, Travis County, Texas",1377,116,402,113,335,103,67,58,13,21,54,55,975,150,855,136,120,71
1400000US48453001760,48453001760,"Census Tract 17.60, Travis County, Texas",3963,232,3096,204,2764,219,332,139,92,83,240,114,867,235,609,207,258,163
1400000US48453001761,48453001761,"Census Tract 17.61, Travis County, Texas",2619,186,1679,173,1652,172,27,31,0,127,27,31,940,208,735,183,205,106
1400000US48453001762,48453001762,"Census Tract 17.62, Travis County, Texas",4881,268,3644,242,3213,214,431,138,94,67,337,143,1237,211,983,179,254,102
1400000US48453001764,48453001764,"Census Tract 17.64, Travis County, Texas",2342,189,1616,173,1475,161,141,62,24,24,117,57,726,175,653,175,73,48
1400000US48453001765,48453001765,"Census Tract 17.65, Travis County, Texas",5217,208,3733,251,3157,224,576,170,188,122,388,134,1484,230,1199,232,285,173
1400000US48453001766,48453001766,"Census Tract 17.66, Travis County, Texas",2375,210,1687,191,1333,219,354,147,209,106,145,111,688,141,558,132,130,74
1400000US48453001767,48453001767,"Census Tract 17.67, Travis County, Texas",4122,283,2946,271,2680,257,266,129,141,103,125,76,1176,243,909,225,267,132
1400000US48453001768,48453001768,"Census Tract 17.68, Travis County, Texas",1760,145,1413,121,1261,134,152,58,45,37,107,60,347,111,211,80,136,93
1400000US48453001769,48453001769,"Census Tract 17.69, Travis County, Texas",2183,139,1502,150,1190,174,312,149,73,76,239,129,681,152,425,125,256,123
1400000US48453001804,48453001804,"Census Tract 18.04, Travis County, Texas",2445,179,1601,241,960,266,641,131,235,128,406,142,844,225,625,186,219,129
1400000US48453001805,48453001805,"Census Tract 18.05, Travis County, Texas",1711,141,1082,164,605,129,477,138,129,79,348,127,629,162,393,138,236,108
1400000US48453001806,48453001806,"Census Tract 18.06, Travis County, Texas",2256,178,1341,240,773,194,568,178,141,101,427,152,915,232,597,199,318,142
1400000US48453001811,48453001811,"Census Tract 18.11, Travis County, Texas",1154,120,650,132,313,107,337,116,157,101,180,90,504,121,405,102,99,69
1400000US48453001812,48453001812,"Census Tract 18.12, Travis County, Texas",2590,204,1290,222,636,182,654,157,211,115,443,127,1300,194,1053,193,247,116
1400000US48453001813,48453001813,"Census Tract 18.13, Travis County, Texas",2240,90,1137,183,671,187,466,164,224,126,242,118,1103,205,860,178,243,142
1400000US48453001817,48453001817,"Census Tract 18.17, Travis County, Texas",2196,163,897,215,634,207,263,86,122,73,141,56,1299,236,1050,199,249,125
1400000US48453001818,48453001818,"Census Tract 18.18, Travis County, Texas",2151,159,1209,148,827,160,382,132,41,52,341,128,942,188,594,171,348,173
1400000US48453001819,48453001819,"Census Tract 18.19, Travis County, Texas",1383,66,919,166,644,168,275,94,134,75,141,67,464,158,246,108,218,99
1400000US48453001820,48453001820,"Census Tract 18.20, Travis County, Texas",2804,224,1531,250,897,247,634,164,377,134,257,118,1273,251,939,187,334,149
1400000US48453001821,48453001821,"Census Tract 18.21, Travis County, Texas",1666,126,1219,147,697,141,522,124,192,101,330,96,447,123,280,99,167,89
1400000US48453001822,48453001822,"Census Tract 18.22, Travis County, Texas",2153,162,1507,200,824,188,683,207,184,126,499,183,646,174,529,162,117,90
1400000US48453001823,48453001823,"Census Tract 18.23, Travis County, Texas",2119,145,1455,192,820,178,635,200,179,120,456,165,664,167,573,162,91,58
1400000US48453001824,48453001824,"Census Tract 18.24, Travis County, Texas",808,44,454,121,409,124,45,42,0,127,45,42,354,112,185,82,169,78
1400000US48453001826,48453001826,"Census Tract 18.26, Travis County, Texas",985,105,446,101,350,95,96,55,19,20,77,53,539,127,414,101,125,90
1400000US48453001828,48453001828,"Census Tract 18.28, Travis County, Texas",1596,106,955,120,797,108,158,79,39,44,119,73,641,114,447,117,194,86
1400000US48453001829,48453001829,"Census Tract 18.29, Travis County, Texas",1290,139,321,77,263,69,58,43,19,22,39,37,969,130,751,121,218,96
1400000US48453001832,48453001832,"Census Tract 18.32, Travis County, Texas",1095,87,699,98,401,82,298,100,57,49,241,98,396,99,352,91,44,39
1400000US48453001833,48453001833,"Census Tract 18.33, Travis County, Texas",2389,123,1528,193,781,194,747,199,265,143,482,146,861,173,646,171,215,112
1400000US48453001834,48453001834,"Census Tract 18.34, Travis County, Texas",3154,216,1710,226,1152,186,558,178,229,129,329,140,1444,283,1247,284,197,101
1400000US48453001835,48453001835,"Census Tract 18.35, Travis County, Texas",1624,110,1153,171,509,132,644,163,150,83,494,169,471,127,337,108,134,68
1400000US48453001836,48453001836,"Census Tract 18.36, Travis County, Texas",9297,403,7290,380,5309,387,1981,332,366,144,1615,302,2007,343,1372,313,635,202
1400000US48453001837,48453001837,"Census Tract 18.37, Travis County, Texas",6379,350,5441,321,4519,324,922,239,427,177,495,157,938,201,672,166,266,123
1400000US48453001839,48453001839,"Census Tract 18.39, Travis County, Texas",2544,159,1183,165,779,159,404,138,132,91,272,109,1361,200,1018,194,343,147
1400000US48453001840,48453001840,"Census Tract 18.40, Travis County, Texas",2285,248,1619,259,934,267,685,225,146,121,539,181,666,201,595,194,71,58
1400000US48453001841,48453001841,"Census Tract 18.41, Travis County, Texas",4560,221,3648,233,2826,291,822,223,193,129,629,209,912,192,571,169,341,151
1400000US48453001842,48453001842,"Census Tract 18.42, Travis County, Texas",1978,150,1517,146,996,131,521,128,219,105,302,134,461,148,412,145,49,32
1400000US48453001843,48453001843,"Census Tract 18.43, Travis County, Texas",922,41,592,63,463,81,129,63,18,24,111,70,330,73,201,75,129,86
1400000US48453001844,48453001844,"Census Tract 18.44, Travis County, Texas",1687,86,862,134,482,103,380,112,169,82,211,92,825,138,636,145,189,102
1400000US48453001845,48453001845,"Census Tract 18.45, Travis County, Texas",1344,117,670,126,498,134,172,90,51,52,121,69,674,140,546,124,128,63
1400000US48453001846,48453001846,"Census Tract 18.46, Travis County, Texas",942,56,662,63,612,74,50,40,16,24,34,30,280,87,234,83,46,35
1400000US48453001847,48453001847,"Census Tract 18.47, Travis County, Texas",3031,110,1600,229,1271,209,329,136,35,40,294,127,1431,236,1196,233,235,126
1400000US48453001848,48453001848,"Census Tract 18.48, Travis County, Texas",1877,115,1006,141,823,138,183,67,63,37,120,61,871,150,642,154,229,109
1400000US48453001849,48453001849,"Census Tract 18.49, Travis County, Texas",3229,193,1306,275,1071,269,235,128,83,98,152,90,1923,290,1483,298,440,196
1400000US48453001850,48453001850,"Census Tract 18.50, Travis County, Texas",2070,126,907,144,575,138,332,123,76,73,256,126,1163,166,942,151,221,100
1400000US48453001851,48453001851,"Census Tract 18.51, Travis County, Texas",4091,226,2532,237,1738,242,794,250,300,161,494,196,1559,258,1321,242,238,115
1400000US48453001852,48453001852,"Census Tract 18.52, Travis County, Texas",3316,266,1109,215,544,158,565,163,168,93,397,133,2207,254,1818,256,389,151
1400000US48453001853,48453001853,"Census Tract 18.53, Travis County, Texas",1450,79,950,100,731,128,219,85,30,37,189,76,500,100,330,97,170,74
1400000US48453001901,48453001901,"Census Tract 19.01, Travis County, Texas",2912,155,863,138,710,149,153,94,38,36,115,85,2049,184,1792,198,257,109
1400000US48453001904,48453001904,"Census Tract 19.04, Travis County, Texas",2199,125,1738,105,1550,109,188,90,71,51,117,76,461,115,336,99,125,67
1400000US48453001906,48453001906,"Census Tract 19.06, Travis County, Texas",2656,142,2385,154,2197,157,188,87,93,62,95,54,271,98,222,88,49,62
1400000US48453001908,48453001908,"Census Tract 19.08, Travis County, Texas",2739,180,1643,181,1387,186,256,109,62,59,194,91,1096,210,891,198,205,107
1400000US48453001909,48453001909,"Census Tract 19.09, Travis County, Texas",3652,129,1989,202,1730,210,259,97,129,82,130,56,1663,209,1397,221,266,121
1400000US48453001910,48453001910,"Census Tract 19.10, Travis County, Texas",1780,87,1079,113,920,116,159,80,59,47,100,63,701,130,630,124,71,47
1400000US48453001911,48453001911,"Census Tract 19.11, Travis County, Texas",1885,133,483,137,361,115,122,83,46,58,76,58,1402,172,1136,178,266,110
1400000US48453001912,48453001912,"Census Tract 19.12, Travis County, Texas",1277,125,1054,139,1021,135,33,27,33,27,0,127,223,95,204,95,19,22
1400000US48453001913,48453001913,"Census Tract 19.13, Travis County, Texas",1626,105,1357,107,1320,110,37,31,32,29,5,9,269,94,222,81,47,35
1400000US48453002002,48453002002,"Census Tract 20.02, Travis County, Texas",1320,99,732,109,522,119,210,88,53,59,157,73,588,132,473,108,115,76
1400000US48453002003,48453002003,"Census Tract 20.03, Travis County, Texas",1452,80,909,137,652,145,257,103,85,67,172,78,543,121,429,125,114,80
1400000US48453002004,48453002004,"Census Tract 20.04, Travis County, Texas",1347,119,419,111,248,104,171,86,65,51,106,73,928,132,756,135,172,70
1400000US48453002005,48453002005,"Census Tract 20.05, Travis County, Texas",2331,146,788,134,533,129,255,90,118,81,137,66,1543,168,1072,168,471,141
1400000US48453002104,48453002104,"Census Tract 21.04, Travis County, Texas",1139,110,774,116,627,108,147,85,44,43,103,67,365,98,241,83,124,64
1400000US48453002105,48453002105,"Census Tract 21.05, Travis County, Texas",2005,194,840,216,537,209,303,124,185,115,118,71,1165,207,818,204,347,144
1400000US48453002106,48453002106,"Census Tract 21.06, Travis County, Texas",1091,109,729,111,515,107,214,84,53,39,161,82,362,97,223,91,139,63
1400000US48453002107,48453002107,"Census Tract 21.07, Travis County, Texas",1434,117,960,136,521,96,439,120,75,72,364,118,474,119,280,94,194,72
1400000US48453002108,48453002108,"Census Tract 21.08, Travis County, Texas",1125,108,701,113,304,88,397,120,109,78,288,105,424,131,333,119,91,62
1400000US48453002109,48453002109,"Census Tract 21.09, Travis County, Texas",1342,123,842,117,360,96,482,121,175,89,307,86,500,122,414,117,86,54
1400000US48453002110,48453002110,"Census Tract 21.10, Travis County, Texas",1388,118,1093,132,564,157,529,142,181,77,348,118,295,140,236,133,59,54
1400000US48453002111,48453002111,"Census Tract 21.11, Travis County, Texas",1522,119,955,132,345,100,610,119,164,104,446,112,567,132,402,118,165,90
1400000US48453002112,48453002112,"Census Tract 21.12, Travis County, Texas",1669,143,945,147,453,112,492,134,120,74,372,129,724,170,539,149,185,96
1400000US48453002113,48453002113,"Census Tract 21.13, Travis County, Texas",1219,90,833,100,498,107,335,92,29,23,306,86,386,102,275,81,111,71
1400000US48453002201,48453002201,"Census Tract 22.01, Travis County, Texas",558,28,438,80,261,104,177,91,0,127,177,91,120,74,81,59,39,45
1400000US48453002202,48453002202,"Census Tract 22.02, Travis County, Texas",1741,196,1385,192,514,132,871,215,138,82,733,219,356,126,259,124,97,81
1400000US48453002205,48453002205,"Census Tract 22.05, Travis County, Texas",2348,216,1702,237,988,226,714,164,167,108,547,138,646,174,520,155,126,93
1400000US48453002206,48453002206,"Census Tract 22.06, Travis County, Texas",5315,314,4335,291,2947,311,1388,268,340,155,1048,233,980,252,732,234,248,125
1400000US48453002303,48453002303,"Census Tract 23.03, Travis County, Texas",12,17,12,17,0,127,12,17,0,127,12,17,0,127,0,127,0,127
1400000US48453002304,48453002304,"Census Tract 23.04, Travis County, Texas",1701,215,810,174,465,147,345,153,145,94,200,110,891,202,610,166,281,135
1400000US48453002307,48453002307,"Census Tract 23.07, Travis County, Texas",2370,171,924,162,485,156,439,158,162,125,277,139,1446,195,1102,186,344,116
1400000US48453002308,48453002308,"Census Tract 23.08, Travis County, Texas",2116,165,1065,162,484,156,581,180,163,111,418,161,1051,181,734,171,317,111
1400000US48453002310,48453002310,"Census Tract 23.10, Travis County, Texas",943,126,730,123,387,119,343,126,217,130,126,67,213,82,148,72,65,52
1400000US48453002311,48453002311,"Census Tract 23.11, Travis County, Texas",3277,197,1325,199,516,155,809,220,216,112,593,191,1952,218,786,170,1166,206
1400000US48453002312,48453002312,"Census Tract 23.12, Travis County, Texas",1937,110,1330,158,615,140,715,161,229,120,486,115,607,139,429,142,178,95
1400000US48453002313,48453002313,"Census Tract 23.13, Travis County, Texas",2050,137,704,157,409,170,295,126,129,77,166,96,1346,198,1079,200,267,105
1400000US48453002314,48453002314,"Census Tract 23.14, Travis County, Texas",2323,141,725,124,238,99,487,128,152,91,335,119,1598,193,1081,178,517,162
1400000US48453002315,48453002315,"Census Tract 23.15, Travis County, Texas",1410,129,616,126,232,86,384,111,165,88,219,86,794,123,539,112,255,101
1400000US48453002316,48453002316,"Census Tract 23.16, Travis County, Texas",2121,180,898,180,301,140,597,156,184,97,413,137,1223,203,938,216,285,126
1400000US48453002402,48453002402,"Census Tract 24.02, Travis County, Texas",2655,236,1232,223,748,170,484,150,219,124,265,90,1423,252,1081,245,342,142
1400000US48453002403,48453002403,"Census Tract 24.03, Travis County, Texas",1020,91,571,109,305,108,266,109,50,47,216,95,449,118,375,102,74,56
1400000US48453002407,48453002407,"Census Tract 24.07, Travis County, Texas",1459,85,1037,103,834,87,203,92,91,71,112,55,422,107,333,107,89,42
1400000US48453002409,48453002409,"Census Tract 24.09, Travis County, Texas",1247,60,848,116,686,115,162,60,59,42,103,51,399,114,238,98,161,80
1400000US48453002410,48453002410,"Census Tract 24.10, Travis County, Texas",1510,135,789,128,494,106,295,109,65,60,230,95,721,168,471,131,250,133
1400000US48453002411,48453002411,"Census Tract 24.11, Travis County, Texas",1536,91,1404,122,811,178,593,156,182,107,411,138,132,99,72,52,60,74
1400000US48453002412,48453002412,"Census Tract 24.12, Travis County, Texas",1325,63,1190,94,833,123,357,118,75,60,282,106,135,74,88,58,47,47
1400000US48453002413,48453002413,"Census Tract 24.13, Travis County, Texas",1030,108,822,101,439,105,383,112,95,69,288,95,208,79,116,57,92,66
1400000US48453002416,48453002416,"Census Tract 24.16, Travis County, Texas",3928,315,3127,358,2229,282,898,222,373,158,525,154,801,209,617,177,184,99
1400000US48453002417,48453002417,"Census Tract 24.17, Travis County, Texas",2889,180,2330,178,1545,221,785,185,340,133,445,115,559,157,393,136,166,105
1400000US48453002418,48453002418,"Census Tract 24.18, Travis County, Texas",3830,206,2602,237,1895,257,707,156,133,68,574,156,1228,203,836,184,392,142
1400000US48453002419,48453002419,"Census Tract 24.19, Travis County, Texas",1848,197,730,148,321,114,409,120,143,86,266,95,1118,189,944,184,174,70
1400000US48453002420,48453002420,"Census Tract 24.20, Travis County, Texas",4443,234,2962,329,2008,264,954,237,444,213,510,165,1481,254,1104,216,377,144
1400000US48453002421,48453002421,"Census Tract 24.21, Travis County, Texas",1875,175,927,166,622,132,305,100,48,45,257,96,948,146,690,159,258,118
1400000US48453002422,48453002422,"Census Tract 24.22, Travis County, Texas",2261,105,1240,184,569,154,671,172,26,32,645,170,1021,183,892,189,129,70
1400000US48453002423,48453002423,"Census Tract 24.23, Travis County, Texas",2037,77,1355,139,751,137,604,140,194,90,410,134,682,143,385,117,297,118
1400000US48453002424,48453002424,"Census Tract 24.24, Travis County, Texas",1322,109,847,137,601,133,246,87,63,64,183,80,475,128,366,105,109,86
1400000US48491020101,48491020101,"Census Tract 201.01, Williamson County, Texas",6636,305,4987,293,4758,309,229,112,85,91,144,74,1649,248,1547,233,102,74
1400000US48491020102,48491020102,"Census Tract 201.02, Williamson County, Texas",2563,184,1680,151,1186,158,494,137,58,39,436,134,883,185,859,181,24,27
1400000US48491020103,48491020103,"Census Tract 201.03, Williamson County, Texas",2231,156,1803,142,1576,147,227,117,89,63,138,106,428,147,395,137,33,52
1400000US48491020104,48491020104,"Census Tract 201.04, Williamson County, Texas",1911,151,1444,155,1344,158,100,66,27,42,73,51,467,130,397,125,70,48
1400000US48491020200,48491020200,"Census Tract 202, Williamson County, Texas",3534,255,2912,242,2645,230,267,87,76,47,191,72,622,140,568,137,54,42
1400000US48491020301,48491020301,"Census Tract 203.01, Williamson County, Texas",1140,100,977,101,834,112,143,69,23,19,120,66,163,58,160,57,3,5
1400000US48491020302,48491020302,"Census Tract 203.02, Williamson County, Texas",1006,103,816,111,711,118,105,48,40,37,65,40,190,77,176,76,14,16
1400000US48491020303,48491020303,"Census Tract 203.03, Williamson County, Texas",3079,251,2296,211,1847,214,449,137,103,78,346,115,783,203,662,190,121,71
1400000US48491020305,48491020305,"Census Tract 203.05, Williamson County, Texas",3196,180,2358,201,1977,183,381,144,132,91,249,121,838,207,664,191,174,109
1400000US48491020306,48491020306,"Census Tract 203.06, Williamson County, Texas",4551,318,3696,270,2995,280,701,216,238,125,463,171,855,214,671,168,184,123
1400000US48491020307,48491020307,"Census Tract 203.07, Williamson County, Texas",5947,255,4299,261,3413,255,886,223,247,111,639,184,1648,225,1186,202,462,156
1400000US48491020308,48491020308,"Census Tract 203.08, Williamson County, Texas",3765,143,2760,185,2111,209,649,185,98,78,551,190,1005,192,745,177,260,156
1400000US48491020309,48491020309,"Census Tract 203.09, Williamson County, Texas",7994,300,6204,296,4962,322,1242,298,358,207,884,209,1790,284,1529,271,261,119
1400000US48491020310,48491020310,"Census Tract 203.10, Williamson County, Texas",851,35,709,69,675,73,34,33,12,20,22,26,142,67,142,67,0,127
1400000US48491020402,48491020402,"Census Tract 204.02, Williamson County, Texas",2593,124,1332,149,965,117,367,127,70,57,297,114,1261,164,858,159,403,128
1400000US48491020403,48491020403,"Census Tract 204.03, Williamson County, Texas",481,39,287,66,211,65,76,46,17,19,59,43,194,71,148,67,46,33
1400000US48491020404,48491020404,"Census Tract 204.04, Williamson County, Texas",1112,57,765,77,642,79,123,46,35,24,88,41,347,61,223,66,124,65
1400000US48491020405,48491020405,"Census Tract 204.05, Williamson County, Texas",1708,133,972,139,566,137,406,138,74,54,332,133,736,158,613,142,123,84
1400000US48491020406,48491020406,"Census Tract 204.06, Williamson County, Texas",2127,124,846,150,604,134,242,114,101,71,141,91,1281,189,1125,202,156,94
1400000US48491020407,48491020407,"Census Tract 204.07, Williamson County, Texas",3730,152,2544,214,2033,206,511,152,126,69,385,129,1186,192,993,180,193,80
1400000US48491020501,48491020501,"Census Tract 205.01, Williamson County, Texas",3864,142,3341,163,2918,183,423,124,86,56,337,108,523,151,358,125,165,98
1400000US48491020502,48491020502,"Census Tract 205.02, Williamson County, Texas",5036,212,3667,215,3294,210,373,116,91,72,282,115,1369,203,1003,194,366,117
1400000US48491020503,48491020503,"Census Tract 205.03, Williamson County, Texas",1670,93,1391,107,1202,124,189,73,51,40,138,64,279,87,238,84,41,34
1400000US48491020504,48491020504,"Census Tract 205.04, Williamson County, Texas",2786,145,1463,197,1100,203,363,148,65,78,298,134,1323,223,1164,205,159,83
1400000US48491020601,48491020601,"Census Tract 206.01, Williamson County, Texas",5102,181,4508,194,4173,222,335,100,36,40,299,94,594,132,491,115,103,71
1400000US48491020602,48491020602,"Census Tract 206.02, Williamson County, Texas",1639,95,1381,111,1066,111,315,94,107,82,208,73,258,83,223,88,35,36
1400000US48491020701,48491020701,"Census Tract 207.01, Williamson County, Texas",696,80,484,111,390,103,94,65,10,16,84,66,212,95,141,63,71,87
1400000US48491020703,48491020703,"Census Tract 207.03, Williamson County, Texas",3250,205,2231,234,1678,247,553,161,272,130,281,115,1019,211,803,206,216,94
1400000US48491020704,48491020704,"Census Tract 207.04, Williamson County, Texas",1835,126,1174,125,793,126,381,137,96,61,285,119,661,136,527,131,134,82
1400000US48491020705,48491020705,"Census Tract 207.05, Williamson County, Texas",4166,254,3169,260,2816,288,353,130,103,65,250,127,997,201,793,191,204,101
1400000US48491020801,48491020801,"Census Tract 208.01, Williamson County, Texas",6528,324,5350,298,4064,305,1286,263,411,159,875,215,1178,253,859,195,319,139
1400000US48491020802,48491020802,"Census Tract 208.02, Williamson County, Texas",2463,141,2213,138,2003,156,210,106,34,38,176,91,250,91,196,95,54,37
1400000US48491020900,48491020900,"Census Tract 209, Williamson County, Texas",1320,92,939,95,882,97,57,27,6,9,51,24,381,100,355,95,26,24
1400000US48491021000,48491021000,"Census Tract 210, Williamson County, Texas",980,107,592,120,371,116,221,89,100,65,121,62,388,121,291,91,97,106
1400000US48491021100,48491021100,"Census Tract 211, Williamson County, Texas",1019,127,781,129,630,155,151,77,30,30,121,74,238,110,221,111,17,20
1400000US48491021201,48491021201,"Census Tract 212.01, Williamson County, Texas",1022,116,844,114,744,128,100,62,29,37,71,50,178,83,167,79,11,16
1400000US48491021202,48491021202,"Census Tract 212.02, Williamson County, Texas",1122,89,812,109,647,108,165,81,87,66,78,49,310,115,267,101,43,44
1400000US48491021203,48491021203,"Census Tract 212.03, Williamson County, Texas",1005,97,682,127,564,137,118,69,43,48,75,59,323,115,317,115,6,11
1400000US48491021300,48491021300,"Census Tract 213, Williamson County, Texas",1086,77,755,71,567,78,188,57,46,28,142,45,331,74,303,77,28,22
1400000US48491021401,48491021401,"Census Tract 214.01, Williamson County, Texas",2301,153,1824,151,1475,185,349,121,65,55,284,118,477,154,392,138,85,62
1400000US48491021402,48491021402,"Census Tract 214.02, Williamson County, Texas",1414,105,664,118,442,103,222,116,95,75,127,77,750,118,655,113,95,51
1400000US48491021403,48491021403,"Census Tract 214.03, Williamson County, Texas",1068,107,792,112,631,94,161,74,25,29,136,79,276,125,262,122,14,19
1400000US48491021501,48491021501,"Census Tract 215.01, Williamson County, Texas",7768,353,5709,342,4409,387,1300,249,375,132,925,229,2059,330,1702,326,357,140
1400000US48491021502,48491021502,"Census Tract 215.02, Williamson County, Texas",1457,122,1177,130,603,141,574,121,159,84,415,96,280,75,218,70,62,49
1400000US48491021503,48491021503,"Census Tract 215.03, Williamson County, Texas",1492,120,928,150,633,148,295,135,39,42,256,120,564,149,395,151,169,78
1400000US48491021600,48491021600,"Census Tract 216, Williamson County, Texas",1788,154,1336,165,1089,153,247,81,114,64,133,62,452,171,351,140,101,91
