GEO.id,GEO.id2,GEO.display-label,HD01_VD01,HD02_VD01,HD01_VD02,HD02_VD02,HD01_VD03,HD02_VD03,HD01_VD04,HD02_VD04,HD01_VD05,HD02_VD05,HD01_VD06,HD02_VD06,HD01_VD07,HD02_VD07,HD01_VD08,HD02_VD08,HD01_VD09,HD02_VD09
Id,Id2,Geography,Estimate; Total:,Margin of Error; Total:,Estimate; Family households:,Margin of Error; Family households:,Estimate; Family households: - Married-couple family,Margin of Error; Family households: - Married-couple family,Estimate; Family households: - Other family:,Margin of Error; Family households: - Other family:,"Estimate; Family households: - Other family: - Male householder, no wife present","Margin of Error; Family households: - Other family: - Male householder, no wife present","Estimate; Family households: - Other family: - Female householder, no husband present","Margin of Error; Family households: - Other family: - Female householder, no husband present",Estimate; Nonfamily households:,Margin of Error; Nonfamily households:,Estimate; Nonfamily households: - Householder living alone,Margin of Error; Nonfamily households: - Householder living alone,Estimate; Nonfamily households: - Householder not living alone,Margin of Error; Nonfamily households: - Householder not living alone
1400000US48021950100,48021950100,"Census Tract 9501, Bastrop County, Texas",3239,229,2502,244,2232,258,270,137,128,102,142,80,737,200,647,206,90,62
1400000US48021950200,48021950200,"Census Tract 9502, Bastrop County, Texas",2729,316,2016,250,1352,233,664,192,262,130,402,140,713,197,597,179,116,84
1400000US48021950300,48021950300,"Census Tract 9503, Bastrop County, Texas",4319,248,3313,295,2572,274,741,189,175,89,566,166,1006,205,793,193,213,121
1400000US48021950400,48021950400,"Census Tract 9504, Bastrop County, Texas",3053,246,2001,229,1438,199,563,167,109,77,454,142,1052,247,868,231,184,115
1400000US48021950501,48021950501,"Census Tract 9505.01, Bastrop County, Texas",2014,203,1524,220,1207,200,317,129,60,97,257,106,490,167,468,166,22,33
1400000US48021950502,48021950502,"Census Tract 9505.02, Bastrop County, Texas",2351,214,1615,209,1506,215,109,75,55,56,54,48,736,175,642,163,94,66
1400000US48021950600,48021950600,"Census Tract 9506, Bastrop County, Texas",1677,191,1170,165,1042,159,128,86,51,54,77,65,507,152,459,149,48,44
1400000US48021950700,48021950700,"Census Tract 9507, Bastrop County, Texas",1796,167,1265,168,771,129,494,134,92,72,402,125,531,131,469,126,62,40
1400000US48021950801,48021950801,"Census Tract 9508.01, Bastrop County, Texas",1928,203,1577,215,1065,216,512,192,198,142,314,151,351,136,297,131,54,50
1400000US48021950802,48021950802,"Census Tract 9508.02, Bastrop County, Texas",2108,199,1832,206,1290,225,542,193,323,143,219,134,276,109,251,105,25,39
1400000US48055960101,48055960101,"Census Tract 9601.01, Caldwell County, Texas",1690,205,1209,180,939,168,270,106,108,91,162,72,481,159,429,155,52,60
1400000US48055960102,48055960102,"Census Tract 9601.02, Caldwell County, Texas",1291,166,1024,164,856,166,168,105,58,69,110,86,267,98,237,94,30,52
1400000US48055960200,48055960200,"Census Tract 9602, Caldwell County, Texas",1133,188,866,159,585,123,281,118,135,87,146,85,267,96,187,89,80,52
1400000US48055960300,48055960300,"Census Tract 9603, Caldwell County, Texas",1224,203,913,178,722,175,191,83,54,45,137,74,311,97,278,99,33,22
1400000US48055960400,48055960400,"Census Tract 9604, Caldwell County, Texas",1030,146,726,119,408,103,318,106,76,57,242,94,304,107,276,106,28,33
1400000US48055960500,48055960500,"Census Tract 9605, Caldwell County, Texas",2020,249,1572,202,1126,170,446,167,220,128,226,106,448,143,402,133,46,31
1400000US48055960600,48055960600,"Census Tract 9606, Caldwell County, Texas",930,132,659,131,461,120,198,79,89,67,109,59,271,97,224,84,47,43
1400000US48055960700,48055960700,"Census Tract 9607, Caldwell County, Texas",2090,219,1338,206,835,170,503,186,169,129,334,184,752,199,695,195,57,62
1400000US48209010100,48209010100,"Census Tract 101, Hays County, Texas",943,101,337,76,197,75,140,73,68,60,72,51,606,120,372,125,234,112
1400000US48209010200,48209010200,"Census Tract 102, Hays County, Texas",491,90,194,70,96,30,98,61,55,46,43,41,297,80,146,64,151,63
1400000US48209010302,48209010302,"Census Tract 103.02, Hays County, Texas",1589,133,873,148,433,112,440,131,200,101,240,90,716,151,466,132,250,106
1400000US48209010303,48209010303,"Census Tract 103.03, Hays County, Texas",2008,214,624,159,370,112,254,133,114,95,140,98,1384,247,720,169,664,203
1400000US48209010304,48209010304,"Census Tract 103.04, Hays County, Texas",2567,218,800,177,393,136,407,141,113,84,294,122,1767,219,1281,228,486,174
1400000US48209010400,48209010400,"Census Tract 104, Hays County, Texas",2585,196,1317,183,889,186,428,154,153,88,275,135,1268,211,907,196,361,129
1400000US48209010500,48209010500,"Census Tract 105, Hays County, Texas",1308,104,722,114,434,97,288,74,79,46,209,79,586,125,477,96,109,91
1400000US48209010600,48209010600,"Census Tract 106, Hays County, Texas",3607,214,2217,186,1774,187,443,140,200,103,243,99,1390,208,1114,193,276,108
1400000US48209010701,48209010701,"Census Tract 107.01, Hays County, Texas",3319,260,771,141,556,114,215,107,131,92,84,56,2548,230,1375,242,1173,248
1400000US48209010702,48209010702,"Census Tract 107.02, Hays County, Texas",956,153,489,99,389,89,100,67,0,127,100,67,467,161,271,141,196,135
1400000US48209010803,48209010803,"Census Tract 108.03, Hays County, Texas",1899,190,1146,146,916,174,230,102,30,31,200,97,753,200,643,178,110,89
1400000US48209010804,48209010804,"Census Tract 108.04, Hays County, Texas",3816,214,2805,199,2517,202,288,102,58,40,230,96,1011,189,826,170,185,88
1400000US48209010805,48209010805,"Census Tract 108.05, Hays County, Texas",1634,134,1421,130,1314,131,107,56,19,22,88,51,213,66,206,66,7,11
1400000US48209010806,48209010806,"Census Tract 108.06, Hays County, Texas",1235,83,980,101,888,109,92,64,56,52,36,34,255,70,238,69,17,15
1400000US48209010807,48209010807,"Census Tract 108.07, Hays County, Texas",660,85,481,101,298,116,183,81,32,29,151,70,179,79,129,65,50,43
1400000US48209010808,48209010808,"Census Tract 108.08, Hays County, Texas",2039,157,1620,159,1415,153,205,96,44,43,161,87,419,123,344,116,75,60
1400000US48209010809,48209010809,"Census Tract 108.09, Hays County, Texas",1764,107,1502,125,1295,138,207,89,132,88,75,48,262,107,180,79,82,72
1400000US48209010901,48209010901,"Census Tract 109.01, Hays County, Texas",2688,116,2378,127,2204,137,174,86,31,31,143,79,310,95,272,90,38,32
1400000US48209010902,48209010902,"Census Tract 109.02, Hays County, Texas",2970,175,2402,193,1968,208,434,135,23,24,411,131,568,135,483,126,85,73
1400000US48209010905,48209010905,"Census Tract 109.05, Hays County, Texas",1551,130,1349,139,1140,130,209,100,72,65,137,82,202,97,161,81,41,60
1400000US48209010906,48209010906,"Census Tract 109.06, Hays County, Texas",2664,178,2176,182,1566,175,610,164,194,109,416,142,488,129,414,130,74,52
1400000US48209010907,48209010907,"Census Tract 109.07, Hays County, Texas",2697,200,2262,224,1854,233,408,145,174,120,234,119,435,142,330,132,105,60
1400000US48209010908,48209010908,"Census Tract 109.08, Hays County, Texas",1711,119,1222,149,1073,142,149,84,43,54,106,60,489,109,309,94,180,77
1400000US48209010909,48209010909,"Census Tract 109.09, Hays County, Texas",1449,134,1027,106,867,117,160,60,79,42,81,45,422,120,362,121,60,40
1400000US48209010910,48209010910,"Census Tract 109.10, Hays County, Texas",2329,193,1719,183,1368,210,351,110,65,62,286,99,610,165,544,153,66,46
1400000US48453000101,48453000101,"Census Tract 1.01, Travis County, Texas",1742,94,787,113,734,111,53,36,26,23,27,26,955,120,729,118,226,80
1400000US48453000102,48453000102,"Census Tract 1.02, Travis County, Texas",1025,76,694,79,616,77,78,55,47,47,31,30,331,82,270,76,61,38
1400000US48453000203,48453000203,"Census Tract 2.03, Travis County, Texas",666,87,91,57,78,52,13,19,0,127,13,19,575,97,297,83,278,94
1400000US48453000204,48453000204,"Census Tract 2.04, Travis County, Texas",1519,146,417,85,377,93,40,34,15,17,25,29,1102,139,862,156,240,118
1400000US48453000205,48453000205,"Census Tract 2.05, Travis County, Texas",2043,136,575,152,352,139,223,113,96,64,127,96,1468,174,1150,183,318,129
1400000US48453000206,48453000206,"Census Tract 2.06, Travis County, Texas",1553,125,643,179,420,137,223,124,133,100,90,66,910,211,707,158,203,131
1400000US48453000302,48453000302,"Census Tract 3.02, Travis County, Texas",3017,151,768,154,662,149,106,60,69,46,37,37,2249,195,1707,218,542,177
1400000US48453000304,48453000304,"Census Tract 3.04, Travis County, Texas",1314,137,355,118,249,95,106,85,53,65,53,56,959,177,463,125,496,164
1400000US48453000305,48453000305,"Census Tract 3.05, Travis County, Texas",1856,121,431,139,351,135,80,49,28,31,52,37,1425,158,904,168,521,172
1400000US48453000306,48453000306,"Census Tract 3.06, Travis County, Texas",590,77,269,102,174,95,95,74,20,29,75,68,321,99,256,93,65,45
1400000US48453000307,48453000307,"Census Tract 3.07, Travis County, Texas",816,52,339,79,246,83,93,55,12,19,81,52,477,83,267,70,210,61
1400000US48453000401,48453000401,"Census Tract 4.01, Travis County, Texas",1579,136,419,104,321,102,98,50,47,40,51,32,1160,155,808,144,352,89
1400000US48453000402,48453000402,"Census Tract 4.02, Travis County, Texas",1305,94,412,116,232,83,180,98,41,43,139,91,893,141,681,129,212,101
1400000US48453000500,48453000500,"Census Tract 5, Travis County, Texas",2456,187,408,104,316,97,92,59,60,48,32,35,2048,225,1380,233,668,188
1400000US48453000601,48453000601,"Census Tract 6.01, Travis County, Texas",650,104,71,53,52,49,19,20,10,15,9,13,579,111,220,83,359,119
1400000US48453000603,48453000603,"Census Tract 6.03, Travis County, Texas",2382,196,225,94,48,35,177,91,84,59,93,72,2157,203,944,172,1213,207
1400000US48453000604,48453000604,"Census Tract 6.04, Travis County, Texas",1588,185,153,72,66,42,87,53,48,38,39,37,1435,183,664,191,771,197
1400000US48453000700,48453000700,"Census Tract 7, Travis County, Texas",694,101,146,52,138,50,8,14,8,14,0,127,548,113,328,99,220,101
1400000US48453000801,48453000801,"Census Tract 8.01, Travis County, Texas",508,69,306,56,246,61,60,43,17,26,43,42,202,72,179,68,23,33
1400000US48453000802,48453000802,"Census Tract 8.02, Travis County, Texas",1118,101,636,122,201,76,435,107,42,34,393,104,482,117,332,98,150,69
1400000US48453000803,48453000803,"Census Tract 8.03, Travis County, Texas",936,98,402,102,179,74,223,78,108,75,115,73,534,119,387,111,147,79
1400000US48453000804,48453000804,"Census Tract 8.04, Travis County, Texas",959,72,481,92,254,75,227,73,92,58,135,68,478,95,374,89,104,61
1400000US48453000901,48453000901,"Census Tract 9.01, Travis County, Texas",681,79,277,77,173,90,104,56,17,27,87,51,404,89,237,84,167,68
1400000US48453000902,48453000902,"Census Tract 9.02, Travis County, Texas",1733,146,1000,163,387,126,613,127,171,86,442,115,733,145,527,138,206,105
1400000US48453001000,48453001000,"Census Tract 10, Travis County, Texas",1498,118,797,143,428,134,369,123,195,99,174,87,701,148,621,137,80,62
1400000US48453001100,48453001100,"Census Tract 11, Travis County, Texas",1998,187,430,151,336,127,94,97,84,95,10,16,1568,201,1431,196,137,92
1400000US48453001200,48453001200,"Census Tract 12, Travis County, Texas",2172,232,530,123,421,123,109,64,7,12,102,62,1642,232,1276,192,366,175
1400000US48453001303,48453001303,"Census Tract 13.03, Travis County, Texas",1286,151,530,110,437,98,93,63,27,41,66,46,756,143,601,138,155,63
1400000US48453001304,48453001304,"Census Tract 13.04, Travis County, Texas",1970,103,623,112,412,90,211,91,79,68,132,65,1347,149,904,154,443,113
1400000US48453001305,48453001305,"Census Tract 13.05, Travis County, Texas",2642,170,899,144,399,119,500,116,98,79,402,118,1743,208,1374,216,369,172
1400000US48453001307,48453001307,"Census Tract 13.07, Travis County, Texas",1822,71,732,149,423,114,309,126,56,65,253,117,1090,146,881,156,209,87
1400000US48453001308,48453001308,"Census Tract 13.08, Travis County, Texas",1177,101,567,112,343,77,224,99,104,81,120,60,610,129,430,120,180,83
1400000US48453001401,48453001401,"Census Tract 14.01, Travis County, Texas",1501,159,487,122,399,116,88,51,42,39,46,35,1014,166,673,153,341,107
1400000US48453001402,48453001402,"Census Tract 14.02, Travis County, Texas",1420,78,453,107,373,83,80,71,34,53,46,51,967,117,673,115,294,89
1400000US48453001403,48453001403,"Census Tract 14.03, Travis County, Texas",727,79,223,77,117,61,106,66,58,49,48,42,504,103,354,111,150,69
1400000US48453001501,48453001501,"Census Tract 15.01, Travis County, Texas",2233,111,1380,127,1135,135,245,92,84,68,161,75,853,154,699,141,154,79
1400000US48453001503,48453001503,"Census Tract 15.03, Travis County, Texas",1737,115,750,141,525,129,225,97,39,44,186,87,987,169,584,136,403,127
1400000US48453001504,48453001504,"Census Tract 15.04, Travis County, Texas",2057,60,1021,163,711,144,310,119,75,70,235,101,1036,165,821,154,215,104
1400000US48453001505,48453001505,"Census Tract 15.05, Travis County, Texas",2186,88,933,173,753,186,180,123,80,99,100,74,1253,186,843,148,410,152
1400000US48453001602,48453001602,"Census Tract 16.02, Travis County, Texas",1674,150,708,144,603,135,105,60,50,45,55,44,966,175,798,182,168,75
1400000US48453001603,48453001603,"Census Tract 16.03, Travis County, Texas",1815,127,1144,145,978,142,166,93,72,72,94,60,671,128,526,122,145,61
1400000US48453001604,48453001604,"Census Tract 16.04, Travis County, Texas",1692,93,1159,118,939,103,220,100,63,53,157,82,533,104,412,91,121,72
1400000US48453001605,48453001605,"Census Tract 16.05, Travis County, Texas",1807,228,769,159,695,156,74,48,13,22,61,42,1038,185,814,185,224,120
1400000US48453001606,48453001606,"Census Tract 16.06, Travis County, Texas",0,127,0,127,0,127,0,127,0,127,0,127,0,127,0,127,0,127
1400000US48453001705,48453001705,"Census Tract 17.05, Travis County, Texas",2077,113,1168,116,1065,100,103,76,0,127,103,76,909,125,769,134,140,88
1400000US48453001706,48453001706,"Census Tract 17.06, Travis County, Texas",1793,87,929,139,634,93,295,99,121,81,174,96,864,150,777,143,87,51
1400000US48453001707,48453001707,"Census Tract 17.07, Travis County, Texas",2381,94,1149,198,821,182,328,156,105,75,223,128,1232,200,1102,181,130,108
1400000US48453001712,48453001712,"Census Tract 17.12, Travis County, Texas",1947,104,888,134,541,109,347,118,171,95,176,84,1059,152,880,137,179,101
1400000US48453001713,48453001713,"Census Tract 17.13, Travis County, Texas",1637,103,884,119,546,118,338,128,74,65,264,113,753,122,604,132,149,88
1400000US48453001714,48453001714,"Census Tract 17.14, Travis County, Texas",4554,186,2903,213,2443,184,460,164,164,109,296,121,1651,241,1286,245,365,169
1400000US48453001716,48453001716,"Census Tract 17.16, Travis County, Texas",2193,93,1367,133,1224,135,143,88,51,50,92,69,826,143,760,138,66,41
1400000US48453001718,48453001718,"Census Tract 17.18, Travis County, Texas",2855,109,1240,132,1088,121,152,85,36,41,116,72,1615,174,1374,176,241,105
1400000US48453001719,48453001719,"Census Tract 17.19, Travis County, Texas",1548,86,1192,92,1078,88,114,61,8,14,106,61,356,90,321,84,35,28
1400000US48453001722,48453001722,"Census Tract 17.22, Travis County, Texas",2628,128,785,168,701,157,84,77,0,127,84,77,1843,201,1561,200,282,131
1400000US48453001728,48453001728,"Census Tract 17.28, Travis County, Texas",2744,142,1750,167,1169,144,581,156,140,78,441,146,994,189,577,157,417,126
1400000US48453001729,48453001729,"Census Tract 17.29, Travis County, Texas",2061,129,970,160,814,155,156,80,34,39,122,67,1091,190,698,175,393,146
1400000US48453001733,48453001733,"Census Tract 17.33, Travis County, Texas",1144,86,960,106,892,110,68,42,41,30,27,26,184,89,175,88,9,14
1400000US48453001737,48453001737,"Census Tract 17.37, Travis County, Texas",3786,74,2692,181,2345,196,347,112,39,38,308,115,1094,180,781,154,313,118
1400000US48453001738,48453001738,"Census Tract 17.38, Travis County, Texas",2688,67,1906,131,1585,127,321,119,43,41,278,107,782,130,658,128,124,57
1400000US48453001740,48453001740,"Census Tract 17.40, Travis County, Texas",1609,59,1110,126,882,105,228,109,9,14,219,107,499,123,430,129,69,70
1400000US48453001741,48453001741,"Census Tract 17.41, Travis County, Texas",1546,151,978,154,692,123,286,128,152,105,134,79,568,153,524,150,44,33
1400000US48453001742,48453001742,"Census Tract 17.42, Travis County, Texas",1723,147,1162,142,938,151,224,83,69,38,155,77,561,130,424,126,137,74
1400000US48453001745,48453001745,"Census Tract 17.45, Travis County, Texas",1018,52,610,88,359,64,251,64,37,37,214,65,408,94,332,94,76,59
1400000US48453001746,48453001746,"Census Tract 17.46, Travis County, Texas",1657,55,843,117,644,100,199,86,11,17,188,84,814,119,547,104,267,133
1400000US48453001747,48453001747,"Census Tract 17.47, Travis County, Texas",2014,111,1341,140,980,121,361,127,142,87,219,107,673,139,422,120,251,104
1400000US48453001748,48453001748,"Census Tract 17.48, Travis County, Texas",1876,104,1304,135,1014,170,290,111,122,87,168,83,572,108,422,96,150,76
1400000US48453001749,48453001749,"Census Tract 17.49, Travis County, Texas",2829,166,1251,199,906,190,345,108,24,27,321,110,1578,196,1228,180,350,145
1400000US48453001750,48453001750,"Census Tract 17.50, Travis County, Texas",2438,162,1042,179,869,166,173,97,22,21,151,95,1396,215,994,198,402,160
1400000US48453001751,48453001751,"Census Tract 17.51, Travis County, Texas",925,62,559,66,537,66,22,17,0,127,22,17,366,75,310,73,56,38
1400000US48453001752,48453001752,"Census Tract 17.52, Travis County, Texas",2352,153,690,181,492,165,198,122,144,117,54,50,1662,205,1250,205,412,132
1400000US48453001753,48453001753,"Census Tract 17.53, Travis County, Texas",789,57,147,68,127,65,20,22,0,127,20,22,642,84,551,100,91,63
1400000US48453001754,48453001754,"Census Tract 17.54, Travis County, Texas",2284,118,1043,152,778,163,265,127,92,102,173,73,1241,162,992,176,249,123
1400000US48453001755,48453001755,"Census Tract 17.55, Travis County, Texas",1939,73,1678,83,1542,91,136,64,40,49,96,52,261,80,202,70,59,31
1400000US48453001756,48453001756,"Census Tract 17.56, Travis County, Texas",1725,76,1104,113,913,120,191,83,31,29,160,81,621,103,530,108,91,54
1400000US48453001757,48453001757,"Census Tract 17.57, Travis County, Texas",843,74,426,85,367,109,59,47,8,13,51,42,417,97,287,103,130,86
1400000US48453001760,48453001760,"Census Tract 17.60, Travis County, Texas",4072,229,3172,193,2904,205,268,118,77,71,191,93,900,196,597,167,303,160
1400000US48453001761,48453001761,"Census Tract 17.61, Travis County, Texas",2816,158,1850,165,1768,168,82,75,0,127,82,75,966,192,731,179,235,109
1400000US48453001764,48453001764,"Census Tract 17.64, Travis County, Texas",2236,179,1589,166,1512,162,77,46,6,6,71,45,647,159,559,158,88,69
1400000US48453001765,48453001765,"Census Tract 17.65, Travis County, Texas",5970,285,4416,292,3740,250,676,209,183,127,493,173,1554,344,1219,276,335,162
1400000US48453001766,48453001766,"Census Tract 17.66, Travis County, Texas",2677,194,2040,226,1607,214,433,192,143,105,290,142,637,162,456,133,181,103
1400000US48453001768,48453001768,"Census Tract 17.68, Travis County, Texas",2017,179,1486,164,1319,169,167,80,40,34,127,72,531,142,372,125,159,85
1400000US48453001769,48453001769,"Census Tract 17.69, Travis County, Texas",2226,109,1491,143,1283,150,208,104,10,18,198,104,735,151,511,141,224,104
1400000US48453001770,48453001770,"Census Tract 17.70, Travis County, Texas",3410,116,3007,148,2768,163,239,88,24,25,215,92,403,126,336,119,67,43
1400000US48453001771,48453001771,"Census Tract 17.71, Travis County, Texas",1597,156,1215,118,1081,107,134,69,27,30,107,69,382,130,333,118,49,42
1400000US48453001772,48453001772,"Census Tract 17.72, Travis County, Texas",875,81,675,93,617,93,58,44,0,127,58,44,200,93,159,90,41,37
1400000US48453001773,48453001773,"Census Tract 17.73, Travis County, Texas",2004,149,1562,130,1410,123,152,78,41,48,111,62,442,122,410,122,32,28
1400000US48453001774,48453001774,"Census Tract 17.74, Travis County, Texas",2785,128,2166,174,1915,192,251,101,41,33,210,98,619,167,386,117,233,119
1400000US48453001775,48453001775,"Census Tract 17.75, Travis County, Texas",1236,82,1149,100,978,128,171,87,67,47,104,61,87,57,64,53,23,27
1400000US48453001776,48453001776,"Census Tract 17.76, Travis County, Texas",1085,94,634,101,483,102,151,64,21,28,130,60,451,111,292,100,159,79
1400000US48453001777,48453001777,"Census Tract 17.77, Travis County, Texas",2221,132,1303,203,1052,176,251,101,34,35,217,97,918,198,659,223,259,103
1400000US48453001778,48453001778,"Census Tract 17.78, Travis County, Texas",1560,169,1095,141,915,123,180,100,14,22,166,98,465,160,279,123,186,100
1400000US48453001779,48453001779,"Census Tract 17.79, Travis County, Texas",2279,172,1696,157,1553,147,143,84,66,78,77,81,583,172,498,158,85,93
1400000US48453001780,48453001780,"Census Tract 17.80, Travis County, Texas",1729,148,1148,164,1034,151,114,69,35,44,79,45,581,125,474,125,107,59
1400000US48453001781,48453001781,"Census Tract 17.81, Travis County, Texas",997,79,671,61,643,61,28,31,0,127,28,31,326,96,276,99,50,44
1400000US48453001782,48453001782,"Census Tract 17.82, Travis County, Texas",1571,124,1378,119,1256,107,122,89,0,127,122,89,193,102,105,58,88,87
1400000US48453001783,48453001783,"Census Tract 17.83, Travis County, Texas",2042,120,1557,175,1280,188,277,127,30,35,247,131,485,151,405,146,80,57
1400000US48453001784,48453001784,"Census Tract 17.84, Travis County, Texas",1453,104,1307,112,1241,112,66,47,0,127,66,47,146,70,146,70,0,127
1400000US48453001785,48453001785,"Census Tract 17.85, Travis County, Texas",2294,113,814,175,613,168,201,104,93,70,108,73,1480,196,1115,216,365,181
1400000US48453001786,48453001786,"Census Tract 17.86, Travis County, Texas",2771,105,821,207,617,166,204,120,39,34,165,114,1950,219,1473,189,477,165
1400000US48453001804,48453001804,"Census Tract 18.04, Travis County, Texas",2473,154,1542,201,697,206,845,208,397,153,448,171,931,179,721,164,210,118
1400000US48453001805,48453001805,"Census Tract 18.05, Travis County, Texas",1685,121,1018,162,560,136,458,150,140,84,318,138,667,156,457,120,210,117
1400000US48453001806,48453001806,"Census Tract 18.06, Travis County, Texas",2319,184,1360,208,667,155,693,181,206,122,487,163,959,185,579,161,380,142
1400000US48453001811,48453001811,"Census Tract 18.11, Travis County, Texas",1170,110,631,119,240,104,391,125,183,97,208,100,539,124,394,110,145,84
1400000US48453001812,48453001812,"Census Tract 18.12, Travis County, Texas",2714,159,1436,192,677,150,759,170,256,127,503,143,1278,206,1000,181,278,112
1400000US48453001813,48453001813,"Census Tract 18.13, Travis County, Texas",2268,81,1197,176,661,172,536,148,249,124,287,113,1071,175,837,167,234,122
1400000US48453001817,48453001817,"Census Tract 18.17, Travis County, Texas",1995,161,682,147,484,140,198,77,101,69,97,51,1313,190,1071,195,242,110
1400000US48453001818,48453001818,"Census Tract 18.18, Travis County, Texas",2124,132,1316,167,908,140,408,150,76,80,332,128,808,184,530,167,278,130
1400000US48453001819,48453001819,"Census Tract 18.19, Travis County, Texas",1388,77,851,152,488,150,363,128,179,101,184,90,537,145,249,108,288,124
1400000US48453001820,48453001820,"Census Tract 18.20, Travis County, Texas",2613,226,1631,206,809,206,822,204,390,151,432,161,982,202,800,187,182,115
1400000US48453001821,48453001821,"Census Tract 18.21, Travis County, Texas",1714,117,1139,138,674,132,465,132,147,99,318,102,575,147,357,117,218,105
1400000US48453001822,48453001822,"Census Tract 18.22, Travis County, Texas",2188,161,1613,189,954,219,659,199,203,127,456,151,575,155,503,147,72,69
1400000US48453001823,48453001823,"Census Tract 18.23, Travis County, Texas",2028,136,1300,188,826,179,474,142,160,94,314,103,728,181,555,158,173,113
1400000US48453001824,48453001824,"Census Tract 18.24, Travis County, Texas",823,39,451,113,370,107,81,51,0,127,81,51,372,100,242,105,130,78
1400000US48453001826,48453001826,"Census Tract 18.26, Travis County, Texas",996,90,391,93,318,80,73,49,15,17,58,47,605,106,457,109,148,77
1400000US48453001828,48453001828,"Census Tract 18.28, Travis County, Texas",1517,111,975,127,835,132,140,77,38,39,102,68,542,137,356,119,186,85
1400000US48453001829,48453001829,"Census Tract 18.29, Travis County, Texas",1368,115,291,89,229,79,62,48,26,28,36,34,1077,133,741,146,336,112
1400000US48453001832,48453001832,"Census Tract 18.32, Travis County, Texas",1137,99,710,116,416,103,294,113,64,57,230,92,427,100,380,95,47,44
1400000US48453001833,48453001833,"Census Tract 18.33, Travis County, Texas",2457,126,1623,166,828,160,795,163,229,134,566,181,834,158,637,143,197,93
1400000US48453001834,48453001834,"Census Tract 18.34, Travis County, Texas",3370,207,1897,258,1169,228,728,214,269,153,459,162,1473,249,1206,242,267,127
1400000US48453001835,48453001835,"Census Tract 18.35, Travis County, Texas",1689,123,1121,148,619,168,502,159,200,120,302,126,568,116,391,106,177,91
1400000US48453001839,48453001839,"Census Tract 18.39, Travis County, Texas",2665,157,1377,189,946,140,431,169,131,86,300,137,1288,205,1051,192,237,118
1400000US48453001840,48453001840,"Census Tract 18.40, Travis County, Texas",2535,180,1771,221,911,199,860,194,174,106,686,174,764,181,619,183,145,87
1400000US48453001841,48453001841,"Census Tract 18.41, Travis County, Texas",4939,187,3915,251,3025,295,890,227,214,132,676,200,1024,240,770,196,254,122
1400000US48453001842,48453001842,"Census Tract 18.42, Travis County, Texas",2056,143,1584,159,1043,171,541,153,247,107,294,94,472,151,412,144,60,44
1400000US48453001843,48453001843,"Census Tract 18.43, Travis County, Texas",953,31,619,85,512,91,107,54,22,26,85,55,334,89,213,76,121,87
1400000US48453001844,48453001844,"Census Tract 18.44, Travis County, Texas",1583,80,807,125,484,108,323,110,112,71,211,95,776,115,590,125,186,88
1400000US48453001845,48453001845,"Census Tract 18.45, Travis County, Texas",1377,104,773,114,612,110,161,78,39,48,122,63,604,123,483,112,121,60
1400000US48453001846,48453001846,"Census Tract 18.46, Travis County, Texas",984,59,635,63,578,70,57,49,24,35,33,35,349,86,275,78,74,54
1400000US48453001847,48453001847,"Census Tract 18.47, Travis County, Texas",2901,138,1608,235,1215,204,393,149,39,41,354,152,1293,242,966,215,327,145
1400000US48453001848,48453001848,"Census Tract 18.48, Travis County, Texas",1894,108,1033,147,895,153,138,61,40,29,98,47,861,152,616,141,245,110
1400000US48453001849,48453001849,"Census Tract 18.49, Travis County, Texas",3139,186,990,198,690,177,300,142,76,88,224,108,2149,233,1690,238,459,163
1400000US48453001850,48453001850,"Census Tract 18.50, Travis County, Texas",2060,108,923,159,544,129,379,136,100,77,279,121,1137,165,882,166,255,110
1400000US48453001851,48453001851,"Census Tract 18.51, Travis County, Texas",3909,202,2238,199,1539,191,699,184,183,106,516,165,1671,223,1269,183,402,177
1400000US48453001853,48453001853,"Census Tract 18.53, Travis County, Texas",1359,69,872,92,627,119,245,90,31,40,214,83,487,76,380,77,107,54
1400000US48453001854,48453001854,"Census Tract 18.54, Travis County, Texas",1382,144,1085,148,742,134,343,123,67,81,276,105,297,122,217,102,80,69
1400000US48453001855,48453001855,"Census Tract 18.55, Travis County, Texas",3677,214,2992,189,2303,225,689,186,173,92,516,149,685,190,472,151,213,116
1400000US48453001856,48453001856,"Census Tract 18.56, Travis County, Texas",1446,119,1145,125,899,127,246,99,143,89,103,62,301,114,192,89,109,94
1400000US48453001857,48453001857,"Census Tract 18.57, Travis County, Texas",1841,153,1150,189,929,206,221,120,41,41,180,124,691,205,490,161,201,99
1400000US48453001858,48453001858,"Census Tract 18.58, Travis County, Texas",4169,207,3623,229,3163,225,460,184,261,154,199,88,546,138,402,118,144,80
1400000US48453001859,48453001859,"Census Tract 18.59, Travis County, Texas",362,57,316,56,306,53,10,16,0,127,10,16,46,51,26,32,20,34
1400000US48453001860,48453001860,"Census Tract 18.60, Travis County, Texas",1369,144,879,144,485,145,394,163,96,71,298,149,490,150,325,126,165,96
1400000US48453001861,48453001861,"Census Tract 18.61, Travis County, Texas",1460,100,1159,139,779,136,380,126,13,21,367,127,301,123,222,97,79,65
1400000US48453001862,48453001862,"Census Tract 18.62, Travis County, Texas",1695,133,1389,143,901,139,488,149,90,77,398,129,306,131,214,116,92,71
1400000US48453001863,48453001863,"Census Tract 18.63, Travis County, Texas",1921,163,522,164,207,93,315,140,128,114,187,91,1399,187,1086,203,313,162
1400000US48453001864,48453001864,"Census Tract 18.64, Travis County, Texas",1465,121,572,157,349,140,223,83,45,43,178,80,893,172,641,145,252,105
1400000US48453001901,48453001901,"Census Tract 19.01, Travis County, Texas",2902,136,918,139,754,123,164,83,62,44,102,63,1984,204,1671,215,313,136
1400000US48453001908,48453001908,"Census Tract 19.08, Travis County, Texas",3034,183,1761,184,1451,169,310,139,69,71,241,129,1273,198,1044,198,229,109
1400000US48453001910,48453001910,"Census Tract 19.10, Travis County, Texas",1840,93,1112,132,980,131,132,77,44,34,88,69,728,135,635,110,93,80
1400000US48453001911,48453001911,"Census Tract 19.11, Travis County, Texas",1814,94,545,115,402,100,143,89,45,52,98,76,1269,144,999,157,270,100
1400000US48453001912,48453001912,"Census Tract 19.12, Travis County, Texas",1363,110,1048,129,1004,128,44,34,31,26,13,20,315,92,282,92,33,29
1400000US48453001913,48453001913,"Census Tract 19.13, Travis County, Texas",1617,110,1380,101,1344,98,36,37,24,33,12,16,237,84,174,65,63,47
1400000US48453001914,48453001914,"Census Tract 19.14, Travis County, Texas",2737,114,1450,172,1208,188,242,122,116,91,126,69,1287,195,973,173,314,126
1400000US48453001915,48453001915,"Census Tract 19.15, Travis County, Texas",820,29,355,105,306,101,49,46,20,28,29,32,465,121,447,124,18,29
1400000US48453001916,48453001916,"Census Tract 19.16, Travis County, Texas",943,75,912,72,819,92,93,64,58,57,35,36,31,32,15,19,16,24
1400000US48453001917,48453001917,"Census Tract 19.17, Travis County, Texas",1724,108,1449,109,1307,96,142,93,51,52,91,74,275,113,275,113,0,127
1400000US48453001918,48453001918,"Census Tract 19.18, Travis County, Texas",910,88,758,79,705,72,53,46,8,14,45,45,152,77,104,60,48,47
1400000US48453001919,48453001919,"Census Tract 19.19, Travis County, Texas",1364,81,1073,80,952,74,121,62,53,39,68,44,291,86,226,84,65,39
1400000US48453002002,48453002002,"Census Tract 20.02, Travis County, Texas",1262,89,698,113,471,95,227,89,45,49,182,79,564,121,441,111,123,71
1400000US48453002003,48453002003,"Census Tract 20.03, Travis County, Texas",1433,90,874,143,558,136,316,99,80,64,236,86,559,117,425,105,134,88
1400000US48453002004,48453002004,"Census Tract 20.04, Travis County, Texas",1355,105,337,93,197,83,140,89,52,45,88,73,1018,127,837,140,181,96
1400000US48453002005,48453002005,"Census Tract 20.05, Travis County, Texas",2239,145,771,148,532,141,239,115,86,67,153,92,1468,195,1064,175,404,134
1400000US48453002104,48453002104,"Census Tract 21.04, Travis County, Texas",1209,65,749,128,548,136,201,96,72,56,129,87,460,122,296,110,164,92
1400000US48453002105,48453002105,"Census Tract 21.05, Travis County, Texas",2009,173,883,179,376,143,507,155,218,122,289,132,1126,178,728,143,398,156
1400000US48453002106,48453002106,"Census Tract 21.06, Travis County, Texas",1124,81,732,119,548,117,184,77,40,30,144,69,392,97,249,75,143,71
1400000US48453002107,48453002107,"Census Tract 21.07, Travis County, Texas",1354,107,959,125,449,108,510,138,116,77,394,125,395,101,268,89,127,60
1400000US48453002108,48453002108,"Census Tract 21.08, Travis County, Texas",1280,99,715,122,291,89,424,118,114,76,310,98,565,137,446,114,119,81
1400000US48453002109,48453002109,"Census Tract 21.09, Travis County, Texas",1425,133,705,141,323,90,382,138,126,75,256,122,720,129,568,136,152,88
1400000US48453002110,48453002110,"Census Tract 21.10, Travis County, Texas",1387,109,1029,136,529,150,500,127,138,76,362,117,358,137,304,129,54,42
1400000US48453002111,48453002111,"Census Tract 21.11, Travis County, Texas",1550,115,965,162,358,101,607,157,168,99,439,126,585,151,450,138,135,88
1400000US48453002112,48453002112,"Census Tract 21.12, Travis County, Texas",1700,133,1034,152,416,122,618,163,165,101,453,137,666,132,449,121,217,83
1400000US48453002113,48453002113,"Census Tract 21.13, Travis County, Texas",1320,81,877,120,546,114,331,100,22,24,309,97,443,116,340,97,103,68
1400000US48453002201,48453002201,"Census Tract 22.01, Travis County, Texas",592,44,460,79,250,88,210,85,12,19,198,84,132,68,103,66,29,34
1400000US48453002202,48453002202,"Census Tract 22.02, Travis County, Texas",2078,209,1589,190,594,153,995,208,139,102,856,216,489,189,381,171,108,96
1400000US48453002207,48453002207,"Census Tract 22.07, Travis County, Texas",2400,170,1981,161,1377,189,604,165,145,116,459,147,419,158,289,126,130,101
1400000US48453002208,48453002208,"Census Tract 22.08, Travis County, Texas",1671,157,1302,175,714,164,588,150,140,101,448,138,369,128,314,121,55,53
1400000US48453002209,48453002209,"Census Tract 22.09, Travis County, Texas",2351,178,1687,161,1090,185,597,146,196,99,401,134,664,179,537,161,127,90
1400000US48453002210,48453002210,"Census Tract 22.10, Travis County, Texas",1023,127,828,125,595,121,233,91,0,127,233,91,195,100,134,87,61,54
1400000US48453002211,48453002211,"Census Tract 22.11, Travis County, Texas",493,91,352,106,227,101,125,74,29,26,96,76,141,90,141,90,0,127
1400000US48453002212,48453002212,"Census Tract 22.12, Travis County, Texas",306,61,243,51,137,57,106,48,0,127,106,48,63,54,63,54,0,127
1400000US48453002304,48453002304,"Census Tract 23.04, Travis County, Texas",1493,148,724,170,384,138,340,125,142,86,198,98,769,132,447,115,322,116
1400000US48453002307,48453002307,"Census Tract 23.07, Travis County, Texas",2323,188,920,198,478,154,442,158,120,102,322,133,1403,228,973,208,430,188
1400000US48453002308,48453002308,"Census Tract 23.08, Travis County, Texas",2139,153,979,215,363,133,616,181,175,112,441,148,1160,193,816,197,344,148
1400000US48453002310,48453002310,"Census Tract 23.10, Travis County, Texas",867,121,586,132,341,100,245,115,166,98,79,56,281,107,181,87,100,61
1400000US48453002312,48453002312,"Census Tract 23.12, Travis County, Texas",1980,105,1486,143,719,144,767,152,153,91,614,145,494,119,365,99,129,77
1400000US48453002313,48453002313,"Census Tract 23.13, Travis County, Texas",2120,127,853,178,429,166,424,150,155,105,269,111,1267,168,959,174,308,143
1400000US48453002314,48453002314,"Census Tract 23.14, Travis County, Texas",2407,130,660,148,130,84,530,130,198,103,332,110,1747,188,1226,191,521,150
1400000US48453002315,48453002315,"Census Tract 23.15, Travis County, Texas",1331,131,632,135,212,86,420,110,147,74,273,98,699,136,448,123,251,89
1400000US48453002316,48453002316,"Census Tract 23.16, Travis County, Texas",2143,172,1008,182,304,136,704,165,257,116,447,144,1135,190,889,183,246,111
1400000US48453002317,48453002317,"Census Tract 23.17, Travis County, Texas",1602,101,431,106,189,65,242,111,105,65,137,99,1171,139,334,139,837,149
1400000US48453002318,48453002318,"Census Tract 23.18, Travis County, Texas",2128,156,921,167,367,123,554,167,127,83,427,146,1207,183,669,175,538,166
1400000US48453002319,48453002319,"Census Tract 23.19, Travis County, Texas",0,127,0,127,0,127,0,127,0,127,0,127,0,127,0,127,0,127
1400000US48453002402,48453002402,"Census Tract 24.02, Travis County, Texas",2777,197,1183,202,689,164,494,197,160,122,334,141,1594,239,1192,226,402,169
1400000US48453002403,48453002403,"Census Tract 24.03, Travis County, Texas",1081,82,622,105,300,94,322,106,87,77,235,77,459,128,391,114,68,48
1400000US48453002407,48453002407,"Census Tract 24.07, Travis County, Texas",1480,96,1040,92,896,94,144,62,35,24,109,54,440,97,346,87,94,49
1400000US48453002409,48453002409,"Census Tract 24.09, Travis County, Texas",1286,39,936,112,644,122,292,100,108,71,184,79,350,103,226,88,124,76
1400000US48453002410,48453002410,"Census Tract 24.10, Travis County, Texas",1640,94,830,130,540,120,290,103,89,66,201,92,810,150,545,118,265,116
1400000US48453002411,48453002411,"Census Tract 24.11, Travis County, Texas",1593,66,1425,112,705,144,720,161,203,96,517,147,168,97,99,70,69,68
1400000US48453002412,48453002412,"Census Tract 24.12, Travis County, Texas",1361,63,1152,94,808,128,344,106,83,58,261,105,209,83,152,78,57,47
1400000US48453002413,48453002413,"Census Tract 24.13, Travis County, Texas",1169,75,961,91,507,117,454,100,98,88,356,113,208,71,124,60,84,52
1400000US48453002419,48453002419,"Census Tract 24.19, Travis County, Texas",1909,119,743,137,332,117,411,127,170,97,241,92,1166,157,934,151,232,102
1400000US48453002421,48453002421,"Census Tract 24.21, Travis County, Texas",2290,151,1006,187,610,150,396,132,59,48,337,119,1284,167,901,170,383,132
1400000US48453002422,48453002422,"Census Tract 24.22, Travis County, Texas",2231,97,1011,152,606,133,405,149,18,24,387,145,1220,161,901,200,319,157
1400000US48453002423,48453002423,"Census Tract 24.23, Travis County, Texas",2072,78,1445,140,925,158,520,127,174,105,346,109,627,145,371,119,256,112
1400000US48453002424,48453002424,"Census Tract 24.24, Travis County, Texas",1362,91,782,124,611,112,171,70,63,47,108,68,580,117,446,110,134,84
1400000US48453002425,48453002425,"Census Tract 24.25, Travis County, Texas",1120,82,588,117,432,117,156,99,39,61,117,82,532,119,384,107,148,99
1400000US48453002426,48453002426,"Census Tract 24.26, Travis County, Texas",1965,106,1572,189,976,191,596,178,115,97,481,133,393,153,239,152,154,105
1400000US48453002427,48453002427,"Census Tract 24.27, Travis County, Texas",2328,127,1694,219,921,200,773,216,410,190,363,135,634,199,458,162,176,121
1400000US48453002428,48453002428,"Census Tract 24.28, Travis County, Texas",2163,151,1295,181,997,160,298,144,49,44,249,139,868,186,647,177,221,120
1400000US48453002429,48453002429,"Census Tract 24.29, Travis County, Texas",305,90,108,75,65,67,43,40,14,21,29,34,197,75,140,77,57,41
1400000US48453002430,48453002430,"Census Tract 24.30, Travis County, Texas",1113,121,739,125,526,130,213,93,15,25,198,90,374,125,234,111,140,88
1400000US48453002431,48453002431,"Census Tract 24.31, Travis County, Texas",1933,141,1467,148,968,170,499,144,233,108,266,90,466,130,346,126,120,80
1400000US48453002432,48453002432,"Census Tract 24.32, Travis County, Texas",605,105,437,102,319,106,118,56,42,38,76,53,168,94,135,84,33,47
1400000US48453002433,48453002433,"Census Tract 24.33, Travis County, Texas",1439,163,1201,137,823,132,378,134,112,93,266,100,238,109,159,82,79,71
1400000US48453002434,48453002434,"Census Tract 24.34, Travis County, Texas",493,75,413,71,282,66,131,56,29,30,102,44,80,46,44,29,36,37
1400000US48453002435,48453002435,"Census Tract 24.35, Travis County, Texas",1622,154,1396,170,867,174,529,162,178,86,351,143,226,99,165,94,61,59
1400000US48453002436,48453002436,"Census Tract 24.36, Travis County, Texas",800,100,664,106,590,118,74,79,19,26,55,75,136,76,124,77,12,17
1400000US48453002500,48453002500,"Census Tract 25, Travis County, Texas",2716,91,1034,166,883,154,151,79,27,26,124,79,1682,184,1396,162,286,125
1400000US48453980000,48453980000,"Census Tract 9800, Travis County, Texas",0,127,0,127,0,127,0,127,0,127,0,127,0,127,0,127,0,127
1400000US48491020105,48491020105,"Census Tract 201.05, Williamson County, Texas",1614,90,1240,127,1143,126,97,105,80,102,17,27,374,118,363,119,11,19
1400000US48491020106,48491020106,"Census Tract 201.06, Williamson County, Texas",988,93,790,114,747,110,43,49,0,127,43,49,198,68,135,60,63,55
1400000US48491020107,48491020107,"Census Tract 201.07, Williamson County, Texas",2741,183,1704,186,1685,185,19,29,0,127,19,29,1037,175,1018,175,19,29
1400000US48491020108,48491020108,"Census Tract 201.08, Williamson County, Texas",1148,57,888,74,781,113,107,72,21,37,86,59,260,86,260,86,0,127
1400000US48491020109,48491020109,"Census Tract 201.09, Williamson County, Texas",1075,110,1016,120,954,128,62,57,0,127,62,57,59,57,59,57,0,127
1400000US48491020110,48491020110,"Census Tract 201.10, Williamson County, Texas",1292,107,947,99,815,104,132,79,92,64,40,40,345,139,313,125,32,49
1400000US48491020111,48491020111,"Census Tract 201.11, Williamson County, Texas",1163,66,804,82,731,93,73,59,43,52,30,29,359,79,303,81,56,48
1400000US48491020112,48491020112,"Census Tract 201.12, Williamson County, Texas",1078,105,971,109,877,100,94,90,19,30,75,86,107,66,107,66,0,127
1400000US48491020113,48491020113,"Census Tract 201.13, Williamson County, Texas",1046,118,549,83,473,86,76,63,0,127,76,63,497,136,460,136,37,37
1400000US48491020114,48491020114,"Census Tract 201.14, Williamson County, Texas",1802,102,1334,122,855,140,479,144,99,80,380,126,468,134,456,135,12,19
1400000US48491020115,48491020115,"Census Tract 201.15, Williamson County, Texas",688,100,582,106,530,115,52,54,0,127,52,54,106,63,57,43,49,49
1400000US48491020201,48491020201,"Census Tract 202.01, Williamson County, Texas",610,89,450,61,382,66,68,39,33,30,35,22,160,84,108,47,52,71
1400000US48491020202,48491020202,"Census Tract 202.02, Williamson County, Texas",1451,126,1238,107,1063,90,175,96,53,46,122,73,213,85,197,82,16,25
1400000US48491020203,48491020203,"Census Tract 202.03, Williamson County, Texas",1004,123,818,144,818,144,0,127,0,127,0,127,186,106,183,106,3,8
1400000US48491020204,48491020204,"Census Tract 202.04, Williamson County, Texas",1583,146,1275,146,1148,140,127,76,23,35,104,72,308,102,273,105,35,39
1400000US48491020301,48491020301,"Census Tract 203.01, Williamson County, Texas",1655,117,1316,119,1173,120,143,68,41,32,102,60,339,105,319,97,20,28
1400000US48491020302,48491020302,"Census Tract 203.02, Williamson County, Texas",980,112,772,100,639,115,133,81,37,33,96,71,208,92,170,79,38,39
1400000US48491020310,48491020310,"Census Tract 203.10, Williamson County, Texas",1009,31,794,85,733,82,61,46,20,22,41,40,215,87,191,85,24,27
1400000US48491020311,48491020311,"Census Tract 203.11, Williamson County, Texas",852,91,477,100,477,100,0,127,0,127,0,127,375,112,252,91,123,78
1400000US48491020312,48491020312,"Census Tract 203.12, Williamson County, Texas",1952,162,1420,165,1107,173,313,122,68,65,245,110,532,171,341,139,191,104
1400000US48491020313,48491020313,"Census Tract 203.13, Williamson County, Texas",2675,142,2132,140,1710,172,422,163,152,113,270,113,543,136,429,129,114,67
1400000US48491020314,48491020314,"Census Tract 203.14, Williamson County, Texas",1523,112,1237,154,974,168,263,121,91,93,172,82,286,144,275,139,11,19
1400000US48491020315,48491020315,"Census Tract 203.15, Williamson County, Texas",911,105,647,109,565,121,82,60,22,34,60,48,264,111,253,110,11,18
1400000US48491020316,48491020316,"Census Tract 203.16, Williamson County, Texas",944,81,733,103,497,97,236,91,68,64,168,84,211,99,161,84,50,47
1400000US48491020317,48491020317,"Census Tract 203.17, Williamson County, Texas",620,75,399,98,169,65,230,99,37,47,193,92,221,90,132,79,89,68
1400000US48491020318,48491020318,"Census Tract 203.18, Williamson County, Texas",3334,88,2334,184,1896,173,438,142,79,65,359,127,1000,163,871,153,129,102
1400000US48491020319,48491020319,"Census Tract 203.19, Williamson County, Texas",1464,84,1287,107,1092,133,195,85,30,36,165,70,177,79,89,50,88,67
1400000US48491020320,48491020320,"Census Tract 203.20, Williamson County, Texas",2248,108,1824,174,1449,164,375,137,142,88,233,109,424,145,296,122,128,89
1400000US48491020321,48491020321,"Census Tract 203.21, Williamson County, Texas",658,47,481,97,452,99,29,26,10,17,19,19,177,91,135,68,42,64
1400000US48491020322,48491020322,"Census Tract 203.22, Williamson County, Texas",3166,134,2105,206,1614,203,491,162,103,81,388,141,1061,202,718,159,343,131
1400000US48491020323,48491020323,"Census Tract 203.23, Williamson County, Texas",645,72,481,67,359,70,122,81,0,127,122,81,164,100,158,98,6,12
1400000US48491020324,48491020324,"Census Tract 203.24, Williamson County, Texas",1681,100,1316,132,1145,118,171,95,82,69,89,70,365,126,245,120,120,76
1400000US48491020325,48491020325,"Census Tract 203.25, Williamson County, Texas",920,73,754,97,441,166,313,155,209,141,104,94,166,91,86,54,80,73
1400000US48491020326,48491020326,"Census Tract 203.26, Williamson County, Texas",1915,69,1702,98,1386,119,316,116,44,39,272,120,213,81,205,79,8,15
1400000US48491020327,48491020327,"Census Tract 203.27, Williamson County, Texas",832,110,692,135,617,133,75,55,10,18,65,51,140,85,31,37,109,74
1400000US48491020328,48491020328,"Census Tract 203.28, Williamson County, Texas",2338,98,1891,116,1529,168,362,135,124,82,238,107,447,113,391,104,56,51
1400000US48491020403,48491020403,"Census Tract 204.03, Williamson County, Texas",769,81,471,105,367,105,104,63,27,44,77,48,298,116,238,102,60,44
1400000US48491020404,48491020404,"Census Tract 204.04, Williamson County, Texas",1379,68,962,92,797,97,165,70,55,42,110,57,417,83,298,89,119,68
1400000US48491020405,48491020405,"Census Tract 204.05, Williamson County, Texas",2703,181,1553,243,960,252,593,192,140,84,453,185,1150,250,982,225,168,88
1400000US48491020406,48491020406,"Census Tract 204.06, Williamson County, Texas",3014,198,1144,221,805,180,339,158,125,106,214,102,1870,268,1509,293,361,185
1400000US48491020408,48491020408,"Census Tract 204.08, Williamson County, Texas",1713,139,976,158,576,139,400,129,82,92,318,126,737,160,528,140,209,101
1400000US48491020409,48491020409,"Census Tract 204.09, Williamson County, Texas",1765,122,885,114,639,105,246,104,12,20,234,100,880,126,585,165,295,145
1400000US48491020410,48491020410,"Census Tract 204.10, Williamson County, Texas",2329,142,1422,171,968,144,454,178,88,68,366,151,907,173,746,175,161,99
1400000US48491020411,48491020411,"Census Tract 204.11, Williamson County, Texas",2496,116,1669,190,1399,181,270,127,59,71,211,110,827,156,640,158,187,87
1400000US48491020503,48491020503,"Census Tract 205.03, Williamson County, Texas",1734,107,1391,133,1143,144,248,94,55,43,193,86,343,102,307,99,36,32
1400000US48491020504,48491020504,"Census Tract 205.04, Williamson County, Texas",3369,175,1761,239,1171,231,590,191,149,119,441,163,1608,277,1363,260,245,124
1400000US48491020505,48491020505,"Census Tract 205.05, Williamson County, Texas",923,40,813,73,754,84,59,43,12,18,47,40,110,64,96,60,14,23
1400000US48491020506,48491020506,"Census Tract 205.06, Williamson County, Texas",2741,158,2259,192,1935,180,324,115,79,66,245,100,482,133,328,127,154,106
1400000US48491020507,48491020507,"Census Tract 205.07, Williamson County, Texas",888,81,765,87,673,75,92,66,0,127,92,66,123,75,121,73,2,9
1400000US48491020508,48491020508,"Census Tract 205.08, Williamson County, Texas",2025,191,1050,191,657,131,393,188,60,60,333,164,975,213,682,180,293,135
1400000US48491020509,48491020509,"Census Tract 205.09, Williamson County, Texas",2120,131,1813,148,1665,148,148,121,34,41,114,107,307,84,220,79,87,59
1400000US48491020510,48491020510,"Census Tract 205.10, Williamson County, Texas",2895,143,2517,146,2372,152,145,75,62,57,83,48,378,108,246,79,132,78
1400000US48491020602,48491020602,"Census Tract 206.02, Williamson County, Texas",1710,101,1441,111,1080,119,361,132,150,104,211,80,269,112,229,103,40,38
1400000US48491020603,48491020603,"Census Tract 206.03, Williamson County, Texas",2317,113,2148,131,2059,132,89,57,11,18,78,60,169,81,123,70,46,36
1400000US48491020604,48491020604,"Census Tract 206.04, Williamson County, Texas",1504,111,1190,125,1079,116,111,89,64,81,47,44,314,104,265,96,49,53
1400000US48491020605,48491020605,"Census Tract 206.05, Williamson County, Texas",2130,108,1821,118,1521,152,300,102,14,22,286,100,309,95,270,95,39,34
1400000US48491020701,48491020701,"Census Tract 207.01, Williamson County, Texas",820,120,573,117,430,117,143,91,51,59,92,59,247,92,187,80,60,61
1400000US48491020703,48491020703,"Census Tract 207.03, Williamson County, Texas",3579,169,2462,228,1675,252,787,223,374,184,413,144,1117,203,841,207,276,130
1400000US48491020704,48491020704,"Census Tract 207.04, Williamson County, Texas",2048,129,1309,148,990,166,319,112,66,54,253,99,739,145,622,131,117,97
1400000US48491020706,48491020706,"Census Tract 207.06, Williamson County, Texas",1181,88,1181,88,1106,97,75,69,27,45,48,49,0,127,0,127,0,127
1400000US48491020707,48491020707,"Census Tract 207.07, Williamson County, Texas",1678,91,1061,182,846,172,215,98,41,33,174,94,617,161,421,131,196,82
1400000US48491020708,48491020708,"Census Tract 207.08, Williamson County, Texas",1973,219,1687,234,1559,235,128,93,84,74,44,48,286,169,233,156,53,48
1400000US48491020803,48491020803,"Census Tract 208.03, Williamson County, Texas",1411,145,1139,173,817,183,322,154,132,98,190,103,272,153,213,116,59,91
1400000US48491020804,48491020804,"Census Tract 208.04, Williamson County, Texas",2314,133,2050,143,1802,141,248,134,15,24,233,131,264,109,202,113,62,49
1400000US48491020805,48491020805,"Census Tract 208.05, Williamson County, Texas",1938,165,1617,154,1204,183,413,177,79,63,334,154,321,117,253,110,68,46
1400000US48491020806,48491020806,"Census Tract 208.06, Williamson County, Texas",492,93,428,99,320,105,108,46,14,23,94,42,64,51,25,29,39,45
1400000US48491020807,48491020807,"Census Tract 208.07, Williamson County, Texas",1977,136,1678,147,1343,148,335,108,42,48,293,101,299,106,250,107,49,41
1400000US48491020808,48491020808,"Census Tract 208.08, Williamson County, Texas",569,95,472,94,394,112,78,86,78,86,0,127,97,63,64,50,33,37
1400000US48491020809,48491020809,"Census Tract 208.09, Williamson County, Texas",1787,156,1502,139,1241,146,261,83,53,39,208,71,285,116,191,77,94,68
1400000US48491020900,48491020900,"Census Tract 209, Williamson County, Texas",1639,106,1149,103,1068,105,81,36,12,11,69,33,490,98,464,94,26,28
1400000US48491021000,48491021000,"Census Tract 210, Williamson County, Texas",1050,110,779,112,502,139,277,114,137,84,140,83,271,90,244,85,27,34
1400000US48491021100,48491021100,"Census Tract 211, Williamson County, Texas",958,130,674,135,526,145,148,77,33,32,115,72,284,120,258,123,26,29
1400000US48491021201,48491021201,"Census Tract 212.01, Williamson County, Texas",1109,112,881,95,778,106,103,64,28,41,75,49,228,93,188,86,40,31
1400000US48491021202,48491021202,"Census Tract 212.02, Williamson County, Texas",1237,131,921,148,725,156,196,85,82,53,114,62,316,124,239,101,77,72
1400000US48491021203,48491021203,"Census Tract 212.03, Williamson County, Texas",1065,92,718,129,502,104,216,108,26,32,190,108,347,130,342,130,5,12
1400000US48491021300,48491021300,"Census Tract 213, Williamson County, Texas",1356,100,928,93,707,97,221,60,45,31,176,58,428,83,403,83,25,25
1400000US48491021401,48491021401,"Census Tract 214.01, Williamson County, Texas",2507,128,2026,195,1588,207,438,170,78,66,360,154,481,168,409,161,72,66
1400000US48491021402,48491021402,"Census Tract 214.02, Williamson County, Texas",1354,128,661,104,447,90,214,82,83,62,131,78,693,135,629,134,64,46
1400000US48491021403,48491021403,"Census Tract 214.03, Williamson County, Texas",1072,111,751,101,595,108,156,93,45,48,111,81,321,118,300,114,21,25
1400000US48491021502,48491021502,"Census Tract 215.02, Williamson County, Texas",1608,113,1245,132,689,154,556,159,206,122,350,101,363,103,247,80,116,81
1400000US48491021503,48491021503,"Census Tract 215.03, Williamson County, Texas",1555,147,935,161,620,145,315,140,54,64,261,128,620,126,387,135,233,118
1400000US48491021504,48491021504,"Census Tract 215.04, Williamson County, Texas",1120,162,778,160,756,158,22,34,0,127,22,34,342,87,188,78,154,76
1400000US48491021505,48491021505,"Census Tract 215.05, Williamson County, Texas",2407,125,1778,158,1315,170,463,126,124,71,339,112,629,152,482,131,147,80
1400000US48491021506,48491021506,"Census Tract 215.06, Williamson County, Texas",740,129,557,116,448,118,109,61,19,30,90,51,183,97,154,92,29,33
1400000US48491021507,48491021507,"Census Tract 215.07, Williamson County, Texas",2984,138,2110,266,1668,253,442,149,164,107,278,96,874,221,781,226,93,78
1400000US48491021508,48491021508,"Census Tract 215.08, Williamson County, Texas",1993,201,1441,183,1104,189,337,172,84,93,253,163,552,186,479,187,73,57
1400000US48491021601,48491021601,"Census Tract 216.01, Williamson County, Texas",849,106,698,100,585,100,113,72,35,34,78,66,151,85,151,85,0,127
1400000US48491021602,48491021602,"Census Tract 216.02, Williamson County, Texas",1013,110,725,146,651,134,74,47,10,17,64,46,288,128,157,90,131,94
1400000US48491021603,48491021603,"Census Tract 216.03, Williamson County, Texas",598,61,513,68,424,70,89,45,63,37,26,23,85,44,65,39,20,21
