GEO.id,GEO.id2,GEO.display-label,HD01_VD01,HD02_VD01,HD01_VD02,HD02_VD02,HD01_VD03,HD02_VD03,HD01_VD04,HD02_VD04,HD01_VD05,HD02_VD05,HD01_VD06,HD02_VD06,HD01_VD07,HD02_VD07,HD01_VD08,HD02_VD08,HD01_VD09,HD02_VD09
Id,Id2,Geography,Estimate; Total:,Margin of Error; Total:,Estimate; Family households:,Margin of Error; Family households:,Estimate; Family households: - Married-couple family,Margin of Error; Family households: - Married-couple family,Estimate; Family households: - Other family:,Margin of Error; Family households: - Other family:,"Estimate; Family households: - Other family: - Male householder, no wife present","Margin of Error; Family households: - Other family: - Male householder, no wife present","Estimate; Family households: - Other family: - Female householder, no husband present","Margin of Error; Family households: - Other family: - Female householder, no husband present",Estimate; Nonfamily households:,Margin of Error; Nonfamily households:,Estimate; Nonfamily households: - Householder living alone,Margin of Error; Nonfamily households: - Householder living alone,Estimate; Nonfamily households: - Householder not living alone,Margin of Error; Nonfamily households: - Householder not living alone
1400000US48021950100,48021950100,"Census Tract 9501, Bastrop County, Texas",3135,233,2348,231,1820,254,528,165,181,96,347,128,787,180,682,170,105,68
1400000US48021950200,48021950200,"Census Tract 9502, Bastrop County, Texas",2578,241,1884,201,1421,227,463,182,52,52,411,174,694,184,594,176,100,75
1400000US48021950300,48021950300,"Census Tract 9503, Bastrop County, Texas",4564,292,3550,306,3047,305,503,216,177,120,326,175,1014,264,581,186,433,188
1400000US48021950400,48021950400,"Census Tract 9504, Bastrop County, Texas",3325,285,1907,250,1482,233,425,160,63,71,362,139,1418,253,1281,250,137,87
1400000US48021950501,48021950501,"Census Tract 9505.01, Bastrop County, Texas",2088,216,1536,184,994,239,542,183,261,138,281,150,552,150,413,160,139,101
1400000US48021950502,48021950502,"Census Tract 9505.02, Bastrop County, Texas",2083,300,1595,259,1303,250,292,141,139,116,153,87,488,165,419,151,69,67
1400000US48021950600,48021950600,"Census Tract 9506, Bastrop County, Texas",2102,198,1433,202,1011,207,422,158,256,137,166,113,669,173,598,164,71,65
1400000US48021950700,48021950700,"Census Tract 9507, Bastrop County, Texas",1700,193,1010,134,611,106,399,126,39,38,360,124,690,172,657,173,33,25
1400000US48021950801,48021950801,"Census Tract 9508.01, Bastrop County, Texas",1873,220,1563,225,1245,210,318,142,109,99,209,125,310,111,207,104,103,70
1400000US48021950802,48021950802,"Census Tract 9508.02, Bastrop County, Texas",2006,186,1529,224,1263,205,266,127,88,66,178,104,477,152,370,134,107,73
1400000US48055960101,48055960101,"Census Tract 9601.01, Caldwell County, Texas",2025,162,1555,174,1148,182,407,104,172,76,235,83,470,120,335,111,135,85
1400000US48055960102,48055960102,"Census Tract 9601.02, Caldwell County, Texas",1220,134,976,138,722,142,254,95,37,49,217,96,244,99,174,92,70,56
1400000US48055960200,48055960200,"Census Tract 9602, Caldwell County, Texas",1377,112,939,146,604,102,335,111,91,64,244,90,438,132,378,122,60,48
1400000US48055960300,48055960300,"Census Tract 9603, Caldwell County, Texas",1535,135,1097,125,911,142,186,82,83,64,103,54,438,93,360,88,78,62
1400000US48055960400,48055960400,"Census Tract 9604, Caldwell County, Texas",1243,154,827,112,565,115,262,79,78,57,184,63,416,119,381,115,35,26
1400000US48055960500,48055960500,"Census Tract 9605, Caldwell County, Texas",2024,156,1359,143,911,165,448,113,116,61,332,103,665,143,429,117,236,102
1400000US48055960600,48055960600,"Census Tract 9606, Caldwell County, Texas",786,102,621,94,475,76,146,51,41,33,105,46,165,50,139,49,26,18
1400000US48055960700,48055960700,"Census Tract 9607, Caldwell County, Texas",2241,269,1457,171,971,192,486,167,49,51,437,164,784,277,647,268,137,117
1400000US48209010100,48209010100,"Census Tract 101, Hays County, Texas",1295,135,360,102,227,81,133,93,22,28,111,91,935,150,524,130,411,118
1400000US48209010200,48209010200,"Census Tract 102, Hays County, Texas",523,84,138,43,125,42,13,15,6,9,7,11,385,92,184,71,201,73
1400000US48209010302,48209010302,"Census Tract 103.02, Hays County, Texas",1750,159,933,139,412,97,521,136,164,97,357,125,817,178,577,187,240,90
1400000US48209010303,48209010303,"Census Tract 103.03, Hays County, Texas",2794,230,1105,226,522,178,583,201,110,111,473,172,1689,300,723,256,966,274
1400000US48209010304,48209010304,"Census Tract 103.04, Hays County, Texas",2708,201,890,184,413,148,477,156,146,88,331,139,1818,242,1139,239,679,187
1400000US48209010400,48209010400,"Census Tract 104, Hays County, Texas",3988,228,1875,304,1230,269,645,191,322,193,323,151,2113,303,1369,273,744,248
1400000US48209010500,48209010500,"Census Tract 105, Hays County, Texas",1864,161,797,154,415,117,382,129,135,80,247,104,1067,168,742,158,325,136
1400000US48209010600,48209010600,"Census Tract 106, Hays County, Texas",3972,229,2694,250,1999,208,695,192,190,111,505,167,1278,260,1010,237,268,138
1400000US48209010701,48209010701,"Census Tract 107.01, Hays County, Texas",3445,343,848,172,523,145,325,141,37,42,288,143,2597,322,1156,300,1441,289
1400000US48209010702,48209010702,"Census Tract 107.02, Hays County, Texas",1181,95,542,119,439,105,103,70,20,23,83,65,639,122,261,96,378,134
1400000US48209010803,48209010803,"Census Tract 108.03, Hays County, Texas",1799,195,1193,146,972,174,221,134,35,29,186,127,606,202,565,197,41,29
1400000US48209010804,48209010804,"Census Tract 108.04, Hays County, Texas",3733,274,2597,261,2187,288,410,156,171,119,239,114,1136,294,864,229,272,198
1400000US48209010805,48209010805,"Census Tract 108.05, Hays County, Texas",2416,143,2058,159,1912,163,146,86,76,68,70,54,358,153,268,148,90,61
1400000US48209010806,48209010806,"Census Tract 108.06, Hays County, Texas",1398,99,1069,133,983,142,86,56,23,20,63,51,329,105,283,102,46,37
1400000US48209010807,48209010807,"Census Tract 108.07, Hays County, Texas",791,73,671,80,472,99,199,81,99,70,100,44,120,51,91,34,29,37
1400000US48209010808,48209010808,"Census Tract 108.08, Hays County, Texas",2130,173,1695,184,1431,182,264,123,79,54,185,125,435,147,319,133,116,92
1400000US48209010809,48209010809,"Census Tract 108.09, Hays County, Texas",1736,123,1389,140,1263,147,126,58,86,57,40,26,347,112,322,111,25,22
1400000US48209010901,48209010901,"Census Tract 109.01, Hays County, Texas",2823,138,2327,152,2091,160,236,100,86,57,150,88,496,141,374,130,122,89
1400000US48209010902,48209010902,"Census Tract 109.02, Hays County, Texas",4463,286,3325,294,2692,297,633,228,159,106,474,200,1138,271,772,211,366,195
1400000US48209010905,48209010905,"Census Tract 109.05, Hays County, Texas",1988,161,1574,162,1269,209,305,133,137,106,168,91,414,174,350,185,64,51
1400000US48209010906,48209010906,"Census Tract 109.06, Hays County, Texas",3941,208,3030,239,2396,282,634,197,175,95,459,176,911,225,641,204,270,159
1400000US48209010907,48209010907,"Census Tract 109.07, Hays County, Texas",2986,172,2448,190,1645,257,803,210,283,136,520,158,538,164,438,145,100,61
1400000US48209010908,48209010908,"Census Tract 109.08, Hays County, Texas",3226,209,2464,235,1735,259,729,219,391,170,338,148,762,210,471,181,291,137
1400000US48209010909,48209010909,"Census Tract 109.09, Hays County, Texas",2011,156,1474,156,1134,145,340,119,141,104,199,79,537,136,431,126,106,62
1400000US48209010910,48209010910,"Census Tract 109.10, Hays County, Texas",2399,179,1951,207,1594,225,357,137,79,69,278,128,448,164,282,140,166,100
1400000US48453000101,48453000101,"Census Tract 1.01, Travis County, Texas",1945,111,860,105,662,105,198,80,70,52,128,60,1085,141,834,124,251,95
1400000US48453000102,48453000102,"Census Tract 1.02, Travis County, Texas",1102,78,679,85,544,83,135,78,83,73,52,38,423,81,375,78,48,32
1400000US48453000203,48453000203,"Census Tract 2.03, Travis County, Texas",669,61,172,49,128,41,44,29,3,5,41,30,497,50,360,59,137,49
1400000US48453000204,48453000204,"Census Tract 2.04, Travis County, Texas",1612,57,610,86,459,77,151,59,59,42,92,51,1002,105,787,101,215,76
1400000US48453000205,48453000205,"Census Tract 2.05, Travis County, Texas",2137,109,723,179,518,140,205,125,130,115,75,52,1414,207,976,179,438,153
1400000US48453000206,48453000206,"Census Tract 2.06, Travis County, Texas",1680,93,657,112,547,88,110,85,0,13,110,85,1023,110,759,131,264,79
1400000US48453000302,48453000302,"Census Tract 3.02, Travis County, Texas",2805,175,681,136,567,122,114,95,66,85,48,40,2124,190,1479,227,645,151
1400000US48453000304,48453000304,"Census Tract 3.04, Travis County, Texas",1439,92,504,107,337,90,167,94,27,29,140,93,935,117,632,115,303,90
1400000US48453000305,48453000305,"Census Tract 3.05, Travis County, Texas",1773,81,380,89,320,81,60,44,34,32,26,29,1393,113,866,147,527,110
1400000US48453000306,48453000306,"Census Tract 3.06, Travis County, Texas",1591,103,719,118,540,100,179,92,24,24,155,85,872,134,511,124,361,96
1400000US48453000307,48453000307,"Census Tract 3.07, Travis County, Texas",812,55,386,60,318,54,68,34,18,21,50,28,426,66,222,61,204,57
1400000US48453000401,48453000401,"Census Tract 4.01, Travis County, Texas",1514,90,403,75,307,65,96,58,25,23,71,48,1111,102,552,92,559,109
1400000US48453000402,48453000402,"Census Tract 4.02, Travis County, Texas",1451,88,515,116,269,85,246,103,106,74,140,77,936,127,588,119,348,110
1400000US48453000500,48453000500,"Census Tract 5, Travis County, Texas",2280,139,559,149,398,121,161,82,31,32,130,86,1721,180,1002,174,719,170
1400000US48453000601,48453000601,"Census Tract 6.01, Travis County, Texas",368,37,67,31,28,20,39,25,0,18,39,25,301,42,134,33,167,40
1400000US48453000603,48453000603,"Census Tract 6.03, Travis County, Texas",2427,177,181,95,31,30,150,92,75,61,75,62,2246,186,857,159,1389,178
1400000US48453000604,48453000604,"Census Tract 6.04, Travis County, Texas",1712,169,117,64,56,58,61,41,37,30,24,26,1595,181,781,206,814,167
1400000US48453000700,48453000700,"Census Tract 7, Travis County, Texas",634,75,139,41,109,33,30,24,6,9,24,21,495,78,361,78,134,47
1400000US48453000801,48453000801,"Census Tract 8.01, Travis County, Texas",606,44,308,53,204,50,104,45,41,32,63,36,298,57,253,54,45,30
1400000US48453000802,48453000802,"Census Tract 8.02, Travis County, Texas",1246,80,594,100,197,71,397,104,44,39,353,96,652,102,407,108,245,95
1400000US48453000803,48453000803,"Census Tract 8.03, Travis County, Texas",992,74,421,72,304,77,117,70,29,33,88,66,571,92,321,104,250,78
1400000US48453000804,48453000804,"Census Tract 8.04, Travis County, Texas",957,58,468,68,179,52,289,60,76,44,213,55,489,87,352,83,137,48
1400000US48453000901,48453000901,"Census Tract 9.01, Travis County, Texas",886,59,332,54,164,46,168,60,32,21,136,56,554,69,340,67,214,50
1400000US48453000902,48453000902,"Census Tract 9.02, Travis County, Texas",1879,112,1012,135,534,127,478,112,102,61,376,89,867,144,598,128,269,104
1400000US48453001000,48453001000,"Census Tract 10, Travis County, Texas",1459,114,675,115,302,89,373,99,113,67,260,85,784,123,564,114,220,72
1400000US48453001100,48453001100,"Census Tract 11, Travis County, Texas",3207,278,813,226,784,220,29,36,12,20,17,29,2394,296,1893,312,501,198
1400000US48453001200,48453001200,"Census Tract 12, Travis County, Texas",3162,180,801,169,611,144,190,91,79,48,111,77,2361,205,2009,227,352,145
1400000US48453001303,48453001303,"Census Tract 13.03, Travis County, Texas",1839,154,594,120,447,97,147,78,35,50,112,59,1245,162,882,164,363,144
1400000US48453001304,48453001304,"Census Tract 13.04, Travis County, Texas",1982,100,731,127,519,103,212,87,70,52,142,70,1251,150,839,150,412,127
1400000US48453001305,48453001305,"Census Tract 13.05, Travis County, Texas",2742,128,1066,146,625,128,441,139,69,59,372,135,1676,181,1228,221,448,145
1400000US48453001307,48453001307,"Census Tract 13.07, Travis County, Texas",1838,78,686,113,382,88,304,101,109,69,195,96,1152,139,855,144,297,86
1400000US48453001308,48453001308,"Census Tract 13.08, Travis County, Texas",1371,80,495,113,268,73,227,95,54,46,173,86,876,129,632,113,244,92
1400000US48453001401,48453001401,"Census Tract 14.01, Travis County, Texas",1707,129,440,80,382,79,58,34,25,24,33,23,1267,135,806,145,461,109
1400000US48453001402,48453001402,"Census Tract 14.02, Travis County, Texas",1354,87,484,91,299,70,185,80,48,42,137,75,870,114,539,103,331,103
1400000US48453001403,48453001403,"Census Tract 14.03, Travis County, Texas",789,59,189,55,142,50,47,28,39,26,8,10,600,80,354,73,246,78
1400000US48453001501,48453001501,"Census Tract 15.01, Travis County, Texas",2333,110,1341,139,1149,137,192,90,39,39,153,80,992,155,820,160,172,98
1400000US48453001503,48453001503,"Census Tract 15.03, Travis County, Texas",1753,91,828,110,544,110,284,86,81,49,203,81,925,129,605,128,320,104
1400000US48453001504,48453001504,"Census Tract 15.04, Travis County, Texas",2268,141,1199,169,930,175,269,120,88,75,181,100,1069,212,729,162,340,130
1400000US48453001505,48453001505,"Census Tract 15.05, Travis County, Texas",2248,44,911,154,701,157,210,100,20,29,190,98,1337,155,1087,165,250,107
1400000US48453001602,48453001602,"Census Tract 16.02, Travis County, Texas",1715,106,664,116,537,104,127,77,50,54,77,57,1051,144,760,137,291,95
1400000US48453001603,48453001603,"Census Tract 16.03, Travis County, Texas",1735,108,1305,110,1171,107,134,67,33,38,101,59,430,100,313,94,117,55
1400000US48453001604,48453001604,"Census Tract 16.04, Travis County, Texas",1762,89,1071,112,974,124,97,45,9,14,88,43,691,125,529,118,162,76
1400000US48453001605,48453001605,"Census Tract 16.05, Travis County, Texas",1881,114,795,104,718,107,77,47,8,12,69,46,1086,154,787,166,299,113
1400000US48453001606,48453001606,"Census Tract 16.06, Travis County, Texas",0,13,0,13,0,13,0,13,0,13,0,13,0,13,0,13,0,13
1400000US48453001705,48453001705,"Census Tract 17.05, Travis County, Texas",2092,112,1156,140,1039,155,117,71,28,32,89,65,936,171,812,164,124,64
1400000US48453001706,48453001706,"Census Tract 17.06, Travis County, Texas",1818,85,965,122,734,102,231,91,105,74,126,59,853,115,765,116,88,39
1400000US48453001707,48453001707,"Census Tract 17.07, Travis County, Texas",2332,125,976,166,806,155,170,90,29,33,141,83,1356,189,1016,171,340,143
1400000US48453001712,48453001712,"Census Tract 17.12, Travis County, Texas",2009,76,1074,129,653,99,421,116,145,90,276,83,935,129,794,112,141,79
1400000US48453001713,48453001713,"Census Tract 17.13, Travis County, Texas",1930,85,1033,125,625,104,408,114,97,73,311,107,897,138,579,121,318,103
1400000US48453001714,48453001714,"Census Tract 17.14, Travis County, Texas",5414,295,3420,329,2760,304,660,253,192,150,468,224,1994,395,1481,354,513,260
1400000US48453001716,48453001716,"Census Tract 17.16, Travis County, Texas",2643,177,1346,155,1181,154,165,125,56,91,109,92,1297,203,1170,210,127,62
1400000US48453001718,48453001718,"Census Tract 17.18, Travis County, Texas",2853,139,1352,246,1086,212,266,159,23,32,243,160,1501,228,1080,202,421,136
1400000US48453001719,48453001719,"Census Tract 17.19, Travis County, Texas",1683,50,1257,103,1136,104,121,44,8,13,113,43,426,101,299,83,127,63
1400000US48453001722,48453001722,"Census Tract 17.22, Travis County, Texas",2286,154,551,150,505,146,46,41,13,22,33,35,1735,215,1434,205,301,132
1400000US48453001728,48453001728,"Census Tract 17.28, Travis County, Texas",2947,156,1870,208,1495,190,375,140,80,60,295,131,1077,253,741,198,336,141
1400000US48453001729,48453001729,"Census Tract 17.29, Travis County, Texas",2149,115,1159,188,696,187,463,172,139,121,324,142,990,197,719,167,271,159
1400000US48453001733,48453001733,"Census Tract 17.33, Travis County, Texas",1333,40,1089,89,918,109,171,91,90,75,81,47,244,80,208,77,36,24
1400000US48453001737,48453001737,"Census Tract 17.37, Travis County, Texas",4142,86,2948,225,2456,193,492,166,83,58,409,167,1194,223,1026,205,168,103
1400000US48453001738,48453001738,"Census Tract 17.38, Travis County, Texas",2724,111,1824,174,1511,189,313,142,123,95,190,97,900,187,710,163,190,99
1400000US48453001740,48453001740,"Census Tract 17.40, Travis County, Texas",1953,58,1215,128,902,128,313,107,54,35,259,110,738,117,493,116,245,109
1400000US48453001741,48453001741,"Census Tract 17.41, Travis County, Texas",1349,117,969,109,831,112,138,66,38,33,100,59,380,103,319,97,61,39
1400000US48453001742,48453001742,"Census Tract 17.42, Travis County, Texas",2263,146,1681,172,1463,201,218,114,67,68,151,97,582,175,511,167,71,48
1400000US48453001745,48453001745,"Census Tract 17.45, Travis County, Texas",1038,72,608,76,476,70,132,64,58,52,74,37,430,99,359,93,71,57
1400000US48453001746,48453001746,"Census Tract 17.46, Travis County, Texas",1857,50,864,117,578,105,286,85,60,35,226,83,993,122,749,126,244,94
1400000US48453001747,48453001747,"Census Tract 17.47, Travis County, Texas",2145,77,1313,142,876,125,437,103,214,75,223,86,832,143,456,128,376,95
1400000US48453001748,48453001748,"Census Tract 17.48, Travis County, Texas",2499,85,1694,180,1188,182,506,156,75,55,431,150,805,165,458,125,347,133
1400000US48453001749,48453001749,"Census Tract 17.49, Travis County, Texas",2819,168,1334,180,1014,173,320,131,94,68,226,107,1485,212,1030,204,455,146
1400000US48453001750,48453001750,"Census Tract 17.50, Travis County, Texas",2525,138,1196,197,887,183,309,133,70,57,239,122,1329,215,1067,197,262,122
1400000US48453001751,48453001751,"Census Tract 17.51, Travis County, Texas",929,45,587,55,501,61,86,36,7,10,79,35,342,64,323,64,19,18
1400000US48453001752,48453001752,"Census Tract 17.52, Travis County, Texas",2129,144,566,161,389,134,177,102,31,49,146,94,1563,195,1111,211,452,143
1400000US48453001753,48453001753,"Census Tract 17.53, Travis County, Texas",701,62,196,47,126,42,70,36,39,25,31,27,505,63,432,65,73,30
1400000US48453001754,48453001754,"Census Tract 17.54, Travis County, Texas",2314,117,965,141,876,133,89,70,14,23,75,64,1349,186,1000,224,349,149
1400000US48453001755,48453001755,"Census Tract 17.55, Travis County, Texas",2050,56,1816,88,1692,111,124,81,61,58,63,57,234,83,209,83,25,23
1400000US48453001756,48453001756,"Census Tract 17.56, Travis County, Texas",1783,61,1269,121,1005,123,264,96,51,36,213,87,514,116,421,95,93,66
1400000US48453001757,48453001757,"Census Tract 17.57, Travis County, Texas",1049,57,562,76,520,79,42,35,8,14,34,33,487,82,396,86,91,58
1400000US48453001760,48453001760,"Census Tract 17.60, Travis County, Texas",5284,274,4194,336,3933,311,261,133,114,98,147,105,1090,279,788,247,302,141
1400000US48453001761,48453001761,"Census Tract 17.61, Travis County, Texas",3017,171,1767,166,1570,149,197,122,62,76,135,97,1250,205,1027,197,223,130
1400000US48453001764,48453001764,"Census Tract 17.64, Travis County, Texas",2572,180,2031,176,1821,158,210,101,41,37,169,94,541,168,422,151,119,54
1400000US48453001765,48453001765,"Census Tract 17.65, Travis County, Texas",4887,264,3858,265,3425,314,433,207,207,148,226,130,1029,266,862,238,167,148
1400000US48453001766,48453001766,"Census Tract 17.66, Travis County, Texas",2585,226,1883,212,1640,219,243,128,29,38,214,127,702,208,555,184,147,105
1400000US48453001768,48453001768,"Census Tract 17.68, Travis County, Texas",2532,232,1747,199,1459,141,288,151,85,95,203,119,785,206,545,186,240,110
1400000US48453001769,48453001769,"Census Tract 17.69, Travis County, Texas",2075,119,1486,173,1287,176,199,127,98,104,101,76,589,162,473,144,116,81
1400000US48453001770,48453001770,"Census Tract 17.70, Travis County, Texas",4024,113,3559,194,3137,245,422,215,144,177,278,109,465,182,385,163,80,85
1400000US48453001771,48453001771,"Census Tract 17.71, Travis County, Texas",1712,149,1228,160,1192,156,36,33,16,20,20,24,484,152,417,118,67,73
1400000US48453001772,48453001772,"Census Tract 17.72, Travis County, Texas",1208,144,942,122,567,125,375,145,114,78,261,129,266,125,180,93,86,65
1400000US48453001773,48453001773,"Census Tract 17.73, Travis County, Texas",2628,149,2108,158,2001,168,107,61,5,9,102,62,520,159,470,155,50,35
1400000US48453001774,48453001774,"Census Tract 17.74, Travis County, Texas",2768,174,2286,184,1970,182,316,139,122,101,194,99,482,167,318,111,164,109
1400000US48453001775,48453001775,"Census Tract 17.75, Travis County, Texas",1831,85,1551,136,1360,150,191,155,17,20,174,156,280,140,249,143,31,25
1400000US48453001776,48453001776,"Census Tract 17.76, Travis County, Texas",1157,60,732,108,445,90,287,94,96,55,191,72,425,97,224,71,201,77
1400000US48453001777,48453001777,"Census Tract 17.77, Travis County, Texas",2302,143,1520,189,1223,201,297,130,127,96,170,99,782,166,621,166,161,85
1400000US48453001778,48453001778,"Census Tract 17.78, Travis County, Texas",1758,171,1186,129,965,115,221,90,67,53,154,69,572,164,520,165,52,32
1400000US48453001779,48453001779,"Census Tract 17.79, Travis County, Texas",2521,249,1912,159,1721,199,191,136,22,43,169,135,609,226,509,220,100,87
1400000US48453001780,48453001780,"Census Tract 17.80, Travis County, Texas",1775,147,1245,131,1013,130,232,87,125,84,107,40,530,109,448,103,82,36
1400000US48453001781,48453001781,"Census Tract 17.81, Travis County, Texas",910,42,773,52,693,54,80,34,23,18,57,26,137,43,115,41,22,19
1400000US48453001782,48453001782,"Census Tract 17.82, Travis County, Texas",1718,72,1487,88,1345,103,142,78,34,48,108,70,231,74,224,75,7,10
1400000US48453001783,48453001783,"Census Tract 17.83, Travis County, Texas",1971,118,1415,128,1256,115,159,68,37,33,122,56,556,136,486,134,70,51
1400000US48453001784,48453001784,"Census Tract 17.84, Travis County, Texas",1880,88,1655,103,1499,119,156,81,50,48,106,65,225,79,184,62,41,48
1400000US48453001785,48453001785,"Census Tract 17.85, Travis County, Texas",2317,107,986,205,649,156,337,154,91,78,246,133,1331,222,1022,206,309,152
1400000US48453001786,48453001786,"Census Tract 17.86, Travis County, Texas",2541,147,1187,179,914,180,273,120,42,52,231,110,1354,185,1017,169,337,136
1400000US48453001804,48453001804,"Census Tract 18.04, Travis County, Texas",2651,111,1513,180,831,190,682,193,180,115,502,148,1138,173,818,181,320,106
1400000US48453001805,48453001805,"Census Tract 18.05, Travis County, Texas",1786,83,982,122,486,109,496,131,172,90,324,107,804,112,600,115,204,89
1400000US48453001806,48453001806,"Census Tract 18.06, Travis County, Texas",2233,154,1296,164,724,170,572,141,31,45,541,141,937,176,604,165,333,128
1400000US48453001811,48453001811,"Census Tract 18.11, Travis County, Texas",1244,117,758,140,347,122,411,100,88,68,323,100,486,121,416,121,70,53
1400000US48453001812,48453001812,"Census Tract 18.12, Travis County, Texas",2930,122,1547,201,918,203,629,189,256,125,373,147,1383,196,1094,206,289,142
1400000US48453001813,48453001813,"Census Tract 18.13, Travis County, Texas",2377,137,1562,144,1006,134,556,137,182,82,374,115,815,151,564,149,251,89
1400000US48453001817,48453001817,"Census Tract 18.17, Travis County, Texas",2121,113,803,154,563,134,240,111,37,45,203,98,1318,186,990,175,328,141
1400000US48453001818,48453001818,"Census Tract 18.18, Travis County, Texas",2088,148,1271,203,914,202,357,138,124,92,233,127,817,207,607,177,210,104
1400000US48453001819,48453001819,"Census Tract 18.19, Travis County, Texas",1367,73,964,104,480,103,484,114,142,63,342,100,403,101,259,87,144,54
1400000US48453001820,48453001820,"Census Tract 18.20, Travis County, Texas",2714,150,1270,197,556,146,714,180,266,118,448,148,1444,212,1021,201,423,154
1400000US48453001821,48453001821,"Census Tract 18.21, Travis County, Texas",1978,66,1251,123,769,145,482,127,154,82,328,100,727,131,568,118,159,75
1400000US48453001822,48453001822,"Census Tract 18.22, Travis County, Texas",2399,105,1398,178,847,161,551,162,258,127,293,126,1001,197,679,176,322,136
1400000US48453001823,48453001823,"Census Tract 18.23, Travis County, Texas",2229,91,1540,171,710,144,830,150,240,110,590,147,689,140,433,123,256,110
1400000US48453001824,48453001824,"Census Tract 18.24, Travis County, Texas",747,47,412,59,286,43,126,50,30,19,96,46,335,62,260,65,75,29
1400000US48453001826,48453001826,"Census Tract 18.26, Travis County, Texas",1068,87,470,84,329,72,141,61,12,15,129,58,598,103,471,96,127,54
1400000US48453001828,48453001828,"Census Tract 18.28, Travis County, Texas",1708,65,1210,127,1026,114,184,69,114,61,70,39,498,121,335,96,163,82
1400000US48453001829,48453001829,"Census Tract 18.29, Travis County, Texas",1458,73,461,89,304,76,157,86,38,30,119,77,997,92,808,111,189,66
1400000US48453001832,48453001832,"Census Tract 18.32, Travis County, Texas",1268,30,723,118,360,99,363,122,57,60,306,114,545,113,431,103,114,64
1400000US48453001833,48453001833,"Census Tract 18.33, Travis County, Texas",2546,134,1591,178,865,166,726,193,215,144,511,148,955,174,588,168,367,137
1400000US48453001834,48453001834,"Census Tract 18.34, Travis County, Texas",3831,175,2072,214,1551,227,521,189,137,104,384,158,1759,236,1303,255,456,167
1400000US48453001835,48453001835,"Census Tract 18.35, Travis County, Texas",2025,118,1158,137,719,132,439,118,87,68,352,104,867,133,687,121,180,67
1400000US48453001839,48453001839,"Census Tract 18.39, Travis County, Texas",3154,162,1531,178,1187,189,344,144,127,66,217,124,1623,218,1272,197,351,150
1400000US48453001840,48453001840,"Census Tract 18.40, Travis County, Texas",3398,133,2292,250,1546,246,746,221,320,134,426,169,1106,199,825,183,281,123
1400000US48453001841,48453001841,"Census Tract 18.41, Travis County, Texas",5432,233,4480,278,3375,334,1105,350,219,179,886,286,952,238,627,195,325,178
1400000US48453001842,48453001842,"Census Tract 18.42, Travis County, Texas",3038,103,2077,239,1286,275,791,244,278,161,513,177,961,230,575,223,386,155
1400000US48453001843,48453001843,"Census Tract 18.43, Travis County, Texas",978,34,626,72,509,55,117,63,59,52,58,37,352,70,217,56,135,56
1400000US48453001844,48453001844,"Census Tract 18.44, Travis County, Texas",1631,79,708,146,431,109,277,109,63,37,214,105,923,149,646,157,277,94
1400000US48453001845,48453001845,"Census Tract 18.45, Travis County, Texas",1366,91,655,117,485,98,170,94,33,41,137,79,711,109,496,95,215,86
1400000US48453001846,48453001846,"Census Tract 18.46, Travis County, Texas",1045,45,661,65,588,61,73,37,8,11,65,33,384,77,315,73,69,30
1400000US48453001847,48453001847,"Census Tract 18.47, Travis County, Texas",2920,138,1626,216,1163,205,463,148,85,82,378,116,1294,216,1008,228,286,111
1400000US48453001848,48453001848,"Census Tract 18.48, Travis County, Texas",1944,124,1265,139,899,146,366,95,148,76,218,86,679,134,516,137,163,81
1400000US48453001849,48453001849,"Census Tract 18.49, Travis County, Texas",3333,251,1116,244,762,240,354,145,80,72,274,114,2217,297,1734,282,483,183
1400000US48453001850,48453001850,"Census Tract 18.50, Travis County, Texas",1949,161,594,166,416,142,178,105,38,37,140,103,1355,197,886,168,469,146
1400000US48453001851,48453001851,"Census Tract 18.51, Travis County, Texas",4105,186,2181,291,1695,250,486,182,94,74,392,161,1924,309,1408,293,516,207
1400000US48453001853,48453001853,"Census Tract 18.53, Travis County, Texas",1325,40,813,89,689,90,124,58,47,37,77,45,512,83,412,80,100,51
1400000US48453001854,48453001854,"Census Tract 18.54, Travis County, Texas",1518,207,1092,145,884,131,208,109,53,44,155,96,426,161,372,156,54,35
1400000US48453001855,48453001855,"Census Tract 18.55, Travis County, Texas",5149,249,3918,325,2868,442,1050,338,165,140,885,298,1231,376,975,387,256,141
1400000US48453001856,48453001856,"Census Tract 18.56, Travis County, Texas",2199,123,1740,165,1453,191,287,124,122,92,165,84,459,151,359,133,100,56
1400000US48453001857,48453001857,"Census Tract 18.57, Travis County, Texas",2403,165,1507,175,1150,180,357,161,95,65,262,155,896,163,743,170,153,103
1400000US48453001858,48453001858,"Census Tract 18.58, Travis County, Texas",6132,281,5084,338,4446,381,638,264,239,153,399,184,1048,302,786,290,262,168
1400000US48453001859,48453001859,"Census Tract 18.59, Travis County, Texas",616,87,510,90,443,92,67,47,25,33,42,31,106,69,100,68,6,9
1400000US48453001860,48453001860,"Census Tract 18.60, Travis County, Texas",1741,114,987,122,691,132,296,104,85,58,211,92,754,157,652,139,102,85
1400000US48453001861,48453001861,"Census Tract 18.61, Travis County, Texas",1632,123,1313,142,1025,170,288,121,28,27,260,119,319,149,288,147,31,28
1400000US48453001862,48453001862,"Census Tract 18.62, Travis County, Texas",2133,152,1684,152,1221,176,463,161,41,39,422,152,449,147,338,127,111,81
1400000US48453001863,48453001863,"Census Tract 18.63, Travis County, Texas",1843,109,812,142,409,114,403,122,94,62,309,104,1031,160,827,142,204,91
1400000US48453001864,48453001864,"Census Tract 18.64, Travis County, Texas",1451,91,590,96,311,90,279,73,99,46,180,65,861,109,708,104,153,63
1400000US48453001901,48453001901,"Census Tract 19.01, Travis County, Texas",3050,98,1146,153,1000,147,146,75,23,26,123,72,1904,178,1473,192,431,155
1400000US48453001908,48453001908,"Census Tract 19.08, Travis County, Texas",3697,184,2201,252,1934,256,267,119,120,90,147,80,1496,244,1245,222,251,123
1400000US48453001910,48453001910,"Census Tract 19.10, Travis County, Texas",1771,78,1186,102,1022,119,164,65,34,27,130,59,585,121,506,111,79,57
1400000US48453001911,48453001911,"Census Tract 19.11, Travis County, Texas",1780,87,564,112,456,107,108,53,7,12,101,53,1216,121,910,126,306,96
1400000US48453001912,48453001912,"Census Tract 19.12, Travis County, Texas",1438,106,967,84,860,86,107,43,45,32,62,39,471,119,443,119,28,22
1400000US48453001913,48453001913,"Census Tract 19.13, Travis County, Texas",1710,110,1396,116,1321,120,75,50,21,25,54,43,314,104,284,107,30,36
1400000US48453001914,48453001914,"Census Tract 19.14, Travis County, Texas",2704,140,1584,174,1384,166,200,102,95,79,105,66,1120,200,970,205,150,93
1400000US48453001915,48453001915,"Census Tract 19.15, Travis County, Texas",803,47,402,72,341,77,61,49,14,17,47,45,401,83,341,84,60,35
1400000US48453001916,48453001916,"Census Tract 19.16, Travis County, Texas",933,64,918,63,864,65,54,28,22,20,32,19,15,15,15,15,0,13
1400000US48453001917,48453001917,"Census Tract 19.17, Travis County, Texas",1707,48,1409,104,1295,108,114,71,0,13,114,71,298,89,221,72,77,46
1400000US48453001918,48453001918,"Census Tract 19.18, Travis County, Texas",996,94,737,79,650,106,87,65,52,66,35,22,259,105,232,106,27,22
1400000US48453001919,48453001919,"Census Tract 19.19, Travis County, Texas",1421,55,1130,74,999,88,131,55,19,13,112,55,291,70,258,68,33,29
1400000US48453002002,48453002002,"Census Tract 20.02, Travis County, Texas",1423,53,612,108,439,86,173,72,50,40,123,64,811,95,573,116,238,98
1400000US48453002003,48453002003,"Census Tract 20.03, Travis County, Texas",1396,93,877,117,608,107,269,79,57,46,212,76,519,102,348,89,171,80
1400000US48453002004,48453002004,"Census Tract 20.04, Travis County, Texas",1464,71,314,66,262,59,52,33,20,24,32,27,1150,94,856,126,294,96
1400000US48453002005,48453002005,"Census Tract 20.05, Travis County, Texas",2238,187,714,210,358,129,356,193,133,119,223,146,1524,195,1008,201,516,151
1400000US48453002104,48453002104,"Census Tract 21.04, Travis County, Texas",1220,68,661,115,563,119,98,62,37,30,61,52,559,109,339,104,220,81
1400000US48453002105,48453002105,"Census Tract 21.05, Travis County, Texas",2210,93,987,150,550,143,437,127,96,70,341,100,1223,148,849,145,374,95
1400000US48453002106,48453002106,"Census Tract 21.06, Travis County, Texas",1248,89,729,135,433,125,296,124,48,47,248,109,519,111,448,103,71,44
1400000US48453002107,48453002107,"Census Tract 21.07, Travis County, Texas",1410,109,774,125,392,92,382,113,52,47,330,103,636,125,430,111,206,68
1400000US48453002108,48453002108,"Census Tract 21.08, Travis County, Texas",1345,92,750,118,314,90,436,118,45,36,391,121,595,97,466,97,129,64
1400000US48453002109,48453002109,"Census Tract 21.09, Travis County, Texas",1597,104,862,121,375,102,487,102,132,84,355,104,735,124,583,132,152,60
1400000US48453002110,48453002110,"Census Tract 21.10, Travis County, Texas",1427,92,845,116,432,94,413,111,104,63,309,106,582,122,370,110,212,85
1400000US48453002111,48453002111,"Census Tract 21.11, Travis County, Texas",1741,97,1114,112,606,105,508,106,91,83,417,106,627,129,421,131,206,75
1400000US48453002112,48453002112,"Census Tract 21.12, Travis County, Texas",1768,108,1200,129,677,127,523,112,112,56,411,107,568,109,454,92,114,58
1400000US48453002113,48453002113,"Census Tract 21.13, Travis County, Texas",1341,70,825,98,590,93,235,90,58,51,177,68,516,101,352,88,164,60
1400000US48453002201,48453002201,"Census Tract 22.01, Travis County, Texas",570,45,466,52,229,53,237,61,64,33,173,52,104,36,94,34,10,12
1400000US48453002202,48453002202,"Census Tract 22.02, Travis County, Texas",2321,182,1813,217,965,200,848,190,79,78,769,190,508,166,426,137,82,81
1400000US48453002207,48453002207,"Census Tract 22.07, Travis County, Texas",2758,135,2025,214,1141,271,884,297,348,243,536,193,733,180,461,184,272,161
1400000US48453002208,48453002208,"Census Tract 22.08, Travis County, Texas",1866,128,1563,150,949,135,614,137,142,78,472,131,303,120,220,100,83,68
1400000US48453002209,48453002209,"Census Tract 22.09, Travis County, Texas",2697,251,2058,241,1423,235,635,161,205,126,430,117,639,220,512,204,127,121
1400000US48453002210,48453002210,"Census Tract 22.10, Travis County, Texas",1015,149,853,125,584,140,269,117,135,75,134,80,162,75,156,74,6,8
1400000US48453002211,48453002211,"Census Tract 22.11, Travis County, Texas",744,85,510,76,334,75,176,68,69,42,107,50,234,69,144,62,90,57
1400000US48453002212,48453002212,"Census Tract 22.12, Travis County, Texas",196,60,169,65,130,71,39,25,8,13,31,23,27,22,16,13,11,17
1400000US48453002304,48453002304,"Census Tract 23.04, Travis County, Texas",1653,117,470,118,271,108,199,90,126,74,73,56,1183,131,834,135,349,103
1400000US48453002307,48453002307,"Census Tract 23.07, Travis County, Texas",2617,158,858,203,469,157,389,171,211,129,178,99,1759,234,1138,231,621,171
1400000US48453002308,48453002308,"Census Tract 23.08, Travis County, Texas",2449,165,713,159,403,135,310,128,7,12,303,128,1736,207,1018,210,718,178
1400000US48453002310,48453002310,"Census Tract 23.10, Travis County, Texas",945,64,724,79,354,83,370,80,124,72,246,56,221,64,166,61,55,39
1400000US48453002312,48453002312,"Census Tract 23.12, Travis County, Texas",2172,129,1555,138,1001,184,554,189,206,113,348,140,617,147,414,129,203,79
1400000US48453002313,48453002313,"Census Tract 23.13, Travis County, Texas",2106,80,832,131,372,132,460,127,123,76,337,101,1274,140,1021,155,253,85
1400000US48453002314,48453002314,"Census Tract 23.14, Travis County, Texas",2077,186,581,167,218,96,363,136,45,50,318,139,1496,205,953,199,543,145
1400000US48453002315,48453002315,"Census Tract 23.15, Travis County, Texas",1353,98,458,119,220,85,238,101,116,69,122,68,895,108,571,103,324,88
1400000US48453002316,48453002316,"Census Tract 23.16, Travis County, Texas",2206,111,915,145,319,113,596,153,199,78,397,132,1291,153,764,134,527,125
1400000US48453002317,48453002317,"Census Tract 23.17, Travis County, Texas",1799,151,314,106,95,52,219,116,63,68,156,80,1485,166,501,168,984,177
1400000US48453002318,48453002318,"Census Tract 23.18, Travis County, Texas",3405,242,1100,315,410,209,690,256,176,140,514,271,2305,343,953,294,1352,316
1400000US48453002319,48453002319,"Census Tract 23.19, Travis County, Texas",0,13,0,13,0,13,0,13,0,13,0,13,0,13,0,13,0,13
1400000US48453002402,48453002402,"Census Tract 24.02, Travis County, Texas",3304,217,1446,196,824,193,622,212,386,198,236,108,1858,254,1176,244,682,170
1400000US48453002403,48453002403,"Census Tract 24.03, Travis County, Texas",983,68,526,82,372,91,154,70,33,37,121,56,457,91,256,85,201,76
1400000US48453002407,48453002407,"Census Tract 24.07, Travis County, Texas",2317,100,1574,154,1270,174,304,134,36,51,268,124,743,139,558,124,185,89
1400000US48453002409,48453002409,"Census Tract 24.09, Travis County, Texas",1287,72,722,108,442,95,280,108,54,53,226,98,565,123,353,106,212,82
1400000US48453002410,48453002410,"Census Tract 24.10, Travis County, Texas",1647,82,799,141,410,93,389,130,102,70,287,105,848,127,537,99,311,101
1400000US48453002411,48453002411,"Census Tract 24.11, Travis County, Texas",1734,76,1399,133,794,125,605,124,180,105,425,122,335,114,229,83,106,81
1400000US48453002412,48453002412,"Census Tract 24.12, Travis County, Texas",1433,51,1190,76,737,112,453,109,112,63,341,90,243,66,128,57,115,53
1400000US48453002413,48453002413,"Census Tract 24.13, Travis County, Texas",1246,73,992,94,549,110,443,112,64,64,379,107,254,84,137,67,117,70
1400000US48453002419,48453002419,"Census Tract 24.19, Travis County, Texas",1841,90,877,124,424,107,453,126,114,73,339,107,964,119,668,120,296,89
1400000US48453002421,48453002421,"Census Tract 24.21, Travis County, Texas",3742,115,1961,198,1308,184,653,206,80,93,573,179,1781,208,1028,237,753,210
1400000US48453002422,48453002422,"Census Tract 24.22, Travis County, Texas",2448,84,1101,192,766,193,335,152,81,67,254,133,1347,199,1012,179,335,164
1400000US48453002423,48453002423,"Census Tract 24.23, Travis County, Texas",2155,97,1281,186,682,174,599,181,328,158,271,148,874,171,638,156,236,93
1400000US48453002424,48453002424,"Census Tract 24.24, Travis County, Texas",1410,77,793,89,499,106,294,90,92,56,202,82,617,103,367,88,250,83
1400000US48453002425,48453002425,"Census Tract 24.25, Travis County, Texas",1204,108,782,142,602,111,180,100,56,53,124,86,422,108,192,91,230,77
1400000US48453002426,48453002426,"Census Tract 24.26, Travis County, Texas",2595,214,1851,228,1231,255,620,269,120,154,500,225,744,219,463,191,281,155
1400000US48453002427,48453002427,"Census Tract 24.27, Travis County, Texas",2326,141,1631,196,889,202,742,233,221,135,521,202,695,185,519,172,176,91
1400000US48453002428,48453002428,"Census Tract 24.28, Travis County, Texas",2777,101,1715,176,1183,204,532,179,167,98,365,163,1062,178,832,199,230,118
1400000US48453002429,48453002429,"Census Tract 24.29, Travis County, Texas",407,62,166,58,110,47,56,44,22,34,34,25,241,64,195,59,46,32
1400000US48453002430,48453002430,"Census Tract 24.30, Travis County, Texas",887,108,700,95,501,113,199,81,65,49,134,63,187,80,146,72,41,32
1400000US48453002431,48453002431,"Census Tract 24.31, Travis County, Texas",2227,136,1582,167,1016,206,566,177,183,121,383,140,645,187,349,164,296,137
1400000US48453002432,48453002432,"Census Tract 24.32, Travis County, Texas",646,63,458,90,314,70,144,62,72,59,72,30,188,74,131,65,57,47
1400000US48453002433,48453002433,"Census Tract 24.33, Travis County, Texas",1967,149,1576,171,1129,164,447,139,85,61,362,123,391,176,358,165,33,30
1400000US48453002434,48453002434,"Census Tract 24.34, Travis County, Texas",484,42,399,41,323,52,76,33,22,15,54,31,85,40,64,48,21,22
1400000US48453002435,48453002435,"Census Tract 24.35, Travis County, Texas",2303,170,1954,188,1250,285,704,241,206,136,498,210,349,140,234,121,115,86
1400000US48453002436,48453002436,"Census Tract 24.36, Travis County, Texas",661,93,574,92,411,82,163,67,103,48,60,40,87,39,75,37,12,11
1400000US48453002500,48453002500,"Census Tract 25, Travis County, Texas",2806,141,1226,214,966,200,260,130,94,72,166,105,1580,231,1132,198,448,158
1400000US48453980000,48453980000,"Census Tract 9800, Travis County, Texas",0,13,0,13,0,13,0,13,0,13,0,13,0,13,0,13,0,13
1400000US48491020105,48491020105,"Census Tract 201.05, Williamson County, Texas",2650,145,1891,152,1873,152,18,20,0,18,18,20,759,158,562,141,197,104
1400000US48491020106,48491020106,"Census Tract 201.06, Williamson County, Texas",1510,90,1124,136,1054,138,70,40,27,30,43,36,386,135,376,135,10,18
1400000US48491020107,48491020107,"Census Tract 201.07, Williamson County, Texas",3111,160,1987,156,1955,158,32,36,0,18,32,36,1124,200,1090,194,34,38
1400000US48491020108,48491020108,"Census Tract 201.08, Williamson County, Texas",1267,42,892,99,832,100,60,38,15,19,45,34,375,92,348,86,27,37
1400000US48491020109,48491020109,"Census Tract 201.09, Williamson County, Texas",1079,67,995,76,893,84,102,64,8,12,94,62,84,46,53,39,31,25
1400000US48491020110,48491020110,"Census Tract 201.10, Williamson County, Texas",1528,96,1184,107,1067,114,117,62,54,40,63,52,344,95,295,95,49,40
1400000US48491020111,48491020111,"Census Tract 201.11, Williamson County, Texas",1315,58,993,97,884,98,109,50,36,34,73,39,322,88,293,82,29,27
1400000US48491020112,48491020112,"Census Tract 201.12, Williamson County, Texas",1086,79,984,77,949,76,35,27,14,15,21,20,102,57,102,57,0,13
1400000US48491020113,48491020113,"Census Tract 201.13, Williamson County, Texas",1026,80,569,120,377,92,192,91,91,73,101,59,457,98,352,96,105,66
1400000US48491020114,48491020114,"Census Tract 201.14, Williamson County, Texas",2129,146,1282,167,842,141,440,141,69,51,371,146,847,169,678,154,169,93
1400000US48491020115,48491020115,"Census Tract 201.15, Williamson County, Texas",1392,76,1116,120,979,116,137,75,25,30,112,69,276,120,264,117,12,20
1400000US48491020201,48491020201,"Census Tract 202.01, Williamson County, Texas",578,48,382,57,309,60,73,44,18,17,55,41,196,54,157,49,39,22
1400000US48491020202,48491020202,"Census Tract 202.02, Williamson County, Texas",1689,141,1431,128,1299,140,132,70,28,31,104,64,258,102,236,101,22,24
1400000US48491020203,48491020203,"Census Tract 202.03, Williamson County, Texas",1735,95,1323,100,1306,100,17,21,11,18,6,10,412,105,385,102,27,24
1400000US48491020204,48491020204,"Census Tract 202.04, Williamson County, Texas",1596,134,1282,129,1054,146,228,114,63,47,165,106,314,103,261,97,53,41
1400000US48491020301,48491020301,"Census Tract 203.01, Williamson County, Texas",2214,129,1809,147,1604,165,205,83,65,48,140,71,405,129,362,126,43,30
1400000US48491020302,48491020302,"Census Tract 203.02, Williamson County, Texas",1126,107,943,100,840,99,103,54,17,19,86,50,183,62,158,58,25,23
1400000US48491020310,48491020310,"Census Tract 203.10, Williamson County, Texas",1009,57,766,65,716,67,50,25,23,17,27,17,243,69,210,66,33,41
1400000US48491020311,48491020311,"Census Tract 203.11, Williamson County, Texas",1713,126,1014,122,840,111,174,93,15,23,159,89,699,138,513,136,186,94
1400000US48491020312,48491020312,"Census Tract 203.12, Williamson County, Texas",2523,168,1944,180,1387,194,557,178,181,146,376,159,579,198,504,190,75,60
1400000US48491020313,48491020313,"Census Tract 203.13, Williamson County, Texas",3183,237,2201,203,1723,193,478,170,249,125,229,131,982,258,658,205,324,159
1400000US48491020314,48491020314,"Census Tract 203.14, Williamson County, Texas",1706,114,1370,129,1110,175,260,129,48,49,212,128,336,105,301,103,35,29
1400000US48491020315,48491020315,"Census Tract 203.15, Williamson County, Texas",2042,138,1658,186,1396,161,262,159,32,36,230,160,384,130,352,124,32,30
1400000US48491020316,48491020316,"Census Tract 203.16, Williamson County, Texas",1430,119,924,119,663,106,261,118,82,55,179,109,506,119,426,121,80,55
1400000US48491020317,48491020317,"Census Tract 203.17, Williamson County, Texas",1284,187,945,113,748,108,197,95,60,42,137,82,339,144,304,135,35,47
1400000US48491020318,48491020318,"Census Tract 203.18, Williamson County, Texas",3209,155,1957,198,1476,192,481,164,41,32,440,165,1252,189,1058,166,194,129
1400000US48491020319,48491020319,"Census Tract 203.19, Williamson County, Texas",1737,94,1411,104,1271,103,140,67,36,42,104,54,326,99,268,84,58,45
1400000US48491020320,48491020320,"Census Tract 203.20, Williamson County, Texas",2511,83,2134,150,1670,167,464,162,118,120,346,161,377,138,356,134,21,23
1400000US48491020321,48491020321,"Census Tract 203.21, Williamson County, Texas",608,71,428,62,355,61,73,34,13,21,60,31,180,52,152,52,28,19
1400000US48491020322,48491020322,"Census Tract 203.22, Williamson County, Texas",3096,140,2324,216,1559,215,765,215,134,120,631,196,772,215,602,181,170,122
1400000US48491020323,48491020323,"Census Tract 203.23, Williamson County, Texas",992,67,739,78,525,72,214,75,37,33,177,72,253,82,196,89,57,34
1400000US48491020324,48491020324,"Census Tract 203.24, Williamson County, Texas",2266,110,1992,120,1745,149,247,116,43,49,204,101,274,103,212,96,62,43
1400000US48491020325,48491020325,"Census Tract 203.25, Williamson County, Texas",946,63,805,92,542,105,263,100,21,20,242,105,141,78,115,67,26,25
1400000US48491020326,48491020326,"Census Tract 203.26, Williamson County, Texas",1973,90,1693,103,1559,122,134,75,29,30,105,63,280,106,247,98,33,31
1400000US48491020327,48491020327,"Census Tract 203.27, Williamson County, Texas",798,60,605,63,479,72,126,56,12,12,114,57,193,66,157,62,36,30
1400000US48491020328,48491020328,"Census Tract 203.28, Williamson County, Texas",2343,142,1736,145,1547,156,189,91,0,18,189,91,607,152,492,128,115,92
1400000US48491020403,48491020403,"Census Tract 204.03, Williamson County, Texas",773,56,486,61,369,66,117,48,38,30,79,39,287,62,160,52,127,51
1400000US48491020404,48491020404,"Census Tract 204.04, Williamson County, Texas",1343,60,915,105,669,83,246,97,73,60,173,79,428,86,356,86,72,45
1400000US48491020405,48491020405,"Census Tract 204.05, Williamson County, Texas",2615,162,1578,192,1069,196,509,163,170,108,339,128,1037,188,805,180,232,125
1400000US48491020406,48491020406,"Census Tract 204.06, Williamson County, Texas",3129,255,1384,240,696,191,688,231,202,142,486,189,1745,265,1446,256,299,126
1400000US48491020408,48491020408,"Census Tract 204.08, Williamson County, Texas",1999,113,1164,169,802,141,362,165,73,76,289,149,835,170,550,140,285,123
1400000US48491020409,48491020409,"Census Tract 204.09, Williamson County, Texas",2265,169,1264,163,964,164,300,108,39,43,261,110,1001,208,825,209,176,87
1400000US48491020410,48491020410,"Census Tract 204.10, Williamson County, Texas",2666,199,1309,190,819,197,490,192,195,158,295,148,1357,235,1214,230,143,80
1400000US48491020411,48491020411,"Census Tract 204.11, Williamson County, Texas",2066,83,1411,128,1096,146,315,136,134,90,181,105,655,139,561,126,94,66
1400000US48491020503,48491020503,"Census Tract 205.03, Williamson County, Texas",1798,126,1459,133,1266,125,193,86,23,21,170,84,339,109,297,106,42,33
1400000US48491020504,48491020504,"Census Tract 205.04, Williamson County, Texas",3592,191,1918,249,1188,205,730,197,308,146,422,134,1674,266,1332,259,342,120
1400000US48491020505,48491020505,"Census Tract 205.05, Williamson County, Texas",859,52,718,58,637,62,81,48,15,24,66,47,141,55,124,52,17,18
1400000US48491020506,48491020506,"Census Tract 205.06, Williamson County, Texas",2477,160,1956,191,1638,195,318,127,73,61,245,108,521,161,368,127,153,112
1400000US48491020507,48491020507,"Census Tract 205.07, Williamson County, Texas",1052,126,739,149,706,157,33,31,0,13,33,31,313,102,239,100,74,64
1400000US48491020508,48491020508,"Census Tract 205.08, Williamson County, Texas",2122,156,1154,259,706,200,448,236,65,72,383,250,968,230,741,243,227,180
1400000US48491020509,48491020509,"Census Tract 205.09, Williamson County, Texas",2140,107,1828,157,1647,158,181,88,34,39,147,81,312,128,247,111,65,57
1400000US48491020510,48491020510,"Census Tract 205.10, Williamson County, Texas",3330,149,2767,186,2502,179,265,132,139,86,126,101,563,155,394,125,169,120
1400000US48491020602,48491020602,"Census Tract 206.02, Williamson County, Texas",1647,67,1287,105,1033,132,254,77,116,62,138,58,360,98,289,81,71,53
1400000US48491020603,48491020603,"Census Tract 206.03, Williamson County, Texas",2719,129,2473,154,2322,164,151,105,79,64,72,66,246,105,211,102,35,41
1400000US48491020604,48491020604,"Census Tract 206.04, Williamson County, Texas",1936,103,1560,128,1358,153,202,105,92,83,110,64,376,138,309,121,67,77
1400000US48491020605,48491020605,"Census Tract 206.05, Williamson County, Texas",2080,115,1778,125,1544,134,234,92,34,37,200,94,302,110,263,102,39,41
1400000US48491020701,48491020701,"Census Tract 207.01, Williamson County, Texas",842,66,503,87,326,81,177,68,31,29,146,58,339,82,282,78,57,45
1400000US48491020703,48491020703,"Census Tract 207.03, Williamson County, Texas",3726,169,2628,226,1880,223,748,232,253,145,495,193,1098,217,894,183,204,111
1400000US48491020704,48491020704,"Census Tract 207.04, Williamson County, Texas",2115,157,1192,212,965,187,227,112,111,77,116,74,923,179,695,164,228,114
1400000US48491020706,48491020706,"Census Tract 207.06, Williamson County, Texas",1096,72,1000,83,937,94,63,42,51,40,12,15,96,52,77,47,19,25
1400000US48491020707,48491020707,"Census Tract 207.07, Williamson County, Texas",1725,89,1140,141,819,113,321,115,95,95,226,92,585,140,461,128,124,65
1400000US48491020708,48491020708,"Census Tract 207.08, Williamson County, Texas",2317,128,1948,153,1715,168,233,112,42,46,191,104,369,134,197,91,172,128
1400000US48491020803,48491020803,"Census Tract 208.03, Williamson County, Texas",1368,181,906,138,721,125,185,83,54,48,131,67,462,177,325,142,137,91
1400000US48491020804,48491020804,"Census Tract 208.04, Williamson County, Texas",3217,180,2519,180,2229,168,290,132,105,77,185,114,698,178,429,160,269,104
1400000US48491020805,48491020805,"Census Tract 208.05, Williamson County, Texas",2226,131,1883,159,1488,211,395,156,56,56,339,146,343,130,280,119,63,62
1400000US48491020806,48491020806,"Census Tract 208.06, Williamson County, Texas",1103,107,1020,97,842,118,178,78,63,47,115,63,83,41,78,39,5,9
1400000US48491020807,48491020807,"Census Tract 208.07, Williamson County, Texas",2498,205,2070,190,1716,197,354,155,127,99,227,112,428,159,333,149,95,74
1400000US48491020808,48491020808,"Census Tract 208.08, Williamson County, Texas",592,62,429,68,282,80,147,59,7,10,140,56,163,70,142,67,21,17
1400000US48491020809,48491020809,"Census Tract 208.09, Williamson County, Texas",2108,142,1823,164,1520,175,303,147,66,60,237,134,285,120,275,120,10,17
1400000US48491020900,48491020900,"Census Tract 209, Williamson County, Texas",1492,96,1052,98,939,96,113,47,33,31,80,33,440,85,397,84,43,25
1400000US48491021000,48491021000,"Census Tract 210, Williamson County, Texas",903,79,611,86,421,82,190,58,44,28,146,57,292,88,226,80,66,38
1400000US48491021100,48491021100,"Census Tract 211, Williamson County, Texas",926,86,657,87,424,92,233,93,108,81,125,75,269,79,239,78,30,24
1400000US48491021201,48491021201,"Census Tract 212.01, Williamson County, Texas",1080,88,766,88,627,101,139,71,61,46,78,51,314,91,288,90,26,25
1400000US48491021202,48491021202,"Census Tract 212.02, Williamson County, Texas",1251,106,955,107,627,96,328,104,35,32,293,96,296,99,279,99,17,26
1400000US48491021203,48491021203,"Census Tract 212.03, Williamson County, Texas",1053,81,647,109,429,82,218,98,63,58,155,81,406,109,394,110,12,15
1400000US48491021300,48491021300,"Census Tract 213, Williamson County, Texas",1200,81,787,84,614,75,173,53,35,26,138,49,413,84,379,76,34,22
1400000US48491021401,48491021401,"Census Tract 214.01, Williamson County, Texas",2882,194,2187,204,1830,221,357,136,0,20,357,136,695,166,588,155,107,87
1400000US48491021402,48491021402,"Census Tract 214.02, Williamson County, Texas",1832,124,675,115,352,106,323,108,57,39,266,100,1157,158,1075,151,82,46
1400000US48491021403,48491021403,"Census Tract 214.03, Williamson County, Texas",1457,101,1009,115,733,122,276,102,122,77,154,76,448,133,342,116,106,84
1400000US48491021502,48491021502,"Census Tract 215.02, Williamson County, Texas",1572,105,1179,127,609,122,570,134,167,77,403,128,393,93,292,89,101,51
1400000US48491021503,48491021503,"Census Tract 215.03, Williamson County, Texas",1554,95,1011,136,690,155,321,122,69,79,252,125,543,116,466,110,77,44
1400000US48491021504,48491021504,"Census Tract 215.04, Williamson County, Texas",2353,182,1809,203,1621,182,188,120,18,29,170,117,544,165,420,157,124,68
1400000US48491021505,48491021505,"Census Tract 215.05, Williamson County, Texas",2388,123,1556,229,1184,197,372,207,194,191,178,92,832,254,626,222,206,119
1400000US48491021506,48491021506,"Census Tract 215.06, Williamson County, Texas",1031,45,914,59,834,71,80,42,21,24,59,32,117,55,106,53,11,13
1400000US48491021507,48491021507,"Census Tract 215.07, Williamson County, Texas",3585,267,2412,277,1781,279,631,222,118,109,513,202,1173,228,967,217,206,107
1400000US48491021508,48491021508,"Census Tract 215.08, Williamson County, Texas",2572,153,1957,195,1480,200,477,185,238,213,239,143,615,191,483,146,132,127
1400000US48491021601,48491021601,"Census Tract 216.01, Williamson County, Texas",1320,99,1028,115,905,114,123,58,53,47,70,36,292,97,262,95,30,23
1400000US48491021602,48491021602,"Census Tract 216.02, Williamson County, Texas",917,86,780,90,703,78,77,51,53,44,24,22,137,64,126,61,11,12
1400000US48491021603,48491021603,"Census Tract 216.03, Williamson County, Texas",484,55,346,51,302,52,44,24,21,18,23,13,138,50,109,45,29,23
