GEO.id,GEO.id2,GEO.display-label,HD01_VD01,HD02_VD01,HD01_VD02,HD02_VD02,HD01_VD03,HD02_VD03,HD01_VD04,HD02_VD04,HD01_VD05,HD02_VD05,HD01_VD06,HD02_VD06,HD01_VD07,HD02_VD07,HD01_VD08,HD02_VD08,HD01_VD09,HD02_VD09
Id,Id2,Geography,Estimate; Total:,Margin of Error; Total:,Estimate; Family households:,Margin of Error; Family households:,Estimate; Family households: - Married-couple family,Margin of Error; Family households: - Married-couple family,Estimate; Family households: - Other family:,Margin of Error; Family households: - Other family:,"Estimate; Family households: - Other family: - Male householder, no wife present","Margin of Error; Family households: - Other family: - Male householder, no wife present","Estimate; Family households: - Other family: - Female householder, no husband present","Margin of Error; Family households: - Other family: - Female householder, no husband present",Estimate; Nonfamily households:,Margin of Error; Nonfamily households:,Estimate; Nonfamily households: - Householder living alone,Margin of Error; Nonfamily households: - Householder living alone,Estimate; Nonfamily households: - Householder not living alone,Margin of Error; Nonfamily households: - Householder not living alone
1400000US48021950100,48021950100,"Census Tract 9501, Bastrop County, Texas",3156,241,2458,240,2119,264,339,112,96,75,243,94,698,196,616,184,82,64
1400000US48021950200,48021950200,"Census Tract 9502, Bastrop County, Texas",3036,278,2231,233,1642,260,589,167,87,71,502,156,805,220,697,198,108,83
1400000US48021950300,48021950300,"Census Tract 9503, Bastrop County, Texas",4463,286,3365,303,2799,310,566,176,198,117,368,140,1098,217,903,192,195,112
1400000US48021950400,48021950400,"Census Tract 9504, Bastrop County, Texas",3172,279,1879,234,1420,203,459,156,54,55,405,154,1293,323,1194,297,99,92
1400000US48021950501,48021950501,"Census Tract 9505.01, Bastrop County, Texas",2032,225,1589,208,1117,220,472,197,95,102,377,166,443,147,326,149,117,100
1400000US48021950502,48021950502,"Census Tract 9505.02, Bastrop County, Texas",2170,159,1682,185,1537,198,145,97,47,53,98,78,488,136,427,128,61,63
1400000US48021950600,48021950600,"Census Tract 9506, Bastrop County, Texas",1819,155,1320,161,1050,177,270,122,151,80,119,67,499,141,450,138,49,41
1400000US48021950700,48021950700,"Census Tract 9507, Bastrop County, Texas",1499,143,992,107,663,104,329,109,45,47,284,98,507,135,471,121,36,33
1400000US48021950801,48021950801,"Census Tract 9508.01, Bastrop County, Texas",2007,215,1418,243,1061,232,357,177,112,100,245,165,589,210,453,174,136,140
1400000US48021950802,48021950802,"Census Tract 9508.02, Bastrop County, Texas",2117,204,1822,217,1317,214,505,193,232,104,273,146,295,119,246,111,49,49
1400000US48055960101,48055960101,"Census Tract 9601.01, Caldwell County, Texas",1803,187,1220,171,943,175,277,106,55,42,222,99,583,168,557,170,26,24
1400000US48055960102,48055960102,"Census Tract 9601.02, Caldwell County, Texas",1257,163,904,161,653,136,251,130,127,91,124,96,353,141,315,141,38,48
1400000US48055960200,48055960200,"Census Tract 9602, Caldwell County, Texas",1184,130,838,126,581,113,257,103,93,74,164,84,346,112,264,107,82,57
1400000US48055960300,48055960300,"Census Tract 9603, Caldwell County, Texas",1402,121,972,123,752,117,220,85,100,56,120,64,430,119,386,111,44,39
1400000US48055960400,48055960400,"Census Tract 9604, Caldwell County, Texas",1031,130,692,111,441,100,251,76,79,53,172,60,339,103,319,101,20,16
1400000US48055960500,48055960500,"Census Tract 9605, Caldwell County, Texas",1866,174,1404,162,907,149,497,151,90,52,407,139,462,111,339,100,123,55
1400000US48055960600,48055960600,"Census Tract 9606, Caldwell County, Texas",869,107,643,102,466,102,177,68,21,23,156,62,226,75,172,65,54,41
1400000US48055960700,48055960700,"Census Tract 9607, Caldwell County, Texas",2228,205,1503,206,934,228,569,205,35,42,534,194,725,208,631,190,94,87
1400000US48209010100,48209010100,"Census Tract 101, Hays County, Texas",1028,96,302,79,236,58,66,57,19,29,47,51,726,110,400,125,326,102
1400000US48209010200,48209010200,"Census Tract 102, Hays County, Texas",442,83,156,53,98,23,58,45,30,29,28,32,286,74,152,70,134,56
1400000US48209010302,48209010302,"Census Tract 103.02, Hays County, Texas",1566,152,871,130,444,109,427,139,239,112,188,84,695,145,467,143,228,86
1400000US48209010303,48209010303,"Census Tract 103.03, Hays County, Texas",2188,197,822,186,457,114,365,153,154,130,211,120,1366,229,707,209,659,236
1400000US48209010304,48209010304,"Census Tract 103.04, Hays County, Texas",2523,190,875,163,491,143,384,137,92,72,292,129,1648,199,1165,197,483,143
1400000US48209010400,48209010400,"Census Tract 104, Hays County, Texas",3025,227,1490,216,1071,197,419,163,143,109,276,130,1535,248,1098,228,437,165
1400000US48209010500,48209010500,"Census Tract 105, Hays County, Texas",1449,133,766,140,435,114,331,123,118,76,213,106,683,159,507,138,176,110
1400000US48209010600,48209010600,"Census Tract 106, Hays County, Texas",3810,211,2381,224,1722,206,659,158,268,121,391,125,1429,245,1205,220,224,104
1400000US48209010701,48209010701,"Census Tract 107.01, Hays County, Texas",3289,263,901,182,508,157,393,170,92,84,301,154,2388,289,1095,244,1293,228
1400000US48209010702,48209010702,"Census Tract 107.02, Hays County, Texas",1036,113,531,83,485,84,46,38,0,13,46,38,505,100,245,104,260,102
1400000US48209010803,48209010803,"Census Tract 108.03, Hays County, Texas",1901,212,1152,184,860,135,292,198,40,39,252,204,749,219,653,204,96,84
1400000US48209010804,48209010804,"Census Tract 108.04, Hays County, Texas",3698,228,2541,267,2249,288,292,115,108,81,184,96,1157,239,906,241,251,180
1400000US48209010805,48209010805,"Census Tract 108.05, Hays County, Texas",1957,139,1636,180,1481,163,155,86,45,52,110,67,321,148,306,151,15,16
1400000US48209010806,48209010806,"Census Tract 108.06, Hays County, Texas",1391,82,1051,149,962,163,89,61,39,37,50,40,340,129,299,119,41,44
1400000US48209010807,48209010807,"Census Tract 108.07, Hays County, Texas",755,95,540,124,354,127,186,66,76,50,110,67,215,116,195,114,20,26
1400000US48209010808,48209010808,"Census Tract 108.08, Hays County, Texas",2196,165,1769,149,1585,129,184,101,20,25,164,102,427,131,328,121,99,61
1400000US48209010809,48209010809,"Census Tract 108.09, Hays County, Texas",1653,151,1387,160,1237,153,150,94,104,90,46,41,266,125,178,88,88,83
1400000US48209010901,48209010901,"Census Tract 109.01, Hays County, Texas",2804,130,2424,152,2144,158,280,129,108,84,172,98,380,147,273,118,107,110
1400000US48209010902,48209010902,"Census Tract 109.02, Hays County, Texas",3488,226,2783,220,2190,229,593,167,102,73,491,158,705,182,587,176,118,96
1400000US48209010905,48209010905,"Census Tract 109.05, Hays County, Texas",1804,162,1468,160,1182,169,286,126,117,95,169,91,336,197,299,193,37,48
1400000US48209010906,48209010906,"Census Tract 109.06, Hays County, Texas",3307,204,2561,200,1967,226,594,211,195,117,399,163,746,235,581,214,165,113
1400000US48209010907,48209010907,"Census Tract 109.07, Hays County, Texas",2828,179,2255,219,1848,219,407,165,97,81,310,133,573,172,461,143,112,72
1400000US48209010908,48209010908,"Census Tract 109.08, Hays County, Texas",2384,189,1866,216,1469,232,397,130,147,111,250,97,518,162,286,103,232,115
1400000US48209010909,48209010909,"Census Tract 109.09, Hays County, Texas",1655,130,1209,130,992,134,217,103,136,85,81,56,446,114,367,111,79,49
1400000US48209010910,48209010910,"Census Tract 109.10, Hays County, Texas",2366,177,1930,164,1437,205,493,161,111,89,382,144,436,163,361,150,75,53
1400000US48453000101,48453000101,"Census Tract 1.01, Travis County, Texas",1794,118,850,156,714,148,136,61,52,38,84,51,944,143,765,131,179,84
1400000US48453000102,48453000102,"Census Tract 1.02, Travis County, Texas",1065,76,679,53,611,62,68,43,21,25,47,36,386,91,310,78,76,47
1400000US48453000203,48453000203,"Census Tract 2.03, Travis County, Texas",737,77,176,53,143,53,33,27,4,7,29,27,561,84,351,83,210,80
1400000US48453000204,48453000204,"Census Tract 2.04, Travis County, Texas",1559,94,537,87,448,85,89,58,33,25,56,57,1022,129,842,129,180,69
1400000US48453000205,48453000205,"Census Tract 2.05, Travis County, Texas",2008,126,569,154,476,149,93,65,48,44,45,49,1439,171,1215,180,224,101
1400000US48453000206,48453000206,"Census Tract 2.06, Travis County, Texas",1661,87,683,137,531,134,152,90,43,45,109,75,978,145,712,157,266,106
1400000US48453000302,48453000302,"Census Tract 3.02, Travis County, Texas",3029,104,686,183,514,138,172,120,145,119,27,34,2343,204,1642,243,701,209
1400000US48453000304,48453000304,"Census Tract 3.04, Travis County, Texas",1466,114,406,125,233,93,173,99,49,62,124,74,1060,137,665,147,395,132
1400000US48453000305,48453000305,"Census Tract 3.05, Travis County, Texas",1906,73,248,64,180,52,68,51,16,24,52,46,1658,87,1004,171,654,166
1400000US48453000306,48453000306,"Census Tract 3.06, Travis County, Texas",1014,102,459,93,330,92,129,74,16,18,113,70,555,112,340,109,215,77
1400000US48453000307,48453000307,"Census Tract 3.07, Travis County, Texas",796,57,333,89,275,91,58,41,22,29,36,26,463,90,246,83,217,59
1400000US48453000401,48453000401,"Census Tract 4.01, Travis County, Texas",1601,118,397,89,286,89,111,63,54,45,57,39,1204,154,761,142,443,102
1400000US48453000402,48453000402,"Census Tract 4.02, Travis County, Texas",1366,79,454,115,192,76,262,112,134,87,128,66,912,130,645,134,267,119
1400000US48453000500,48453000500,"Census Tract 5, Travis County, Texas",2453,168,413,111,311,88,102,63,39,43,63,44,2040,185,1365,212,675,168
1400000US48453000601,48453000601,"Census Tract 6.01, Travis County, Texas",523,81,67,58,50,55,17,18,10,15,7,11,456,86,172,54,284,82
1400000US48453000603,48453000603,"Census Tract 6.03, Travis County, Texas",2697,184,281,124,48,36,233,119,108,98,125,75,2416,218,892,175,1524,221
1400000US48453000604,48453000604,"Census Tract 6.04, Travis County, Texas",1724,168,134,77,41,40,93,63,68,52,25,29,1590,183,735,191,855,180
1400000US48453000700,48453000700,"Census Tract 7, Travis County, Texas",724,76,144,56,139,56,5,12,0,13,5,12,580,84,350,92,230,84
1400000US48453000801,48453000801,"Census Tract 8.01, Travis County, Texas",551,56,364,50,242,50,122,52,27,33,95,46,187,61,178,61,9,11
1400000US48453000802,48453000802,"Census Tract 8.02, Travis County, Texas",1166,99,684,105,160,64,524,108,67,55,457,99,482,115,354,105,128,70
1400000US48453000803,48453000803,"Census Tract 8.03, Travis County, Texas",941,83,468,76,237,71,231,84,80,62,151,81,473,92,300,82,173,74
1400000US48453000804,48453000804,"Census Tract 8.04, Travis County, Texas",954,62,422,82,175,60,247,74,67,45,180,69,532,88,359,75,173,53
1400000US48453000901,48453000901,"Census Tract 9.01, Travis County, Texas",812,67,391,67,221,93,170,72,21,25,149,67,421,68,210,54,211,56
1400000US48453000902,48453000902,"Census Tract 9.02, Travis County, Texas",1784,136,1016,166,394,133,622,141,193,90,429,128,768,162,524,138,244,124
1400000US48453001000,48453001000,"Census Tract 10, Travis County, Texas",1478,104,704,126,399,124,305,110,119,66,186,92,774,135,642,121,132,86
1400000US48453001100,48453001100,"Census Tract 11, Travis County, Texas",2600,247,599,194,516,159,83,80,83,80,0,13,2001,272,1724,265,277,140
1400000US48453001200,48453001200,"Census Tract 12, Travis County, Texas",2493,161,712,153,530,145,182,76,49,44,133,66,1781,184,1357,218,424,138
1400000US48453001303,48453001303,"Census Tract 13.03, Travis County, Texas",1376,121,532,97,385,90,147,59,44,43,103,52,844,131,648,136,196,78
1400000US48453001304,48453001304,"Census Tract 13.04, Travis County, Texas",2041,65,607,93,445,78,162,60,61,46,101,44,1434,116,969,132,465,97
1400000US48453001305,48453001305,"Census Tract 13.05, Travis County, Texas",2721,152,1096,177,605,154,491,127,68,55,423,128,1625,224,1338,218,287,108
1400000US48453001307,48453001307,"Census Tract 13.07, Travis County, Texas",1826,86,718,150,387,96,331,125,44,42,287,120,1108,143,858,130,250,77
1400000US48453001308,48453001308,"Census Tract 13.08, Travis County, Texas",1198,104,520,121,340,91,180,88,97,75,83,50,678,141,436,101,242,102
1400000US48453001401,48453001401,"Census Tract 14.01, Travis County, Texas",1627,146,474,105,419,104,55,40,23,22,32,32,1153,148,770,143,383,101
1400000US48453001402,48453001402,"Census Tract 14.02, Travis County, Texas",1368,76,412,84,321,62,91,63,33,37,58,52,956,110,636,113,320,87
1400000US48453001403,48453001403,"Census Tract 14.03, Travis County, Texas",739,86,172,51,129,41,43,33,24,28,19,19,567,97,343,84,224,84
1400000US48453001501,48453001501,"Census Tract 15.01, Travis County, Texas",2205,101,1227,103,926,125,301,117,108,80,193,103,978,138,787,150,191,82
1400000US48453001503,48453001503,"Census Tract 15.03, Travis County, Texas",1715,93,792,123,508,119,284,105,18,29,266,100,923,144,478,126,445,104
1400000US48453001504,48453001504,"Census Tract 15.04, Travis County, Texas",2280,62,1145,183,903,170,242,103,35,39,207,94,1135,184,835,181,300,131
1400000US48453001505,48453001505,"Census Tract 15.05, Travis County, Texas",2206,41,904,130,751,125,153,86,71,73,82,60,1302,132,916,158,386,140
1400000US48453001602,48453001602,"Census Tract 16.02, Travis County, Texas",1574,123,696,135,591,128,105,67,49,45,56,49,878,126,665,132,213,80
1400000US48453001603,48453001603,"Census Tract 16.03, Travis County, Texas",1713,111,1202,118,1094,124,108,64,38,33,70,57,511,121,344,110,167,71
1400000US48453001604,48453001604,"Census Tract 16.04, Travis County, Texas",1658,84,1121,130,937,125,184,75,49,41,135,65,537,122,414,103,123,75
1400000US48453001605,48453001605,"Census Tract 16.05, Travis County, Texas",1801,156,760,115,664,125,96,64,0,13,96,64,1041,167,767,163,274,101
1400000US48453001606,48453001606,"Census Tract 16.06, Travis County, Texas",0,13,0,13,0,13,0,13,0,13,0,13,0,13,0,13,0,13
1400000US48453001705,48453001705,"Census Tract 17.05, Travis County, Texas",2038,118,1112,126,1023,121,89,73,14,22,75,71,926,149,743,146,183,99
1400000US48453001706,48453001706,"Census Tract 17.06, Travis County, Texas",1775,85,1006,103,654,102,352,114,179,105,173,83,769,108,736,110,33,27
1400000US48453001707,48453001707,"Census Tract 17.07, Travis County, Texas",2377,112,1254,166,894,150,360,113,79,75,281,109,1123,155,861,159,262,147
1400000US48453001712,48453001712,"Census Tract 17.12, Travis County, Texas",1956,80,813,122,532,116,281,82,109,60,172,70,1143,145,949,141,194,80
1400000US48453001713,48453001713,"Census Tract 17.13, Travis County, Texas",1757,87,949,108,619,121,330,101,108,70,222,90,808,125,578,119,230,96
1400000US48453001714,48453001714,"Census Tract 17.14, Travis County, Texas",4893,224,3024,288,2458,264,566,176,153,94,413,157,1869,312,1395,273,474,207
1400000US48453001716,48453001716,"Census Tract 17.16, Travis County, Texas",2265,128,1337,132,1248,130,89,81,44,70,45,42,928,158,833,163,95,52
1400000US48453001718,48453001718,"Census Tract 17.18, Travis County, Texas",2847,130,1241,175,1053,162,188,91,32,38,156,85,1606,199,1307,187,299,113
1400000US48453001719,48453001719,"Census Tract 17.19, Travis County, Texas",1641,77,1194,111,1058,111,136,58,9,14,127,56,447,109,369,92,78,50
1400000US48453001722,48453001722,"Census Tract 17.22, Travis County, Texas",2557,111,707,156,635,157,72,64,0,13,72,64,1850,171,1564,187,286,124
1400000US48453001728,48453001728,"Census Tract 17.28, Travis County, Texas",2829,136,1745,168,1247,163,498,138,131,81,367,122,1084,188,708,152,376,136
1400000US48453001729,48453001729,"Census Tract 17.29, Travis County, Texas",2103,106,975,171,788,155,187,74,28,34,159,62,1128,183,654,157,474,171
1400000US48453001733,48453001733,"Census Tract 17.33, Travis County, Texas",1279,69,1059,91,908,110,151,91,97,76,54,42,220,73,192,76,28,27
1400000US48453001737,48453001737,"Census Tract 17.37, Travis County, Texas",3913,75,2820,137,2463,193,357,139,62,53,295,123,1093,141,790,161,303,105
1400000US48453001738,48453001738,"Census Tract 17.38, Travis County, Texas",2680,102,1896,155,1570,187,326,130,91,62,235,106,784,156,655,153,129,70
1400000US48453001740,48453001740,"Census Tract 17.40, Travis County, Texas",1701,71,1106,125,849,128,257,124,22,23,235,128,595,120,417,114,178,114
1400000US48453001741,48453001741,"Census Tract 17.41, Travis County, Texas",1559,131,983,155,710,109,273,124,100,80,173,97,576,158,506,147,70,50
1400000US48453001742,48453001742,"Census Tract 17.42, Travis County, Texas",2067,163,1556,170,1343,179,213,95,65,39,148,86,511,148,387,145,124,71
1400000US48453001745,48453001745,"Census Tract 17.45, Travis County, Texas",1079,25,616,80,448,67,168,68,32,28,136,69,463,87,393,100,70,56
1400000US48453001746,48453001746,"Census Tract 17.46, Travis County, Texas",1723,65,819,135,579,109,240,98,22,25,218,98,904,138,583,114,321,131
1400000US48453001747,48453001747,"Census Tract 17.47, Travis County, Texas",2026,118,1314,141,931,144,383,117,152,82,231,81,712,158,363,107,349,134
1400000US48453001748,48453001748,"Census Tract 17.48, Travis County, Texas",2125,112,1479,141,985,128,494,135,185,114,309,114,646,143,434,122,212,84
1400000US48453001749,48453001749,"Census Tract 17.49, Travis County, Texas",2677,193,1213,190,864,169,349,142,52,78,297,109,1464,229,1009,213,455,164
1400000US48453001750,48453001750,"Census Tract 17.50, Travis County, Texas",2514,115,1141,183,914,202,227,125,77,71,150,99,1373,193,1000,195,373,144
1400000US48453001751,48453001751,"Census Tract 17.51, Travis County, Texas",876,78,554,76,505,75,49,28,6,9,43,27,322,69,293,62,29,25
1400000US48453001752,48453001752,"Census Tract 17.52, Travis County, Texas",2198,166,714,181,547,168,167,90,86,73,81,57,1484,215,1085,207,399,145
1400000US48453001753,48453001753,"Census Tract 17.53, Travis County, Texas",773,52,185,59,120,40,65,46,15,23,50,41,588,82,500,86,88,51
1400000US48453001754,48453001754,"Census Tract 17.54, Travis County, Texas",2227,162,1023,137,797,132,226,112,84,96,142,86,1204,182,947,186,257,126
1400000US48453001755,48453001755,"Census Tract 17.55, Travis County, Texas",1985,41,1701,95,1600,96,101,56,26,40,75,40,284,83,225,73,59,36
1400000US48453001756,48453001756,"Census Tract 17.56, Travis County, Texas",1756,58,1144,123,938,124,206,96,62,42,144,92,612,117,556,112,56,40
1400000US48453001757,48453001757,"Census Tract 17.57, Travis County, Texas",924,56,504,68,438,75,66,37,5,9,61,34,420,76,386,76,34,28
1400000US48453001760,48453001760,"Census Tract 17.60, Travis County, Texas",4716,288,3674,247,3420,259,254,105,74,62,180,92,1042,273,704,239,338,194
1400000US48453001761,48453001761,"Census Tract 17.61, Travis County, Texas",2835,171,1780,158,1590,137,190,108,20,31,170,102,1055,193,891,195,164,92
1400000US48453001764,48453001764,"Census Tract 17.64, Travis County, Texas",2351,193,1717,160,1582,131,135,80,15,16,120,80,634,149,516,141,118,85
1400000US48453001765,48453001765,"Census Tract 17.65, Travis County, Texas",4916,248,3630,261,3121,244,509,182,67,91,442,165,1286,234,979,205,307,162
1400000US48453001766,48453001766,"Census Tract 17.66, Travis County, Texas",2765,178,2113,202,1736,223,377,171,114,78,263,141,652,185,567,188,85,61
1400000US48453001768,48453001768,"Census Tract 17.68, Travis County, Texas",2332,203,1570,164,1390,168,180,116,87,101,93,63,762,217,582,184,180,115
1400000US48453001769,48453001769,"Census Tract 17.69, Travis County, Texas",2197,112,1464,138,1251,154,213,135,57,64,156,117,733,150,607,155,126,90
1400000US48453001770,48453001770,"Census Tract 17.70, Travis County, Texas",3669,139,3261,162,2890,256,371,188,131,130,240,116,408,158,377,157,31,34
1400000US48453001771,48453001771,"Census Tract 17.71, Travis County, Texas",1669,137,1218,123,1130,120,88,60,33,32,55,45,451,135,428,133,23,26
1400000US48453001772,48453001772,"Census Tract 17.72, Travis County, Texas",1000,116,817,128,580,176,237,110,18,32,219,111,183,99,161,93,22,31
1400000US48453001773,48453001773,"Census Tract 17.73, Travis County, Texas",2076,146,1763,123,1628,126,135,58,28,33,107,50,313,105,272,99,41,39
1400000US48453001774,48453001774,"Census Tract 17.74, Travis County, Texas",2675,219,2334,216,1947,213,387,141,93,90,294,117,341,140,238,121,103,67
1400000US48453001775,48453001775,"Census Tract 17.75, Travis County, Texas",1580,101,1356,120,1156,115,200,115,27,33,173,115,224,139,188,137,36,30
1400000US48453001776,48453001776,"Census Tract 17.76, Travis County, Texas",1081,94,643,121,445,105,198,75,17,26,181,73,438,126,199,93,239,83
1400000US48453001777,48453001777,"Census Tract 17.77, Travis County, Texas",2194,143,1332,193,1087,169,245,111,126,106,119,66,862,198,596,177,266,104
1400000US48453001778,48453001778,"Census Tract 17.78, Travis County, Texas",1574,149,1113,134,932,110,181,92,44,34,137,87,461,133,307,124,154,82
1400000US48453001779,48453001779,"Census Tract 17.79, Travis County, Texas",2247,168,1804,189,1638,208,166,142,12,19,154,145,443,175,338,156,105,113
1400000US48453001780,48453001780,"Census Tract 17.80, Travis County, Texas",1886,138,1349,159,1131,190,218,115,132,114,86,43,537,124,469,122,68,37
1400000US48453001781,48453001781,"Census Tract 17.81, Travis County, Texas",945,80,780,65,722,54,58,38,10,13,48,39,165,83,165,83,0,13
1400000US48453001782,48453001782,"Census Tract 17.82, Travis County, Texas",1716,81,1529,87,1413,92,116,79,0,18,116,79,187,69,140,56,47,39
1400000US48453001783,48453001783,"Census Tract 17.83, Travis County, Texas",2023,123,1554,150,1299,155,255,113,0,18,255,113,469,145,401,137,68,55
1400000US48453001784,48453001784,"Census Tract 17.84, Travis County, Texas",1680,90,1524,100,1456,94,68,47,22,35,46,29,156,70,148,69,8,13
1400000US48453001785,48453001785,"Census Tract 17.85, Travis County, Texas",2246,90,772,157,566,145,206,115,28,35,178,110,1474,190,1098,195,376,178
1400000US48453001786,48453001786,"Census Tract 17.86, Travis County, Texas",2579,144,1040,182,732,162,308,143,63,68,245,134,1539,198,1135,184,404,163
1400000US48453001804,48453001804,"Census Tract 18.04, Travis County, Texas",2473,132,1455,235,777,189,678,192,208,125,470,174,1018,222,687,205,331,137
1400000US48453001805,48453001805,"Census Tract 18.05, Travis County, Texas",1641,107,1036,120,488,118,548,145,126,78,422,139,605,121,490,111,115,72
1400000US48453001806,48453001806,"Census Tract 18.06, Travis County, Texas",2175,177,1367,208,655,178,712,192,169,113,543,179,808,153,496,148,312,127
1400000US48453001811,48453001811,"Census Tract 18.11, Travis County, Texas",1157,118,723,153,231,105,492,154,158,110,334,143,434,120,336,109,98,69
1400000US48453001812,48453001812,"Census Tract 18.12, Travis County, Texas",2917,184,1515,226,796,210,719,192,235,112,484,154,1402,223,1102,197,300,137
1400000US48453001813,48453001813,"Census Tract 18.13, Travis County, Texas",2131,101,1309,173,698,189,611,149,283,111,328,120,822,174,580,159,242,106
1400000US48453001817,48453001817,"Census Tract 18.17, Travis County, Texas",2016,123,883,141,520,126,363,145,162,107,201,99,1133,170,974,169,159,84
1400000US48453001818,48453001818,"Census Tract 18.18, Travis County, Texas",2093,152,1189,206,842,185,347,136,149,95,198,107,904,173,595,153,309,136
1400000US48453001819,48453001819,"Census Tract 18.19, Travis County, Texas",1386,80,963,112,451,129,512,124,159,90,353,97,423,113,171,74,252,97
1400000US48453001820,48453001820,"Census Tract 18.20, Travis County, Texas",2619,183,1564,196,693,155,871,181,325,145,546,149,1055,198,744,202,311,127
1400000US48453001821,48453001821,"Census Tract 18.21, Travis County, Texas",1864,83,1216,133,665,119,551,133,200,106,351,112,648,129,414,121,234,90
1400000US48453001822,48453001822,"Census Tract 18.22, Travis County, Texas",2267,131,1701,178,1014,223,687,145,216,122,471,145,566,145,404,126,162,83
1400000US48453001823,48453001823,"Census Tract 18.23, Travis County, Texas",2100,101,1460,161,843,169,617,150,192,92,425,136,640,137,385,113,255,109
1400000US48453001824,48453001824,"Census Tract 18.24, Travis County, Texas",800,45,476,73,337,68,139,55,19,14,120,53,324,80,242,70,82,54
1400000US48453001826,48453001826,"Census Tract 18.26, Travis County, Texas",973,103,405,82,291,56,114,68,4,7,110,67,568,118,430,121,138,76
1400000US48453001828,48453001828,"Census Tract 18.28, Travis County, Texas",1554,94,1130,120,1018,116,112,62,70,57,42,31,424,96,262,73,162,76
1400000US48453001829,48453001829,"Census Tract 18.29, Travis County, Texas",1473,85,387,77,299,75,88,51,36,32,52,36,1086,99,701,135,385,102
1400000US48453001832,48453001832,"Census Tract 18.32, Travis County, Texas",1172,84,714,114,433,109,281,96,54,52,227,94,458,113,359,102,99,73
1400000US48453001833,48453001833,"Census Tract 18.33, Travis County, Texas",2375,144,1657,198,868,140,789,209,249,143,540,183,718,183,410,124,308,146
1400000US48453001834,48453001834,"Census Tract 18.34, Travis County, Texas",3616,178,2148,233,1557,265,591,197,194,130,397,152,1468,272,1060,254,408,166
1400000US48453001835,48453001835,"Census Tract 18.35, Travis County, Texas",1769,151,1180,164,635,143,545,157,159,98,386,114,589,131,414,109,175,92
1400000US48453001839,48453001839,"Census Tract 18.39, Travis County, Texas",2855,224,1510,219,1068,173,442,146,132,84,310,114,1345,204,1034,173,311,146
1400000US48453001840,48453001840,"Census Tract 18.40, Travis County, Texas",2801,143,1981,211,1424,207,557,174,168,111,389,145,820,194,607,185,213,98
1400000US48453001841,48453001841,"Census Tract 18.41, Travis County, Texas",5122,205,4143,288,3271,275,872,261,188,128,684,231,979,256,853,261,126,74
1400000US48453001842,48453001842,"Census Tract 18.42, Travis County, Texas",2446,147,1771,178,1308,188,463,139,252,117,211,81,675,182,449,148,226,100
1400000US48453001843,48453001843,"Census Tract 18.43, Travis County, Texas",934,45,617,65,497,63,120,52,44,36,76,43,317,73,262,67,55,37
1400000US48453001844,48453001844,"Census Tract 18.44, Travis County, Texas",1524,84,782,104,447,101,335,109,135,72,200,79,742,116,495,114,247,103
1400000US48453001845,48453001845,"Census Tract 18.45, Travis County, Texas",1382,96,781,116,570,123,211,84,52,56,159,73,601,129,438,109,163,79
1400000US48453001846,48453001846,"Census Tract 18.46, Travis County, Texas",1038,24,615,69,527,67,88,58,30,41,58,37,423,67,339,94,84,67
1400000US48453001847,48453001847,"Census Tract 18.47, Travis County, Texas",2883,119,1702,207,1331,171,371,135,58,67,313,124,1181,205,823,203,358,155
1400000US48453001848,48453001848,"Census Tract 18.48, Travis County, Texas",1917,86,1174,132,896,142,278,111,129,82,149,71,743,146,527,134,216,84
1400000US48453001849,48453001849,"Census Tract 18.49, Travis County, Texas",3308,178,1087,255,744,221,343,141,57,92,286,121,2221,287,1841,286,380,152
1400000US48453001850,48453001850,"Census Tract 18.50, Travis County, Texas",2080,115,782,162,382,125,400,141,126,78,274,110,1298,162,956,163,342,140
1400000US48453001851,48453001851,"Census Tract 18.51, Travis County, Texas",3888,238,2003,265,1614,251,389,144,84,68,305,125,1885,314,1325,265,560,237
1400000US48453001853,48453001853,"Census Tract 18.53, Travis County, Texas",1291,67,761,105,602,102,159,60,28,26,131,61,530,113,411,108,119,56
1400000US48453001854,48453001854,"Census Tract 18.54, Travis County, Texas",1389,183,1082,157,815,175,267,113,87,79,180,74,307,148,247,130,60,63
1400000US48453001855,48453001855,"Census Tract 18.55, Travis County, Texas",4524,231,3820,276,2950,307,870,269,179,120,691,220,704,229,509,206,195,108
1400000US48453001856,48453001856,"Census Tract 18.56, Travis County, Texas",1839,164,1429,190,1127,179,302,146,132,94,170,106,410,175,283,126,127,110
1400000US48453001857,48453001857,"Census Tract 18.57, Travis County, Texas",1944,187,1201,159,964,161,237,140,44,53,193,125,743,144,648,148,95,75
1400000US48453001858,48453001858,"Census Tract 18.58, Travis County, Texas",4856,262,4148,294,3421,327,727,233,330,187,397,165,708,222,565,213,143,104
1400000US48453001859,48453001859,"Census Tract 18.59, Travis County, Texas",389,64,324,64,314,63,10,15,0,13,10,15,65,48,37,38,28,32
1400000US48453001860,48453001860,"Census Tract 18.60, Travis County, Texas",1565,121,1032,179,665,147,367,154,91,74,276,140,533,175,394,144,139,91
1400000US48453001861,48453001861,"Census Tract 18.61, Travis County, Texas",1526,123,1149,175,849,178,300,115,19,30,281,114,377,151,333,151,44,44
1400000US48453001862,48453001862,"Census Tract 18.62, Travis County, Texas",1908,134,1552,171,1074,151,478,156,85,96,393,124,356,162,278,144,78,68
1400000US48453001863,48453001863,"Census Tract 18.63, Travis County, Texas",1929,117,888,170,471,132,417,145,148,107,269,117,1041,177,737,151,304,133
1400000US48453001864,48453001864,"Census Tract 18.64, Travis County, Texas",1543,109,629,136,364,129,265,106,83,57,182,95,914,169,662,148,252,117
1400000US48453001901,48453001901,"Census Tract 19.01, Travis County, Texas",3073,85,1179,141,961,118,218,98,75,48,143,86,1894,147,1605,171,289,126
1400000US48453001908,48453001908,"Census Tract 19.08, Travis County, Texas",3393,197,2008,219,1699,230,309,124,71,77,238,118,1385,223,1213,214,172,88
1400000US48453001910,48453001910,"Census Tract 19.10, Travis County, Texas",1866,73,1178,107,1042,119,136,76,34,36,102,80,688,108,649,107,39,40
1400000US48453001911,48453001911,"Census Tract 19.11, Travis County, Texas",1822,86,503,91,390,101,113,63,43,51,70,34,1319,127,998,144,321,92
1400000US48453001912,48453001912,"Census Tract 19.12, Travis County, Texas",1439,103,1076,110,1008,119,68,43,48,35,20,22,363,103,341,97,22,27
1400000US48453001913,48453001913,"Census Tract 19.13, Travis County, Texas",1669,112,1377,107,1320,109,57,37,41,35,16,20,292,109,237,96,55,56
1400000US48453001914,48453001914,"Census Tract 19.14, Travis County, Texas",2749,124,1436,148,1193,150,243,108,109,88,134,69,1313,163,1010,187,303,134
1400000US48453001915,48453001915,"Census Tract 19.15, Travis County, Texas",799,34,478,94,417,110,61,67,16,22,45,63,321,101,285,98,36,31
1400000US48453001916,48453001916,"Census Tract 19.16, Travis County, Texas",927,79,895,80,846,81,49,34,23,23,26,26,32,31,16,21,16,25
1400000US48453001917,48453001917,"Census Tract 19.17, Travis County, Texas",1766,40,1489,89,1358,109,131,64,15,22,116,62,277,84,266,83,11,18
1400000US48453001918,48453001918,"Census Tract 19.18, Travis County, Texas",848,82,698,84,622,112,76,63,49,59,27,26,150,94,135,92,15,17
1400000US48453001919,48453001919,"Census Tract 19.19, Travis County, Texas",1404,62,1112,74,1005,76,107,49,32,26,75,46,292,78,272,76,20,25
1400000US48453002002,48453002002,"Census Tract 20.02, Travis County, Texas",1306,71,639,128,514,88,125,76,18,22,107,74,667,134,481,120,186,88
1400000US48453002003,48453002003,"Census Tract 20.03, Travis County, Texas",1385,105,846,126,472,111,374,100,78,71,296,83,539,121,440,119,99,72
1400000US48453002004,48453002004,"Census Tract 20.04, Travis County, Texas",1325,117,274,78,155,72,119,70,44,44,75,63,1051,116,820,134,231,83
1400000US48453002005,48453002005,"Census Tract 20.05, Travis County, Texas",2206,172,760,192,378,145,382,168,229,139,153,105,1446,212,914,191,532,176
1400000US48453002104,48453002104,"Census Tract 21.04, Travis County, Texas",1204,68,742,120,559,142,183,91,74,54,109,73,462,112,358,110,104,69
1400000US48453002105,48453002105,"Census Tract 21.05, Travis County, Texas",2119,132,1031,194,614,165,417,129,102,77,315,113,1088,191,749,162,339,122
1400000US48453002106,48453002106,"Census Tract 21.06, Travis County, Texas",1136,71,766,99,548,97,218,76,61,39,157,68,370,92,283,82,87,43
1400000US48453002107,48453002107,"Census Tract 21.07, Travis County, Texas",1396,93,906,112,412,92,494,101,98,56,396,101,490,118,329,99,161,67
1400000US48453002108,48453002108,"Census Tract 21.08, Travis County, Texas",1351,94,851,134,331,100,520,135,68,61,452,127,500,121,412,104,88,61
1400000US48453002109,48453002109,"Census Tract 21.09, Travis County, Texas",1545,128,776,118,401,111,375,115,122,83,253,85,769,138,586,140,183,85
1400000US48453002110,48453002110,"Census Tract 21.10, Travis County, Texas",1377,97,984,130,453,134,531,138,149,76,382,109,393,116,269,101,124,71
1400000US48453002111,48453002111,"Census Tract 21.11, Travis County, Texas",1528,113,984,132,482,112,502,126,152,91,350,91,544,110,363,113,181,89
1400000US48453002112,48453002112,"Census Tract 21.12, Travis County, Texas",1743,137,1198,160,510,131,688,167,162,104,526,147,545,136,387,106,158,91
1400000US48453002113,48453002113,"Census Tract 21.13, Travis County, Texas",1292,83,838,115,523,117,315,104,60,49,255,90,454,97,346,84,108,63
1400000US48453002201,48453002201,"Census Tract 22.01, Travis County, Texas",592,38,431,67,189,60,242,70,41,28,201,63,161,55,129,56,32,34
1400000US48453002202,48453002202,"Census Tract 22.02, Travis County, Texas",2292,171,1717,202,765,142,952,211,127,113,825,221,575,185,478,176,97,79
1400000US48453002207,48453002207,"Census Tract 22.07, Travis County, Texas",2530,171,2032,214,1062,203,970,254,366,218,604,189,498,181,329,151,169,120
1400000US48453002208,48453002208,"Census Tract 22.08, Travis County, Texas",1729,140,1420,154,831,167,589,158,140,73,449,150,309,105,242,88,67,69
1400000US48453002209,48453002209,"Census Tract 22.09, Travis County, Texas",2378,210,1761,215,1254,260,507,168,168,107,339,145,617,203,531,181,86,89
1400000US48453002210,48453002210,"Census Tract 22.10, Travis County, Texas",977,160,779,134,572,153,207,84,74,51,133,63,198,95,153,81,45,43
1400000US48453002211,48453002211,"Census Tract 22.11, Travis County, Texas",622,88,427,87,248,95,179,92,54,52,125,86,195,98,132,93,63,58
1400000US48453002212,48453002212,"Census Tract 22.12, Travis County, Texas",189,45,173,42,127,33,46,28,15,24,31,23,16,14,16,14,0,13
1400000US48453002304,48453002304,"Census Tract 23.04, Travis County, Texas",1444,146,558,147,233,103,325,123,193,106,132,73,886,114,570,98,316,112
1400000US48453002307,48453002307,"Census Tract 23.07, Travis County, Texas",2493,154,792,187,405,159,387,142,51,78,336,133,1701,212,1151,229,550,184
1400000US48453002308,48453002308,"Census Tract 23.08, Travis County, Texas",2321,155,888,184,312,126,576,177,76,80,500,153,1433,178,909,165,524,152
1400000US48453002310,48453002310,"Census Tract 23.10, Travis County, Texas",905,99,690,113,305,88,385,105,191,91,194,59,215,91,175,89,40,39
1400000US48453002312,48453002312,"Census Tract 23.12, Travis County, Texas",2074,119,1437,179,668,156,769,157,186,90,583,151,637,158,518,150,119,73
1400000US48453002313,48453002313,"Census Tract 23.13, Travis County, Texas",2141,120,914,158,460,152,454,141,149,97,305,100,1227,157,929,182,298,113
1400000US48453002314,48453002314,"Census Tract 23.14, Travis County, Texas",2178,165,594,154,102,73,492,143,152,96,340,112,1584,183,1090,216,494,155
1400000US48453002315,48453002315,"Census Tract 23.15, Travis County, Texas",1286,110,616,111,215,89,401,109,166,76,235,86,670,136,399,106,271,95
1400000US48453002316,48453002316,"Census Tract 23.16, Travis County, Texas",2174,143,1103,182,274,113,829,175,285,98,544,147,1071,179,557,147,514,147
1400000US48453002317,48453002317,"Census Tract 23.17, Travis County, Texas",1659,153,427,129,184,74,243,108,136,102,107,69,1232,151,345,122,887,162
1400000US48453002318,48453002318,"Census Tract 23.18, Travis County, Texas",2539,157,1045,186,359,126,686,180,174,107,512,158,1494,219,660,181,834,201
1400000US48453002319,48453002319,"Census Tract 23.19, Travis County, Texas",0,13,0,13,0,13,0,13,0,13,0,13,0,13,0,13,0,13
1400000US48453002402,48453002402,"Census Tract 24.02, Travis County, Texas",3001,206,1296,211,780,179,516,177,138,103,378,127,1705,243,1305,221,400,145
1400000US48453002403,48453002403,"Census Tract 24.03, Travis County, Texas",1074,92,538,134,329,119,209,99,38,50,171,99,536,141,412,122,124,79
1400000US48453002407,48453002407,"Census Tract 24.07, Travis County, Texas",1844,93,1336,130,1032,125,304,112,80,54,224,93,508,129,409,124,99,55
1400000US48453002409,48453002409,"Census Tract 24.09, Travis County, Texas",1289,50,784,116,452,126,332,99,54,39,278,95,505,107,306,107,199,101
1400000US48453002410,48453002410,"Census Tract 24.10, Travis County, Texas",1650,90,829,135,476,129,353,120,87,63,266,101,821,139,552,117,269,112
1400000US48453002411,48453002411,"Census Tract 24.11, Travis County, Texas",1623,91,1410,119,639,145,771,147,202,100,569,145,213,95,140,68,73,65
1400000US48453002412,48453002412,"Census Tract 24.12, Travis County, Texas",1365,69,1197,94,800,126,397,115,101,64,296,108,168,66,85,41,83,50
1400000US48453002413,48453002413,"Census Tract 24.13, Travis County, Texas",1204,71,1028,93,578,132,450,104,71,59,379,106,176,72,115,51,61,49
1400000US48453002419,48453002419,"Census Tract 24.19, Travis County, Texas",1921,85,838,123,410,116,428,111,136,79,292,98,1083,124,821,119,262,87
1400000US48453002421,48453002421,"Census Tract 24.21, Travis County, Texas",3128,130,1248,201,836,157,412,148,47,48,365,137,1880,217,1126,213,754,227
1400000US48453002422,48453002422,"Census Tract 24.22, Travis County, Texas",2303,106,976,166,625,170,351,140,31,34,320,134,1327,187,986,224,341,135
1400000US48453002423,48453002423,"Census Tract 24.23, Travis County, Texas",2101,83,1293,160,757,184,536,168,218,114,318,124,808,151,506,137,302,133
1400000US48453002424,48453002424,"Census Tract 24.24, Travis County, Texas",1356,97,739,111,540,93,199,72,100,54,99,56,617,111,359,101,258,80
1400000US48453002425,48453002425,"Census Tract 24.25, Travis County, Texas",1092,88,664,118,486,108,178,84,70,66,108,64,428,104,269,92,159,79
1400000US48453002426,48453002426,"Census Tract 24.26, Travis County, Texas",2179,135,1606,186,937,187,669,177,113,103,556,147,573,164,339,155,234,130
1400000US48453002427,48453002427,"Census Tract 24.27, Travis County, Texas",2296,153,1734,187,977,202,757,219,350,209,407,200,562,176,411,151,151,105
1400000US48453002428,48453002428,"Census Tract 24.28, Travis County, Texas",2605,199,1479,184,973,183,506,180,151,118,355,160,1126,216,883,217,243,127
1400000US48453002429,48453002429,"Census Tract 24.29, Travis County, Texas",373,50,169,52,107,53,62,46,16,24,46,39,204,65,158,67,46,40
1400000US48453002430,48453002430,"Census Tract 24.30, Travis County, Texas",968,122,741,128,496,139,245,113,54,53,191,99,227,98,144,95,83,54
1400000US48453002431,48453002431,"Census Tract 24.31, Travis County, Texas",2130,123,1431,170,985,184,446,141,202,110,244,98,699,174,421,138,278,112
1400000US48453002432,48453002432,"Census Tract 24.32, Travis County, Texas",618,73,418,88,310,86,108,59,48,40,60,40,200,77,166,73,34,34
1400000US48453002433,48453002433,"Census Tract 24.33, Travis County, Texas",1585,176,1303,162,934,200,369,127,86,73,283,108,282,133,216,117,66,74
1400000US48453002434,48453002434,"Census Tract 24.34, Travis County, Texas",553,55,416,53,316,61,100,47,36,35,64,37,137,59,107,53,30,31
1400000US48453002435,48453002435,"Census Tract 24.35, Travis County, Texas",1978,180,1738,186,1056,207,682,176,181,115,501,150,240,112,176,98,64,60
1400000US48453002436,48453002436,"Census Tract 24.36, Travis County, Texas",716,116,638,115,463,129,175,99,95,71,80,65,78,46,76,46,2,4
1400000US48453002500,48453002500,"Census Tract 25, Travis County, Texas",2789,99,1256,141,1036,165,220,113,52,42,168,108,1533,159,1174,161,359,124
1400000US48453980000,48453980000,"Census Tract 9800, Travis County, Texas",0,13,0,13,0,13,0,13,0,13,0,13,0,13,0,13,0,13
1400000US48491020105,48491020105,"Census Tract 201.05, Williamson County, Texas",1793,109,1430,147,1341,152,89,109,69,106,20,32,363,129,320,123,43,44
1400000US48491020106,48491020106,"Census Tract 201.06, Williamson County, Texas",1218,108,904,99,851,104,53,44,10,17,43,40,314,104,252,112,62,70
1400000US48491020107,48491020107,"Census Tract 201.07, Williamson County, Texas",2777,188,1713,191,1694,195,19,31,0,13,19,31,1064,196,1045,195,19,31
1400000US48491020108,48491020108,"Census Tract 201.08, Williamson County, Texas",1209,59,892,70,840,79,52,40,9,14,43,36,317,79,317,79,0,13
1400000US48491020109,48491020109,"Census Tract 201.09, Williamson County, Texas",988,99,906,99,821,121,85,84,0,13,85,84,82,55,34,32,48,50
1400000US48491020110,48491020110,"Census Tract 201.10, Williamson County, Texas",1352,91,1111,103,987,107,124,73,81,61,43,40,241,92,232,92,9,14
1400000US48491020111,48491020111,"Census Tract 201.11, Williamson County, Texas",1146,88,752,101,695,102,57,46,22,25,35,35,394,81,320,83,74,52
1400000US48491020112,48491020112,"Census Tract 201.12, Williamson County, Texas",1110,95,970,101,942,104,28,33,0,13,28,33,140,77,140,77,0,13
1400000US48491020113,48491020113,"Census Tract 201.13, Williamson County, Texas",1013,106,578,118,454,76,124,90,67,82,57,43,435,134,388,131,47,55
1400000US48491020114,48491020114,"Census Tract 201.14, Williamson County, Texas",1900,138,1257,160,842,151,415,122,77,64,338,121,643,165,594,146,49,47
1400000US48491020115,48491020115,"Census Tract 201.15, Williamson County, Texas",954,127,710,119,644,118,66,54,0,13,66,54,244,168,209,173,35,38
1400000US48491020201,48491020201,"Census Tract 202.01, Williamson County, Texas",576,92,371,89,263,78,108,58,25,23,83,54,205,108,137,76,68,86
1400000US48491020202,48491020202,"Census Tract 202.02, Williamson County, Texas",1617,114,1386,122,1185,161,201,96,44,41,157,79,231,88,211,85,20,32
1400000US48491020203,48491020203,"Census Tract 202.03, Williamson County, Texas",1484,104,1181,150,1181,150,0,13,0,13,0,13,303,125,285,117,18,29
1400000US48491020204,48491020204,"Census Tract 202.04, Williamson County, Texas",1514,151,1254,163,1062,174,192,149,23,26,169,145,260,98,257,98,3,6
1400000US48491020301,48491020301,"Census Tract 203.01, Williamson County, Texas",1954,104,1503,145,1370,158,133,63,53,42,80,46,451,125,428,120,23,28
1400000US48491020302,48491020302,"Census Tract 203.02, Williamson County, Texas",961,106,773,106,657,113,116,74,24,28,92,72,188,72,172,69,16,18
1400000US48491020310,48491020310,"Census Tract 203.10, Williamson County, Texas",922,74,696,71,655,77,41,28,19,20,22,21,226,76,167,70,59,53
1400000US48491020311,48491020311,"Census Tract 203.11, Williamson County, Texas",1287,133,680,114,608,110,72,84,0,13,72,84,607,165,427,149,180,92
1400000US48491020312,48491020312,"Census Tract 203.12, Williamson County, Texas",2289,170,1638,151,1300,196,338,163,128,106,210,119,651,178,488,171,163,95
1400000US48491020313,48491020313,"Census Tract 203.13, Williamson County, Texas",2967,182,2179,196,1658,170,521,174,222,136,299,121,788,211,571,175,217,123
1400000US48491020314,48491020314,"Census Tract 203.14, Williamson County, Texas",1652,143,1422,134,1086,204,336,157,99,97,237,121,230,115,223,114,7,13
1400000US48491020315,48491020315,"Census Tract 203.15, Williamson County, Texas",1465,119,1146,144,926,186,220,163,50,59,170,147,319,112,295,111,24,26
1400000US48491020316,48491020316,"Census Tract 203.16, Williamson County, Texas",1170,108,886,128,548,111,338,128,67,77,271,138,284,106,161,82,123,72
1400000US48491020317,48491020317,"Census Tract 203.17, Williamson County, Texas",1228,206,767,143,504,111,263,124,40,33,223,119,461,176,360,160,101,86
1400000US48491020318,48491020318,"Census Tract 203.18, Williamson County, Texas",3131,86,2220,196,1745,174,475,173,102,65,373,151,911,189,784,171,127,97
1400000US48491020319,48491020319,"Census Tract 203.19, Williamson County, Texas",1609,83,1348,123,1175,158,173,99,20,35,153,93,261,97,133,69,128,95
1400000US48491020320,48491020320,"Census Tract 203.20, Williamson County, Texas",2451,79,2051,160,1489,204,562,252,107,151,455,217,400,136,285,110,115,91
1400000US48491020321,48491020321,"Census Tract 203.21, Williamson County, Texas",619,62,428,91,383,95,45,42,18,28,27,31,191,82,134,55,57,71
1400000US48491020322,48491020322,"Census Tract 203.22, Williamson County, Texas",3001,163,2172,188,1591,184,581,152,32,36,549,148,829,197,578,171,251,135
1400000US48491020323,48491020323,"Census Tract 203.23, Williamson County, Texas",986,74,801,83,539,92,262,107,21,34,241,102,185,73,185,73,0,13
1400000US48491020324,48491020324,"Census Tract 203.24, Williamson County, Texas",1883,113,1496,134,1286,157,210,101,97,72,113,76,387,126,282,122,105,67
1400000US48491020325,48491020325,"Census Tract 203.25, Williamson County, Texas",936,55,783,74,483,134,300,148,121,133,179,115,153,79,101,66,52,51
1400000US48491020326,48491020326,"Census Tract 203.26, Williamson County, Texas",1923,91,1729,108,1542,148,187,103,21,25,166,104,194,75,163,67,31,28
1400000US48491020327,48491020327,"Census Tract 203.27, Williamson County, Texas",760,108,629,118,553,117,76,47,10,18,66,40,131,78,76,49,55,66
1400000US48491020328,48491020328,"Census Tract 203.28, Williamson County, Texas",2269,122,1811,156,1522,176,289,130,107,86,182,88,458,122,407,121,51,48
1400000US48491020403,48491020403,"Census Tract 204.03, Williamson County, Texas",698,81,460,90,372,76,88,55,41,52,47,28,238,91,162,74,76,63
1400000US48491020404,48491020404,"Census Tract 204.04, Williamson County, Texas",1364,66,998,96,760,103,238,88,108,73,130,72,366,87,299,75,67,51
1400000US48491020405,48491020405,"Census Tract 204.05, Williamson County, Texas",2630,160,1468,209,1051,215,417,146,107,77,310,128,1162,228,1039,226,123,82
1400000US48491020406,48491020406,"Census Tract 204.06, Williamson County, Texas",3144,203,1515,259,847,192,668,234,198,144,470,199,1629,222,1301,215,328,137
1400000US48491020408,48491020408,"Census Tract 204.08, Williamson County, Texas",1930,126,1258,157,713,160,545,173,122,99,423,165,672,166,559,152,113,80
1400000US48491020409,48491020409,"Census Tract 204.09, Williamson County, Texas",1953,143,886,140,652,136,234,99,15,27,219,97,1067,181,855,204,212,124
1400000US48491020410,48491020410,"Census Tract 204.10, Williamson County, Texas",2511,126,1403,175,895,175,508,154,261,164,247,136,1108,187,1016,191,92,70
1400000US48491020411,48491020411,"Census Tract 204.11, Williamson County, Texas",2420,83,1492,179,1162,171,330,152,52,64,278,143,928,176,755,178,173,88
1400000US48491020503,48491020503,"Census Tract 205.03, Williamson County, Texas",1704,134,1220,110,1068,99,152,64,37,31,115,56,484,118,416,110,68,60
1400000US48491020504,48491020504,"Census Tract 205.04, Williamson County, Texas",3512,210,1809,236,1111,243,698,217,203,133,495,184,1703,270,1449,271,254,116
1400000US48491020505,48491020505,"Census Tract 205.05, Williamson County, Texas",881,42,761,75,667,87,94,68,14,23,80,66,120,73,115,73,5,9
1400000US48491020506,48491020506,"Census Tract 205.06, Williamson County, Texas",2832,160,2267,216,1896,199,371,147,104,87,267,114,565,151,386,162,179,115
1400000US48491020507,48491020507,"Census Tract 205.07, Williamson County, Texas",1003,85,794,136,755,139,39,51,0,13,39,51,209,99,170,95,39,53
1400000US48491020508,48491020508,"Census Tract 205.08, Williamson County, Texas",2115,156,1267,206,733,155,534,226,89,92,445,203,848,176,507,160,341,168
1400000US48491020509,48491020509,"Census Tract 205.09, Williamson County, Texas",2217,119,1922,154,1739,160,183,104,51,52,132,99,295,120,223,120,72,55
1400000US48491020510,48491020510,"Census Tract 205.10, Williamson County, Texas",3238,180,2762,200,2540,206,222,125,116,103,106,73,476,136,284,101,192,118
1400000US48491020602,48491020602,"Census Tract 206.02, Williamson County, Texas",1668,106,1312,118,985,123,327,109,137,87,190,81,356,115,309,112,47,35
1400000US48491020603,48491020603,"Census Tract 206.03, Williamson County, Texas",2621,143,2442,171,2346,176,96,75,12,19,84,74,179,106,161,97,18,28
1400000US48491020604,48491020604,"Census Tract 206.04, Williamson County, Texas",1638,87,1345,138,1169,153,176,115,155,112,21,32,293,126,238,121,55,69
1400000US48491020605,48491020605,"Census Tract 206.05, Williamson County, Texas",2160,104,1883,119,1580,162,303,111,11,18,292,111,277,110,220,101,57,49
1400000US48491020701,48491020701,"Census Tract 207.01, Williamson County, Texas",818,113,560,119,453,120,107,63,21,26,86,54,258,90,186,83,72,65
1400000US48491020703,48491020703,"Census Tract 207.03, Williamson County, Texas",3603,180,2382,218,1509,252,873,236,395,224,478,190,1221,207,849,162,372,158
1400000US48491020704,48491020704,"Census Tract 207.04, Williamson County, Texas",2096,144,1330,154,1000,157,330,109,30,32,300,109,766,171,694,165,72,52
1400000US48491020706,48491020706,"Census Tract 207.06, Williamson County, Texas",1041,122,944,122,880,131,64,56,42,41,22,37,97,83,97,83,0,13
1400000US48491020707,48491020707,"Census Tract 207.07, Williamson County, Texas",1658,95,999,166,726,150,273,132,83,87,190,97,659,146,470,126,189,89
1400000US48491020708,48491020708,"Census Tract 207.08, Williamson County, Texas",2229,152,1722,217,1521,240,201,131,81,82,120,104,507,225,340,160,167,177
1400000US48491020803,48491020803,"Census Tract 208.03, Williamson County, Texas",1370,171,973,166,837,159,136,77,43,43,93,59,397,172,286,127,111,102
1400000US48491020804,48491020804,"Census Tract 208.04, Williamson County, Texas",2631,149,2335,152,1987,184,348,168,41,48,307,169,296,130,242,128,54,44
1400000US48491020805,48491020805,"Census Tract 208.05, Williamson County, Texas",2219,142,1905,152,1408,214,497,177,78,63,419,169,314,111,256,107,58,53
1400000US48491020806,48491020806,"Census Tract 208.06, Williamson County, Texas",631,92,588,100,491,120,97,56,23,31,74,57,43,38,21,23,22,30
1400000US48491020807,48491020807,"Census Tract 208.07, Williamson County, Texas",2186,191,1753,162,1391,193,362,166,20,36,342,159,433,162,395,163,38,35
1400000US48491020808,48491020808,"Census Tract 208.08, Williamson County, Texas",583,100,433,83,395,85,38,46,25,39,13,23,150,83,142,82,8,13
1400000US48491020809,48491020809,"Census Tract 208.09, Williamson County, Texas",1932,156,1576,179,1443,196,133,73,48,46,85,58,356,148,318,136,38,55
1400000US48491020900,48491020900,"Census Tract 209, Williamson County, Texas",1572,117,1096,98,1027,99,69,31,9,9,60,28,476,109,444,106,32,26
1400000US48491021000,48491021000,"Census Tract 210, Williamson County, Texas",1016,122,748,103,515,97,233,78,87,60,146,52,268,85,235,80,33,34
1400000US48491021100,48491021100,"Census Tract 211, Williamson County, Texas",990,109,696,103,519,112,177,73,46,35,131,68,294,100,278,97,16,16
1400000US48491021201,48491021201,"Census Tract 212.01, Williamson County, Texas",1117,102,828,121,748,122,80,44,15,15,65,42,289,94,252,90,37,31
1400000US48491021202,48491021202,"Census Tract 212.02, Williamson County, Texas",1270,121,889,100,648,84,241,99,37,35,204,96,381,112,318,98,63,69
1400000US48491021203,48491021203,"Census Tract 212.03, Williamson County, Texas",1078,96,736,107,509,102,227,91,33,40,194,79,342,103,325,103,17,20
1400000US48491021300,48491021300,"Census Tract 213, Williamson County, Texas",1245,105,847,105,651,102,196,64,75,44,121,44,398,85,362,85,36,22
1400000US48491021401,48491021401,"Census Tract 214.01, Williamson County, Texas",2663,155,2145,201,1680,195,465,185,35,38,430,185,518,160,438,153,80,80
1400000US48491021402,48491021402,"Census Tract 214.02, Williamson County, Texas",1428,132,664,118,406,101,258,86,92,59,166,75,764,138,692,142,72,53
1400000US48491021403,48491021403,"Census Tract 214.03, Williamson County, Texas",1152,121,768,111,597,116,171,80,67,58,104,64,384,142,356,144,28,29
1400000US48491021502,48491021502,"Census Tract 215.02, Williamson County, Texas",1577,115,1150,130,654,145,496,137,180,102,316,94,427,109,342,106,85,59
1400000US48491021503,48491021503,"Census Tract 215.03, Williamson County, Texas",1543,153,1076,180,707,119,369,160,67,73,302,151,467,127,334,103,133,65
1400000US48491021504,48491021504,"Census Tract 215.04, Williamson County, Texas",1782,188,1128,204,1128,204,0,13,0,13,0,13,654,214,384,180,270,168
1400000US48491021505,48491021505,"Census Tract 215.05, Williamson County, Texas",2509,121,1646,190,1205,182,441,176,213,146,228,94,863,225,695,214,168,115
1400000US48491021506,48491021506,"Census Tract 215.06, Williamson County, Texas",898,133,691,140,625,155,66,55,23,37,43,41,207,100,207,100,0,13
1400000US48491021507,48491021507,"Census Tract 215.07, Williamson County, Texas",3213,293,2288,336,1764,313,524,192,170,124,354,184,925,272,791,269,134,88
1400000US48491021508,48491021508,"Census Tract 215.08, Williamson County, Texas",2373,229,1733,294,1239,325,494,306,235,299,259,148,640,215,394,205,246,156
1400000US48491021601,48491021601,"Census Tract 216.01, Williamson County, Texas",1057,121,868,136,739,127,129,79,25,27,104,77,189,93,172,90,17,16
1400000US48491021602,48491021602,"Census Tract 216.02, Williamson County, Texas",995,102,741,113,677,113,64,39,24,22,40,30,254,111,143,87,111,78
1400000US48491021603,48491021603,"Census Tract 216.03, Williamson County, Texas",524,67,420,69,347,77,73,41,51,36,22,14,104,51,77,43,27,22
