GEO.id,GEO.id2,GEO.display-label,HD01_VD01,HD02_VD01,HD01_VD02,HD02_VD02,HD01_VD03,HD02_VD03,HD01_VD04,HD02_VD04,HD01_VD05,HD02_VD05,HD01_VD06,HD02_VD06,HD01_VD07,HD02_VD07,HD01_VD08,HD02_VD08,HD01_VD09,HD02_VD09
Id,Id2,Geography,Estimate; Total:,Margin of Error; Total:,Estimate; Family households:,Margin of Error; Family households:,Estimate; Family households: - Married-couple family,Margin of Error; Family households: - Married-couple family,Estimate; Family households: - Other family:,Margin of Error; Family households: - Other family:,"Estimate; Family households: - Other family: - Male householder, no wife present","Margin of Error; Family households: - Other family: - Male householder, no wife present","Estimate; Family households: - Other family: - Female householder, no husband present","Margin of Error; Family households: - Other family: - Female householder, no husband present",Estimate; Nonfamily households:,Margin of Error; Nonfamily households:,Estimate; Nonfamily households: - Householder living alone,Margin of Error; Nonfamily households: - Householder living alone,Estimate; Nonfamily households: - Householder not living alone,Margin of Error; Nonfamily households: - Householder not living alone
1400000US48021950100,48021950100,"Census Tract 9501, Bastrop County, Texas",3211,250,2535,267,2242,279,293,127,120,98,173,80,676,193,598,173,78,53
1400000US48021950200,48021950200,"Census Tract 9502, Bastrop County, Texas",2939,309,2190,223,1552,286,638,171,244,121,394,152,749,226,614,219,135,107
1400000US48021950300,48021950300,"Census Tract 9503, Bastrop County, Texas",4555,244,3412,293,2788,267,624,194,165,90,459,175,1143,194,961,199,182,111
1400000US48021950400,48021950400,"Census Tract 9504, Bastrop County, Texas",3163,295,1959,234,1441,224,518,178,57,55,461,177,1204,296,1006,266,198,130
1400000US48021950501,48021950501,"Census Tract 9505.01, Bastrop County, Texas",2000,214,1544,223,1170,229,374,172,92,98,282,138,456,158,338,150,118,112
1400000US48021950502,48021950502,"Census Tract 9505.02, Bastrop County, Texas",2206,213,1614,223,1475,230,139,89,67,64,72,60,592,144,538,141,54,58
1400000US48021950600,48021950600,"Census Tract 9506, Bastrop County, Texas",1725,201,1129,167,953,160,176,97,115,88,61,52,596,159,565,155,31,32
1400000US48021950700,48021950700,"Census Tract 9507, Bastrop County, Texas",1638,205,1054,141,673,129,381,138,42,50,339,128,584,159,545,157,39,37
1400000US48021950801,48021950801,"Census Tract 9508.01, Bastrop County, Texas",1875,233,1400,254,996,236,404,211,142,119,262,164,475,177,323,123,152,118
1400000US48021950802,48021950802,"Census Tract 9508.02, Bastrop County, Texas",2210,212,1896,221,1279,204,617,206,319,135,298,152,314,125,282,118,32,37
1400000US48055960101,48055960101,"Census Tract 9601.01, Caldwell County, Texas",1708,155,1141,138,919,167,222,94,62,54,160,70,567,138,556,140,11,12
1400000US48055960102,48055960102,"Census Tract 9601.02, Caldwell County, Texas",1263,132,889,139,710,145,179,114,82,82,97,88,374,130,345,133,29,39
1400000US48055960200,48055960200,"Census Tract 9602, Caldwell County, Texas",1184,133,843,120,595,98,248,102,109,83,139,75,341,101,251,99,90,60
1400000US48055960300,48055960300,"Census Tract 9603, Caldwell County, Texas",1341,142,964,126,750,134,214,94,86,72,128,63,377,92,341,90,36,36
1400000US48055960400,48055960400,"Census Tract 9604, Caldwell County, Texas",1096,124,720,112,397,87,323,99,103,73,220,82,376,108,369,107,7,12
1400000US48055960500,48055960500,"Census Tract 9605, Caldwell County, Texas",1892,158,1411,145,910,143,501,121,106,57,395,126,481,105,375,96,106,58
1400000US48055960600,48055960600,"Census Tract 9606, Caldwell County, Texas",837,116,614,111,470,99,144,62,18,24,126,57,223,81,184,70,39,38
1400000US48055960700,48055960700,"Census Tract 9607, Caldwell County, Texas",2143,211,1317,190,801,190,516,196,71,51,445,189,826,208,725,186,101,97
1400000US48209010100,48209010100,"Census Tract 101, Hays County, Texas",1005,93,309,84,193,66,116,73,42,45,74,58,696,120,454,137,242,107
1400000US48209010200,48209010200,"Census Tract 102, Hays County, Texas",435,86,162,66,89,27,73,58,22,27,51,51,273,83,135,71,138,70
1400000US48209010302,48209010302,"Census Tract 103.02, Hays County, Texas",1617,154,953,150,495,124,458,135,210,110,248,90,664,159,423,139,241,102
1400000US48209010303,48209010303,"Census Tract 103.03, Hays County, Texas",2113,199,707,187,393,123,314,172,145,112,169,134,1406,202,681,192,725,192
1400000US48209010304,48209010304,"Census Tract 103.04, Hays County, Texas",2582,187,754,152,429,124,325,133,80,64,245,114,1828,219,1347,217,481,137
1400000US48209010400,48209010400,"Census Tract 104, Hays County, Texas",2899,208,1507,209,1095,203,412,154,151,103,261,115,1392,224,1042,210,350,156
1400000US48209010500,48209010500,"Census Tract 105, Hays County, Texas",1399,117,723,125,422,110,301,101,66,49,235,110,676,138,558,136,118,90
1400000US48209010600,48209010600,"Census Tract 106, Hays County, Texas",3841,234,2320,244,1768,206,552,182,227,138,325,132,1521,270,1223,251,298,130
1400000US48209010701,48209010701,"Census Tract 107.01, Hays County, Texas",3136,297,792,173,540,116,252,137,104,97,148,88,2344,282,1212,269,1132,232
1400000US48209010702,48209010702,"Census Tract 107.02, Hays County, Texas",973,137,488,93,428,85,60,45,0,95,60,45,485,122,240,97,245,107
1400000US48209010803,48209010803,"Census Tract 108.03, Hays County, Texas",1828,185,1099,198,851,152,248,178,30,37,218,179,729,199,622,198,107,86
1400000US48209010804,48209010804,"Census Tract 108.04, Hays County, Texas",3843,253,2671,237,2412,253,259,102,66,43,193,97,1172,239,872,231,300,158
1400000US48209010805,48209010805,"Census Tract 108.05, Hays County, Texas",1790,148,1602,149,1462,154,140,69,21,24,119,66,188,73,171,72,17,16
1400000US48209010806,48209010806,"Census Tract 108.06, Hays County, Texas",1374,62,1106,110,1024,143,82,67,33,47,49,43,268,93,253,94,15,15
1400000US48209010807,48209010807,"Census Tract 108.07, Hays County, Texas",704,129,526,133,360,123,166,61,73,41,93,71,178,99,159,96,19,27
1400000US48209010808,48209010808,"Census Tract 108.08, Hays County, Texas",2178,168,1766,170,1575,161,191,113,23,31,168,105,412,141,322,125,90,72
1400000US48209010809,48209010809,"Census Tract 108.09, Hays County, Texas",1753,126,1491,153,1326,148,165,94,102,79,63,44,262,109,177,86,85,58
1400000US48209010901,48209010901,"Census Tract 109.01, Hays County, Texas",2768,145,2436,172,2187,192,249,107,103,66,146,95,332,123,273,113,59,63
1400000US48209010902,48209010902,"Census Tract 109.02, Hays County, Texas",3354,221,2689,236,2136,232,553,169,68,72,485,151,665,165,562,171,103,85
1400000US48209010905,48209010905,"Census Tract 109.05, Hays County, Texas",1710,154,1396,164,1189,150,207,120,58,61,149,95,314,179,274,169,40,62
1400000US48209010906,48209010906,"Census Tract 109.06, Hays County, Texas",3062,248,2317,187,1702,222,615,192,207,105,408,148,745,226,532,196,213,155
1400000US48209010907,48209010907,"Census Tract 109.07, Hays County, Texas",2742,190,2198,206,1768,253,430,165,102,80,328,159,544,164,423,149,121,65
1400000US48209010908,48209010908,"Census Tract 109.08, Hays County, Texas",2014,182,1492,194,1149,206,343,122,142,91,201,109,522,148,357,113,165,90
1400000US48209010909,48209010909,"Census Tract 109.09, Hays County, Texas",1467,134,1012,114,874,120,138,63,78,46,60,45,455,118,405,115,50,38
1400000US48209010910,48209010910,"Census Tract 109.10, Hays County, Texas",2130,204,1658,195,1228,197,430,143,91,74,339,126,472,159,421,151,51,40
1400000US48453000101,48453000101,"Census Tract 1.01, Travis County, Texas",1825,83,842,148,772,151,70,45,34,31,36,30,983,152,775,141,208,105
1400000US48453000102,48453000102,"Census Tract 1.02, Travis County, Texas",1077,72,689,69,625,84,64,41,26,27,38,34,388,94,330,83,58,42
1400000US48453000203,48453000203,"Census Tract 2.03, Travis County, Texas",733,102,143,63,112,60,31,24,0,95,31,24,590,107,346,94,244,101
1400000US48453000204,48453000204,"Census Tract 2.04, Travis County, Texas",1590,97,531,88,437,84,94,62,34,27,60,55,1059,109,827,129,232,106
1400000US48453000205,48453000205,"Census Tract 2.05, Travis County, Texas",2056,124,606,146,444,141,162,91,77,55,85,76,1450,160,1243,198,207,104
1400000US48453000206,48453000206,"Census Tract 2.06, Travis County, Texas",1600,88,757,138,546,164,211,118,147,112,64,48,843,160,657,168,186,88
1400000US48453000302,48453000302,"Census Tract 3.02, Travis County, Texas",2999,153,877,162,706,141,171,93,132,86,39,38,2122,191,1563,199,559,171
1400000US48453000304,48453000304,"Census Tract 3.04, Travis County, Texas",1454,106,388,121,216,85,172,95,47,60,125,77,1066,152,589,134,477,152
1400000US48453000305,48453000305,"Census Tract 3.05, Travis County, Texas",1890,112,297,81,188,85,109,64,35,34,74,60,1593,139,1039,163,554,153
1400000US48453000306,48453000306,"Census Tract 3.06, Travis County, Texas",798,98,395,128,263,117,132,81,30,32,102,72,403,115,264,100,139,80
1400000US48453000307,48453000307,"Census Tract 3.07, Travis County, Texas",821,60,339,86,266,88,73,49,22,27,51,38,482,91,271,89,211,71
1400000US48453000401,48453000401,"Census Tract 4.01, Travis County, Texas",1572,135,372,90,285,84,87,50,41,42,46,31,1200,142,782,146,418,94
1400000US48453000402,48453000402,"Census Tract 4.02, Travis County, Texas",1279,92,398,126,209,77,189,97,76,73,113,67,881,149,683,143,198,85
1400000US48453000500,48453000500,"Census Tract 5, Travis County, Texas",2536,195,474,114,345,97,129,74,52,48,77,57,2062,195,1364,214,698,181
1400000US48453000601,48453000601,"Census Tract 6.01, Travis County, Texas",624,106,72,53,55,49,17,18,9,14,8,12,552,104,181,70,371,98
1400000US48453000603,48453000603,"Census Tract 6.03, Travis County, Texas",2611,168,237,118,40,37,197,113,91,84,106,67,2374,161,918,183,1456,195
1400000US48453000604,48453000604,"Census Tract 6.04, Travis County, Texas",1774,225,164,73,71,50,93,56,70,51,23,27,1610,223,709,180,901,219
1400000US48453000700,48453000700,"Census Tract 7, Travis County, Texas",716,103,113,52,113,52,0,95,0,95,0,95,603,104,371,124,232,100
1400000US48453000801,48453000801,"Census Tract 8.01, Travis County, Texas",500,65,334,61,228,58,106,59,39,36,67,54,166,60,156,58,10,12
1400000US48453000802,48453000802,"Census Tract 8.02, Travis County, Texas",1141,102,613,129,182,69,431,119,35,25,396,118,528,114,388,111,140,79
1400000US48453000803,48453000803,"Census Tract 8.03, Travis County, Texas",873,110,427,110,194,94,233,82,87,72,146,85,446,127,299,106,147,85
1400000US48453000804,48453000804,"Census Tract 8.04, Travis County, Texas",985,73,442,102,231,71,211,78,62,47,149,68,543,100,405,94,138,66
1400000US48453000901,48453000901,"Census Tract 9.01, Travis County, Texas",746,81,385,70,210,94,175,85,11,16,164,84,361,99,217,74,144,68
1400000US48453000902,48453000902,"Census Tract 9.02, Travis County, Texas",1833,111,982,162,359,105,623,141,180,94,443,119,851,149,575,144,276,125
1400000US48453001000,48453001000,"Census Tract 10, Travis County, Texas",1505,94,755,120,475,135,280,96,128,79,152,61,750,119,626,125,124,77
1400000US48453001100,48453001100,"Census Tract 11, Travis County, Texas",2264,227,510,160,434,143,76,86,76,86,0,95,1754,238,1544,236,210,107
1400000US48453001200,48453001200,"Census Tract 12, Travis County, Texas",2216,241,604,119,456,119,148,69,34,35,114,63,1612,224,1272,216,340,138
1400000US48453001303,48453001303,"Census Tract 13.03, Travis County, Texas",1260,130,540,98,420,84,120,72,29,47,91,55,720,133,575,122,145,74
1400000US48453001304,48453001304,"Census Tract 13.04, Travis County, Texas",2053,70,628,107,423,77,205,93,120,75,85,47,1425,119,986,154,439,120
1400000US48453001305,48453001305,"Census Tract 13.05, Travis County, Texas",2710,146,1078,137,553,134,525,129,92,62,433,115,1632,189,1334,214,298,138
1400000US48453001307,48453001307,"Census Tract 13.07, Travis County, Texas",1844,82,798,138,442,94,356,127,45,58,311,121,1046,129,847,144,199,86
1400000US48453001308,48453001308,"Census Tract 13.08, Travis County, Texas",1191,102,537,124,331,90,206,89,94,75,112,60,654,145,437,119,217,102
1400000US48453001401,48453001401,"Census Tract 14.01, Travis County, Texas",1541,142,558,115,454,120,104,50,53,37,51,40,983,139,634,140,349,110
1400000US48453001402,48453001402,"Census Tract 14.02, Travis County, Texas",1454,52,432,91,318,65,114,68,59,59,55,48,1022,106,728,108,294,94
1400000US48453001403,48453001403,"Census Tract 14.03, Travis County, Texas",757,77,177,50,108,54,69,53,59,54,10,15,580,92,346,91,234,79
1400000US48453001501,48453001501,"Census Tract 15.01, Travis County, Texas",2287,111,1308,112,998,137,310,112,93,66,217,95,979,159,790,146,189,88
1400000US48453001503,48453001503,"Census Tract 15.03, Travis County, Texas",1780,95,763,120,532,111,231,90,19,31,212,78,1017,142,584,142,433,135
1400000US48453001504,48453001504,"Census Tract 15.04, Travis County, Texas",2190,60,1131,165,839,158,292,136,66,71,226,106,1059,164,854,159,205,92
1400000US48453001505,48453001505,"Census Tract 15.05, Travis County, Texas",2230,35,906,165,706,173,200,108,64,74,136,88,1324,170,953,184,371,160
1400000US48453001602,48453001602,"Census Tract 16.02, Travis County, Texas",1594,123,758,125,645,118,113,44,38,29,75,47,836,125,645,117,191,83
1400000US48453001603,48453001603,"Census Tract 16.03, Travis County, Texas",1745,140,1188,125,1041,121,147,89,70,65,77,60,557,127,401,119,156,59
1400000US48453001604,48453001604,"Census Tract 16.04, Travis County, Texas",1647,82,1127,124,935,112,192,78,77,56,115,55,520,124,407,103,113,83
1400000US48453001605,48453001605,"Census Tract 16.05, Travis County, Texas",1799,176,823,154,745,152,78,50,0,95,78,50,976,174,744,159,232,111
1400000US48453001606,48453001606,"Census Tract 16.06, Travis County, Texas",0,95,0,95,0,95,0,95,0,95,0,95,0,95,0,95,0,95
1400000US48453001705,48453001705,"Census Tract 17.05, Travis County, Texas",2041,124,1145,137,1058,123,87,70,0,95,87,70,896,156,735,143,161,113
1400000US48453001706,48453001706,"Census Tract 17.06, Travis County, Texas",1730,91,997,132,715,107,282,117,151,94,131,79,733,118,677,121,56,46
1400000US48453001707,48453001707,"Census Tract 17.07, Travis County, Texas",2456,80,1341,182,915,144,426,174,88,74,338,157,1115,194,852,189,263,144
1400000US48453001712,48453001712,"Census Tract 17.12, Travis County, Texas",1930,99,790,129,514,122,276,92,101,73,175,89,1140,146,961,134,179,84
1400000US48453001713,48453001713,"Census Tract 17.13, Travis County, Texas",1722,86,987,121,633,154,354,128,117,78,237,96,735,126,581,117,154,78
1400000US48453001714,48453001714,"Census Tract 17.14, Travis County, Texas",4827,179,3118,295,2529,282,589,184,260,158,329,151,1709,303,1221,273,488,234
1400000US48453001716,48453001716,"Census Tract 17.16, Travis County, Texas",2250,124,1402,148,1229,119,173,119,117,108,56,45,848,164,768,158,80,48
1400000US48453001718,48453001718,"Census Tract 17.18, Travis County, Texas",2831,131,1215,152,1041,125,174,102,45,41,129,91,1616,173,1360,174,256,103
1400000US48453001719,48453001719,"Census Tract 17.19, Travis County, Texas",1630,71,1272,98,1148,99,124,70,11,19,113,65,358,97,309,89,49,40
1400000US48453001722,48453001722,"Census Tract 17.22, Travis County, Texas",2716,108,797,178,705,163,92,81,0,95,92,81,1919,212,1608,214,311,139
1400000US48453001728,48453001728,"Census Tract 17.28, Travis County, Texas",2773,164,1702,169,1158,166,544,150,111,83,433,120,1071,216,737,178,334,135
1400000US48453001729,48453001729,"Census Tract 17.29, Travis County, Texas",2045,130,991,190,827,173,164,83,44,42,120,65,1054,162,675,138,379,124
1400000US48453001733,48453001733,"Census Tract 17.33, Travis County, Texas",1210,84,1011,111,932,109,79,66,58,62,21,26,199,82,185,79,14,22
1400000US48453001737,48453001737,"Census Tract 17.37, Travis County, Texas",3891,63,2834,136,2412,162,422,147,69,52,353,144,1057,145,767,136,290,102
1400000US48453001738,48453001738,"Census Tract 17.38, Travis County, Texas",2657,104,1916,129,1603,151,313,132,44,40,269,126,741,153,627,149,114,70
1400000US48453001740,48453001740,"Census Tract 17.40, Travis County, Texas",1667,54,1105,122,866,109,239,116,24,28,215,121,562,118,469,116,93,77
1400000US48453001741,48453001741,"Census Tract 17.41, Travis County, Texas",1562,135,966,135,730,128,236,105,112,75,124,82,596,145,533,141,63,45
1400000US48453001742,48453001742,"Census Tract 17.42, Travis County, Texas",1818,139,1325,153,1112,151,213,84,57,36,156,74,493,131,354,119,139,78
1400000US48453001745,48453001745,"Census Tract 17.45, Travis County, Texas",1057,47,581,78,389,71,192,71,41,40,151,61,476,100,406,106,70,54
1400000US48453001746,48453001746,"Census Tract 17.46, Travis County, Texas",1673,61,840,131,630,127,210,82,9,13,201,81,833,130,538,98,295,116
1400000US48453001747,48453001747,"Census Tract 17.47, Travis County, Texas",1989,109,1268,139,968,128,300,104,111,73,189,72,721,138,401,115,320,115
1400000US48453001748,48453001748,"Census Tract 17.48, Travis County, Texas",1968,123,1368,126,1062,144,306,108,147,79,159,75,600,124,425,105,175,81
1400000US48453001749,48453001749,"Census Tract 17.49, Travis County, Texas",2769,174,1211,186,901,163,310,104,9,17,301,107,1558,206,1185,226,373,193
1400000US48453001750,48453001750,"Census Tract 17.50, Travis County, Texas",2486,139,1173,170,949,186,224,109,52,66,172,95,1313,191,923,187,390,145
1400000US48453001751,48453001751,"Census Tract 17.51, Travis County, Texas",921,74,533,66,512,63,21,21,0,95,21,21,388,80,346,74,42,37
1400000US48453001752,48453001752,"Census Tract 17.52, Travis County, Texas",2282,174,645,163,525,157,120,78,81,67,39,41,1637,179,1233,192,404,139
1400000US48453001753,48453001753,"Census Tract 17.53, Travis County, Texas",821,26,163,59,127,58,36,27,0,95,36,27,658,64,542,88,116,67
1400000US48453001754,48453001754,"Census Tract 17.54, Travis County, Texas",2241,144,1115,137,843,126,272,116,82,102,190,90,1126,167,963,167,163,89
1400000US48453001755,48453001755,"Census Tract 17.55, Travis County, Texas",1942,82,1699,113,1597,102,102,56,36,40,66,43,243,76,190,69,53,36
1400000US48453001756,48453001756,"Census Tract 17.56, Travis County, Texas",1697,92,1088,128,942,143,146,77,50,41,96,74,609,126,526,117,83,55
1400000US48453001757,48453001757,"Census Tract 17.57, Travis County, Texas",927,55,488,66,433,74,55,43,16,21,39,37,439,76,333,71,106,63
1400000US48453001760,48453001760,"Census Tract 17.60, Travis County, Texas",4457,240,3511,244,3214,244,297,121,73,62,224,111,946,305,546,209,400,229
1400000US48453001761,48453001761,"Census Tract 17.61, Travis County, Texas",2714,168,1831,201,1692,179,139,103,17,27,122,97,883,208,764,214,119,69
1400000US48453001764,48453001764,"Census Tract 17.64, Travis County, Texas",2332,207,1675,183,1600,178,75,48,7,9,68,45,657,179,562,164,95,77
1400000US48453001765,48453001765,"Census Tract 17.65, Travis County, Texas",5263,223,3850,272,3280,214,570,209,122,94,448,203,1413,244,1077,229,336,131
1400000US48453001766,48453001766,"Census Tract 17.66, Travis County, Texas",2584,179,2006,189,1586,210,420,177,141,94,279,148,578,163,464,152,114,66
1400000US48453001768,48453001768,"Census Tract 17.68, Travis County, Texas",2186,194,1547,203,1324,204,223,127,105,112,118,66,639,178,466,156,173,111
1400000US48453001769,48453001769,"Census Tract 17.69, Travis County, Texas",2134,130,1446,146,1278,154,168,88,41,54,127,86,688,141,512,132,176,87
1400000US48453001770,48453001770,"Census Tract 17.70, Travis County, Texas",3551,133,3149,171,2978,188,171,89,29,26,142,85,402,156,338,151,64,46
1400000US48453001771,48453001771,"Census Tract 17.71, Travis County, Texas",1638,132,1186,106,1078,113,108,65,29,28,79,56,452,158,418,151,34,32
1400000US48453001772,48453001772,"Census Tract 17.72, Travis County, Texas",936,122,781,151,576,171,205,167,17,28,188,169,155,92,124,88,31,33
1400000US48453001773,48453001773,"Census Tract 17.73, Travis County, Texas",2085,134,1647,124,1503,116,144,70,41,47,103,46,438,121,374,114,64,46
1400000US48453001774,48453001774,"Census Tract 17.74, Travis County, Texas",2770,240,2269,216,2041,237,228,91,25,21,203,89,501,197,322,155,179,106
1400000US48453001775,48453001775,"Census Tract 17.75, Travis County, Texas",1411,110,1176,107,1021,119,155,84,51,45,104,63,235,156,219,150,16,22
1400000US48453001776,48453001776,"Census Tract 17.76, Travis County, Texas",1048,93,640,101,445,110,195,75,22,32,173,71,408,111,220,82,188,80
1400000US48453001777,48453001777,"Census Tract 17.77, Travis County, Texas",2242,144,1391,221,1138,185,253,128,98,103,155,78,851,208,604,204,247,112
1400000US48453001778,48453001778,"Census Tract 17.78, Travis County, Texas",1504,114,1090,123,920,97,170,85,38,35,132,78,414,139,270,123,144,85
1400000US48453001779,48453001779,"Census Tract 17.79, Travis County, Texas",2511,281,2030,217,1806,178,224,158,63,95,161,120,481,172,436,174,45,72
1400000US48453001780,48453001780,"Census Tract 17.80, Travis County, Texas",1847,166,1309,164,1140,166,169,89,64,70,105,52,538,147,481,137,57,40
1400000US48453001781,48453001781,"Census Tract 17.81, Travis County, Texas",963,92,740,79,710,76,30,38,0,95,30,38,223,110,216,109,7,15
1400000US48453001782,48453001782,"Census Tract 17.82, Travis County, Texas",1622,119,1379,137,1267,120,112,75,0,95,112,75,243,107,134,66,109,83
1400000US48453001783,48453001783,"Census Tract 17.83, Travis County, Texas",2032,80,1440,145,1215,162,225,117,0,95,225,117,592,144,464,138,128,78
1400000US48453001784,48453001784,"Census Tract 17.84, Travis County, Texas",1551,99,1436,98,1362,99,74,44,19,31,55,32,115,55,115,55,0,95
1400000US48453001785,48453001785,"Census Tract 17.85, Travis County, Texas",2260,104,677,149,520,145,157,109,37,37,120,97,1583,196,1230,236,353,169
1400000US48453001786,48453001786,"Census Tract 17.86, Travis County, Texas",2745,106,889,223,639,173,250,138,46,45,204,129,1856,226,1341,227,515,178
1400000US48453001804,48453001804,"Census Tract 18.04, Travis County, Texas",2519,144,1508,225,760,209,748,188,264,138,484,164,1011,212,705,191,306,113
1400000US48453001805,48453001805,"Census Tract 18.05, Travis County, Texas",1706,119,1027,140,549,128,478,136,135,91,343,126,679,149,549,137,130,84
1400000US48453001806,48453001806,"Census Tract 18.06, Travis County, Texas",2379,189,1498,196,712,163,786,184,200,122,586,154,881,162,539,141,342,137
1400000US48453001811,48453001811,"Census Tract 18.11, Travis County, Texas",1115,109,648,143,253,105,395,131,168,81,227,111,467,142,388,128,79,69
1400000US48453001812,48453001812,"Census Tract 18.12, Travis County, Texas",2855,177,1434,222,813,194,621,172,196,126,425,146,1421,203,1087,169,334,138
1400000US48453001813,48453001813,"Census Tract 18.13, Travis County, Texas",2186,106,1213,198,607,171,606,188,259,112,347,142,973,168,745,150,228,114
1400000US48453001817,48453001817,"Census Tract 18.17, Travis County, Texas",2002,138,852,163,568,135,284,123,123,83,161,83,1150,193,976,184,174,96
1400000US48453001818,48453001818,"Census Tract 18.18, Travis County, Texas",2132,150,1209,209,915,180,294,141,68,82,226,106,923,212,604,168,319,168
1400000US48453001819,48453001819,"Census Tract 18.19, Travis County, Texas",1423,82,950,130,416,112,534,131,201,96,333,116,473,136,228,103,245,105
1400000US48453001820,48453001820,"Census Tract 18.20, Travis County, Texas",2587,172,1611,223,761,177,850,198,341,143,509,152,976,187,808,159,168,105
1400000US48453001821,48453001821,"Census Tract 18.21, Travis County, Texas",1806,93,1197,142,691,128,506,132,156,82,350,115,609,135,408,111,201,80
1400000US48453001822,48453001822,"Census Tract 18.22, Travis County, Texas",2245,134,1721,198,982,203,739,196,258,129,481,148,524,160,450,158,74,63
1400000US48453001823,48453001823,"Census Tract 18.23, Travis County, Texas",2062,130,1350,212,813,204,537,161,205,125,332,117,712,193,483,137,229,127
1400000US48453001824,48453001824,"Census Tract 18.24, Travis County, Texas",811,42,469,93,361,86,108,57,9,12,99,55,342,86,237,80,105,64
1400000US48453001826,48453001826,"Census Tract 18.26, Travis County, Texas",965,101,380,87,266,65,114,66,23,23,91,67,585,119,433,113,152,79
1400000US48453001828,48453001828,"Census Tract 18.28, Travis County, Texas",1542,102,1007,113,898,102,109,59,12,15,97,57,535,123,352,109,183,78
1400000US48453001829,48453001829,"Census Tract 18.29, Travis County, Texas",1465,91,336,68,267,64,69,43,30,29,39,32,1129,111,736,162,393,141
1400000US48453001832,48453001832,"Census Tract 18.32, Travis County, Texas",1169,88,692,130,444,135,248,107,45,49,203,106,477,124,359,98,118,95
1400000US48453001833,48453001833,"Census Tract 18.33, Travis County, Texas",2376,133,1526,197,679,170,847,212,292,150,555,179,850,174,564,143,286,122
1400000US48453001834,48453001834,"Census Tract 18.34, Travis County, Texas",3520,203,2010,246,1303,219,707,195,252,129,455,167,1510,235,1217,216,293,119
1400000US48453001835,48453001835,"Census Tract 18.35, Travis County, Texas",1787,153,1205,195,658,181,547,160,226,121,321,134,582,141,457,137,125,62
1400000US48453001839,48453001839,"Census Tract 18.39, Travis County, Texas",2814,202,1443,160,932,147,511,152,153,92,358,115,1371,209,1037,184,334,140
1400000US48453001840,48453001840,"Census Tract 18.40, Travis County, Texas",2612,162,1862,193,1115,194,747,203,233,117,514,171,750,168,571,155,179,71
1400000US48453001841,48453001841,"Census Tract 18.41, Travis County, Texas",5010,197,4161,243,3166,285,995,252,197,90,798,240,849,199,669,167,180,107
1400000US48453001842,48453001842,"Census Tract 18.42, Travis County, Texas",2344,143,1782,182,1251,186,531,160,277,123,254,92,562,166,464,149,98,58
1400000US48453001843,48453001843,"Census Tract 18.43, Travis County, Texas",961,32,564,80,479,75,85,48,8,17,77,44,397,77,274,71,123,71
1400000US48453001844,48453001844,"Census Tract 18.44, Travis County, Texas",1534,83,753,118,447,94,306,104,121,62,185,79,781,119,567,114,214,89
1400000US48453001845,48453001845,"Census Tract 18.45, Travis County, Texas",1394,105,783,113,571,96,212,82,55,56,157,62,611,106,477,103,134,58
1400000US48453001846,48453001846,"Census Tract 18.46, Travis County, Texas",1014,43,688,60,637,67,51,40,17,26,34,31,326,67,251,69,75,56
1400000US48453001847,48453001847,"Census Tract 18.47, Travis County, Texas",2853,131,1629,192,1223,183,406,145,92,88,314,138,1224,224,843,193,381,148
1400000US48453001848,48453001848,"Census Tract 18.48, Travis County, Texas",1886,108,1087,148,896,163,191,66,60,38,131,63,799,149,593,152,206,92
1400000US48453001849,48453001849,"Census Tract 18.49, Travis County, Texas",3206,202,1111,216,836,197,275,143,69,83,206,115,2095,238,1731,224,364,136
1400000US48453001850,48453001850,"Census Tract 18.50, Travis County, Texas",2034,126,935,162,462,132,473,141,108,78,365,127,1099,166,831,149,268,89
1400000US48453001851,48453001851,"Census Tract 18.51, Travis County, Texas",3843,233,2041,286,1477,260,564,149,155,92,409,127,1802,298,1220,216,582,260
1400000US48453001853,48453001853,"Census Tract 18.53, Travis County, Texas",1320,71,793,88,600,96,193,72,25,24,168,76,527,107,400,108,127,70
1400000US48453001854,48453001854,"Census Tract 18.54, Travis County, Texas",1438,149,1113,124,841,170,272,122,80,81,192,88,325,139,240,125,85,69
1400000US48453001855,48453001855,"Census Tract 18.55, Travis County, Texas",4191,238,3631,261,2692,321,939,281,225,121,714,216,560,195,406,144,154,111
1400000US48453001856,48453001856,"Census Tract 18.56, Travis County, Texas",1614,164,1326,174,1069,163,257,120,144,106,113,78,288,134,170,83,118,102
1400000US48453001857,48453001857,"Census Tract 18.57, Travis County, Texas",1857,212,1124,210,925,199,199,116,57,56,142,109,733,183,591,180,142,94
1400000US48453001858,48453001858,"Census Tract 18.58, Travis County, Texas",4538,220,3909,206,3381,253,528,176,243,144,285,127,629,157,519,157,110,72
1400000US48453001859,48453001859,"Census Tract 18.59, Travis County, Texas",333,48,295,72,285,70,10,16,0,95,10,16,38,47,10,17,28,41
1400000US48453001860,48453001860,"Census Tract 18.60, Travis County, Texas",1500,146,1006,183,630,177,376,184,103,86,273,166,494,163,259,106,235,135
1400000US48453001861,48453001861,"Census Tract 18.61, Travis County, Texas",1532,105,1155,161,881,181,274,126,13,22,261,128,377,140,333,135,44,43
1400000US48453001862,48453001862,"Census Tract 18.62, Travis County, Texas",1823,139,1501,161,975,169,526,164,98,89,428,139,322,131,207,106,115,74
1400000US48453001863,48453001863,"Census Tract 18.63, Travis County, Texas",1940,154,637,152,360,109,277,125,94,95,183,90,1303,184,955,167,348,153
1400000US48453001864,48453001864,"Census Tract 18.64, Travis County, Texas",1460,120,537,129,337,117,200,78,49,47,151,84,923,159,646,137,277,116
1400000US48453001901,48453001901,"Census Tract 19.01, Travis County, Texas",2995,105,1105,123,903,129,202,92,66,52,136,82,1890,174,1633,203,257,112
1400000US48453001908,48453001908,"Census Tract 19.08, Travis County, Texas",3326,195,1841,185,1613,177,228,141,64,73,164,119,1485,232,1255,234,230,124
1400000US48453001910,48453001910,"Census Tract 19.10, Travis County, Texas",1885,77,1065,113,910,109,155,89,35,30,120,85,820,122,721,107,99,77
1400000US48453001911,48453001911,"Census Tract 19.11, Travis County, Texas",1800,97,551,137,403,122,148,67,46,48,102,54,1249,162,970,140,279,96
1400000US48453001912,48453001912,"Census Tract 19.12, Travis County, Texas",1446,97,1081,120,1017,121,64,42,44,32,20,22,365,107,343,109,22,23
1400000US48453001913,48453001913,"Census Tract 19.13, Travis County, Texas",1603,118,1381,98,1346,94,35,35,22,31,13,15,222,87,167,70,55,42
1400000US48453001914,48453001914,"Census Tract 19.14, Travis County, Texas",2780,103,1425,138,1213,142,212,104,92,75,120,65,1355,166,1030,176,325,165
1400000US48453001915,48453001915,"Census Tract 19.15, Travis County, Texas",833,20,388,104,341,114,47,51,17,25,30,45,445,105,403,115,42,41
1400000US48453001916,48453001916,"Census Tract 19.16, Travis County, Texas",935,99,900,97,851,98,49,40,21,25,28,29,35,40,12,16,23,34
1400000US48453001917,48453001917,"Census Tract 19.17, Travis County, Texas",1718,92,1436,95,1305,89,131,79,33,36,98,73,282,117,282,117,0,95
1400000US48453001918,48453001918,"Census Tract 19.18, Travis County, Texas",909,77,735,91,696,96,39,38,10,18,29,33,174,95,142,88,32,31
1400000US48453001919,48453001919,"Census Tract 19.19, Travis County, Texas",1411,52,1111,67,993,70,118,64,24,28,94,58,300,72,235,75,65,37
1400000US48453002002,48453002002,"Census Tract 20.02, Travis County, Texas",1313,76,656,123,490,97,166,85,31,40,135,85,657,117,514,125,143,73
1400000US48453002003,48453002003,"Census Tract 20.03, Travis County, Texas",1392,92,874,149,496,145,378,115,106,76,272,98,518,143,385,123,133,92
1400000US48453002004,48453002004,"Census Tract 20.04, Travis County, Texas",1268,118,314,96,205,85,109,85,45,43,64,73,954,138,748,150,206,76
1400000US48453002005,48453002005,"Census Tract 20.05, Travis County, Texas",2172,167,720,150,461,141,259,121,90,75,169,106,1452,212,968,210,484,151
1400000US48453002104,48453002104,"Census Tract 21.04, Travis County, Texas",1222,66,756,120,530,127,226,110,97,61,129,98,466,120,335,104,131,88
1400000US48453002105,48453002105,"Census Tract 21.05, Travis County, Texas",2026,161,1021,217,521,182,500,166,108,86,392,142,1005,209,715,167,290,135
1400000US48453002106,48453002106,"Census Tract 21.06, Travis County, Texas",1133,80,783,118,574,115,209,80,52,39,157,72,350,93,240,73,110,60
1400000US48453002107,48453002107,"Census Tract 21.07, Travis County, Texas",1411,110,997,132,482,106,515,137,105,65,410,109,414,120,318,102,96,61
1400000US48453002108,48453002108,"Census Tract 21.08, Travis County, Texas",1341,100,762,112,266,99,496,117,136,75,360,117,579,127,428,113,151,68
1400000US48453002109,48453002109,"Census Tract 21.09, Travis County, Texas",1525,129,755,123,366,104,389,130,160,92,229,98,770,124,617,120,153,75
1400000US48453002110,48453002110,"Census Tract 21.10, Travis County, Texas",1398,83,1029,130,466,154,563,127,143,71,420,112,369,124,271,122,98,59
1400000US48453002111,48453002111,"Census Tract 21.11, Travis County, Texas",1591,113,1000,129,396,101,604,134,173,96,431,108,591,115,436,111,155,74
1400000US48453002112,48453002112,"Census Tract 21.12, Travis County, Texas",1687,133,1102,168,439,129,663,140,141,80,522,126,585,127,416,120,169,88
1400000US48453002113,48453002113,"Census Tract 21.13, Travis County, Texas",1376,70,897,111,578,105,319,100,24,28,295,96,479,112,409,110,70,50
1400000US48453002201,48453002201,"Census Tract 22.01, Travis County, Texas",587,42,430,78,192,72,238,73,30,32,208,70,157,65,122,64,35,38
1400000US48453002202,48453002202,"Census Tract 22.02, Travis County, Texas",2262,159,1731,180,662,168,1069,196,145,106,924,212,531,176,407,162,124,87
1400000US48453002207,48453002207,"Census Tract 22.07, Travis County, Texas",2466,165,2071,231,1334,225,737,246,304,193,433,175,395,158,308,141,87,73
1400000US48453002208,48453002208,"Census Tract 22.08, Travis County, Texas",1705,142,1348,162,806,161,542,160,161,94,381,131,357,106,281,91,76,55
1400000US48453002209,48453002209,"Census Tract 22.09, Travis County, Texas",2276,240,1722,268,1287,258,435,145,137,82,298,103,554,166,431,135,123,108
1400000US48453002210,48453002210,"Census Tract 22.10, Travis County, Texas",973,166,788,158,543,161,245,112,59,66,186,94,185,98,128,86,57,51
1400000US48453002211,48453002211,"Census Tract 22.11, Travis County, Texas",565,101,319,136,189,110,130,90,2,39,128,88,246,142,158,122,88,114
1400000US48453002212,48453002212,"Census Tract 22.12, Travis County, Texas",228,36,192,29,144,26,48,23,0,95,48,23,36,30,36,30,0,95
1400000US48453002304,48453002304,"Census Tract 23.04, Travis County, Texas",1423,131,666,148,338,120,328,115,156,93,172,93,757,136,495,121,262,111
1400000US48453002307,48453002307,"Census Tract 23.07, Travis County, Texas",2338,184,899,168,464,173,435,127,148,115,287,123,1439,219,976,202,463,132
1400000US48453002308,48453002308,"Census Tract 23.08, Travis County, Texas",2261,165,999,183,373,131,626,167,107,93,519,152,1262,197,850,169,412,148
1400000US48453002310,48453002310,"Census Tract 23.10, Travis County, Texas",845,101,657,111,326,89,331,114,175,99,156,66,188,79,141,71,47,40
1400000US48453002312,48453002312,"Census Tract 23.12, Travis County, Texas",2102,101,1550,161,730,201,820,171,208,87,612,156,552,124,408,111,144,85
1400000US48453002313,48453002313,"Census Tract 23.13, Travis County, Texas",2175,119,827,150,433,166,394,121,97,84,297,112,1348,139,989,159,359,110
1400000US48453002314,48453002314,"Census Tract 23.14, Travis County, Texas",2259,171,777,199,150,93,627,158,191,116,436,109,1482,186,1003,186,479,152
1400000US48453002315,48453002315,"Census Tract 23.15, Travis County, Texas",1364,117,628,116,214,82,414,106,175,81,239,90,736,137,457,113,279,95
1400000US48453002316,48453002316,"Census Tract 23.16, Travis County, Texas",2201,155,1147,213,346,141,801,179,282,119,519,163,1054,193,747,195,307,139
1400000US48453002317,48453002317,"Census Tract 23.17, Travis County, Texas",1648,130,445,120,161,75,284,124,135,83,149,96,1203,166,383,160,820,167
1400000US48453002318,48453002318,"Census Tract 23.18, Travis County, Texas",2119,144,938,186,413,132,525,168,126,95,399,146,1181,188,546,175,635,159
1400000US48453002319,48453002319,"Census Tract 23.19, Travis County, Texas",0,95,0,95,0,95,0,95,0,95,0,95,0,95,0,95,0,95
1400000US48453002402,48453002402,"Census Tract 24.02, Travis County, Texas",2942,206,1176,193,747,146,429,147,160,94,269,109,1766,231,1337,233,429,137
1400000US48453002403,48453002403,"Census Tract 24.03, Travis County, Texas",1128,80,667,121,369,132,298,144,88,72,210,126,461,127,407,121,54,44
1400000US48453002407,48453002407,"Census Tract 24.07, Travis County, Texas",1595,92,1177,104,898,77,279,92,81,50,198,98,418,107,307,103,111,46
1400000US48453002409,48453002409,"Census Tract 24.09, Travis County, Texas",1287,67,863,142,606,143,257,112,79,75,178,79,424,138,254,107,170,103
1400000US48453002410,48453002410,"Census Tract 24.10, Travis County, Texas",1607,113,796,133,476,126,320,112,101,76,219,91,811,158,531,126,280,126
1400000US48453002411,48453002411,"Census Tract 24.11, Travis County, Texas",1634,62,1418,118,649,157,769,142,228,100,541,138,216,103,131,65,85,77
1400000US48453002412,48453002412,"Census Tract 24.12, Travis County, Texas",1356,96,1180,106,822,130,358,106,97,56,261,105,176,70,118,58,58,45
1400000US48453002413,48453002413,"Census Tract 24.13, Travis County, Texas",1167,91,954,109,487,119,467,111,75,76,392,119,213,93,152,73,61,50
1400000US48453002419,48453002419,"Census Tract 24.19, Travis County, Texas",1948,91,810,131,430,121,380,103,109,68,271,87,1138,143,930,140,208,80
1400000US48453002421,48453002421,"Census Tract 24.21, Travis County, Texas",2859,142,1181,202,739,166,442,157,59,49,383,148,1678,200,1012,197,666,205
1400000US48453002422,48453002422,"Census Tract 24.22, Travis County, Texas",2281,111,1068,168,701,163,367,130,41,40,326,123,1213,183,947,204,266,99
1400000US48453002423,48453002423,"Census Tract 24.23, Travis County, Texas",2036,97,1304,140,824,164,480,134,165,93,315,108,732,146,511,133,221,94
1400000US48453002424,48453002424,"Census Tract 24.24, Travis County, Texas",1340,97,688,119,516,110,172,71,79,56,93,52,652,121,433,111,219,103
1400000US48453002425,48453002425,"Census Tract 24.25, Travis County, Texas",1208,25,640,142,451,126,189,105,70,96,119,81,568,136,361,109,207,113
1400000US48453002426,48453002426,"Census Tract 24.26, Travis County, Texas",2068,135,1567,181,862,218,705,155,132,105,573,114,501,161,337,161,164,98
1400000US48453002427,48453002427,"Census Tract 24.27, Travis County, Texas",2330,121,1590,187,849,144,741,191,352,184,389,142,740,178,570,185,170,132
1400000US48453002428,48453002428,"Census Tract 24.28, Travis County, Texas",2384,148,1404,220,971,178,433,186,103,85,330,166,980,214,797,208,183,107
1400000US48453002429,48453002429,"Census Tract 24.29, Travis County, Texas",319,54,104,46,61,36,43,44,0,95,43,44,215,65,159,70,56,43
1400000US48453002430,48453002430,"Census Tract 24.30, Travis County, Texas",1043,121,773,143,523,162,250,123,27,32,223,122,270,118,145,97,125,80
1400000US48453002431,48453002431,"Census Tract 24.31, Travis County, Texas",2141,133,1495,169,941,177,554,155,278,119,276,102,646,140,454,117,192,85
1400000US48453002432,48453002432,"Census Tract 24.32, Travis County, Texas",638,74,434,101,292,99,142,71,49,48,93,52,204,84,150,80,54,40
1400000US48453002433,48453002433,"Census Tract 24.33, Travis County, Texas",1554,173,1260,166,938,170,322,140,68,72,254,126,294,140,236,131,58,65
1400000US48453002434,48453002434,"Census Tract 24.34, Travis County, Texas",511,67,403,61,282,63,121,52,36,34,85,40,108,58,74,49,34,34
1400000US48453002435,48453002435,"Census Tract 24.35, Travis County, Texas",1864,192,1630,187,1061,207,569,146,98,63,471,149,234,108,212,109,22,26
1400000US48453002436,48453002436,"Census Tract 24.36, Travis County, Texas",672,107,571,112,522,105,49,52,36,34,13,41,101,55,78,48,23,25
1400000US48453002500,48453002500,"Census Tract 25, Travis County, Texas",2756,111,1082,158,912,137,170,91,56,45,114,75,1674,191,1254,203,420,131
1400000US48453980000,48453980000,"Census Tract 9800, Travis County, Texas",0,95,0,95,0,95,0,95,0,95,0,95,0,95,0,95,0,95
1400000US48491020105,48491020105,"Census Tract 201.05, Williamson County, Texas",1725,90,1339,171,1242,179,97,104,79,102,18,29,386,155,329,138,57,69
1400000US48491020106,48491020106,"Census Tract 201.06, Williamson County, Texas",1148,114,897,101,839,100,58,44,0,95,58,44,251,97,182,93,69,73
1400000US48491020107,48491020107,"Census Tract 201.07, Williamson County, Texas",2842,182,1735,225,1716,217,19,30,0,95,19,30,1107,215,1087,212,20,33
1400000US48491020108,48491020108,"Census Tract 201.08, Williamson County, Texas",1175,68,922,76,858,95,64,52,0,95,64,52,253,99,253,99,0,95
1400000US48491020109,48491020109,"Census Tract 201.09, Williamson County, Texas",1015,133,946,135,901,138,45,54,0,95,45,54,69,57,36,40,33,39
1400000US48491020110,48491020110,"Census Tract 201.10, Williamson County, Texas",1382,98,1107,121,981,114,126,76,80,56,46,45,275,115,235,97,40,59
1400000US48491020111,48491020111,"Census Tract 201.11, Williamson County, Texas",1176,79,792,101,715,90,77,64,46,53,31,36,384,100,321,87,63,53
1400000US48491020112,48491020112,"Census Tract 201.12, Williamson County, Texas",1162,107,989,126,920,115,69,61,17,27,52,56,173,85,173,85,0,95
1400000US48491020113,48491020113,"Census Tract 201.13, Williamson County, Texas",1006,129,559,104,472,100,87,63,20,31,67,53,447,145,386,139,61,78
1400000US48491020114,48491020114,"Census Tract 201.14, Williamson County, Texas",1874,120,1210,139,780,154,430,119,75,65,355,120,664,163,617,145,47,53
1400000US48491020115,48491020115,"Census Tract 201.15, Williamson County, Texas",844,116,624,133,591,134,33,40,0,95,33,40,220,167,174,170,46,45
1400000US48491020201,48491020201,"Census Tract 202.01, Williamson County, Texas",582,88,376,80,317,78,59,44,14,16,45,40,206,92,147,64,59,72
1400000US48491020202,48491020202,"Census Tract 202.02, Williamson County, Texas",1516,123,1298,125,1098,138,200,85,59,37,141,82,218,90,196,83,22,33
1400000US48491020203,48491020203,"Census Tract 202.03, Williamson County, Texas",1329,129,1110,157,1110,157,0,95,0,95,0,95,219,115,217,114,2,6
1400000US48491020204,48491020204,"Census Tract 202.04, Williamson County, Texas",1558,150,1325,168,1121,188,204,154,27,33,177,149,233,96,228,96,5,8
1400000US48491020301,48491020301,"Census Tract 203.01, Williamson County, Texas",1821,110,1388,146,1258,141,130,51,49,35,81,41,433,134,418,126,15,20
1400000US48491020302,48491020302,"Census Tract 203.02, Williamson County, Texas",944,99,753,107,619,113,134,70,37,34,97,67,191,89,182,87,9,14
1400000US48491020310,48491020310,"Census Tract 203.10, Williamson County, Texas",933,64,681,65,648,67,33,25,17,15,16,21,252,87,198,81,54,54
1400000US48491020311,48491020311,"Census Tract 203.11, Williamson County, Texas",1173,108,623,112,565,103,58,77,0,95,58,77,550,131,400,115,150,101
1400000US48491020312,48491020312,"Census Tract 203.12, Williamson County, Texas",2018,154,1449,164,1170,167,279,130,99,69,180,100,569,195,424,161,145,108
1400000US48491020313,48491020313,"Census Tract 203.13, Williamson County, Texas",2768,181,2187,194,1626,184,561,190,242,107,319,136,581,167,478,162,103,65
1400000US48491020314,48491020314,"Census Tract 203.14, Williamson County, Texas",1500,122,1247,162,1011,187,236,143,81,78,155,116,253,128,242,123,11,22
1400000US48491020315,48491020315,"Census Tract 203.15, Williamson County, Texas",1206,133,918,193,805,198,113,80,27,38,86,70,288,140,275,140,13,23
1400000US48491020316,48491020316,"Census Tract 203.16, Williamson County, Texas",1125,123,866,134,546,132,320,137,83,84,237,130,259,119,137,72,122,85
1400000US48491020317,48491020317,"Census Tract 203.17, Williamson County, Texas",1161,210,698,139,330,85,368,147,50,52,318,134,463,178,366,162,97,82
1400000US48491020318,48491020318,"Census Tract 203.18, Williamson County, Texas",3145,101,2280,177,1794,190,486,158,77,56,409,156,865,178,739,177,126,99
1400000US48491020319,48491020319,"Census Tract 203.19, Williamson County, Texas",1490,102,1314,130,1160,170,154,100,27,34,127,94,176,100,70,52,106,87
1400000US48491020320,48491020320,"Census Tract 203.20, Williamson County, Texas",2327,96,1958,160,1456,203,502,225,150,143,352,190,369,149,263,134,106,91
1400000US48491020321,48491020321,"Census Tract 203.21, Williamson County, Texas",586,40,470,91,431,92,39,41,13,22,26,33,116,82,71,53,45,67
1400000US48491020322,48491020322,"Census Tract 203.22, Williamson County, Texas",3162,141,2220,189,1710,206,510,170,49,40,461,164,942,190,663,173,279,147
1400000US48491020323,48491020323,"Census Tract 203.23, Williamson County, Texas",965,81,773,92,510,112,263,110,24,38,239,109,192,93,192,93,0,95
1400000US48491020324,48491020324,"Census Tract 203.24, Williamson County, Texas",1676,102,1317,124,1113,125,204,96,98,74,106,77,359,124,254,113,105,69
1400000US48491020325,48491020325,"Census Tract 203.25, Williamson County, Texas",955,60,784,109,516,157,268,185,181,173,87,76,171,108,102,85,69,71
1400000US48491020326,48491020326,"Census Tract 203.26, Williamson County, Texas",1945,98,1751,122,1533,142,218,114,20,25,198,110,194,86,177,77,17,25
1400000US48491020327,48491020327,"Census Tract 203.27, Williamson County, Texas",838,84,692,135,644,136,48,38,7,12,41,36,146,90,66,54,80,89
1400000US48491020328,48491020328,"Census Tract 203.28, Williamson County, Texas",2330,119,1867,138,1539,150,328,122,100,57,228,104,463,112,423,111,40,41
1400000US48491020403,48491020403,"Census Tract 204.03, Williamson County, Texas",744,86,514,84,401,80,113,65,30,47,83,50,230,86,168,80,62,51
1400000US48491020404,48491020404,"Census Tract 204.04, Williamson County, Texas",1375,74,996,102,842,109,154,58,48,40,106,47,379,88,280,78,99,59
1400000US48491020405,48491020405,"Census Tract 204.05, Williamson County, Texas",2704,173,1605,198,1013,224,592,181,144,106,448,172,1099,183,929,178,170,102
1400000US48491020406,48491020406,"Census Tract 204.06, Williamson County, Texas",3100,196,1339,261,893,235,446,196,145,117,301,164,1761,265,1391,281,370,144
1400000US48491020408,48491020408,"Census Tract 204.08, Williamson County, Texas",1783,141,1124,162,653,162,471,164,90,102,381,169,659,140,509,136,150,88
1400000US48491020409,48491020409,"Census Tract 204.09, Williamson County, Texas",1896,114,1010,180,724,150,286,145,10,21,276,142,886,175,537,179,349,165
1400000US48491020410,48491020410,"Census Tract 204.10, Williamson County, Texas",2491,142,1494,213,1032,166,462,201,198,164,264,150,997,231,857,225,140,98
1400000US48491020411,48491020411,"Census Tract 204.11, Williamson County, Texas",2414,134,1449,201,1183,175,266,126,73,90,193,88,965,180,723,183,242,125
1400000US48491020503,48491020503,"Census Tract 205.03, Williamson County, Texas",1777,110,1331,115,1154,132,177,82,50,45,127,63,446,117,398,105,48,52
1400000US48491020504,48491020504,"Census Tract 205.04, Williamson County, Texas",3509,161,1951,214,1365,263,586,188,138,106,448,164,1558,223,1367,225,191,101
1400000US48491020505,48491020505,"Census Tract 205.05, Williamson County, Texas",922,47,785,77,713,89,72,56,11,17,61,53,137,86,120,80,17,28
1400000US48491020506,48491020506,"Census Tract 205.06, Williamson County, Texas",2733,164,2266,197,1900,185,366,140,64,65,302,129,467,158,326,129,141,85
1400000US48491020507,48491020507,"Census Tract 205.07, Williamson County, Texas",946,96,790,116,756,124,34,43,0,95,34,43,156,84,152,83,4,9
1400000US48491020508,48491020508,"Census Tract 205.08, Williamson County, Texas",2183,164,1261,197,764,179,497,186,77,76,420,166,922,226,620,188,302,148
1400000US48491020509,48491020509,"Census Tract 205.09, Williamson County, Texas",2206,109,1940,150,1709,176,231,154,41,49,190,145,266,118,183,102,83,68
1400000US48491020510,48491020510,"Census Tract 205.10, Williamson County, Texas",3025,166,2640,198,2491,199,149,88,79,75,70,54,385,139,234,96,151,87
1400000US48491020602,48491020602,"Census Tract 206.02, Williamson County, Texas",1684,102,1394,126,1009,138,385,142,184,116,201,79,290,109,249,104,41,35
1400000US48491020603,48491020603,"Census Tract 206.03, Williamson County, Texas",2449,121,2247,155,2150,171,97,71,5,9,92,71,202,106,182,103,20,24
1400000US48491020604,48491020604,"Census Tract 206.04, Williamson County, Texas",1599,98,1329,124,1139,141,190,115,152,99,38,41,270,110,205,103,65,67
1400000US48491020605,48491020605,"Census Tract 206.05, Williamson County, Texas",2127,120,1836,118,1513,169,323,133,14,23,309,132,291,104,232,94,59,38
1400000US48491020701,48491020701,"Census Tract 207.01, Williamson County, Texas",847,101,583,129,453,133,130,73,31,44,99,55,264,107,205,97,59,51
1400000US48491020703,48491020703,"Census Tract 207.03, Williamson County, Texas",3646,155,2610,216,1709,228,901,211,406,195,495,156,1036,189,746,161,290,130
1400000US48491020704,48491020704,"Census Tract 207.04, Williamson County, Texas",2100,124,1387,132,1033,170,354,143,43,40,311,143,713,159,616,142,97,77
1400000US48491020706,48491020706,"Census Tract 207.06, Williamson County, Texas",1152,79,1113,93,1063,110,50,59,26,44,24,39,39,48,39,48,0,95
1400000US48491020707,48491020707,"Census Tract 207.07, Williamson County, Texas",1637,114,1006,174,776,173,230,123,80,97,150,83,631,168,436,141,195,101
1400000US48491020708,48491020708,"Census Tract 207.08, Williamson County, Texas",2101,208,1760,236,1580,243,180,86,80,70,100,54,341,182,273,174,68,48
1400000US48491020803,48491020803,"Census Tract 208.03, Williamson County, Texas",1334,234,1067,194,783,190,284,209,166,153,118,94,267,148,241,135,26,37
1400000US48491020804,48491020804,"Census Tract 208.04, Williamson County, Texas",2380,136,2116,141,1891,126,225,120,27,31,198,111,264,133,205,119,59,48
1400000US48491020805,48491020805,"Census Tract 208.05, Williamson County, Texas",2109,166,1839,169,1453,205,386,156,53,47,333,144,270,118,193,99,77,58
1400000US48491020806,48491020806,"Census Tract 208.06, Williamson County, Texas",511,103,480,95,385,103,95,39,13,29,82,34,31,35,22,28,9,15
1400000US48491020807,48491020807,"Census Tract 208.07, Williamson County, Texas",2163,182,1793,153,1469,184,324,146,36,43,288,140,370,146,317,142,53,43
1400000US48491020808,48491020808,"Census Tract 208.08, Williamson County, Texas",562,113,443,102,365,105,78,81,78,81,0,95,119,73,89,65,30,35
1400000US48491020809,48491020809,"Census Tract 208.09, Williamson County, Texas",1887,159,1549,184,1313,226,236,132,50,50,186,114,338,154,251,138,87,72
1400000US48491020900,48491020900,"Census Tract 209, Williamson County, Texas",1582,110,1069,100,1010,98,59,27,6,9,53,27,513,107,468,107,45,34
1400000US48491021000,48491021000,"Census Tract 210, Williamson County, Texas",1012,109,749,111,482,107,267,96,110,64,157,71,263,86,236,84,27,35
1400000US48491021100,48491021100,"Census Tract 211, Williamson County, Texas",1002,123,711,121,550,131,161,87,46,42,115,81,291,99,274,103,17,24
1400000US48491021201,48491021201,"Census Tract 212.01, Williamson County, Texas",1098,101,870,100,779,105,91,43,13,15,78,42,228,93,182,87,46,35
1400000US48491021202,48491021202,"Census Tract 212.02, Williamson County, Texas",1274,111,844,107,619,100,225,86,25,28,200,81,430,111,347,111,83,68
1400000US48491021203,48491021203,"Census Tract 212.03, Williamson County, Texas",1084,94,676,125,499,135,177,89,14,23,163,83,408,117,390,114,18,20
1400000US48491021300,48491021300,"Census Tract 213, Williamson County, Texas",1292,84,881,76,663,89,218,56,54,31,164,46,411,87,382,83,29,26
1400000US48491021401,48491021401,"Census Tract 214.01, Williamson County, Texas",2668,143,2071,189,1663,216,408,174,59,56,349,159,597,163,499,141,98,89
1400000US48491021402,48491021402,"Census Tract 214.02, Williamson County, Texas",1452,128,643,103,431,88,212,85,92,61,120,70,809,141,715,135,94,63
1400000US48491021403,48491021403,"Census Tract 214.03, Williamson County, Texas",1137,105,842,117,634,114,208,88,76,64,132,73,295,106,268,102,27,28
1400000US48491021502,48491021502,"Census Tract 215.02, Williamson County, Texas",1637,106,1170,151,704,152,466,144,180,111,286,99,467,114,332,100,135,69
1400000US48491021503,48491021503,"Census Tract 215.03, Williamson County, Texas",1569,123,1034,148,684,139,350,136,54,65,296,126,535,138,371,128,164,75
1400000US48491021504,48491021504,"Census Tract 215.04, Williamson County, Texas",1481,183,1076,171,1055,170,21,33,0,95,21,33,405,154,242,133,163,105
1400000US48491021505,48491021505,"Census Tract 215.05, Williamson County, Texas",2563,120,1712,179,1328,180,384,135,149,82,235,104,851,177,710,167,141,89
1400000US48491021506,48491021506,"Census Tract 215.06, Williamson County, Texas",889,122,730,133,637,142,93,67,20,33,73,57,159,89,143,79,16,26
1400000US48491021507,48491021507,"Census Tract 215.07, Williamson County, Texas",2946,279,2102,262,1726,260,376,131,127,83,249,92,844,248,761,242,83,68
1400000US48491021508,48491021508,"Census Tract 215.08, Williamson County, Texas",2149,259,1598,264,1089,280,509,320,235,288,274,185,551,222,475,218,76,60
1400000US48491021601,48491021601,"Census Tract 216.01, Williamson County, Texas",970,105,763,107,667,100,96,64,9,11,87,64,207,98,203,98,4,8
1400000US48491021602,48491021602,"Census Tract 216.02, Williamson County, Texas",1038,105,770,124,717,118,53,33,17,20,36,29,268,102,149,66,119,81
1400000US48491021603,48491021603,"Census Tract 216.03, Williamson County, Texas",571,66,448,57,361,58,87,47,61,41,26,20,123,48,95,40,28,26
