GEO.id,GEO.id2,GEO.display-label,HD01_VD01,HD02_VD01,HD01_VD02,HD02_VD02,HD01_VD03,HD02_VD03,HD01_VD04,HD02_VD04,HD01_VD05,HD02_VD05,HD01_VD06,HD02_VD06,HD01_VD07,HD02_VD07,HD01_VD08,HD02_VD08,HD01_VD09,HD02_VD09
Id,Id2,Geography,Estimate; Total:,Margin of Error; Total:,Estimate; Family households:,Margin of Error; Family households:,Estimate; Family households: - Married-couple family,Margin of Error; Family households: - Married-couple family,Estimate; Family households: - Other family:,Margin of Error; Family households: - Other family:,"Estimate; Family households: - Other family: - Male householder, no wife present","Margin of Error; Family households: - Other family: - Male householder, no wife present","Estimate; Family households: - Other family: - Female householder, no husband present","Margin of Error; Family households: - Other family: - Female householder, no husband present",Estimate; Nonfamily households:,Margin of Error; Nonfamily households:,Estimate; Nonfamily households: - Householder living alone,Margin of Error; Nonfamily households: - Householder living alone,Estimate; Nonfamily households: - Householder not living alone,Margin of Error; Nonfamily households: - Householder not living alone
1400000US48021950100,48021950100,"Census Tract 9501, Bastrop County, Texas",3136,199,2424,193,1985,206,439,137,187,103,252,114,712,161,636,157,76,60
1400000US48021950200,48021950200,"Census Tract 9502, Bastrop County, Texas",2853,219,2178,193,1685,223,493,194,92,98,401,176,675,192,591,172,84,83
1400000US48021950300,48021950300,"Census Tract 9503, Bastrop County, Texas",4691,297,3473,346,2767,355,706,239,275,134,431,186,1218,284,838,269,380,191
1400000US48021950400,48021950400,"Census Tract 9504, Bastrop County, Texas",3250,276,1879,224,1498,206,381,156,37,35,344,157,1371,266,1272,266,99,73
1400000US48021950501,48021950501,"Census Tract 9505.01, Bastrop County, Texas",2067,245,1623,244,1144,246,479,208,109,98,370,189,444,181,346,167,98,79
1400000US48021950502,48021950502,"Census Tract 9505.02, Bastrop County, Texas",2163,269,1667,265,1478,268,189,94,79,59,110,66,496,173,410,147,86,86
1400000US48021950600,48021950600,"Census Tract 9506, Bastrop County, Texas",1910,185,1321,189,1018,178,303,128,166,99,137,77,589,136,504,127,85,54
1400000US48021950700,48021950700,"Census Tract 9507, Bastrop County, Texas",1477,139,967,111,581,120,386,117,47,48,339,98,510,133,480,126,30,29
1400000US48021950801,48021950801,"Census Tract 9508.01, Bastrop County, Texas",1851,192,1421,226,1101,225,320,151,94,83,226,129,430,190,328,133,102,105
1400000US48021950802,48021950802,"Census Tract 9508.02, Bastrop County, Texas",2034,197,1708,233,1353,257,355,157,170,99,185,101,326,123,281,124,45,46
1400000US48055960101,48055960101,"Census Tract 9601.01, Caldwell County, Texas",1654,167,1240,135,885,142,355,129,96,78,259,112,414,132,370,136,44,30
1400000US48055960102,48055960102,"Census Tract 9601.02, Caldwell County, Texas",1192,128,842,152,583,146,259,102,116,76,143,89,350,123,285,122,65,55
1400000US48055960200,48055960200,"Census Tract 9602, Caldwell County, Texas",1215,135,752,124,565,121,187,88,62,63,125,60,463,164,366,146,97,61
1400000US48055960300,48055960300,"Census Tract 9603, Caldwell County, Texas",1549,137,1037,119,860,121,177,85,95,70,82,46,512,130,448,122,64,48
1400000US48055960400,48055960400,"Census Tract 9604, Caldwell County, Texas",1128,140,751,114,516,113,235,95,70,50,165,78,377,111,354,111,23,23
1400000US48055960500,48055960500,"Census Tract 9605, Caldwell County, Texas",1884,164,1355,168,865,142,490,140,80,40,410,144,529,131,323,85,206,94
1400000US48055960600,48055960600,"Census Tract 9606, Caldwell County, Texas",763,104,525,104,390,96,135,59,25,25,110,55,238,69,176,60,62,48
1400000US48055960700,48055960700,"Census Tract 9607, Caldwell County, Texas",2208,263,1359,174,947,202,412,156,38,45,374,154,849,292,680,272,169,122
1400000US48209010100,48209010100,"Census Tract 101, Hays County, Texas",1140,97,318,110,183,63,135,92,32,35,103,87,822,124,458,117,364,119
1400000US48209010200,48209010200,"Census Tract 102, Hays County, Texas",448,73,145,49,101,38,44,35,17,18,27,30,303,77,148,70,155,69
1400000US48209010302,48209010302,"Census Tract 103.02, Hays County, Texas",1638,157,811,134,431,99,380,123,171,98,209,83,827,169,614,163,213,89
1400000US48209010303,48209010303,"Census Tract 103.03, Hays County, Texas",2435,259,925,199,483,116,442,193,136,117,306,136,1510,285,677,227,833,249
1400000US48209010304,48209010304,"Census Tract 103.04, Hays County, Texas",2614,200,870,177,428,152,442,144,109,74,333,127,1744,235,1124,236,620,180
1400000US48209010400,48209010400,"Census Tract 104, Hays County, Texas",3178,234,1632,207,1172,194,460,157,142,130,318,154,1546,220,1008,215,538,184
1400000US48209010500,48209010500,"Census Tract 105, Hays County, Texas",1634,155,869,138,463,118,406,104,149,76,257,101,765,182,600,158,165,99
1400000US48209010600,48209010600,"Census Tract 106, Hays County, Texas",3734,212,2385,201,1813,228,572,171,205,119,367,137,1349,236,1133,223,216,111
1400000US48209010701,48209010701,"Census Tract 107.01, Hays County, Texas",3466,233,898,160,532,115,366,149,89,88,277,133,2568,270,1047,272,1521,292
1400000US48209010702,48209010702,"Census Tract 107.02, Hays County, Texas",1083,116,489,98,461,100,28,30,0,13,28,30,594,118,287,111,307,124
1400000US48209010803,48209010803,"Census Tract 108.03, Hays County, Texas",1984,202,1221,162,966,151,255,180,46,34,209,183,763,240,706,235,57,41
1400000US48209010804,48209010804,"Census Tract 108.04, Hays County, Texas",3618,202,2568,224,2290,227,278,119,118,72,160,88,1050,205,867,214,183,146
1400000US48209010805,48209010805,"Census Tract 108.05, Hays County, Texas",2092,152,1746,164,1631,155,115,61,35,39,80,49,346,163,321,160,25,25
1400000US48209010806,48209010806,"Census Tract 108.06, Hays County, Texas",1388,87,1078,140,997,154,81,48,34,28,47,36,310,122,270,117,40,45
1400000US48209010807,48209010807,"Census Tract 108.07, Hays County, Texas",741,109,615,124,407,127,208,94,100,76,108,62,126,57,109,54,17,20
1400000US48209010808,48209010808,"Census Tract 108.08, Hays County, Texas",2126,160,1697,173,1535,174,162,89,39,41,123,74,429,142,344,136,85,52
1400000US48209010809,48209010809,"Census Tract 108.09, Hays County, Texas",1665,136,1433,171,1275,161,158,85,109,82,49,39,232,104,192,98,40,51
1400000US48209010901,48209010901,"Census Tract 109.01, Hays County, Texas",2843,124,2308,163,2086,183,222,108,79,53,143,94,535,158,423,128,112,83
1400000US48209010902,48209010902,"Census Tract 109.02, Hays County, Texas",3671,245,2873,259,2384,264,489,153,98,75,391,146,798,213,606,185,192,121
1400000US48209010905,48209010905,"Census Tract 109.05, Hays County, Texas",1844,157,1420,163,1154,127,266,126,133,106,133,60,424,171,360,165,64,52
1400000US48209010906,48209010906,"Census Tract 109.06, Hays County, Texas",3442,233,2695,234,2132,228,563,182,186,89,377,162,747,243,569,225,178,119
1400000US48209010907,48209010907,"Census Tract 109.07, Hays County, Texas",2962,192,2204,251,1635,243,569,183,150,94,419,157,758,202,602,173,156,89
1400000US48209010908,48209010908,"Census Tract 109.08, Hays County, Texas",2604,199,1888,218,1421,227,467,147,229,112,238,105,716,178,380,140,336,150
1400000US48209010909,48209010909,"Census Tract 109.09, Hays County, Texas",1745,130,1346,144,1048,126,298,114,138,83,160,90,399,115,307,97,92,59
1400000US48209010910,48209010910,"Census Tract 109.10, Hays County, Texas",2364,169,1959,169,1436,236,523,179,148,86,375,147,405,166,331,154,74,55
1400000US48453000101,48453000101,"Census Tract 1.01, Travis County, Texas",1828,129,844,135,728,129,116,70,42,36,74,60,984,119,746,110,238,94
1400000US48453000102,48453000102,"Census Tract 1.02, Travis County, Texas",1079,73,697,64,572,73,125,62,52,46,73,48,382,87,309,79,73,43
1400000US48453000203,48453000203,"Census Tract 2.03, Travis County, Texas",755,68,198,62,162,55,36,29,4,7,32,28,557,69,354,77,203,71
1400000US48453000204,48453000204,"Census Tract 2.04, Travis County, Texas",1577,88,537,82,401,74,136,61,35,26,101,63,1040,106,834,112,206,71
1400000US48453000205,48453000205,"Census Tract 2.05, Travis County, Texas",2001,118,580,142,454,133,126,78,65,54,61,62,1421,176,1027,195,394,170
1400000US48453000206,48453000206,"Census Tract 2.06, Travis County, Texas",1661,97,655,124,546,121,109,63,13,20,96,58,1006,131,706,134,300,110
1400000US48453000302,48453000302,"Census Tract 3.02, Travis County, Texas",2953,129,692,167,555,136,137,93,116,95,21,32,2261,191,1662,213,599,184
1400000US48453000304,48453000304,"Census Tract 3.04, Travis County, Texas",1511,97,417,111,269,75,148,93,0,13,148,93,1094,127,707,132,387,109
1400000US48453000305,48453000305,"Census Tract 3.05, Travis County, Texas",1830,90,284,77,226,67,58,49,13,20,45,44,1546,105,1018,172,528,127
1400000US48453000306,48453000306,"Census Tract 3.06, Travis County, Texas",1259,106,571,107,415,103,156,83,13,15,143,81,688,127,393,107,295,83
1400000US48453000307,48453000307,"Census Tract 3.07, Travis County, Texas",812,57,419,75,341,78,78,47,25,31,53,36,393,78,219,71,174,62
1400000US48453000401,48453000401,"Census Tract 4.01, Travis County, Texas",1564,106,385,74,265,56,120,55,37,29,83,45,1179,118,704,114,475,99
1400000US48453000402,48453000402,"Census Tract 4.02, Travis County, Texas",1418,64,479,116,260,78,219,84,120,86,99,56,939,131,643,135,296,122
1400000US48453000500,48453000500,"Census Tract 5, Travis County, Texas",2372,149,405,119,272,87,133,79,28,32,105,69,1967,172,1266,208,701,177
1400000US48453000601,48453000601,"Census Tract 6.01, Travis County, Texas",446,68,61,52,40,48,21,23,8,12,13,20,385,69,145,52,240,60
1400000US48453000603,48453000603,"Census Tract 6.03, Travis County, Texas",2636,195,283,119,62,48,221,110,118,84,103,79,2353,216,913,184,1440,197
1400000US48453000604,48453000604,"Census Tract 6.04, Travis County, Texas",1708,171,98,56,28,34,70,47,46,38,24,27,1610,166,765,195,845,182
1400000US48453000700,48453000700,"Census Tract 7, Travis County, Texas",644,64,136,47,115,44,21,21,0,13,21,21,508,74,333,89,175,63
1400000US48453000801,48453000801,"Census Tract 8.01, Travis County, Texas",611,35,362,58,228,54,134,66,39,37,95,60,249,55,229,55,20,20
1400000US48453000802,48453000802,"Census Tract 8.02, Travis County, Texas",1207,108,712,111,180,68,532,117,66,42,466,104,495,120,294,107,201,93
1400000US48453000803,48453000803,"Census Tract 8.03, Travis County, Texas",996,85,466,90,242,80,224,88,84,67,140,78,530,94,276,79,254,90
1400000US48453000804,48453000804,"Census Tract 8.04, Travis County, Texas",968,59,453,76,161,56,292,77,75,53,217,62,515,71,344,68,171,56
1400000US48453000901,48453000901,"Census Tract 9.01, Travis County, Texas",824,59,327,57,151,54,176,61,15,20,161,58,497,59,287,63,210,54
1400000US48453000902,48453000902,"Census Tract 9.02, Travis County, Texas",1831,124,977,148,404,139,573,133,213,104,360,114,854,166,600,152,254,117
1400000US48453001000,48453001000,"Census Tract 10, Travis County, Texas",1480,102,685,125,380,112,305,107,80,51,225,101,795,128,648,121,147,72
1400000US48453001100,48453001100,"Census Tract 11, Travis County, Texas",2859,241,691,214,602,193,89,80,89,80,0,13,2168,312,1911,313,257,125
1400000US48453001200,48453001200,"Census Tract 12, Travis County, Texas",2779,170,760,168,574,162,186,73,66,62,120,62,2019,221,1710,224,309,119
1400000US48453001303,48453001303,"Census Tract 13.03, Travis County, Texas",1411,153,532,86,372,81,160,78,34,38,126,72,879,165,644,134,235,98
1400000US48453001304,48453001304,"Census Tract 13.04, Travis County, Texas",2064,71,621,103,430,93,191,71,73,50,118,55,1443,121,968,112,475,126
1400000US48453001305,48453001305,"Census Tract 13.05, Travis County, Texas",2695,161,1100,176,637,150,463,131,56,44,407,122,1595,247,1291,229,304,118
1400000US48453001307,48453001307,"Census Tract 13.07, Travis County, Texas",1855,68,712,136,386,89,326,122,83,64,243,107,1143,140,919,132,224,63
1400000US48453001308,48453001308,"Census Tract 13.08, Travis County, Texas",1207,112,503,102,320,89,183,76,86,61,97,61,704,119,456,109,248,100
1400000US48453001401,48453001401,"Census Tract 14.01, Travis County, Texas",1605,153,412,93,339,89,73,40,40,31,33,26,1193,168,759,146,434,122
1400000US48453001402,48453001402,"Census Tract 14.02, Travis County, Texas",1372,94,424,89,285,61,139,77,46,46,93,61,948,125,601,111,347,100
1400000US48453001403,48453001403,"Census Tract 14.03, Travis County, Texas",740,77,170,64,134,52,36,35,27,33,9,11,570,92,353,83,217,84
1400000US48453001501,48453001501,"Census Tract 15.01, Travis County, Texas",2267,104,1336,123,1014,138,322,114,110,74,212,94,931,147,714,160,217,109
1400000US48453001503,48453001503,"Census Tract 15.03, Travis County, Texas",1737,80,818,110,509,86,309,81,30,29,279,79,919,130,515,110,404,107
1400000US48453001504,48453001504,"Census Tract 15.04, Travis County, Texas",2310,99,1245,182,934,147,311,145,31,36,280,141,1065,183,802,172,263,104
1400000US48453001505,48453001505,"Census Tract 15.05, Travis County, Texas",2224,40,888,160,729,151,159,91,74,69,85,75,1336,165,1028,197,308,121
1400000US48453001602,48453001602,"Census Tract 16.02, Travis County, Texas",1656,99,704,106,558,103,146,78,71,61,75,58,952,114,767,116,185,80
1400000US48453001603,48453001603,"Census Tract 16.03, Travis County, Texas",1713,113,1223,112,1077,114,146,82,34,45,112,70,490,112,362,98,128,65
1400000US48453001604,48453001604,"Census Tract 16.04, Travis County, Texas",1665,97,1071,118,877,109,194,71,48,35,146,61,594,125,508,123,86,54
1400000US48453001605,48453001605,"Census Tract 16.05, Travis County, Texas",1931,123,722,126,656,128,66,41,0,13,66,41,1209,164,902,153,307,102
1400000US48453001606,48453001606,"Census Tract 16.06, Travis County, Texas",0,13,0,13,0,13,0,13,0,13,0,13,0,13,0,13,0,13
1400000US48453001705,48453001705,"Census Tract 17.05, Travis County, Texas",2160,116,1145,128,1064,135,81,47,11,18,70,48,1015,160,829,156,186,105
1400000US48453001706,48453001706,"Census Tract 17.06, Travis County, Texas",1779,85,937,121,628,100,309,117,155,90,154,68,842,121,776,121,66,39
1400000US48453001707,48453001707,"Census Tract 17.07, Travis County, Texas",2436,84,1113,205,832,155,281,161,51,82,230,134,1323,213,992,220,331,153
1400000US48453001712,48453001712,"Census Tract 17.12, Travis County, Texas",1995,66,967,136,614,135,353,108,144,77,209,78,1028,150,893,138,135,59
1400000US48453001713,48453001713,"Census Tract 17.13, Travis County, Texas",1824,102,1093,119,679,127,414,104,89,58,325,95,731,126,513,114,218,85
1400000US48453001714,48453001714,"Census Tract 17.14, Travis County, Texas",5100,240,3081,316,2554,288,527,184,164,101,363,147,2019,313,1424,312,595,240
1400000US48453001716,48453001716,"Census Tract 17.16, Travis County, Texas",2379,152,1419,166,1278,158,141,124,52,83,89,92,960,171,843,167,117,58
1400000US48453001718,48453001718,"Census Tract 17.18, Travis County, Texas",2869,121,1241,189,970,161,271,140,32,37,239,131,1628,203,1255,210,373,128
1400000US48453001719,48453001719,"Census Tract 17.19, Travis County, Texas",1644,72,1211,118,1058,122,153,60,9,15,144,59,433,111,313,88,120,66
1400000US48453001722,48453001722,"Census Tract 17.22, Travis County, Texas",2510,119,678,160,583,147,95,71,0,13,95,71,1832,180,1519,181,313,117
1400000US48453001728,48453001728,"Census Tract 17.28, Travis County, Texas",2921,120,1880,168,1349,145,531,137,144,91,387,146,1041,189,670,161,371,136
1400000US48453001729,48453001729,"Census Tract 17.29, Travis County, Texas",2122,114,1023,151,763,161,260,116,24,29,236,106,1099,170,739,180,360,167
1400000US48453001733,48453001733,"Census Tract 17.33, Travis County, Texas",1282,69,1076,93,915,99,161,81,107,75,54,36,206,74,169,71,37,31
1400000US48453001737,48453001737,"Census Tract 17.37, Travis County, Texas",3979,79,2895,205,2448,208,447,154,120,73,327,138,1084,194,769,173,315,110
1400000US48453001738,48453001738,"Census Tract 17.38, Travis County, Texas",2700,106,1781,145,1474,172,307,101,93,63,214,83,919,155,764,157,155,84
1400000US48453001740,48453001740,"Census Tract 17.40, Travis County, Texas",1818,57,1119,137,804,127,315,107,47,39,268,111,699,138,482,118,217,103
1400000US48453001741,48453001741,"Census Tract 17.41, Travis County, Texas",1578,136,1004,146,762,136,242,107,97,68,145,87,574,163,504,153,70,44
1400000US48453001742,48453001742,"Census Tract 17.42, Travis County, Texas",2150,132,1576,179,1364,182,212,82,55,42,157,79,574,134,438,137,136,84
1400000US48453001745,48453001745,"Census Tract 17.45, Travis County, Texas",1039,64,650,72,429,69,221,76,65,50,156,65,389,92,350,91,39,30
1400000US48453001746,48453001746,"Census Tract 17.46, Travis County, Texas",1729,55,829,138,588,105,241,92,34,31,207,88,900,135,668,112,232,95
1400000US48453001747,48453001747,"Census Tract 17.47, Travis County, Texas",2053,101,1285,118,904,100,381,102,162,80,219,81,768,122,374,106,394,102
1400000US48453001748,48453001748,"Census Tract 17.48, Travis County, Texas",2281,116,1489,146,1130,153,359,115,158,93,201,87,792,142,499,128,293,95
1400000US48453001749,48453001749,"Census Tract 17.49, Travis County, Texas",2609,179,1227,204,886,169,341,140,85,96,256,100,1382,230,1004,208,378,140
1400000US48453001750,48453001750,"Census Tract 17.50, Travis County, Texas",2467,157,1156,178,860,177,296,130,66,65,230,108,1311,188,1017,189,294,121
1400000US48453001751,48453001751,"Census Tract 17.51, Travis County, Texas",878,77,562,75,508,72,54,30,6,8,48,28,316,62,295,59,21,22
1400000US48453001752,48453001752,"Census Tract 17.52, Travis County, Texas",2218,130,704,165,514,146,190,98,86,65,104,78,1514,184,1113,171,401,138
1400000US48453001753,48453001753,"Census Tract 17.53, Travis County, Texas",751,56,192,57,128,45,64,43,15,22,49,41,559,78,509,80,50,35
1400000US48453001754,48453001754,"Census Tract 17.54, Travis County, Texas",2268,108,935,132,820,121,115,84,60,69,55,51,1333,152,994,192,339,146
1400000US48453001755,48453001755,"Census Tract 17.55, Travis County, Texas",1995,47,1707,77,1547,101,160,79,56,55,104,65,288,76,225,70,63,38
1400000US48453001756,48453001756,"Census Tract 17.56, Travis County, Texas",1738,83,1142,118,902,107,240,99,55,33,185,98,596,107,556,104,40,31
1400000US48453001757,48453001757,"Census Tract 17.57, Travis County, Texas",960,66,534,61,472,65,62,36,7,11,55,31,426,80,365,82,61,35
1400000US48453001760,48453001760,"Census Tract 17.60, Travis County, Texas",4888,281,3901,290,3652,295,249,133,66,65,183,115,987,255,659,254,328,183
1400000US48453001761,48453001761,"Census Tract 17.61, Travis County, Texas",2957,157,1855,179,1649,156,206,113,26,41,180,103,1102,215,912,186,190,110
1400000US48453001764,48453001764,"Census Tract 17.64, Travis County, Texas",2290,182,1745,173,1587,167,158,94,17,17,141,92,545,148,392,120,153,88
1400000US48453001765,48453001765,"Census Tract 17.65, Travis County, Texas",4970,219,3761,266,3267,260,494,180,87,86,407,167,1209,250,918,213,291,143
1400000US48453001766,48453001766,"Census Tract 17.66, Travis County, Texas",2671,198,1981,215,1759,199,222,125,87,77,135,99,690,150,604,143,86,52
1400000US48453001768,48453001768,"Census Tract 17.68, Travis County, Texas",2288,229,1552,207,1319,183,233,144,90,108,143,95,736,183,597,172,139,89
1400000US48453001769,48453001769,"Census Tract 17.69, Travis County, Texas",2113,128,1554,179,1361,176,193,139,72,71,121,115,559,169,480,160,79,53
1400000US48453001770,48453001770,"Census Tract 17.70, Travis County, Texas",3759,126,3345,150,2989,231,356,207,139,174,217,107,414,141,406,141,8,13
1400000US48453001771,48453001771,"Census Tract 17.71, Travis County, Texas",1656,112,1231,96,1161,104,70,45,19,28,51,38,425,130,425,130,0,13
1400000US48453001772,48453001772,"Census Tract 17.72, Travis County, Texas",1051,133,836,131,551,151,285,130,23,30,262,138,215,94,146,76,69,48
1400000US48453001773,48453001773,"Census Tract 17.73, Travis County, Texas",2278,174,1842,125,1744,118,98,49,17,28,81,40,436,134,391,129,45,38
1400000US48453001774,48453001774,"Census Tract 17.74, Travis County, Texas",2648,206,2289,179,1878,208,411,180,134,126,277,133,359,151,251,119,108,85
1400000US48453001775,48453001775,"Census Tract 17.75, Travis County, Texas",1621,102,1368,141,1180,140,188,135,30,34,158,132,253,141,211,136,42,36
1400000US48453001776,48453001776,"Census Tract 17.76, Travis County, Texas",1058,104,791,106,547,108,244,80,25,29,219,78,267,90,153,71,114,67
1400000US48453001777,48453001777,"Census Tract 17.77, Travis County, Texas",2272,130,1457,204,1172,207,285,131,142,100,143,86,815,189,627,167,188,103
1400000US48453001778,48453001778,"Census Tract 17.78, Travis County, Texas",1547,125,1069,142,874,95,195,98,31,33,164,90,478,118,344,118,134,80
1400000US48453001779,48453001779,"Census Tract 17.79, Travis County, Texas",2388,191,1956,148,1789,217,167,150,0,18,167,150,432,170,350,149,82,73
1400000US48453001780,48453001780,"Census Tract 17.80, Travis County, Texas",1843,151,1324,158,1111,159,213,112,133,119,80,40,519,114,451,109,68,32
1400000US48453001781,48453001781,"Census Tract 17.81, Travis County, Texas",926,77,792,57,730,59,62,34,11,13,51,30,134,81,134,81,0,13
1400000US48453001782,48453001782,"Census Tract 17.82, Travis County, Texas",1728,78,1499,105,1373,109,126,89,0,18,126,89,229,94,187,79,42,38
1400000US48453001783,48453001783,"Census Tract 17.83, Travis County, Texas",1995,110,1509,136,1278,146,231,94,24,28,207,94,486,143,420,143,66,47
1400000US48453001784,48453001784,"Census Tract 17.84, Travis County, Texas",1763,109,1584,107,1472,109,112,73,30,47,82,57,179,73,173,73,6,9
1400000US48453001785,48453001785,"Census Tract 17.85, Travis County, Texas",2157,116,746,198,578,164,168,106,56,68,112,82,1411,230,963,203,448,188
1400000US48453001786,48453001786,"Census Tract 17.86, Travis County, Texas",2508,162,959,213,645,169,314,157,55,60,259,130,1549,219,1130,215,419,132
1400000US48453001804,48453001804,"Census Tract 18.04, Travis County, Texas",2540,124,1701,200,910,197,791,232,223,118,568,193,839,181,589,159,250,112
1400000US48453001805,48453001805,"Census Tract 18.05, Travis County, Texas",1644,121,982,122,465,116,517,128,127,71,390,107,662,137,529,121,133,82
1400000US48453001806,48453001806,"Census Tract 18.06, Travis County, Texas",2122,174,1254,215,615,186,639,154,80,76,559,149,868,196,537,166,331,145
1400000US48453001811,48453001811,"Census Tract 18.11, Travis County, Texas",1180,107,707,127,238,114,469,133,105,75,364,120,473,110,369,100,104,63
1400000US48453001812,48453001812,"Census Tract 18.12, Travis County, Texas",2915,175,1479,206,755,191,724,189,272,131,452,159,1436,199,1096,199,340,150
1400000US48453001813,48453001813,"Census Tract 18.13, Travis County, Texas",2017,146,1283,158,702,179,581,135,216,97,365,123,734,162,542,153,192,96
1400000US48453001817,48453001817,"Census Tract 18.17, Travis County, Texas",2004,145,810,186,438,122,372,140,95,69,277,110,1194,161,1014,166,180,85
1400000US48453001818,48453001818,"Census Tract 18.18, Travis County, Texas",2161,151,1267,200,875,216,392,167,157,105,235,121,894,197,702,173,192,116
1400000US48453001819,48453001819,"Census Tract 18.19, Travis County, Texas",1323,78,944,109,426,110,518,123,188,85,330,104,379,103,183,81,196,75
1400000US48453001820,48453001820,"Census Tract 18.20, Travis County, Texas",2624,154,1391,223,613,177,778,178,306,121,472,149,1233,229,869,186,364,148
1400000US48453001821,48453001821,"Census Tract 18.21, Travis County, Texas",1867,85,1208,143,734,146,474,126,162,78,312,115,659,125,428,117,231,99
1400000US48453001822,48453001822,"Census Tract 18.22, Travis County, Texas",2302,135,1543,180,816,194,727,204,290,151,437,150,759,162,490,134,269,122
1400000US48453001823,48453001823,"Census Tract 18.23, Travis County, Texas",2041,114,1443,152,742,134,701,141,217,96,484,121,598,146,372,130,226,87
1400000US48453001824,48453001824,"Census Tract 18.24, Travis County, Texas",801,36,495,54,358,60,137,54,32,20,105,51,306,57,240,58,66,31
1400000US48453001826,48453001826,"Census Tract 18.26, Travis County, Texas",1000,96,442,85,306,70,136,67,17,19,119,62,558,107,433,97,125,56
1400000US48453001828,48453001828,"Census Tract 18.28, Travis County, Texas",1568,103,1130,124,982,112,148,72,82,62,66,41,438,109,271,82,167,79
1400000US48453001829,48453001829,"Census Tract 18.29, Travis County, Texas",1486,66,408,94,294,72,114,63,62,42,52,44,1078,112,735,129,343,105
1400000US48453001832,48453001832,"Census Tract 18.32, Travis County, Texas",1199,67,713,125,437,119,276,104,81,66,195,96,486,120,358,114,128,83
1400000US48453001833,48453001833,"Census Tract 18.33, Travis County, Texas",2353,128,1569,164,832,163,737,175,217,139,520,153,784,171,544,149,240,116
1400000US48453001834,48453001834,"Census Tract 18.34, Travis County, Texas",3633,147,2176,245,1683,250,493,163,177,131,316,143,1457,243,1028,187,429,151
1400000US48453001835,48453001835,"Census Tract 18.35, Travis County, Texas",1809,157,1101,164,645,143,456,145,143,97,313,119,708,150,514,125,194,85
1400000US48453001839,48453001839,"Census Tract 18.39, Travis County, Texas",3018,169,1543,190,1060,167,483,172,124,96,359,136,1475,176,1123,196,352,184
1400000US48453001840,48453001840,"Census Tract 18.40, Travis County, Texas",2967,143,2140,189,1370,218,770,216,278,148,492,178,827,149,540,129,287,106
1400000US48453001841,48453001841,"Census Tract 18.41, Travis County, Texas",5212,202,4294,267,3424,267,870,275,151,119,719,250,918,216,709,208,209,112
1400000US48453001842,48453001842,"Census Tract 18.42, Travis County, Texas",2605,166,1923,193,1221,207,702,193,311,139,391,140,682,170,435,147,247,113
1400000US48453001843,48453001843,"Census Tract 18.43, Travis County, Texas",954,41,609,64,500,62,109,52,47,38,62,36,345,63,276,63,69,45
1400000US48453001844,48453001844,"Census Tract 18.44, Travis County, Texas",1513,80,728,121,460,99,268,88,98,48,170,75,785,125,462,106,323,106
1400000US48453001845,48453001845,"Census Tract 18.45, Travis County, Texas",1369,95,769,104,576,113,193,88,29,34,164,79,600,114,408,102,192,83
1400000US48453001846,48453001846,"Census Tract 18.46, Travis County, Texas",1043,24,648,53,564,60,84,52,25,37,59,36,395,57,302,78,93,59
1400000US48453001847,48453001847,"Census Tract 18.47, Travis County, Texas",2803,148,1663,205,1268,201,395,138,65,75,330,131,1140,197,764,186,376,164
1400000US48453001848,48453001848,"Census Tract 18.48, Travis County, Texas",1902,69,1137,133,866,131,271,101,100,56,171,87,765,131,541,132,224,92
1400000US48453001849,48453001849,"Census Tract 18.49, Travis County, Texas",3158,192,1032,185,661,191,371,144,79,89,292,113,2126,221,1744,239,382,153
1400000US48453001850,48453001850,"Census Tract 18.50, Travis County, Texas",2054,115,727,158,334,126,393,150,125,103,268,114,1327,175,962,190,365,157
1400000US48453001851,48453001851,"Census Tract 18.51, Travis County, Texas",3910,219,1998,259,1541,253,457,181,68,63,389,178,1912,300,1274,292,638,202
1400000US48453001853,48453001853,"Census Tract 18.53, Travis County, Texas",1310,51,811,112,641,99,170,73,42,34,128,62,499,118,410,107,89,47
1400000US48453001854,48453001854,"Census Tract 18.54, Travis County, Texas",1412,149,1100,128,824,145,276,109,85,75,191,80,312,128,265,117,47,39
1400000US48453001855,48453001855,"Census Tract 18.55, Travis County, Texas",4994,194,3993,325,2777,363,1216,343,273,145,943,312,1001,319,805,312,196,115
1400000US48453001856,48453001856,"Census Tract 18.56, Travis County, Texas",2056,132,1594,193,1338,189,256,124,112,72,144,103,462,161,303,132,159,105
1400000US48453001857,48453001857,"Census Tract 18.57, Travis County, Texas",2243,158,1360,181,1139,180,221,132,16,26,205,132,883,192,733,206,150,94
1400000US48453001858,48453001858,"Census Tract 18.58, Travis County, Texas",5414,227,4588,282,3853,323,735,249,314,172,421,175,826,264,691,231,135,107
1400000US48453001859,48453001859,"Census Tract 18.59, Travis County, Texas",419,66,343,51,321,54,22,26,7,11,15,23,76,54,56,45,20,26
1400000US48453001860,48453001860,"Census Tract 18.60, Travis County, Texas",1708,116,1115,165,686,212,429,167,85,82,344,143,593,157,482,147,111,83
1400000US48453001861,48453001861,"Census Tract 18.61, Travis County, Texas",1613,126,1232,169,937,186,295,152,11,18,284,151,381,146,335,142,46,43
1400000US48453001862,48453001862,"Census Tract 18.62, Travis County, Texas",1982,167,1592,152,1102,175,490,148,21,24,469,147,390,137,308,136,82,67
1400000US48453001863,48453001863,"Census Tract 18.63, Travis County, Texas",1885,103,845,149,418,131,427,142,154,96,273,110,1040,153,766,155,274,107
1400000US48453001864,48453001864,"Census Tract 18.64, Travis County, Texas",1506,108,603,116,351,95,252,97,54,46,198,89,903,133,687,127,216,94
1400000US48453001901,48453001901,"Census Tract 19.01, Travis County, Texas",3078,82,1181,165,999,151,182,90,47,33,135,89,1897,164,1503,190,394,144
1400000US48453001908,48453001908,"Census Tract 19.08, Travis County, Texas",3419,243,2056,270,1740,246,316,140,48,51,268,129,1363,258,1065,231,298,161
1400000US48453001910,48453001910,"Census Tract 19.10, Travis County, Texas",1827,88,1260,123,1093,135,167,68,48,40,119,61,567,114,541,113,26,37
1400000US48453001911,48453001911,"Census Tract 19.11, Travis County, Texas",1807,95,484,113,380,109,104,53,40,46,64,32,1323,123,1042,126,281,102
1400000US48453001912,48453001912,"Census Tract 19.12, Travis County, Texas",1467,80,1039,92,938,103,101,50,49,39,52,36,428,101,424,100,4,7
1400000US48453001913,48453001913,"Census Tract 19.13, Travis County, Texas",1671,112,1400,122,1310,137,90,58,39,38,51,48,271,103,225,96,46,44
1400000US48453001914,48453001914,"Census Tract 19.14, Travis County, Texas",2750,105,1459,164,1175,166,284,121,176,117,108,58,1291,169,1008,180,283,144
1400000US48453001915,48453001915,"Census Tract 19.15, Travis County, Texas",793,48,390,77,329,89,61,55,16,23,45,44,403,89,335,85,68,46
1400000US48453001916,48453001916,"Census Tract 19.16, Travis County, Texas",947,71,929,74,865,77,64,37,35,30,29,25,18,21,18,21,0,13
1400000US48453001917,48453001917,"Census Tract 19.17, Travis County, Texas",1720,70,1383,106,1278,116,105,56,12,18,93,54,337,110,289,98,48,45
1400000US48453001918,48453001918,"Census Tract 19.18, Travis County, Texas",889,104,740,80,684,110,56,55,50,54,6,9,149,99,128,101,21,20
1400000US48453001919,48453001919,"Census Tract 19.19, Travis County, Texas",1419,64,1138,73,1023,77,115,55,34,26,81,43,281,75,263,75,18,19
1400000US48453002002,48453002002,"Census Tract 20.02, Travis County, Texas",1338,70,686,128,543,95,143,80,24,31,119,76,652,136,477,109,175,110
1400000US48453002003,48453002003,"Census Tract 20.03, Travis County, Texas",1400,91,918,114,532,114,386,118,77,66,309,108,482,116,336,104,146,77
1400000US48453002004,48453002004,"Census Tract 20.04, Travis County, Texas",1366,82,251,65,137,45,114,62,33,30,81,55,1115,105,820,126,295,99
1400000US48453002005,48453002005,"Census Tract 20.05, Travis County, Texas",2236,173,721,175,357,137,364,171,167,127,197,123,1515,199,926,169,589,148
1400000US48453002104,48453002104,"Census Tract 21.04, Travis County, Texas",1187,94,672,114,476,106,196,82,77,47,119,82,515,114,356,107,159,81
1400000US48453002105,48453002105,"Census Tract 21.05, Travis County, Texas",2118,139,992,189,488,170,504,141,136,90,368,104,1126,179,750,164,376,115
1400000US48453002106,48453002106,"Census Tract 21.06, Travis County, Texas",1246,61,883,105,634,104,249,85,53,37,196,81,363,93,298,91,65,33
1400000US48453002107,48453002107,"Census Tract 21.07, Travis County, Texas",1396,86,848,105,351,96,497,111,90,66,407,116,548,118,387,111,161,70
1400000US48453002108,48453002108,"Census Tract 21.08, Travis County, Texas",1350,107,761,122,309,90,452,111,67,62,385,99,589,133,457,129,132,73
1400000US48453002109,48453002109,"Census Tract 21.09, Travis County, Texas",1526,116,748,133,348,111,400,106,103,51,297,97,778,139,570,131,208,88
1400000US48453002110,48453002110,"Census Tract 21.10, Travis County, Texas",1386,107,896,128,409,119,487,138,159,89,328,122,490,139,313,120,177,86
1400000US48453002111,48453002111,"Census Tract 21.11, Travis County, Texas",1616,109,1049,126,515,112,534,105,133,94,401,92,567,125,352,106,215,94
1400000US48453002112,48453002112,"Census Tract 21.12, Travis County, Texas",1717,123,1136,144,572,128,564,117,129,76,435,106,581,129,408,113,173,87
1400000US48453002113,48453002113,"Census Tract 21.13, Travis County, Texas",1326,82,887,97,610,101,277,101,69,57,208,83,439,92,332,88,107,57
1400000US48453002201,48453002201,"Census Tract 22.01, Travis County, Texas",602,37,460,65,218,65,242,66,44,31,198,57,142,56,121,58,21,28
1400000US48453002202,48453002202,"Census Tract 22.02, Travis County, Texas",2326,144,1778,188,793,167,985,185,157,120,828,185,548,170,440,152,108,88
1400000US48453002207,48453002207,"Census Tract 22.07, Travis County, Texas",2542,197,1997,236,1219,178,778,254,324,213,454,178,545,169,303,126,242,149
1400000US48453002208,48453002208,"Census Tract 22.08, Travis County, Texas",1846,124,1490,142,996,180,494,149,105,79,389,132,356,117,268,109,88,71
1400000US48453002209,48453002209,"Census Tract 22.09, Travis County, Texas",2517,222,2000,220,1477,239,523,150,153,105,370,136,517,195,455,180,62,82
1400000US48453002210,48453002210,"Census Tract 22.10, Travis County, Texas",952,201,797,169,609,192,188,77,82,58,106,62,155,86,134,78,21,26
1400000US48453002211,48453002211,"Census Tract 22.11, Travis County, Texas",744,88,485,91,243,89,242,95,84,58,158,90,259,113,192,112,67,59
1400000US48453002212,48453002212,"Census Tract 22.12, Travis County, Texas",161,62,145,63,113,61,32,25,13,21,19,18,16,15,16,15,0,13
1400000US48453002304,48453002304,"Census Tract 23.04, Travis County, Texas",1438,139,469,147,199,100,270,111,170,93,100,69,969,147,591,129,378,106
1400000US48453002307,48453002307,"Census Tract 23.07, Travis County, Texas",2474,162,835,203,390,154,445,145,130,95,315,144,1639,201,1077,210,562,207
1400000US48453002308,48453002308,"Census Tract 23.08, Travis County, Texas",2325,166,642,185,273,108,369,142,68,72,301,119,1683,211,1078,208,605,149
1400000US48453002310,48453002310,"Census Tract 23.10, Travis County, Texas",913,78,656,98,323,80,333,101,146,82,187,59,257,74,193,65,64,49
1400000US48453002312,48453002312,"Census Tract 23.12, Travis County, Texas",2131,120,1580,196,791,161,789,176,214,101,575,160,551,147,398,122,153,104
1400000US48453002313,48453002313,"Census Tract 23.13, Travis County, Texas",2100,109,818,126,403,125,415,113,147,78,268,100,1282,142,956,153,326,119
1400000US48453002314,48453002314,"Census Tract 23.14, Travis County, Texas",2005,168,652,152,175,87,477,141,136,94,341,127,1353,191,921,191,432,125
1400000US48453002315,48453002315,"Census Tract 23.15, Travis County, Texas",1231,101,552,121,219,86,333,101,108,66,225,89,679,125,376,114,303,93
1400000US48453002316,48453002316,"Census Tract 23.16, Travis County, Texas",2143,132,997,144,311,126,686,158,270,114,416,122,1146,165,678,166,468,120
1400000US48453002317,48453002317,"Census Tract 23.17, Travis County, Texas",1702,141,390,123,92,45,298,125,135,105,163,89,1312,146,318,145,994,173
1400000US48453002318,48453002318,"Census Tract 23.18, Travis County, Texas",2816,187,1150,246,428,158,722,250,193,111,529,226,1666,241,696,185,970,212
1400000US48453002319,48453002319,"Census Tract 23.19, Travis County, Texas",0,13,0,13,0,13,0,13,0,13,0,13,0,13,0,13,0,13
1400000US48453002402,48453002402,"Census Tract 24.02, Travis County, Texas",3056,187,1417,154,759,170,658,197,218,141,440,150,1639,217,1180,214,459,174
1400000US48453002403,48453002403,"Census Tract 24.03, Travis County, Texas",1051,106,556,117,382,109,174,96,25,27,149,94,495,126,348,107,147,62
1400000US48453002407,48453002407,"Census Tract 24.07, Travis County, Texas",1960,100,1380,125,1093,130,287,104,68,51,219,95,580,109,449,98,131,79
1400000US48453002409,48453002409,"Census Tract 24.09, Travis County, Texas",1282,54,825,99,448,112,377,93,62,51,315,83,457,102,302,100,155,74
1400000US48453002410,48453002410,"Census Tract 24.10, Travis County, Texas",1647,84,810,130,480,128,330,107,87,66,243,95,837,134,592,111,245,103
1400000US48453002411,48453002411,"Census Tract 24.11, Travis County, Texas",1626,89,1349,118,644,123,705,124,208,97,497,112,277,99,178,77,99,68
1400000US48453002412,48453002412,"Census Tract 24.12, Travis County, Texas",1326,75,1161,100,753,101,408,104,77,54,331,95,165,68,77,40,88,59
1400000US48453002413,48453002413,"Census Tract 24.13, Travis County, Texas",1269,54,1071,91,595,111,476,118,39,46,437,113,198,74,140,63,58,51
1400000US48453002419,48453002419,"Census Tract 24.19, Travis County, Texas",1901,84,849,121,402,113,447,125,168,91,279,101,1052,139,727,139,325,100
1400000US48453002421,48453002421,"Census Tract 24.21, Travis County, Texas",3336,130,1358,220,907,173,451,138,41,41,410,125,1978,235,1090,203,888,256
1400000US48453002422,48453002422,"Census Tract 24.22, Travis County, Texas",2368,80,1016,181,641,154,375,143,62,59,313,127,1352,182,977,202,375,136
1400000US48453002423,48453002423,"Census Tract 24.23, Travis County, Texas",2105,79,1249,172,702,187,547,157,160,99,387,147,856,155,607,165,249,85
1400000US48453002424,48453002424,"Census Tract 24.24, Travis County, Texas",1383,80,748,109,517,102,231,82,105,69,126,54,635,110,358,96,277,89
1400000US48453002425,48453002425,"Census Tract 24.25, Travis County, Texas",1158,48,687,112,505,109,182,85,36,44,146,76,471,101,299,86,172,86
1400000US48453002426,48453002426,"Census Tract 24.26, Travis County, Texas",2274,148,1682,193,1115,207,567,169,83,91,484,157,592,187,413,154,179,128
1400000US48453002427,48453002427,"Census Tract 24.27, Travis County, Texas",2250,173,1648,230,859,167,789,227,375,207,414,145,602,175,321,115,281,142
1400000US48453002428,48453002428,"Census Tract 24.28, Travis County, Texas",2655,144,1592,193,1045,184,547,188,183,128,364,174,1063,199,871,208,192,108
1400000US48453002429,48453002429,"Census Tract 24.29, Travis County, Texas",441,49,174,66,100,36,74,63,25,39,49,47,267,61,209,65,58,43
1400000US48453002430,48453002430,"Census Tract 24.30, Travis County, Texas",973,105,743,105,519,143,224,83,48,38,176,80,230,85,160,86,70,53
1400000US48453002431,48453002431,"Census Tract 24.31, Travis County, Texas",2079,149,1523,166,1061,201,462,141,168,105,294,119,556,172,313,142,243,111
1400000US48453002432,48453002432,"Census Tract 24.32, Travis County, Texas",607,72,432,89,328,96,104,54,44,42,60,35,175,66,133,61,42,34
1400000US48453002433,48453002433,"Census Tract 24.33, Travis County, Texas",1824,209,1460,191,1031,198,429,145,86,79,343,125,364,157,299,139,65,74
1400000US48453002434,48453002434,"Census Tract 24.34, Travis County, Texas",557,47,400,50,320,65,80,42,20,24,60,35,157,52,108,55,49,37
1400000US48453002435,48453002435,"Census Tract 24.35, Travis County, Texas",1982,219,1764,231,1101,252,663,218,202,123,461,179,218,110,134,87,84,75
1400000US48453002436,48453002436,"Census Tract 24.36, Travis County, Texas",689,121,617,118,419,113,198,69,108,62,90,48,72,43,66,42,6,7
1400000US48453002500,48453002500,"Census Tract 25, Travis County, Texas",2807,108,1217,173,1051,182,166,84,70,56,96,64,1590,195,1159,178,431,155
1400000US48453980000,48453980000,"Census Tract 9800, Travis County, Texas",0,13,0,13,0,13,0,13,0,13,0,13,0,13,0,13,0,13
1400000US48491020105,48491020105,"Census Tract 201.05, Williamson County, Texas",2014,96,1549,150,1479,167,70,106,70,106,0,13,465,135,376,124,89,64
1400000US48491020106,48491020106,"Census Tract 201.06, Williamson County, Texas",1344,88,1043,120,978,125,65,29,21,24,44,30,301,123,282,128,19,30
1400000US48491020107,48491020107,"Census Tract 201.07, Williamson County, Texas",2779,169,1749,171,1718,170,31,34,0,13,31,34,1030,197,997,199,33,36
1400000US48491020108,48491020108,"Census Tract 201.08, Williamson County, Texas",1285,31,900,91,828,98,72,48,8,14,64,47,385,89,355,89,30,46
1400000US48491020109,48491020109,"Census Tract 201.09, Williamson County, Texas",1019,97,930,92,802,108,128,88,11,18,117,89,89,68,54,39,35,49
1400000US48491020110,48491020110,"Census Tract 201.10, Williamson County, Texas",1373,87,1116,120,1011,121,105,57,64,43,41,39,257,101,249,101,8,14
1400000US48491020111,48491020111,"Census Tract 201.11, Williamson County, Texas",1215,78,889,81,831,87,58,45,44,39,14,21,326,82,268,73,58,46
1400000US48491020112,48491020112,"Census Tract 201.12, Williamson County, Texas",1112,96,1006,108,964,110,42,33,11,14,31,31,106,64,106,64,0,13
1400000US48491020113,48491020113,"Census Tract 201.13, Williamson County, Texas",1048,92,578,123,449,92,129,87,61,80,68,46,470,121,379,114,91,70
1400000US48491020114,48491020114,"Census Tract 201.14, Williamson County, Texas",1925,135,1349,157,888,133,461,133,123,79,338,125,576,141,524,135,52,48
1400000US48491020115,48491020115,"Census Tract 201.15, Williamson County, Texas",1079,92,779,102,682,98,97,65,0,13,97,65,300,123,270,125,30,32
1400000US48491020201,48491020201,"Census Tract 202.01, Williamson County, Texas",591,83,376,100,292,87,84,44,29,21,55,40,215,101,158,79,57,72
1400000US48491020202,48491020202,"Census Tract 202.02, Williamson County, Texas",1613,115,1347,116,1207,134,140,72,44,39,96,57,266,101,253,98,13,20
1400000US48491020203,48491020203,"Census Tract 202.03, Williamson County, Texas",1478,103,1155,113,1155,113,0,13,0,13,0,13,323,92,303,88,20,22
1400000US48491020204,48491020204,"Census Tract 202.04, Williamson County, Texas",1666,154,1325,167,1124,162,201,139,45,54,156,116,341,112,295,98,46,52
1400000US48491020301,48491020301,"Census Tract 203.01, Williamson County, Texas",2155,101,1711,149,1515,160,196,75,78,52,118,49,444,128,360,109,84,51
1400000US48491020302,48491020302,"Census Tract 203.02, Williamson County, Texas",963,70,837,79,702,89,135,62,36,36,99,56,126,54,113,49,13,16
1400000US48491020310,48491020310,"Census Tract 203.10, Williamson County, Texas",1017,68,736,74,695,75,41,25,19,18,22,19,281,79,218,72,63,58
1400000US48491020311,48491020311,"Census Tract 203.11, Williamson County, Texas",1338,103,736,113,665,113,71,72,16,26,55,65,602,133,426,133,176,77
1400000US48491020312,48491020312,"Census Tract 203.12, Williamson County, Texas",2379,141,1810,154,1400,224,410,178,177,133,233,114,569,185,413,191,156,127
1400000US48491020313,48491020313,"Census Tract 203.13, Williamson County, Texas",3107,200,2160,169,1664,175,496,171,270,134,226,109,947,190,684,147,263,140
1400000US48491020314,48491020314,"Census Tract 203.14, Williamson County, Texas",1610,113,1372,144,1093,200,279,141,93,82,186,118,238,103,234,104,4,10
1400000US48491020315,48491020315,"Census Tract 203.15, Williamson County, Texas",1681,119,1319,151,1160,148,159,131,8,13,151,130,362,123,339,120,23,20
1400000US48491020316,48491020316,"Census Tract 203.16, Williamson County, Texas",1272,98,875,132,537,102,338,127,84,84,254,137,397,117,285,114,112,73
1400000US48491020317,48491020317,"Census Tract 203.17, Williamson County, Texas",1329,181,891,139,634,129,257,102,80,53,177,92,438,161,369,151,69,69
1400000US48491020318,48491020318,"Census Tract 203.18, Williamson County, Texas",3304,107,2312,178,1730,205,582,184,94,69,488,163,992,194,848,197,144,99
1400000US48491020319,48491020319,"Census Tract 203.19, Williamson County, Texas",1595,78,1339,117,1107,133,232,97,23,29,209,93,256,109,128,65,128,102
1400000US48491020320,48491020320,"Census Tract 203.20, Williamson County, Texas",2602,71,2217,155,1631,193,586,210,170,163,416,194,385,143,316,145,69,60
1400000US48491020321,48491020321,"Census Tract 203.21, Williamson County, Texas",583,67,404,81,371,87,33,31,15,24,18,19,179,72,125,60,54,61
1400000US48491020322,48491020322,"Census Tract 203.22, Williamson County, Texas",3090,154,2248,185,1724,214,524,164,95,101,429,145,842,192,608,157,234,160
1400000US48491020323,48491020323,"Census Tract 203.23, Williamson County, Texas",1014,66,805,105,558,82,247,121,27,34,220,115,209,87,194,88,15,15
1400000US48491020324,48491020324,"Census Tract 203.24, Williamson County, Texas",1925,104,1603,144,1362,141,241,104,88,73,153,85,322,107,233,91,89,68
1400000US48491020325,48491020325,"Census Tract 203.25, Williamson County, Texas",934,43,734,85,457,113,277,93,89,107,188,80,200,91,123,76,77,66
1400000US48491020326,48491020326,"Census Tract 203.26, Williamson County, Texas",1954,99,1760,111,1603,136,157,101,13,18,144,101,194,72,159,70,35,28
1400000US48491020327,48491020327,"Census Tract 203.27, Williamson County, Texas",785,90,601,96,524,109,77,55,12,18,65,51,184,79,111,61,73,81
1400000US48491020328,48491020328,"Census Tract 203.28, Williamson County, Texas",2278,114,1740,129,1397,127,343,113,71,51,272,106,538,120,474,116,64,53
1400000US48491020403,48491020403,"Census Tract 204.03, Williamson County, Texas",689,54,487,63,358,52,129,56,58,47,71,40,202,59,115,42,87,46
1400000US48491020404,48491020404,"Census Tract 204.04, Williamson County, Texas",1274,47,876,89,632,87,244,87,72,53,172,81,398,84,315,79,83,51
1400000US48491020405,48491020405,"Census Tract 204.05, Williamson County, Texas",2477,133,1425,188,942,191,483,141,109,64,374,124,1052,203,888,213,164,118
1400000US48491020406,48491020406,"Census Tract 204.06, Williamson County, Texas",2960,214,1345,252,815,186,530,194,134,104,396,179,1615,232,1322,236,293,110
1400000US48491020408,48491020408,"Census Tract 204.08, Williamson County, Texas",1917,107,1234,155,708,155,526,177,122,104,404,151,683,168,511,150,172,107
1400000US48491020409,48491020409,"Census Tract 204.09, Williamson County, Texas",1899,138,964,136,634,127,330,119,44,48,286,121,935,185,816,203,119,71
1400000US48491020410,48491020410,"Census Tract 204.10, Williamson County, Texas",2436,126,1354,156,782,169,572,181,263,153,309,122,1082,185,1010,181,72,59
1400000US48491020411,48491020411,"Census Tract 204.11, Williamson County, Texas",2166,73,1354,137,1070,142,284,112,46,51,238,105,812,146,662,134,150,93
1400000US48491020503,48491020503,"Census Tract 205.03, Williamson County, Texas",1829,120,1344,146,1165,153,179,67,27,31,152,70,485,144,413,123,72,71
1400000US48491020504,48491020504,"Census Tract 205.04, Williamson County, Texas",3670,176,1990,259,1148,235,842,187,268,123,574,172,1680,242,1352,225,328,128
1400000US48491020505,48491020505,"Census Tract 205.05, Williamson County, Texas",885,57,724,70,634,79,90,66,17,26,73,61,161,72,142,70,19,17
1400000US48491020506,48491020506,"Census Tract 205.06, Williamson County, Texas",2833,151,2279,169,1874,194,405,145,99,78,306,124,554,174,419,162,135,104
1400000US48491020507,48491020507,"Census Tract 205.07, Williamson County, Texas",1053,99,790,137,750,148,40,53,0,13,40,53,263,108,206,95,57,61
1400000US48491020508,48491020508,"Census Tract 205.08, Williamson County, Texas",1974,151,1176,184,738,157,438,189,54,68,384,175,798,186,546,158,252,162
1400000US48491020509,48491020509,"Census Tract 205.09, Williamson County, Texas",2119,119,1802,131,1672,139,130,82,40,47,90,71,317,125,249,122,68,60
1400000US48491020510,48491020510,"Census Tract 205.10, Williamson County, Texas",3220,177,2704,217,2468,208,236,123,108,93,128,84,516,171,302,128,214,116
1400000US48491020602,48491020602,"Census Tract 206.02, Williamson County, Texas",1654,85,1259,109,993,98,266,103,130,85,136,72,395,103,332,91,63,52
1400000US48491020603,48491020603,"Census Tract 206.03, Williamson County, Texas",2701,109,2526,128,2439,133,87,59,24,33,63,61,175,100,161,96,14,23
1400000US48491020604,48491020604,"Census Tract 206.04, Williamson County, Texas",1716,103,1363,149,1179,169,184,106,130,93,54,43,353,126,292,119,61,72
1400000US48491020605,48491020605,"Census Tract 206.05, Williamson County, Texas",2191,103,1947,124,1620,145,327,132,25,28,302,127,244,110,217,110,27,34
1400000US48491020701,48491020701,"Census Tract 207.01, Williamson County, Texas",778,108,516,103,358,115,158,75,60,47,98,56,262,88,197,82,65,54
1400000US48491020703,48491020703,"Census Tract 207.03, Williamson County, Texas",3699,153,2532,243,1574,251,958,241,425,182,533,181,1167,223,814,214,353,159
1400000US48491020704,48491020704,"Census Tract 207.04, Williamson County, Texas",2151,120,1400,159,1105,166,295,116,47,34,248,107,751,159,633,148,118,96
1400000US48491020706,48491020706,"Census Tract 207.06, Williamson County, Texas",1090,109,1016,112,951,123,65,52,42,39,23,31,74,62,74,62,0,13
1400000US48491020707,48491020707,"Census Tract 207.07, Williamson County, Texas",1672,103,1112,134,789,125,323,115,68,82,255,95,560,116,404,123,156,90
1400000US48491020708,48491020708,"Census Tract 207.08, Williamson County, Texas",2204,151,1741,216,1577,216,164,120,64,67,100,97,463,197,288,169,175,145
1400000US48491020803,48491020803,"Census Tract 208.03, Williamson County, Texas",1326,186,946,122,785,95,161,83,18,23,143,80,380,169,284,133,96,95
1400000US48491020804,48491020804,"Census Tract 208.04, Williamson County, Texas",3040,157,2480,180,2142,187,338,165,35,40,303,165,560,179,316,152,244,142
1400000US48491020805,48491020805,"Census Tract 208.05, Williamson County, Texas",2283,137,1891,171,1489,213,402,194,63,72,339,185,392,152,340,154,52,56
1400000US48491020806,48491020806,"Census Tract 208.06, Williamson County, Texas",762,99,685,108,602,123,83,52,21,27,62,52,77,43,77,43,0,13
1400000US48491020807,48491020807,"Census Tract 208.07, Williamson County, Texas",2247,192,1817,179,1404,234,413,167,73,70,340,151,430,161,387,154,43,35
1400000US48491020808,48491020808,"Census Tract 208.08, Williamson County, Texas",554,78,379,67,318,70,61,56,28,42,33,40,175,77,158,78,17,19
1400000US48491020809,48491020809,"Census Tract 208.09, Williamson County, Texas",2036,140,1728,163,1530,196,198,105,85,62,113,74,308,124,268,120,40,49
1400000US48491020900,48491020900,"Census Tract 209, Williamson County, Texas",1667,113,1158,113,1054,105,104,49,49,37,55,29,509,106,467,103,42,23
1400000US48491021000,48491021000,"Census Tract 210, Williamson County, Texas",999,112,748,93,508,102,240,69,68,45,172,59,251,88,213,78,38,41
1400000US48491021100,48491021100,"Census Tract 211, Williamson County, Texas",1022,103,691,113,482,106,209,86,93,60,116,60,331,102,316,103,15,13
1400000US48491021201,48491021201,"Census Tract 212.01, Williamson County, Texas",1107,95,790,87,684,101,106,57,6,20,100,56,317,88,265,88,52,39
1400000US48491021202,48491021202,"Census Tract 212.02, Williamson County, Texas",1291,123,955,118,643,95,312,103,39,41,273,108,336,119,275,108,61,70
1400000US48491021203,48491021203,"Census Tract 212.03, Williamson County, Texas",1101,86,740,106,483,109,257,96,72,80,185,83,361,110,345,108,16,19
1400000US48491021300,48491021300,"Census Tract 213, Williamson County, Texas",1323,92,904,100,657,98,247,70,61,35,186,59,419,91,384,89,35,19
1400000US48491021401,48491021401,"Census Tract 214.01, Williamson County, Texas",2696,134,2189,171,1753,204,436,150,34,35,402,138,507,143,446,143,61,47
1400000US48491021402,48491021402,"Census Tract 214.02, Williamson County, Texas",1453,152,655,100,380,88,275,96,60,51,215,86,798,147,763,150,35,30
1400000US48491021403,48491021403,"Census Tract 214.03, Williamson County, Texas",1240,105,811,124,634,122,177,83,82,70,95,53,429,131,347,130,82,62
1400000US48491021502,48491021502,"Census Tract 215.02, Williamson County, Texas",1556,117,1131,118,657,142,474,142,172,94,302,106,425,95,304,83,121,66
1400000US48491021503,48491021503,"Census Tract 215.03, Williamson County, Texas",1536,115,1007,151,635,114,372,126,41,66,331,118,529,113,424,112,105,66
1400000US48491021504,48491021504,"Census Tract 215.04, Williamson County, Texas",2058,174,1431,184,1393,180,38,44,0,18,38,44,627,182,325,139,302,152
1400000US48491021505,48491021505,"Census Tract 215.05, Williamson County, Texas",2512,108,1635,198,1257,180,378,148,198,129,180,91,877,205,695,186,182,113
1400000US48491021506,48491021506,"Census Tract 215.06, Williamson County, Texas",969,73,781,85,718,96,63,41,16,28,47,32,188,74,188,74,0,13
1400000US48491021507,48491021507,"Census Tract 215.07, Williamson County, Texas",3302,309,2306,239,1682,251,624,227,207,131,417,174,996,252,862,239,134,98
1400000US48491021508,48491021508,"Census Tract 215.08, Williamson County, Texas",2465,186,1736,254,1310,262,426,226,214,230,212,118,729,198,501,157,228,159
1400000US48491021601,48491021601,"Census Tract 216.01, Williamson County, Texas",1192,123,970,128,818,134,152,68,18,21,134,65,222,80,205,80,17,17
1400000US48491021602,48491021602,"Census Tract 216.02, Williamson County, Texas",936,109,734,104,673,98,61,34,27,19,34,27,202,86,100,57,102,75
1400000US48491021603,48491021603,"Census Tract 216.03, Williamson County, Texas",562,53,426,61,351,71,75,80,60,80,15,10,136,52,104,42,32,31
