GEO.id,GEO.id2,GEO.display-label,HD01_VD01,HD02_VD01,HD01_VD02,HD02_VD02,HD01_VD03,HD02_VD03,HD01_VD04,HD02_VD04,HD01_VD05,HD02_VD05,HD01_VD06,HD02_VD06,HD01_VD07,HD02_VD07,HD01_VD08,HD02_VD08,HD01_VD09,HD02_VD09
Id,Id2,Geography,Estimate; Total:,Margin of Error; Total:,Estimate; Family households:,Margin of Error; Family households:,Estimate; Family households: - Married-couple family,Margin of Error; Family households: - Married-couple family,Estimate; Family households: - Other family:,Margin of Error; Family households: - Other family:,"Estimate; Family households: - Other family: - Male householder, no wife present","Margin of Error; Family households: - Other family: - Male householder, no wife present","Estimate; Family households: - Other family: - Female householder, no husband present","Margin of Error; Family households: - Other family: - Female householder, no husband present",Estimate; Nonfamily households:,Margin of Error; Nonfamily households:,Estimate; Nonfamily households: - Householder living alone,Margin of Error; Nonfamily households: - Householder living alone,Estimate; Nonfamily households: - Householder not living alone,Margin of Error; Nonfamily households: - Householder not living alone
1400000US48021950100,48021950100,"Census Tract 9501, Bastrop County, Texas",3074,218,2261,219,1805,240,456,121,187,81,269,102,813,183,687,172,126,80
1400000US48021950200,48021950200,"Census Tract 9502, Bastrop County, Texas",2596,255,1827,192,1381,219,446,177,41,41,405,172,769,251,688,239,81,57
1400000US48021950300,48021950300,"Census Tract 9503, Bastrop County, Texas",4726,337,3648,350,2883,336,765,243,236,148,529,210,1078,285,657,228,421,201
1400000US48021950400,48021950400,"Census Tract 9504, Bastrop County, Texas",3521,274,2049,266,1579,240,470,174,94,91,376,150,1472,243,1299,239,173,84
1400000US48021950501,48021950501,"Census Tract 9505.01, Bastrop County, Texas",2176,181,1643,214,1138,229,505,190,251,156,254,130,533,178,441,174,92,70
1400000US48021950502,48021950502,"Census Tract 9505.02, Bastrop County, Texas",2088,213,1572,223,1386,233,186,75,28,33,158,70,516,163,432,142,84,73
1400000US48021950600,48021950600,"Census Tract 9506, Bastrop County, Texas",2078,234,1441,220,1134,202,307,136,154,92,153,98,637,206,593,198,44,44
1400000US48021950700,48021950700,"Census Tract 9507, Bastrop County, Texas",1726,223,1053,171,628,125,425,136,38,39,387,120,673,134,646,130,27,25
1400000US48021950801,48021950801,"Census Tract 9508.01, Bastrop County, Texas",1899,192,1630,202,1281,192,349,157,109,101,240,121,269,103,208,98,61,45
1400000US48021950802,48021950802,"Census Tract 9508.02, Bastrop County, Texas",1938,146,1541,183,1287,181,254,118,98,78,156,101,397,142,342,134,55,47
1400000US48055960101,48055960101,"Census Tract 9601.01, Caldwell County, Texas",2031,187,1588,165,1165,150,423,129,186,100,237,93,443,128,293,107,150,73
1400000US48055960102,48055960102,"Census Tract 9601.02, Caldwell County, Texas",1325,131,937,136,714,152,223,93,26,29,197,88,388,120,314,111,74,55
1400000US48055960200,48055960200,"Census Tract 9602, Caldwell County, Texas",1494,134,1004,122,628,121,376,135,80,57,296,127,490,125,403,111,87,59
1400000US48055960300,48055960300,"Census Tract 9603, Caldwell County, Texas",1527,119,1113,114,904,121,209,95,72,66,137,80,414,104,369,102,45,30
1400000US48055960400,48055960400,"Census Tract 9604, Caldwell County, Texas",1218,113,820,104,583,116,237,82,60,50,177,66,398,95,360,90,38,30
1400000US48055960500,48055960500,"Census Tract 9605, Caldwell County, Texas",2060,134,1372,158,1006,148,366,103,132,82,234,75,688,151,456,126,232,107
1400000US48055960600,48055960600,"Census Tract 9606, Caldwell County, Texas",816,95,605,92,467,80,138,57,48,34,90,44,211,66,178,65,33,24
1400000US48055960700,48055960700,"Census Tract 9607, Caldwell County, Texas",2193,205,1521,165,894,205,627,204,83,72,544,192,672,204,557,213,115,89
1400000US48209010100,48209010100,"Census Tract 101, Hays County, Texas",1321,157,409,101,211,66,198,92,60,60,138,71,912,165,509,146,403,131
1400000US48209010200,48209010200,"Census Tract 102, Hays County, Texas",571,87,195,62,126,41,69,49,39,38,30,29,376,88,197,80,179,65
1400000US48209010302,48209010302,"Census Tract 103.02, Hays County, Texas",1790,129,992,159,432,138,560,138,152,104,408,124,798,170,615,152,183,71
1400000US48209010303,48209010303,"Census Tract 103.03, Hays County, Texas",2993,275,1093,219,563,153,530,180,76,78,454,172,1900,285,864,296,1036,254
1400000US48209010304,48209010304,"Census Tract 103.04, Hays County, Texas",2696,210,928,198,376,163,552,167,150,92,402,142,1768,257,1068,221,700,200
1400000US48209010400,48209010400,"Census Tract 104, Hays County, Texas",4068,211,1888,236,1168,272,720,251,364,221,356,152,2180,287,1213,231,967,232
1400000US48209010500,48209010500,"Census Tract 105, Hays County, Texas",2114,168,920,152,438,120,482,132,137,87,345,124,1194,197,839,184,355,119
1400000US48209010600,48209010600,"Census Tract 106, Hays County, Texas",4204,271,2999,252,2193,251,806,231,197,119,609,204,1205,273,1005,220,200,132
1400000US48209010701,48209010701,"Census Tract 107.01, Hays County, Texas",3731,259,984,157,684,145,300,126,76,75,224,100,2747,298,1290,302,1457,250
1400000US48209010702,48209010702,"Census Tract 107.02, Hays County, Texas",1064,134,542,110,415,91,127,71,24,27,103,65,522,129,275,95,247,103
1400000US48209010803,48209010803,"Census Tract 108.03, Hays County, Texas",1919,159,1232,139,1090,143,142,58,32,28,110,53,687,128,600,131,87,52
1400000US48209010804,48209010804,"Census Tract 108.04, Hays County, Texas",3760,212,2689,224,2282,214,407,135,162,96,245,114,1071,215,841,153,230,159
1400000US48209010805,48209010805,"Census Tract 108.05, Hays County, Texas",2545,154,2161,197,2011,188,150,77,71,53,79,57,384,142,273,139,111,84
1400000US48209010806,48209010806,"Census Tract 108.06, Hays County, Texas",1387,85,1066,109,962,119,104,52,30,24,74,49,321,88,269,76,52,46
1400000US48209010807,48209010807,"Census Tract 108.07, Hays County, Texas",738,78,574,76,402,63,172,62,55,46,117,42,164,55,124,48,40,39
1400000US48209010808,48209010808,"Census Tract 108.08, Hays County, Texas",2158,164,1734,159,1465,180,269,128,72,50,197,122,424,135,301,111,123,86
1400000US48209010809,48209010809,"Census Tract 108.09, Hays County, Texas",1914,78,1558,136,1360,140,198,90,141,78,57,38,356,127,306,112,50,42
1400000US48209010901,48209010901,"Census Tract 109.01, Hays County, Texas",2840,140,2244,154,2045,184,199,109,58,41,141,95,596,152,493,146,103,84
1400000US48209010902,48209010902,"Census Tract 109.02, Hays County, Texas",4765,275,3800,350,3141,330,659,240,123,82,536,241,965,312,647,236,318,193
1400000US48209010905,48209010905,"Census Tract 109.05, Hays County, Texas",2254,129,1744,145,1399,161,345,127,168,110,177,76,510,124,414,118,96,61
1400000US48209010906,48209010906,"Census Tract 109.06, Hays County, Texas",4203,183,3341,253,2524,316,817,234,254,128,563,213,862,239,665,211,197,139
1400000US48209010907,48209010907,"Census Tract 109.07, Hays County, Texas",3049,176,2541,175,1730,232,811,184,358,141,453,150,508,158,359,127,149,91
1400000US48209010908,48209010908,"Census Tract 109.08, Hays County, Texas",3434,179,2505,216,1956,237,549,169,272,142,277,126,929,191,552,169,377,162
1400000US48209010909,48209010909,"Census Tract 109.09, Hays County, Texas",2205,116,1607,133,1105,134,502,154,218,120,284,96,598,127,436,116,162,85
1400000US48209010910,48209010910,"Census Tract 109.10, Hays County, Texas",2601,132,2047,192,1716,197,331,111,47,44,284,111,554,184,330,135,224,127
1400000US48453000101,48453000101,"Census Tract 1.01, Travis County, Texas",1997,111,944,112,720,98,224,79,55,41,169,83,1053,137,806,122,247,88
1400000US48453000102,48453000102,"Census Tract 1.02, Travis County, Texas",1108,69,701,75,565,79,136,78,76,67,60,41,407,81,358,77,49,34
1400000US48453000203,48453000203,"Census Tract 2.03, Travis County, Texas",710,60,140,46,97,40,43,32,3,4,40,32,570,63,407,72,163,54
1400000US48453000204,48453000204,"Census Tract 2.04, Travis County, Texas",1629,86,555,92,431,78,124,55,61,47,63,30,1074,119,804,121,270,68
1400000US48453000205,48453000205,"Census Tract 2.05, Travis County, Texas",2095,126,670,166,487,130,183,118,112,107,71,56,1425,210,847,163,578,178
1400000US48453000206,48453000206,"Census Tract 2.06, Travis County, Texas",1687,98,650,93,520,81,130,79,27,27,103,76,1037,112,783,128,254,81
1400000US48453000302,48453000302,"Census Tract 3.02, Travis County, Texas",2785,177,656,116,589,117,67,55,0,18,67,55,2129,214,1456,207,673,170
1400000US48453000304,48453000304,"Census Tract 3.04, Travis County, Texas",1389,104,478,85,379,81,99,56,25,23,74,59,911,135,558,130,353,103
1400000US48453000305,48453000305,"Census Tract 3.05, Travis County, Texas",1795,85,390,86,336,73,54,37,20,33,34,24,1405,108,907,151,498,126
1400000US48453000306,48453000306,"Census Tract 3.06, Travis County, Texas",1879,104,870,128,706,118,164,86,22,24,142,82,1009,139,641,115,368,102
1400000US48453000307,48453000307,"Census Tract 3.07, Travis County, Texas",815,46,312,48,276,48,36,25,10,11,26,22,503,57,306,67,197,50
1400000US48453000401,48453000401,"Census Tract 4.01, Travis County, Texas",1580,100,467,74,355,85,112,58,31,22,81,57,1113,122,572,109,541,98
1400000US48453000402,48453000402,"Census Tract 4.02, Travis County, Texas",1524,93,705,108,345,105,360,100,87,61,273,100,819,130,496,125,323,85
1400000US48453000500,48453000500,"Census Tract 5, Travis County, Texas",2093,134,549,134,403,117,146,67,57,54,89,50,1544,178,935,164,609,155
1400000US48453000601,48453000601,"Census Tract 6.01, Travis County, Texas",326,37,66,35,37,23,29,30,0,20,29,30,260,40,122,30,138,39
1400000US48453000603,48453000603,"Census Tract 6.03, Travis County, Texas",2310,167,153,84,17,22,136,82,43,39,93,70,2157,181,820,172,1337,204
1400000US48453000604,48453000604,"Census Tract 6.04, Travis County, Texas",1547,152,115,64,61,54,54,37,32,26,22,25,1432,153,639,159,793,143
1400000US48453000700,48453000700,"Census Tract 7, Travis County, Texas",670,63,141,29,113,30,28,18,6,9,22,17,529,68,391,68,138,46
1400000US48453000801,48453000801,"Census Tract 8.01, Travis County, Texas",632,52,292,64,209,57,83,41,31,28,52,31,340,68,284,60,56,34
1400000US48453000802,48453000802,"Census Tract 8.02, Travis County, Texas",1306,77,669,111,228,71,441,106,39,36,402,104,637,108,364,118,273,90
1400000US48453000803,48453000803,"Census Tract 8.03, Travis County, Texas",1031,79,439,70,299,77,140,77,41,40,99,63,592,91,329,89,263,95
1400000US48453000804,48453000804,"Census Tract 8.04, Travis County, Texas",973,61,475,50,200,58,275,57,67,33,208,51,498,72,348,64,150,44
1400000US48453000901,48453000901,"Census Tract 9.01, Travis County, Texas",932,63,313,54,155,44,158,55,36,25,122,50,619,68,384,79,235,62
1400000US48453000902,48453000902,"Census Tract 9.02, Travis County, Texas",1997,113,1168,166,608,159,560,124,139,76,421,118,829,147,563,127,266,99
1400000US48453001000,48453001000,"Census Tract 10, Travis County, Texas",1477,107,704,106,366,93,338,98,102,77,236,85,773,124,568,115,205,61
1400000US48453001100,48453001100,"Census Tract 11, Travis County, Texas",3465,288,935,255,872,228,63,73,45,73,18,27,2530,288,2037,278,493,214
1400000US48453001200,48453001200,"Census Tract 12, Travis County, Texas",3179,223,848,179,664,164,184,92,61,42,123,84,2331,267,1973,276,358,145
1400000US48453001303,48453001303,"Census Tract 13.03, Travis County, Texas",2084,197,630,168,493,137,137,77,34,46,103,59,1454,193,1092,179,362,152
1400000US48453001304,48453001304,"Census Tract 13.04, Travis County, Texas",2010,101,811,110,614,106,197,90,48,40,149,76,1199,133,757,120,442,116
1400000US48453001305,48453001305,"Census Tract 13.05, Travis County, Texas",2833,170,955,185,578,140,377,136,81,79,296,116,1878,201,1291,220,587,173
1400000US48453001307,48453001307,"Census Tract 13.07, Travis County, Texas",1831,119,642,115,423,98,219,91,75,59,144,77,1189,165,846,162,343,101
1400000US48453001308,48453001308,"Census Tract 13.08, Travis County, Texas",1482,104,486,109,271,87,215,97,81,58,134,76,996,123,684,123,312,96
1400000US48453001401,48453001401,"Census Tract 14.01, Travis County, Texas",1711,123,448,86,371,82,77,54,18,21,59,47,1263,137,813,147,450,111
1400000US48453001402,48453001402,"Census Tract 14.02, Travis County, Texas",1284,96,523,100,379,78,144,75,26,27,118,70,761,116,456,104,305,96
1400000US48453001403,48453001403,"Census Tract 14.03, Travis County, Texas",795,60,225,55,166,47,59,36,47,35,12,12,570,87,376,78,194,67
1400000US48453001501,48453001501,"Census Tract 15.01, Travis County, Texas",2326,145,1299,173,1136,181,163,72,22,29,141,67,1027,184,857,177,170,97
1400000US48453001503,48453001503,"Census Tract 15.03, Travis County, Texas",1788,107,825,106,522,106,303,87,113,67,190,69,963,127,646,126,317,83
1400000US48453001504,48453001504,"Census Tract 15.04, Travis County, Texas",2298,137,1194,158,912,193,282,138,87,80,195,113,1104,194,672,179,432,137
1400000US48453001505,48453001505,"Census Tract 15.05, Travis County, Texas",2264,67,947,141,762,156,185,102,31,47,154,86,1317,143,1076,157,241,108
1400000US48453001602,48453001602,"Census Tract 16.02, Travis County, Texas",1705,96,608,92,500,92,108,72,70,60,38,31,1097,108,787,118,310,92
1400000US48453001603,48453001603,"Census Tract 16.03, Travis County, Texas",1823,94,1331,114,1207,109,124,67,35,38,89,57,492,110,369,100,123,65
1400000US48453001604,48453001604,"Census Tract 16.04, Travis County, Texas",1800,65,1087,123,1005,132,82,44,0,13,82,44,713,121,560,123,153,80
1400000US48453001605,48453001605,"Census Tract 16.05, Travis County, Texas",1902,134,740,103,678,104,62,45,8,12,54,43,1162,168,813,158,349,106
1400000US48453001606,48453001606,"Census Tract 16.06, Travis County, Texas",0,13,0,13,0,13,0,13,0,13,0,13,0,13,0,13,0,13
1400000US48453001705,48453001705,"Census Tract 17.05, Travis County, Texas",2188,131,1178,146,1074,145,104,72,30,35,74,52,1010,168,874,167,136,77
1400000US48453001706,48453001706,"Census Tract 17.06, Travis County, Texas",1906,73,910,115,708,113,202,96,75,59,127,69,996,105,887,107,109,47
1400000US48453001707,48453001707,"Census Tract 17.07, Travis County, Texas",2347,141,1033,159,877,173,156,100,65,54,91,80,1314,192,1066,194,248,124
1400000US48453001712,48453001712,"Census Tract 17.12, Travis County, Texas",2036,80,1084,129,699,120,385,116,116,95,269,86,952,142,832,137,120,66
1400000US48453001713,48453001713,"Census Tract 17.13, Travis County, Texas",1972,95,1056,144,603,110,453,128,62,40,391,128,916,160,529,143,387,116
1400000US48453001714,48453001714,"Census Tract 17.14, Travis County, Texas",5569,302,3551,345,2884,275,667,217,160,128,507,203,2018,340,1501,371,517,232
1400000US48453001716,48453001716,"Census Tract 17.16, Travis County, Texas",2817,157,1451,159,1248,159,203,139,17,28,186,137,1366,193,1213,207,153,87
1400000US48453001718,48453001718,"Census Tract 17.18, Travis County, Texas",2920,132,1475,187,1196,186,279,98,35,38,244,97,1445,203,1050,226,395,128
1400000US48453001719,48453001719,"Census Tract 17.19, Travis County, Texas",1672,68,1288,94,1161,98,127,55,33,31,94,42,384,89,273,82,111,52
1400000US48453001722,48453001722,"Census Tract 17.22, Travis County, Texas",2184,175,510,131,468,125,42,37,14,24,28,29,1674,230,1408,255,266,95
1400000US48453001728,48453001728,"Census Tract 17.28, Travis County, Texas",2909,135,1741,188,1407,199,334,115,77,50,257,101,1168,207,744,183,424,129
1400000US48453001729,48453001729,"Census Tract 17.29, Travis County, Texas",2197,117,1151,176,639,172,512,162,131,112,381,140,1046,195,767,173,279,136
1400000US48453001733,48453001733,"Census Tract 17.33, Travis County, Texas",1353,89,1124,93,989,100,135,77,51,57,84,48,229,82,175,70,54,56
1400000US48453001737,48453001737,"Census Tract 17.37, Travis County, Texas",4133,118,2868,226,2437,205,431,154,89,80,342,151,1265,241,1097,222,168,105
1400000US48453001738,48453001738,"Census Tract 17.38, Travis County, Texas",2847,53,1794,205,1432,167,362,158,107,68,255,140,1053,210,853,195,200,125
1400000US48453001740,48453001740,"Census Tract 17.40, Travis County, Texas",1997,51,1246,153,948,145,298,104,28,27,270,102,751,146,533,136,218,97
1400000US48453001741,48453001741,"Census Tract 17.41, Travis County, Texas",1292,116,923,118,817,106,106,66,22,21,84,60,369,110,314,104,55,35
1400000US48453001742,48453001742,"Census Tract 17.42, Travis County, Texas",2234,157,1514,212,1374,235,140,69,72,78,68,53,720,205,637,202,83,49
1400000US48453001745,48453001745,"Census Tract 17.45, Travis County, Texas",1016,74,659,84,491,73,168,64,56,50,112,51,357,91,273,84,84,59
1400000US48453001746,48453001746,"Census Tract 17.46, Travis County, Texas",1926,39,948,124,624,116,324,97,65,37,259,93,978,130,746,115,232,97
1400000US48453001747,48453001747,"Census Tract 17.47, Travis County, Texas",2199,58,1314,138,917,137,397,107,193,93,204,91,885,144,513,133,372,106
1400000US48453001748,48453001748,"Census Tract 17.48, Travis County, Texas",2548,71,1587,192,1163,185,424,147,63,51,361,135,961,185,634,166,327,123
1400000US48453001749,48453001749,"Census Tract 17.49, Travis County, Texas",2827,176,1336,196,1055,178,281,107,80,56,201,103,1491,226,1017,205,474,164
1400000US48453001750,48453001750,"Census Tract 17.50, Travis County, Texas",2510,136,1009,190,773,167,236,114,52,51,184,99,1501,218,1227,215,274,120
1400000US48453001751,48453001751,"Census Tract 17.51, Travis County, Texas",964,41,613,59,537,63,76,32,13,14,63,30,351,58,328,56,23,20
1400000US48453001752,48453001752,"Census Tract 17.52, Travis County, Texas",2239,132,666,163,295,98,371,165,0,13,371,165,1573,169,1141,202,432,152
1400000US48453001753,48453001753,"Census Tract 17.53, Travis County, Texas",722,69,218,54,163,46,55,37,38,33,17,21,504,72,430,71,74,36
1400000US48453001754,48453001754,"Census Tract 17.54, Travis County, Texas",2349,92,1013,149,912,131,101,77,13,21,88,75,1336,174,949,166,387,155
1400000US48453001755,48453001755,"Census Tract 17.55, Travis County, Texas",2096,53,1860,99,1718,116,142,89,67,68,75,61,236,95,213,91,23,22
1400000US48453001756,48453001756,"Census Tract 17.56, Travis County, Texas",1755,85,1223,127,989,124,234,83,51,37,183,78,532,117,423,99,109,53
1400000US48453001757,48453001757,"Census Tract 17.57, Travis County, Texas",995,78,545,83,497,79,48,36,0,13,48,36,450,86,375,85,75,47
1400000US48453001760,48453001760,"Census Tract 17.60, Travis County, Texas",5394,285,4330,300,3978,288,352,184,188,147,164,103,1064,251,842,229,222,160
1400000US48453001761,48453001761,"Census Tract 17.61, Travis County, Texas",3087,162,1873,181,1663,138,210,122,50,61,160,112,1214,193,977,199,237,128
1400000US48453001764,48453001764,"Census Tract 17.64, Travis County, Texas",2655,206,2038,189,1859,179,179,65,45,35,134,61,617,147,464,138,153,69
1400000US48453001765,48453001765,"Census Tract 17.65, Travis County, Texas",4842,279,3841,282,3491,282,350,173,207,140,143,97,1001,232,757,209,244,198
1400000US48453001766,48453001766,"Census Tract 17.66, Travis County, Texas",2803,201,2124,211,1918,201,206,121,31,40,175,113,679,178,516,156,163,90
1400000US48453001768,48453001768,"Census Tract 17.68, Travis County, Texas",2819,208,2051,192,1841,187,210,113,30,35,180,106,768,196,558,180,210,99
1400000US48453001769,48453001769,"Census Tract 17.69, Travis County, Texas",2147,103,1518,127,1360,137,158,96,58,56,100,81,629,151,522,148,107,74
1400000US48453001770,48453001770,"Census Tract 17.70, Travis County, Texas",4032,55,3580,129,3101,209,479,183,184,166,295,111,452,123,386,115,66,64
1400000US48453001771,48453001771,"Census Tract 17.71, Travis County, Texas",1740,124,1315,116,1266,120,49,33,27,21,22,26,425,122,360,100,65,60
1400000US48453001772,48453001772,"Census Tract 17.72, Travis County, Texas",1353,92,914,125,594,115,320,101,141,85,179,78,439,124,315,99,124,65
1400000US48453001773,48453001773,"Census Tract 17.73, Travis County, Texas",2983,177,2347,132,2213,128,134,68,5,9,129,67,636,168,585,163,51,41
1400000US48453001774,48453001774,"Census Tract 17.74, Travis County, Texas",2780,135,2328,178,1943,194,385,158,138,103,247,102,452,124,310,101,142,91
1400000US48453001775,48453001775,"Census Tract 17.75, Travis County, Texas",2149,115,1915,115,1700,169,215,168,27,23,188,165,234,73,191,72,43,29
1400000US48453001776,48453001776,"Census Tract 17.76, Travis County, Texas",1219,34,764,110,507,97,257,102,83,59,174,84,455,111,290,86,165,81
1400000US48453001777,48453001777,"Census Tract 17.77, Travis County, Texas",2266,121,1453,169,1160,182,293,119,100,70,193,101,813,161,610,151,203,95
1400000US48453001778,48453001778,"Census Tract 17.78, Travis County, Texas",1842,134,1334,125,1110,120,224,85,71,55,153,64,508,118,466,118,42,32
1400000US48453001779,48453001779,"Census Tract 17.79, Travis County, Texas",2623,229,1802,181,1632,166,170,95,32,46,138,79,821,232,686,229,135,94
1400000US48453001780,48453001780,"Census Tract 17.80, Travis County, Texas",1773,117,1143,96,943,91,200,76,95,81,105,41,630,110,500,108,130,61
1400000US48453001781,48453001781,"Census Tract 17.81, Travis County, Texas",913,48,742,49,636,48,106,40,38,23,68,31,171,43,153,44,18,16
1400000US48453001782,48453001782,"Census Tract 17.82, Travis County, Texas",1781,78,1531,82,1381,94,150,81,34,46,116,75,250,81,245,79,5,9
1400000US48453001783,48453001783,"Census Tract 17.83, Travis County, Texas",1947,118,1480,144,1310,147,170,63,37,33,133,56,467,124,435,120,32,31
1400000US48453001784,48453001784,"Census Tract 17.84, Travis County, Texas",1876,116,1583,112,1410,101,173,94,21,27,152,87,293,97,253,86,40,40
1400000US48453001785,48453001785,"Census Tract 17.85, Travis County, Texas",2334,123,1056,216,624,170,432,184,90,62,342,182,1278,205,931,192,347,134
1400000US48453001786,48453001786,"Census Tract 17.86, Travis County, Texas",2592,118,1233,162,991,153,242,102,33,43,209,93,1359,181,1117,185,242,111
1400000US48453001804,48453001804,"Census Tract 18.04, Travis County, Texas",2630,135,1470,242,693,221,777,245,185,123,592,191,1160,225,959,235,201,96
1400000US48453001805,48453001805,"Census Tract 18.05, Travis County, Texas",1808,72,943,132,458,112,485,119,147,68,338,107,865,125,635,122,230,90
1400000US48453001806,48453001806,"Census Tract 18.06, Travis County, Texas",2344,140,1394,173,759,172,635,165,2,17,633,169,950,176,667,162,283,125
1400000US48453001811,48453001811,"Census Tract 18.11, Travis County, Texas",1257,101,671,128,344,98,327,126,80,66,247,111,586,134,474,115,112,66
1400000US48453001812,48453001812,"Census Tract 18.12, Travis County, Texas",2957,126,1461,198,814,174,647,149,282,129,365,119,1496,200,1158,207,338,121
1400000US48453001813,48453001813,"Census Tract 18.13, Travis County, Texas",2280,109,1536,146,906,131,630,125,190,89,440,110,744,134,522,134,222,84
1400000US48453001817,48453001817,"Census Tract 18.17, Travis County, Texas",2208,101,760,132,532,138,228,92,50,53,178,82,1448,151,1044,169,404,170
1400000US48453001818,48453001818,"Census Tract 18.18, Travis County, Texas",2112,125,1302,176,892,185,410,143,129,99,281,112,810,176,624,166,186,92
1400000US48453001819,48453001819,"Census Tract 18.19, Travis County, Texas",1391,74,900,104,524,111,376,110,155,67,221,88,491,104,314,99,177,74
1400000US48453001820,48453001820,"Census Tract 18.20, Travis County, Texas",2912,121,1191,210,565,142,626,185,255,119,371,142,1721,228,1231,230,490,182
1400000US48453001821,48453001821,"Census Tract 18.21, Travis County, Texas",2001,68,1205,113,727,129,478,114,132,77,346,97,796,103,622,123,174,73
1400000US48453001822,48453001822,"Census Tract 18.22, Travis County, Texas",2435,92,1340,162,796,165,544,160,209,115,335,145,1095,175,738,144,357,149
1400000US48453001823,48453001823,"Census Tract 18.23, Travis County, Texas",2228,112,1535,148,805,156,730,143,185,77,545,144,693,150,462,125,231,110
1400000US48453001824,48453001824,"Census Tract 18.24, Travis County, Texas",768,44,409,57,304,59,105,41,27,22,78,36,359,64,261,62,98,36
1400000US48453001826,48453001826,"Census Tract 18.26, Travis County, Texas",1181,83,542,100,422,91,120,63,3,9,117,62,639,114,552,112,87,47
1400000US48453001828,48453001828,"Census Tract 18.28, Travis County, Texas",1686,71,1176,126,996,120,180,71,108,57,72,41,510,126,345,94,165,84
1400000US48453001829,48453001829,"Census Tract 18.29, Travis County, Texas",1408,96,466,100,315,75,151,88,34,31,117,83,942,117,830,120,112,58
1400000US48453001832,48453001832,"Census Tract 18.32, Travis County, Texas",1280,38,729,103,391,93,338,109,58,66,280,94,551,99,415,97,136,60
1400000US48453001833,48453001833,"Census Tract 18.33, Travis County, Texas",2632,151,1575,177,989,203,586,152,134,102,452,125,1057,227,701,164,356,189
1400000US48453001834,48453001834,"Census Tract 18.34, Travis County, Texas",3948,168,2126,210,1495,242,631,176,190,123,441,153,1822,209,1359,187,463,174
1400000US48453001835,48453001835,"Census Tract 18.35, Travis County, Texas",2139,104,1222,135,731,132,491,142,90,68,401,131,917,128,703,131,214,72
1400000US48453001839,48453001839,"Census Tract 18.39, Travis County, Texas",3207,193,1704,212,1289,182,415,159,125,82,290,136,1503,239,1255,236,248,117
1400000US48453001840,48453001840,"Census Tract 18.40, Travis County, Texas",3599,119,2411,228,1462,253,949,259,420,166,529,208,1188,221,879,216,309,112
1400000US48453001841,48453001841,"Census Tract 18.41, Travis County, Texas",5348,235,4214,329,3191,345,1023,330,334,209,689,269,1134,324,707,228,427,181
1400000US48453001842,48453001842,"Census Tract 18.42, Travis County, Texas",3075,115,2093,233,1283,274,810,239,299,188,511,180,982,220,583,150,399,191
1400000US48453001843,48453001843,"Census Tract 18.43, Travis County, Texas",1018,39,589,78,487,70,102,59,57,46,45,36,429,76,289,80,140,57
1400000US48453001844,48453001844,"Census Tract 18.44, Travis County, Texas",1672,85,743,150,502,114,241,104,56,55,185,93,929,141,630,140,299,116
1400000US48453001845,48453001845,"Census Tract 18.45, Travis County, Texas",1371,102,623,105,461,100,162,87,41,48,121,70,748,128,545,104,203,89
1400000US48453001846,48453001846,"Census Tract 18.46, Travis County, Texas",1047,37,685,59,605,61,80,35,6,10,74,35,362,68,272,58,90,37
1400000US48453001847,48453001847,"Census Tract 18.47, Travis County, Texas",2990,142,1605,228,1138,180,467,163,52,60,415,149,1385,262,1092,257,293,135
1400000US48453001848,48453001848,"Census Tract 18.48, Travis County, Texas",2000,128,1177,158,850,140,327,107,146,85,181,83,823,136,664,139,159,75
1400000US48453001849,48453001849,"Census Tract 18.49, Travis County, Texas",3531,302,1071,240,761,217,310,138,88,79,222,117,2460,262,1882,287,578,172
1400000US48453001850,48453001850,"Census Tract 18.50, Travis County, Texas",2048,146,556,211,384,180,172,118,65,60,107,102,1492,244,1048,212,444,149
1400000US48453001851,48453001851,"Census Tract 18.51, Travis County, Texas",4315,161,2317,278,1685,240,632,219,99,64,533,219,1998,275,1609,261,389,168
1400000US48453001853,48453001853,"Census Tract 18.53, Travis County, Texas",1327,33,844,97,697,93,147,61,50,36,97,52,483,107,396,90,87,48
1400000US48453001854,48453001854,"Census Tract 18.54, Travis County, Texas",1695,161,1260,131,945,132,315,105,52,45,263,107,435,138,383,136,52,35
1400000US48453001855,48453001855,"Census Tract 18.55, Travis County, Texas",5594,253,4152,268,3076,354,1076,291,171,130,905,270,1442,332,1136,354,306,148
1400000US48453001856,48453001856,"Census Tract 18.56, Travis County, Texas",2418,129,1882,152,1543,161,339,117,135,72,204,93,536,131,427,114,109,55
1400000US48453001857,48453001857,"Census Tract 18.57, Travis County, Texas",2478,131,1583,192,1166,162,417,170,104,90,313,142,895,211,719,197,176,104
1400000US48453001858,48453001858,"Census Tract 18.58, Travis County, Texas",6754,210,5448,315,4773,406,675,244,296,194,379,141,1306,311,849,265,457,225
1400000US48453001859,48453001859,"Census Tract 18.59, Travis County, Texas",671,50,526,51,414,66,112,59,35,35,77,46,145,59,128,57,17,17
1400000US48453001860,48453001860,"Census Tract 18.60, Travis County, Texas",1676,130,1026,99,697,112,329,85,112,66,217,75,650,146,588,140,62,41
1400000US48453001861,48453001861,"Census Tract 18.61, Travis County, Texas",1641,113,1323,122,996,138,327,107,40,29,287,102,318,92,235,85,83,44
1400000US48453001862,48453001862,"Census Tract 18.62, Travis County, Texas",1997,136,1578,132,1106,152,472,107,62,40,410,98,419,111,314,108,105,67
1400000US48453001863,48453001863,"Census Tract 18.63, Travis County, Texas",1835,106,762,118,372,97,390,91,122,52,268,91,1073,119,932,115,141,71
1400000US48453001864,48453001864,"Census Tract 18.64, Travis County, Texas",1564,97,609,109,328,86,281,78,87,44,194,68,955,123,825,129,130,59
1400000US48453001901,48453001901,"Census Tract 19.01, Travis County, Texas",2955,161,1128,128,982,117,146,75,42,38,104,70,1827,184,1360,208,467,146
1400000US48453001908,48453001908,"Census Tract 19.08, Travis County, Texas",3424,206,2103,204,1792,187,311,128,108,67,203,111,1321,221,1088,204,233,123
1400000US48453001910,48453001910,"Census Tract 19.10, Travis County, Texas",1749,92,1183,110,1055,111,128,54,18,19,110,51,566,122,487,108,79,49
1400000US48453001911,48453001911,"Census Tract 19.11, Travis County, Texas",1799,94,516,114,406,103,110,58,17,19,93,55,1283,116,928,127,355,97
1400000US48453001912,48453001912,"Census Tract 19.12, Travis County, Texas",1417,106,978,72,878,86,100,47,35,27,65,38,439,106,402,106,37,25
1400000US48453001913,48453001913,"Census Tract 19.13, Travis County, Texas",1711,102,1433,95,1377,104,56,39,21,23,35,32,278,105,246,96,32,38
1400000US48453001914,48453001914,"Census Tract 19.14, Travis County, Texas",2667,152,1682,171,1457,188,225,109,102,76,123,84,985,167,808,177,177,74
1400000US48453001915,48453001915,"Census Tract 19.15, Travis County, Texas",776,61,382,74,322,70,60,38,12,14,48,36,394,82,336,82,58,43
1400000US48453001916,48453001916,"Census Tract 19.16, Travis County, Texas",957,44,920,47,862,53,58,29,22,22,36,21,37,20,27,18,10,11
1400000US48453001917,48453001917,"Census Tract 19.17, Travis County, Texas",1643,75,1335,105,1197,102,138,73,12,19,126,71,308,77,234,73,74,43
1400000US48453001918,48453001918,"Census Tract 19.18, Travis County, Texas",958,74,750,61,647,85,103,61,72,60,31,20,208,71,199,70,9,11
1400000US48453001919,48453001919,"Census Tract 19.19, Travis County, Texas",1440,49,1139,66,1008,86,131,59,15,11,116,61,301,65,273,63,28,22
1400000US48453002002,48453002002,"Census Tract 20.02, Travis County, Texas",1413,78,658,112,404,80,254,89,89,62,165,70,755,116,467,123,288,116
1400000US48453002003,48453002003,"Census Tract 20.03, Travis County, Texas",1437,79,872,115,628,108,244,76,48,40,196,72,565,104,394,97,171,67
1400000US48453002004,48453002004,"Census Tract 20.04, Travis County, Texas",1606,73,343,75,231,66,112,56,11,16,101,54,1263,98,961,128,302,92
1400000US48453002005,48453002005,"Census Tract 20.05, Travis County, Texas",2399,167,889,206,418,151,471,193,141,102,330,156,1510,213,1014,213,496,133
1400000US48453002104,48453002104,"Census Tract 21.04, Travis County, Texas",1219,59,644,109,529,104,115,62,38,32,77,53,575,117,358,107,217,64
1400000US48453002105,48453002105,"Census Tract 21.05, Travis County, Texas",2097,122,876,153,469,137,407,135,150,99,257,100,1221,144,760,131,461,119
1400000US48453002106,48453002106,"Census Tract 21.06, Travis County, Texas",1164,93,692,122,427,106,265,104,71,58,194,86,472,112,424,109,48,40
1400000US48453002107,48453002107,"Census Tract 21.07, Travis County, Texas",1503,95,776,109,418,85,358,105,74,61,284,95,727,132,480,134,247,82
1400000US48453002108,48453002108,"Census Tract 21.08, Travis County, Texas",1371,83,803,123,366,87,437,127,85,53,352,126,568,113,478,110,90,45
1400000US48453002109,48453002109,"Census Tract 21.09, Travis County, Texas",1628,93,850,122,398,99,452,110,83,71,369,107,778,129,627,127,151,71
1400000US48453002110,48453002110,"Census Tract 21.10, Travis County, Texas",1416,94,846,120,454,100,392,112,146,84,246,92,570,113,365,92,205,74
1400000US48453002111,48453002111,"Census Tract 21.11, Travis County, Texas",1792,107,1090,123,617,124,473,110,56,60,417,104,702,140,481,136,221,78
1400000US48453002112,48453002112,"Census Tract 21.12, Travis County, Texas",1817,124,1136,149,613,120,523,119,128,81,395,92,681,127,539,114,142,68
1400000US48453002113,48453002113,"Census Tract 21.13, Travis County, Texas",1365,89,748,89,530,98,218,69,73,59,145,64,617,109,371,97,246,82
1400000US48453002201,48453002201,"Census Tract 22.01, Travis County, Texas",603,35,498,52,232,53,266,53,53,30,213,56,105,36,94,34,11,12
1400000US48453002202,48453002202,"Census Tract 22.02, Travis County, Texas",2358,175,1978,218,1073,190,905,212,104,93,801,192,380,144,327,142,53,64
1400000US48453002207,48453002207,"Census Tract 22.07, Travis County, Texas",2777,125,1982,237,1238,243,744,219,199,129,545,183,795,209,516,146,279,184
1400000US48453002208,48453002208,"Census Tract 22.08, Travis County, Texas",1862,110,1452,120,936,139,516,125,106,58,410,116,410,101,253,87,157,66
1400000US48453002209,48453002209,"Census Tract 22.09, Travis County, Texas",2995,211,2089,217,1361,253,728,172,249,136,479,131,906,250,747,232,159,128
1400000US48453002210,48453002210,"Census Tract 22.10, Travis County, Texas",1102,71,938,88,681,99,257,83,133,65,124,73,164,75,154,74,10,13
1400000US48453002211,48453002211,"Census Tract 22.11, Travis County, Texas",878,76,631,70,426,73,205,59,100,47,105,47,247,70,173,61,74,46
1400000US48453002212,48453002212,"Census Tract 22.12, Travis County, Texas",227,57,182,56,138,55,44,30,6,12,38,28,45,32,32,26,13,19
1400000US48453002304,48453002304,"Census Tract 23.04, Travis County, Texas",1680,135,462,135,306,116,156,79,88,55,68,56,1218,151,820,137,398,101
1400000US48453002307,48453002307,"Census Tract 23.07, Travis County, Texas",2649,142,914,177,466,144,448,176,231,129,217,129,1735,206,1176,216,559,152
1400000US48453002308,48453002308,"Census Tract 23.08, Travis County, Texas",2498,136,659,157,388,155,271,117,9,15,262,116,1839,189,1135,214,704,176
1400000US48453002310,48453002310,"Census Tract 23.10, Travis County, Texas",935,59,690,66,379,75,311,77,94,46,217,58,245,60,170,63,75,49
1400000US48453002312,48453002312,"Census Tract 23.12, Travis County, Texas",2189,135,1579,151,975,206,604,193,161,116,443,162,610,157,359,120,251,106
1400000US48453002313,48453002313,"Census Tract 23.13, Travis County, Texas",2078,97,783,117,320,96,463,112,138,74,325,95,1295,133,1101,138,194,59
1400000US48453002314,48453002314,"Census Tract 23.14, Travis County, Texas",2204,167,811,196,333,147,478,157,82,71,396,165,1393,212,881,211,512,162
1400000US48453002315,48453002315,"Census Tract 23.15, Travis County, Texas",1370,104,490,114,233,80,257,96,141,74,116,64,880,118,579,123,301,78
1400000US48453002316,48453002316,"Census Tract 23.16, Travis County, Texas",2165,115,849,123,265,105,584,151,255,101,329,120,1316,136,815,149,501,99
1400000US48453002317,48453002317,"Census Tract 23.17, Travis County, Texas",1948,163,405,119,175,87,230,111,89,80,141,82,1543,168,595,152,948,148
1400000US48453002318,48453002318,"Census Tract 23.18, Travis County, Texas",3539,276,921,234,405,196,516,226,123,123,393,220,2618,318,1402,299,1216,235
1400000US48453002319,48453002319,"Census Tract 23.19, Travis County, Texas",0,13,0,13,0,13,0,13,0,13,0,13,0,13,0,13,0,13
1400000US48453002402,48453002402,"Census Tract 24.02, Travis County, Texas",3498,194,1494,297,814,215,680,265,431,233,249,112,2004,280,1084,228,920,218
1400000US48453002403,48453002403,"Census Tract 24.03, Travis County, Texas",981,67,481,79,283,85,198,59,31,36,167,56,500,96,265,75,235,81
1400000US48453002407,48453002407,"Census Tract 24.07, Travis County, Texas",2265,139,1466,155,1278,156,188,77,6,6,182,76,799,158,660,144,139,96
1400000US48453002409,48453002409,"Census Tract 24.09, Travis County, Texas",1335,60,732,121,431,91,301,103,74,68,227,79,603,115,318,89,285,85
1400000US48453002410,48453002410,"Census Tract 24.10, Travis County, Texas",1717,79,782,144,423,101,359,128,109,77,250,102,935,147,599,143,336,111
1400000US48453002411,48453002411,"Census Tract 24.11, Travis County, Texas",1824,73,1419,144,834,139,585,145,226,86,359,127,405,136,289,108,116,88
1400000US48453002412,48453002412,"Census Tract 24.12, Travis County, Texas",1442,57,1172,85,682,118,490,94,93,53,397,98,270,79,167,69,103,55
1400000US48453002413,48453002413,"Census Tract 24.13, Travis County, Texas",1252,71,1026,95,555,130,471,118,88,70,383,117,226,93,108,53,118,76
1400000US48453002419,48453002419,"Census Tract 24.19, Travis County, Texas",1828,99,923,123,355,97,568,127,146,81,422,111,905,127,572,122,333,92
1400000US48453002421,48453002421,"Census Tract 24.21, Travis County, Texas",3904,119,2114,239,1462,236,652,215,76,92,576,199,1790,250,1008,214,782,206
1400000US48453002422,48453002422,"Census Tract 24.22, Travis County, Texas",2526,91,1257,230,945,254,312,172,58,61,254,154,1269,231,951,231,318,154
1400000US48453002423,48453002423,"Census Tract 24.23, Travis County, Texas",2289,105,1340,167,897,176,443,209,277,149,166,157,949,168,670,149,279,129
1400000US48453002424,48453002424,"Census Tract 24.24, Travis County, Texas",1506,66,851,106,486,101,365,109,134,72,231,97,655,117,394,100,261,87
1400000US48453002425,48453002425,"Census Tract 24.25, Travis County, Texas",1070,73,682,96,519,95,163,57,18,18,145,57,388,79,199,62,189,64
1400000US48453002426,48453002426,"Census Tract 24.26, Travis County, Texas",2765,148,1943,249,1462,261,481,220,23,31,458,214,822,242,464,213,358,185
1400000US48453002427,48453002427,"Census Tract 24.27, Travis County, Texas",2331,153,1620,220,862,219,758,202,301,132,457,188,711,170,481,148,230,96
1400000US48453002428,48453002428,"Census Tract 24.28, Travis County, Texas",2750,139,1636,171,1188,194,448,135,118,86,330,144,1114,197,697,196,417,136
1400000US48453002429,48453002429,"Census Tract 24.29, Travis County, Texas",632,68,329,83,216,64,113,61,42,36,71,53,303,78,242,70,61,41
1400000US48453002430,48453002430,"Census Tract 24.30, Travis County, Texas",867,93,596,80,410,103,186,78,25,28,161,69,271,91,210,81,61,45
1400000US48453002431,48453002431,"Census Tract 24.31, Travis County, Texas",2235,163,1660,180,1084,214,576,177,135,100,441,183,575,181,291,131,284,133
1400000US48453002432,48453002432,"Census Tract 24.32, Travis County, Texas",619,68,474,77,352,75,122,59,48,37,74,46,145,53,117,49,28,23
1400000US48453002433,48453002433,"Census Tract 24.33, Travis County, Texas",2078,135,1784,143,1183,177,601,168,84,63,517,159,294,130,259,123,35,30
1400000US48453002434,48453002434,"Census Tract 24.34, Travis County, Texas",514,33,427,40,343,45,84,30,25,15,59,26,87,34,63,30,24,21
1400000US48453002435,48453002435,"Census Tract 24.35, Travis County, Texas",2215,196,1781,197,1162,242,619,212,284,140,335,160,434,186,248,136,186,122
1400000US48453002436,48453002436,"Census Tract 24.36, Travis County, Texas",749,74,637,76,430,71,207,65,139,55,68,40,112,53,105,48,7,10
1400000US48453002500,48453002500,"Census Tract 25, Travis County, Texas",2847,168,1322,187,1062,160,260,127,56,54,204,116,1525,216,1215,252,310,156
1400000US48453980000,48453980000,"Census Tract 9800, Travis County, Texas",0,13,0,13,0,13,0,13,0,13,0,13,0,13,0,13,0,13
1400000US48491020105,48491020105,"Census Tract 201.05, Williamson County, Texas",2882,184,2077,150,2058,155,19,21,0,18,19,21,805,174,634,163,171,77
1400000US48491020106,48491020106,"Census Tract 201.06, Williamson County, Texas",1502,96,1194,123,1103,125,91,45,20,20,71,41,308,117,298,114,10,17
1400000US48491020107,48491020107,"Census Tract 201.07, Williamson County, Texas",3160,142,2003,173,1901,167,102,65,0,18,102,65,1157,180,1126,175,31,35
1400000US48491020108,48491020108,"Census Tract 201.08, Williamson County, Texas",1249,66,884,88,794,90,90,53,33,31,57,40,365,101,339,96,26,34
1400000US48491020109,48491020109,"Census Tract 201.09, Williamson County, Texas",1109,59,1011,73,916,78,95,51,8,11,87,50,98,51,86,43,12,15
1400000US48491020110,48491020110,"Census Tract 201.10, Williamson County, Texas",1559,102,1185,103,1051,97,134,59,58,35,76,48,374,107,332,104,42,30
1400000US48491020111,48491020111,"Census Tract 201.11, Williamson County, Texas",1289,95,1015,106,898,106,117,59,35,28,82,50,274,93,244,88,30,26
1400000US48491020112,48491020112,"Census Tract 201.12, Williamson County, Texas",1146,72,1076,74,1020,79,56,37,18,22,38,28,70,36,70,36,0,13
1400000US48491020113,48491020113,"Census Tract 201.13, Williamson County, Texas",943,102,551,106,358,89,193,91,87,71,106,67,392,99,323,89,69,43
1400000US48491020114,48491020114,"Census Tract 201.14, Williamson County, Texas",2175,125,1371,150,892,124,479,157,104,65,375,145,804,169,654,155,150,89
1400000US48491020115,48491020115,"Census Tract 201.15, Williamson County, Texas",1414,75,1176,104,1049,96,127,63,21,27,106,59,238,97,229,93,9,16
1400000US48491020201,48491020201,"Census Tract 202.01, Williamson County, Texas",576,51,416,52,341,53,75,39,18,16,57,36,160,44,132,41,28,20
1400000US48491020202,48491020202,"Census Tract 202.02, Williamson County, Texas",1831,112,1441,126,1321,143,120,61,29,28,91,56,390,108,358,104,32,31
1400000US48491020203,48491020203,"Census Tract 202.03, Williamson County, Texas",1745,97,1247,102,1223,104,24,23,10,15,14,16,498,90,460,93,38,28
1400000US48491020204,48491020204,"Census Tract 202.04, Williamson County, Texas",1661,112,1306,110,1093,128,213,87,73,45,140,79,355,107,292,96,63,49
1400000US48491020301,48491020301,"Census Tract 203.01, Williamson County, Texas",2160,168,1757,156,1572,150,185,77,72,56,113,53,403,145,350,138,53,35
1400000US48491020302,48491020302,"Census Tract 203.02, Williamson County, Texas",1311,122,1098,114,915,106,183,93,18,20,165,92,213,71,173,67,40,30
1400000US48491020310,48491020310,"Census Tract 203.10, Williamson County, Texas",1115,49,808,76,763,75,45,26,16,18,29,19,307,78,260,74,47,39
1400000US48491020311,48491020311,"Census Tract 203.11, Williamson County, Texas",1963,161,1140,121,1017,105,123,74,19,30,104,69,823,164,631,132,192,72
1400000US48491020312,48491020312,"Census Tract 203.12, Williamson County, Texas",2679,168,1980,194,1437,229,543,219,181,155,362,162,699,204,573,201,126,98
1400000US48491020313,48491020313,"Census Tract 203.13, Williamson County, Texas",3232,126,2239,176,1944,187,295,118,122,68,173,95,993,186,639,156,354,131
1400000US48491020314,48491020314,"Census Tract 203.14, Williamson County, Texas",1824,84,1434,110,1211,121,223,88,91,74,132,57,390,94,342,92,48,35
1400000US48491020315,48491020315,"Census Tract 203.15, Williamson County, Texas",2214,167,1846,153,1635,161,211,90,25,28,186,89,368,126,335,122,33,29
1400000US48491020316,48491020316,"Census Tract 203.16, Williamson County, Texas",1493,114,942,109,626,104,316,97,106,64,210,89,551,127,505,126,46,39
1400000US48491020317,48491020317,"Census Tract 203.17, Williamson County, Texas",1374,121,982,109,783,106,199,70,81,36,118,64,392,113,342,106,50,55
1400000US48491020318,48491020318,"Census Tract 203.18, Williamson County, Texas",3120,157,1883,196,1479,152,404,145,34,32,370,147,1237,197,1049,174,188,116
1400000US48491020319,48491020319,"Census Tract 203.19, Williamson County, Texas",1846,95,1551,105,1309,127,242,119,44,40,198,120,295,83,264,81,31,29
1400000US48491020320,48491020320,"Census Tract 203.20, Williamson County, Texas",2486,80,1912,153,1641,173,271,124,56,48,215,109,574,141,544,142,30,32
1400000US48491020321,48491020321,"Census Tract 203.21, Williamson County, Texas",692,42,431,61,367,70,64,30,7,10,57,27,261,55,228,59,33,21
1400000US48491020322,48491020322,"Census Tract 203.22, Williamson County, Texas",3088,149,2243,201,1575,194,668,168,98,79,570,151,845,160,720,150,125,70
1400000US48491020323,48491020323,"Census Tract 203.23, Williamson County, Texas",993,70,729,91,507,81,222,68,61,35,161,61,264,71,208,66,56,36
1400000US48491020324,48491020324,"Census Tract 203.24, Williamson County, Texas",2325,143,2115,137,1844,139,271,109,28,36,243,105,210,91,158,81,52,40
1400000US48491020325,48491020325,"Census Tract 203.25, Williamson County, Texas",880,65,694,83,435,79,259,71,50,30,209,66,186,68,150,68,36,24
1400000US48491020326,48491020326,"Census Tract 203.26, Williamson County, Texas",1851,96,1577,103,1406,94,171,83,29,26,142,77,274,85,251,87,23,20
1400000US48491020327,48491020327,"Census Tract 203.27, Williamson County, Texas",800,75,631,63,472,60,159,63,17,16,142,61,169,50,136,50,33,26
1400000US48491020328,48491020328,"Census Tract 203.28, Williamson County, Texas",2367,124,1729,164,1528,185,201,135,0,18,201,135,638,171,464,130,174,124
1400000US48491020403,48491020403,"Census Tract 204.03, Williamson County, Texas",791,49,532,73,378,70,154,52,46,29,108,49,259,63,153,55,106,50
1400000US48491020404,48491020404,"Census Tract 204.04, Williamson County, Texas",1362,50,947,111,692,107,255,103,41,42,214,98,415,90,354,89,61,34
1400000US48491020405,48491020405,"Census Tract 204.05, Williamson County, Texas",2663,142,1631,202,1145,183,486,146,200,116,286,114,1032,205,819,186,213,109
1400000US48491020406,48491020406,"Census Tract 204.06, Williamson County, Texas",3074,239,1438,275,764,229,674,251,187,147,487,220,1636,268,1384,243,252,134
1400000US48491020408,48491020408,"Census Tract 204.08, Williamson County, Texas",2074,110,1006,160,707,145,299,122,91,83,208,108,1068,176,712,173,356,123
1400000US48491020409,48491020409,"Census Tract 204.09, Williamson County, Texas",2451,148,1326,169,1057,173,269,130,38,44,231,127,1125,199,927,219,198,110
1400000US48491020410,48491020410,"Census Tract 204.10, Williamson County, Texas",2586,148,1240,159,835,144,405,168,70,75,335,148,1346,185,1103,192,243,103
1400000US48491020411,48491020411,"Census Tract 204.11, Williamson County, Texas",2156,93,1502,151,1187,154,315,152,143,93,172,117,654,186,555,185,99,58
1400000US48491020503,48491020503,"Census Tract 205.03, Williamson County, Texas",1906,88,1534,115,1304,117,230,96,88,84,142,68,372,102,300,97,72,47
1400000US48491020504,48491020504,"Census Tract 205.04, Williamson County, Texas",3473,216,1730,241,1042,202,688,205,251,119,437,169,1743,245,1345,247,398,124
1400000US48491020505,48491020505,"Census Tract 205.05, Williamson County, Texas",883,56,772,57,694,66,78,39,22,29,56,31,111,41,92,35,19,17
1400000US48491020506,48491020506,"Census Tract 205.06, Williamson County, Texas",2468,158,1997,199,1737,189,260,85,63,37,197,79,471,174,365,150,106,88
1400000US48491020507,48491020507,"Census Tract 205.07, Williamson County, Texas",1068,79,750,107,716,113,34,33,0,13,34,33,318,71,244,71,74,48
1400000US48491020508,48491020508,"Census Tract 205.08, Williamson County, Texas",2003,201,1108,187,860,201,248,100,84,65,164,83,895,192,772,180,123,99
1400000US48491020509,48491020509,"Census Tract 205.09, Williamson County, Texas",2151,86,1799,124,1675,127,124,67,31,27,93,62,352,118,271,108,81,59
1400000US48491020510,48491020510,"Census Tract 205.10, Williamson County, Texas",3297,123,2626,181,2362,189,264,112,115,80,149,82,671,149,528,151,143,92
1400000US48491020602,48491020602,"Census Tract 206.02, Williamson County, Texas",1701,74,1387,111,1116,140,271,86,103,53,168,63,314,89,245,81,69,50
1400000US48491020603,48491020603,"Census Tract 206.03, Williamson County, Texas",2749,123,2575,143,2418,149,157,83,101,68,56,47,174,81,123,63,51,49
1400000US48491020604,48491020604,"Census Tract 206.04, Williamson County, Texas",1918,116,1612,128,1405,125,207,84,54,49,153,74,306,112,293,110,13,17
1400000US48491020605,48491020605,"Census Tract 206.05, Williamson County, Texas",2208,86,1931,127,1727,126,204,82,57,36,147,73,277,115,246,109,31,38
1400000US48491020701,48491020701,"Census Tract 207.01, Williamson County, Texas",836,66,457,67,307,63,150,50,39,31,111,49,379,70,319,72,60,44
1400000US48491020703,48491020703,"Census Tract 207.03, Williamson County, Texas",3729,200,2615,233,1831,287,784,242,202,112,582,215,1114,209,887,178,227,117
1400000US48491020704,48491020704,"Census Tract 207.04, Williamson County, Texas",2131,166,1261,162,864,205,397,198,192,134,205,122,870,182,670,162,200,122
1400000US48491020706,48491020706,"Census Tract 207.06, Williamson County, Texas",1099,81,1007,80,937,77,70,41,59,39,11,13,92,48,70,44,22,25
1400000US48491020707,48491020707,"Census Tract 207.07, Williamson County, Texas",1756,78,1179,154,910,149,269,87,30,23,239,82,577,141,498,129,79,49
1400000US48491020708,48491020708,"Census Tract 207.08, Williamson County, Texas",2420,110,2127,135,1878,140,249,91,41,42,208,92,293,114,147,71,146,106
1400000US48491020803,48491020803,"Census Tract 208.03, Williamson County, Texas",1536,99,1066,155,813,158,253,92,67,55,186,75,470,136,373,118,97,63
1400000US48491020804,48491020804,"Census Tract 208.04, Williamson County, Texas",3342,158,2557,183,2214,176,343,134,95,67,248,136,785,198,500,160,285,128
1400000US48491020805,48491020805,"Census Tract 208.05, Williamson County, Texas",2093,172,1668,207,1287,223,381,137,104,89,277,111,425,184,322,168,103,84
1400000US48491020806,48491020806,"Census Tract 208.06, Williamson County, Texas",1286,108,1171,104,987,98,184,76,93,61,91,54,115,54,100,54,15,18
1400000US48491020807,48491020807,"Census Tract 208.07, Williamson County, Texas",2663,189,2166,186,1746,205,420,142,139,100,281,116,497,180,318,159,179,115
1400000US48491020808,48491020808,"Census Tract 208.08, Williamson County, Texas",574,47,434,54,307,54,127,44,4,7,123,43,140,49,123,47,17,13
1400000US48491020809,48491020809,"Census Tract 208.09, Williamson County, Texas",2088,157,1809,134,1496,162,313,135,51,48,262,131,279,98,260,98,19,25
1400000US48491020900,48491020900,"Census Tract 209, Williamson County, Texas",1506,106,1104,117,940,117,164,68,62,48,102,42,402,88,381,86,21,18
1400000US48491021000,48491021000,"Census Tract 210, Williamson County, Texas",926,94,596,94,344,89,252,73,65,39,187,64,330,82,243,63,87,49
1400000US48491021100,48491021100,"Census Tract 211, Williamson County, Texas",912,80,649,83,422,84,227,74,99,66,128,67,263,68,232,64,31,29
1400000US48491021201,48491021201,"Census Tract 212.01, Williamson County, Texas",1119,108,782,93,613,108,169,80,63,47,106,61,337,98,305,96,32,29
1400000US48491021202,48491021202,"Census Tract 212.02, Williamson County, Texas",1332,75,988,99,637,107,351,109,32,31,319,106,344,94,296,84,48,45
1400000US48491021203,48491021203,"Census Tract 212.03, Williamson County, Texas",1094,83,634,105,437,102,197,89,86,68,111,67,460,111,437,107,23,25
1400000US48491021300,48491021300,"Census Tract 213, Williamson County, Texas",1160,70,723,85,566,76,157,52,46,27,111,45,437,78,397,74,40,21
1400000US48491021401,48491021401,"Census Tract 214.01, Williamson County, Texas",3058,168,2356,184,1885,215,471,139,0,20,471,139,702,203,610,185,92,92
1400000US48491021402,48491021402,"Census Tract 214.02, Williamson County, Texas",1847,131,741,123,411,103,330,98,69,56,261,78,1106,169,1029,162,77,46
1400000US48491021403,48491021403,"Census Tract 214.03, Williamson County, Texas",1552,119,986,123,753,115,233,100,75,76,158,78,566,151,422,134,144,99
1400000US48491021502,48491021502,"Census Tract 215.02, Williamson County, Texas",1594,100,1210,137,657,135,553,127,160,95,393,120,384,115,300,102,84,50
1400000US48491021503,48491021503,"Census Tract 215.03, Williamson County, Texas",1649,110,909,156,585,132,324,113,63,51,261,110,740,167,646,169,94,47
1400000US48491021504,48491021504,"Census Tract 215.04, Williamson County, Texas",2435,187,1950,207,1694,201,256,107,56,49,200,96,485,129,382,123,103,65
1400000US48491021505,48491021505,"Census Tract 215.05, Williamson County, Texas",2349,132,1633,225,1196,210,437,209,183,170,254,126,716,219,473,176,243,116
1400000US48491021506,48491021506,"Census Tract 215.06, Williamson County, Texas",1074,62,922,64,806,73,116,45,35,25,81,37,152,48,129,46,23,16
1400000US48491021507,48491021507,"Census Tract 215.07, Williamson County, Texas",3842,229,2540,232,1806,206,734,228,200,143,534,183,1302,211,980,188,322,123
1400000US48491021508,48491021508,"Census Tract 215.08, Williamson County, Texas",2645,144,1954,216,1597,214,357,159,105,79,252,136,691,172,576,145,115,114
1400000US48491021601,48491021601,"Census Tract 216.01, Williamson County, Texas",1436,87,1088,97,897,95,191,79,84,60,107,47,348,91,293,82,55,35
1400000US48491021602,48491021602,"Census Tract 216.02, Williamson County, Texas",848,94,729,91,643,83,86,45,51,40,35,21,119,55,110,55,9,10
1400000US48491021603,48491021603,"Census Tract 216.03, Williamson County, Texas",458,55,339,58,288,48,51,24,21,19,30,15,119,44,99,41,20,15
