GEO.id,GEO.id2,GEO.display-label,HD01_VD01,HD02_VD01
Id,Id2,Geography,Estimate; Median value (dollars),Margin of Error; Median value (dollars)
8600000US73430,73430,ZCTA5 73430,81300,12739
8600000US73931,73931,ZCTA5 73931,114500,25911
8600000US73949,73949,ZCTA5 73949,70300,10852
8600000US75001,75001,ZCTA5 75001,258200,13543
8600000US75002,75002,ZCTA5 75002,186100,3521
8600000US75006,75006,ZCTA5 75006,146800,4809
8600000US75007,75007,ZCTA5 75007,169400,2713
8600000US75009,75009,ZCTA5 75009,190500,22044
8600000US75010,75010,ZCTA5 75010,200800,9477
8600000US75013,75013,ZCTA5 75013,292300,9386
8600000US75019,75019,ZCTA5 75019,281500,8916
8600000US75020,75020,ZCTA5 75020,87900,3474
8600000US75021,75021,ZCTA5 75021,87800,13036
8600000US75022,75022,ZCTA5 75022,333700,10156
8600000US75023,75023,ZCTA5 75023,173900,3842
8600000US75024,75024,ZCTA5 75024,289300,6239
8600000US75025,75025,ZCTA5 75025,253700,5030
8600000US75028,75028,ZCTA5 75028,234700,4496
8600000US75032,75032,ZCTA5 75032,211300,12752
8600000US75034,75034,ZCTA5 75034,285900,7221
8600000US75035,75035,ZCTA5 75035,212800,5218
8600000US75038,75038,ZCTA5 75038,171100,8393
8600000US75039,75039,ZCTA5 75039,389600,41452
8600000US75040,75040,ZCTA5 75040,113000,2064
8600000US75041,75041,ZCTA5 75041,97300,2500
8600000US75042,75042,ZCTA5 75042,99200,1704
8600000US75043,75043,ZCTA5 75043,120900,2598
8600000US75044,75044,ZCTA5 75044,136000,3694
8600000US75048,75048,ZCTA5 75048,181500,8537
8600000US75050,75050,ZCTA5 75050,104400,5900
8600000US75051,75051,ZCTA5 75051,95400,3288
8600000US75052,75052,ZCTA5 75052,134300,3089
8600000US75054,75054,ZCTA5 75054,224600,20082
8600000US75056,75056,ZCTA5 75056,167500,6442
8600000US75057,75057,ZCTA5 75057,98000,9003
8600000US75058,75058,ZCTA5 75058,200000,55530
8600000US75060,75060,ZCTA5 75060,110000,2953
8600000US75061,75061,ZCTA5 75061,114900,3758
8600000US75062,75062,ZCTA5 75062,121600,4061
8600000US75063,75063,ZCTA5 75063,278200,11492
8600000US75065,75065,ZCTA5 75065,157500,7380
8600000US75067,75067,ZCTA5 75067,149100,3726
8600000US75068,75068,ZCTA5 75068,161000,3495
8600000US75069,75069,ZCTA5 75069,176400,12283
8600000US75070,75070,ZCTA5 75070,197100,2523
8600000US75071,75071,ZCTA5 75071,174700,6008
8600000US75074,75074,ZCTA5 75074,145400,3896
8600000US75075,75075,ZCTA5 75075,180800,3015
8600000US75076,75076,ZCTA5 75076,120300,17812
8600000US75077,75077,ZCTA5 75077,211100,7470
8600000US75078,75078,ZCTA5 75078,341600,15710
8600000US75080,75080,ZCTA5 75080,183400,4747
8600000US75081,75081,ZCTA5 75081,162300,2931
8600000US75082,75082,ZCTA5 75082,254900,7999
8600000US75087,75087,ZCTA5 75087,207500,6447
8600000US75088,75088,ZCTA5 75088,154400,6575
8600000US75089,75089,ZCTA5 75089,161000,5342
8600000US75090,75090,ZCTA5 75090,76400,6522
8600000US75092,75092,ZCTA5 75092,121400,5848
8600000US75093,75093,ZCTA5 75093,350000,9185
8600000US75094,75094,ZCTA5 75094,263300,12031
8600000US75098,75098,ZCTA5 75098,158100,3805
8600000US75101,75101,ZCTA5 75101,75000,4410
8600000US75102,75102,ZCTA5 75102,92000,19350
8600000US75103,75103,ZCTA5 75103,124300,12759
8600000US75104,75104,ZCTA5 75104,132800,4284
8600000US75105,75105,ZCTA5 75105,64000,22684
8600000US75109,75109,ZCTA5 75109,93200,26261
8600000US75110,75110,ZCTA5 75110,82100,5421
8600000US75114,75114,ZCTA5 75114,120100,5390
8600000US75115,75115,ZCTA5 75115,142300,4608
8600000US75116,75116,ZCTA5 75116,103000,4464
8600000US75117,75117,ZCTA5 75117,103500,17807
8600000US75119,75119,ZCTA5 75119,110200,5425
8600000US75124,75124,ZCTA5 75124,92400,11057
8600000US75125,75125,ZCTA5 75125,78600,7271
8600000US75126,75126,ZCTA5 75126,157300,3487
8600000US75127,75127,ZCTA5 75127,86100,4135
8600000US75132,75132,ZCTA5 75132,134900,4050
8600000US75134,75134,ZCTA5 75134,101500,4615
8600000US75135,75135,ZCTA5 75135,112600,9503
8600000US75137,75137,ZCTA5 75137,126000,5605
8600000US75140,75140,ZCTA5 75140,87700,10091
8600000US75141,75141,ZCTA5 75141,68000,8203
8600000US75142,75142,ZCTA5 75142,110700,7980
8600000US75143,75143,ZCTA5 75143,76900,5336
8600000US75144,75144,ZCTA5 75144,58300,10752
8600000US75146,75146,ZCTA5 75146,103400,6318
8600000US75147,75147,ZCTA5 75147,89100,14207
8600000US75148,75148,ZCTA5 75148,74300,8234
8600000US75149,75149,ZCTA5 75149,97400,2527
8600000US75150,75150,ZCTA5 75150,105800,2104
8600000US75152,75152,ZCTA5 75152,135500,16778
8600000US75153,75153,ZCTA5 75153,67400,60026
8600000US75154,75154,ZCTA5 75154,139600,4583
8600000US75155,75155,ZCTA5 75155,64500,10294
8600000US75156,75156,ZCTA5 75156,88100,12920
8600000US75157,75157,ZCTA5 75157,55900,6740
8600000US75158,75158,ZCTA5 75158,111800,15210
8600000US75159,75159,ZCTA5 75159,90000,6103
8600000US75160,75160,ZCTA5 75160,100800,8828
8600000US75161,75161,ZCTA5 75161,98300,9660
8600000US75163,75163,ZCTA5 75163,153800,67841
8600000US75164,75164,ZCTA5 75164,105700,30582
8600000US75165,75165,ZCTA5 75165,137500,3505
8600000US75166,75166,ZCTA5 75166,173700,10593
8600000US75167,75167,ZCTA5 75167,176300,15700
8600000US75169,75169,ZCTA5 75169,85900,5797
8600000US75172,75172,ZCTA5 75172,54000,15741
8600000US75173,75173,ZCTA5 75173,157000,9850
8600000US75180,75180,ZCTA5 75180,83800,4232
8600000US75181,75181,ZCTA5 75181,144400,3761
8600000US75182,75182,ZCTA5 75182,290300,24771
8600000US75189,75189,ZCTA5 75189,144800,5471
8600000US75201,75201,ZCTA5 75201,520000,147245
8600000US75202,75202,ZCTA5 75202,211100,30663
8600000US75203,75203,ZCTA5 75203,65600,9074
8600000US75204,75204,ZCTA5 75204,254400,20579
8600000US75205,75205,ZCTA5 75205,937100,33273
8600000US75206,75206,ZCTA5 75206,268000,17011
8600000US75207,75207,ZCTA5 75207,-,**
8600000US75208,75208,ZCTA5 75208,120900,7386
8600000US75209,75209,ZCTA5 75209,434400,49658
8600000US75210,75210,ZCTA5 75210,54900,11182
8600000US75211,75211,ZCTA5 75211,87800,1687
8600000US75212,75212,ZCTA5 75212,73700,7161
8600000US75214,75214,ZCTA5 75214,336900,12277
8600000US75215,75215,ZCTA5 75215,56300,7345
8600000US75216,75216,ZCTA5 75216,59700,2345
8600000US75217,75217,ZCTA5 75217,73200,2197
8600000US75218,75218,ZCTA5 75218,220500,9517
8600000US75219,75219,ZCTA5 75219,247400,19129
8600000US75220,75220,ZCTA5 75220,161100,7955
8600000US75223,75223,ZCTA5 75223,95200,7446
8600000US75224,75224,ZCTA5 75224,86900,2321
8600000US75225,75225,ZCTA5 75225,824100,52253
8600000US75226,75226,ZCTA5 75226,59300,293335
8600000US75227,75227,ZCTA5 75227,86200,2039
8600000US75228,75228,ZCTA5 75228,105300,3362
8600000US75229,75229,ZCTA5 75229,272400,16208
8600000US75230,75230,ZCTA5 75230,461900,18276
8600000US75231,75231,ZCTA5 75231,253900,13990
8600000US75232,75232,ZCTA5 75232,91200,3161
8600000US75233,75233,ZCTA5 75233,115400,4850
8600000US75234,75234,ZCTA5 75234,137600,4163
8600000US75235,75235,ZCTA5 75235,106900,10003
8600000US75236,75236,ZCTA5 75236,97500,4793
8600000US75237,75237,ZCTA5 75237,104500,7494
8600000US75238,75238,ZCTA5 75238,242300,6667
8600000US75240,75240,ZCTA5 75240,173900,29705
8600000US75241,75241,ZCTA5 75241,78300,2644
8600000US75243,75243,ZCTA5 75243,178400,13953
8600000US75244,75244,ZCTA5 75244,282800,12489
8600000US75246,75246,ZCTA5 75246,122800,54993
8600000US75247,75247,ZCTA5 75247,-,**
8600000US75248,75248,ZCTA5 75248,260300,6324
8600000US75249,75249,ZCTA5 75249,117700,6205
8600000US75251,75251,ZCTA5 75251,-,**
8600000US75252,75252,ZCTA5 75252,280300,9748
8600000US75253,75253,ZCTA5 75253,48200,6863
8600000US75254,75254,ZCTA5 75254,294800,55584
8600000US75270,75270,ZCTA5 75270,-,**
8600000US75287,75287,ZCTA5 75287,246400,13113
8600000US75390,75390,ZCTA5 75390,-,**
8600000US75401,75401,ZCTA5 75401,58200,4767
8600000US75402,75402,ZCTA5 75402,118200,7258
8600000US75407,75407,ZCTA5 75407,108500,10538
8600000US75409,75409,ZCTA5 75409,131000,10749
8600000US75410,75410,ZCTA5 75410,81700,12634
8600000US75411,75411,ZCTA5 75411,94600,26385
8600000US75412,75412,ZCTA5 75412,68800,21994
8600000US75413,75413,ZCTA5 75413,40000,28241
8600000US75414,75414,ZCTA5 75414,119500,16665
8600000US75415,75415,ZCTA5 75415,73300,18446
8600000US75416,75416,ZCTA5 75416,74300,11506
8600000US75417,75417,ZCTA5 75417,81200,8103
8600000US75418,75418,ZCTA5 75418,92500,7383
8600000US75420,75420,ZCTA5 75420,122200,69004
8600000US75421,75421,ZCTA5 75421,85000,18698
8600000US75422,75422,ZCTA5 75422,89800,15779
8600000US75423,75423,ZCTA5 75423,95600,10056
8600000US75424,75424,ZCTA5 75424,121600,17556
8600000US75426,75426,ZCTA5 75426,61300,10040
8600000US75428,75428,ZCTA5 75428,84400,8441
8600000US75431,75431,ZCTA5 75431,92700,28733
8600000US75432,75432,ZCTA5 75432,66200,9125
8600000US75433,75433,ZCTA5 75433,81500,11640
8600000US75435,75435,ZCTA5 75435,58300,8441
8600000US75436,75436,ZCTA5 75436,82600,13237
8600000US75437,75437,ZCTA5 75437,116800,36390
8600000US75438,75438,ZCTA5 75438,78600,17000
8600000US75439,75439,ZCTA5 75439,86800,9309
8600000US75440,75440,ZCTA5 75440,115100,30970
8600000US75441,75441,ZCTA5 75441,42500,27879
8600000US75442,75442,ZCTA5 75442,113100,10980
8600000US75446,75446,ZCTA5 75446,84300,14106
8600000US75447,75447,ZCTA5 75447,93600,22532
8600000US75448,75448,ZCTA5 75448,70700,39210
8600000US75449,75449,ZCTA5 75449,70400,14414
8600000US75450,75450,ZCTA5 75450,100000,37100
8600000US75451,75451,ZCTA5 75451,114500,13732
8600000US75452,75452,ZCTA5 75452,115500,23149
8600000US75453,75453,ZCTA5 75453,101200,35407
8600000US75454,75454,ZCTA5 75454,186900,36990
8600000US75455,75455,ZCTA5 75455,96800,4681
8600000US75457,75457,ZCTA5 75457,98100,30009
8600000US75459,75459,ZCTA5 75459,117800,12468
8600000US75460,75460,ZCTA5 75460,66800,5573
8600000US75462,75462,ZCTA5 75462,116900,10966
8600000US75468,75468,ZCTA5 75468,134200,34227
8600000US75469,75469,ZCTA5 75469,70000,22062
8600000US75470,75470,ZCTA5 75470,71300,22101
8600000US75471,75471,ZCTA5 75471,76200,46084
8600000US75472,75472,ZCTA5 75472,90800,13990
8600000US75473,75473,ZCTA5 75473,104000,13157
8600000US75474,75474,ZCTA5 75474,79900,7102
8600000US75475,75475,ZCTA5 75475,55300,28642
8600000US75476,75476,ZCTA5 75476,85100,8884
8600000US75477,75477,ZCTA5 75477,65000,9733
8600000US75478,75478,ZCTA5 75478,80900,41507
8600000US75479,75479,ZCTA5 75479,94700,11069
8600000US75480,75480,ZCTA5 75480,117800,43156
8600000US75481,75481,ZCTA5 75481,72100,10798
8600000US75482,75482,ZCTA5 75482,96800,6623
8600000US75486,75486,ZCTA5 75486,95800,8974
8600000US75487,75487,ZCTA5 75487,51900,20481
8600000US75488,75488,ZCTA5 75488,93100,14708
8600000US75489,75489,ZCTA5 75489,86200,9575
8600000US75490,75490,ZCTA5 75490,131100,25609
8600000US75491,75491,ZCTA5 75491,96000,15698
8600000US75492,75492,ZCTA5 75492,90700,10490
8600000US75493,75493,ZCTA5 75493,42300,17440
8600000US75494,75494,ZCTA5 75494,80000,7613
8600000US75495,75495,ZCTA5 75495,141200,9776
8600000US75496,75496,ZCTA5 75496,86400,5505
8600000US75497,75497,ZCTA5 75497,121300,63126
8600000US75501,75501,ZCTA5 75501,85600,4073
8600000US75503,75503,ZCTA5 75503,145800,9943
8600000US75550,75550,ZCTA5 75550,64500,36333
8600000US75551,75551,ZCTA5 75551,88200,5209
8600000US75554,75554,ZCTA5 75554,72100,13958
8600000US75555,75555,ZCTA5 75555,70800,16429
8600000US75556,75556,ZCTA5 75556,58300,9960
8600000US75558,75558,ZCTA5 75558,67400,17593
8600000US75559,75559,ZCTA5 75559,72800,7399
8600000US75560,75560,ZCTA5 75560,58500,22454
8600000US75561,75561,ZCTA5 75561,76300,10591
8600000US75562,75562,ZCTA5 75562,-,**
8600000US75563,75563,ZCTA5 75563,71800,21090
8600000US75565,75565,ZCTA5 75565,54200,6455
8600000US75566,75566,ZCTA5 75566,62700,9959
8600000US75567,75567,ZCTA5 75567,93600,14858
8600000US75568,75568,ZCTA5 75568,60300,11120
8600000US75569,75569,ZCTA5 75569,78500,16080
8600000US75570,75570,ZCTA5 75570,81100,7489
8600000US75571,75571,ZCTA5 75571,93700,20695
8600000US75572,75572,ZCTA5 75572,73700,11183
8600000US75573,75573,ZCTA5 75573,-,**
8600000US75574,75574,ZCTA5 75574,58800,8111
8600000US75601,75601,ZCTA5 75601,128400,10162
8600000US75602,75602,ZCTA5 75602,71800,5952
8600000US75603,75603,ZCTA5 75603,111400,12493
8600000US75604,75604,ZCTA5 75604,123400,5310
8600000US75605,75605,ZCTA5 75605,161400,4545
8600000US75630,75630,ZCTA5 75630,56900,5379
8600000US75631,75631,ZCTA5 75631,87400,8022
8600000US75633,75633,ZCTA5 75633,87400,12229
8600000US75638,75638,ZCTA5 75638,69300,8950
8600000US75639,75639,ZCTA5 75639,66500,13626
8600000US75640,75640,ZCTA5 75640,84500,10163
8600000US75641,75641,ZCTA5 75641,58700,24070
8600000US75642,75642,ZCTA5 75642,-,**
8600000US75643,75643,ZCTA5 75643,78600,15489
8600000US75644,75644,ZCTA5 75644,86700,4524
8600000US75645,75645,ZCTA5 75645,106900,16669
8600000US75647,75647,ZCTA5 75647,100600,12067
8600000US75650,75650,ZCTA5 75650,136400,7964
8600000US75651,75651,ZCTA5 75651,79800,11901
8600000US75652,75652,ZCTA5 75652,104200,11912
8600000US75654,75654,ZCTA5 75654,103300,7173
8600000US75656,75656,ZCTA5 75656,77600,14372
8600000US75657,75657,ZCTA5 75657,79600,10319
8600000US75661,75661,ZCTA5 75661,55300,31025
8600000US75662,75662,ZCTA5 75662,94200,9216
8600000US75667,75667,ZCTA5 75667,77100,7097
8600000US75668,75668,ZCTA5 75668,51800,18411
8600000US75669,75669,ZCTA5 75669,151800,39159
8600000US75670,75670,ZCTA5 75670,66100,4225
8600000US75672,75672,ZCTA5 75672,126700,10907
8600000US75681,75681,ZCTA5 75681,77000,6208
8600000US75682,75682,ZCTA5 75682,76800,25788
8600000US75683,75683,ZCTA5 75683,75100,9728
8600000US75684,75684,ZCTA5 75684,72500,10649
8600000US75686,75686,ZCTA5 75686,93700,18283
8600000US75691,75691,ZCTA5 75691,61300,30206
8600000US75692,75692,ZCTA5 75692,83300,6393
8600000US75693,75693,ZCTA5 75693,140200,9927
8600000US75701,75701,ZCTA5 75701,114600,4140
8600000US75702,75702,ZCTA5 75702,67100,4804
8600000US75703,75703,ZCTA5 75703,177800,7628
8600000US75704,75704,ZCTA5 75704,85200,9751
8600000US75705,75705,ZCTA5 75705,77900,7464
8600000US75706,75706,ZCTA5 75706,62300,7099
8600000US75707,75707,ZCTA5 75707,153600,9737
8600000US75708,75708,ZCTA5 75708,60700,6490
8600000US75709,75709,ZCTA5 75709,98600,7211
8600000US75750,75750,ZCTA5 75750,89100,18473
8600000US75751,75751,ZCTA5 75751,94900,10365
8600000US75752,75752,ZCTA5 75752,92100,13667
8600000US75754,75754,ZCTA5 75754,102300,23043
8600000US75755,75755,ZCTA5 75755,85800,9119
8600000US75756,75756,ZCTA5 75756,88900,14136
8600000US75757,75757,ZCTA5 75757,148600,19844
8600000US75758,75758,ZCTA5 75758,104200,20621
8600000US75759,75759,ZCTA5 75759,44700,8954
8600000US75760,75760,ZCTA5 75760,85900,12442
8600000US75762,75762,ZCTA5 75762,146900,7751
8600000US75763,75763,ZCTA5 75763,79900,17598
8600000US75764,75764,ZCTA5 75764,45000,48055
8600000US75765,75765,ZCTA5 75765,128800,17165
8600000US75766,75766,ZCTA5 75766,76600,4637
8600000US75770,75770,ZCTA5 75770,89900,29226
8600000US75771,75771,ZCTA5 75771,130200,11371
8600000US75773,75773,ZCTA5 75773,97800,12590
8600000US75778,75778,ZCTA5 75778,80100,10386
8600000US75779,75779,ZCTA5 75779,65000,58137
8600000US75780,75780,ZCTA5 75780,85000,103688
8600000US75783,75783,ZCTA5 75783,85600,9300
8600000US75784,75784,ZCTA5 75784,80000,23921
8600000US75785,75785,ZCTA5 75785,71200,13187
8600000US75788,75788,ZCTA5 75788,-,**
8600000US75789,75789,ZCTA5 75789,91400,13202
8600000US75790,75790,ZCTA5 75790,88000,12101
8600000US75791,75791,ZCTA5 75791,141400,7226
8600000US75792,75792,ZCTA5 75792,86600,14534
8600000US75801,75801,ZCTA5 75801,81000,6621
8600000US75803,75803,ZCTA5 75803,82200,3850
8600000US75831,75831,ZCTA5 75831,86600,4091
8600000US75832,75832,ZCTA5 75832,-,**
8600000US75833,75833,ZCTA5 75833,109000,13536
8600000US75835,75835,ZCTA5 75835,74500,5155
8600000US75838,75838,ZCTA5 75838,70900,17247
8600000US75839,75839,ZCTA5 75839,63800,21386
8600000US75840,75840,ZCTA5 75840,85800,16090
8600000US75844,75844,ZCTA5 75844,79700,11821
8600000US75845,75845,ZCTA5 75845,70300,18327
8600000US75846,75846,ZCTA5 75846,81900,20672
8600000US75847,75847,ZCTA5 75847,72300,13126
8600000US75848,75848,ZCTA5 75848,66100,21044
8600000US75849,75849,ZCTA5 75849,80700,62009
8600000US75850,75850,ZCTA5 75850,44900,5270
8600000US75851,75851,ZCTA5 75851,71600,14956
8600000US75852,75852,ZCTA5 75852,128500,41291
8600000US75853,75853,ZCTA5 75853,77400,25393
8600000US75855,75855,ZCTA5 75855,74500,17328
8600000US75856,75856,ZCTA5 75856,168500,1160577
8600000US75858,75858,ZCTA5 75858,-,**
8600000US75859,75859,ZCTA5 75859,55800,24005
8600000US75860,75860,ZCTA5 75860,72400,8714
8600000US75861,75861,ZCTA5 75861,106500,42337
8600000US75862,75862,ZCTA5 75862,86300,14049
8600000US75901,75901,ZCTA5 75901,89100,4473
8600000US75904,75904,ZCTA5 75904,89800,6344
8600000US75925,75925,ZCTA5 75925,74200,8759
8600000US75926,75926,ZCTA5 75926,58300,17506
8600000US75928,75928,ZCTA5 75928,127100,85639
8600000US75929,75929,ZCTA5 75929,63500,6820
8600000US75930,75930,ZCTA5 75930,66200,10053
8600000US75931,75931,ZCTA5 75931,111700,39685
8600000US75932,75932,ZCTA5 75932,74000,22966
8600000US75933,75933,ZCTA5 75933,68500,14519
8600000US75934,75934,ZCTA5 75934,-,**
8600000US75935,75935,ZCTA5 75935,75800,8915
8600000US75936,75936,ZCTA5 75936,108800,30460
8600000US75937,75937,ZCTA5 75937,68800,12294
8600000US75938,75938,ZCTA5 75938,67000,7258
8600000US75939,75939,ZCTA5 75939,70600,15906
8600000US75941,75941,ZCTA5 75941,74400,10094
8600000US75942,75942,ZCTA5 75942,72300,48710
8600000US75943,75943,ZCTA5 75943,98300,27751
8600000US75944,75944,ZCTA5 75944,74000,11931
8600000US75946,75946,ZCTA5 75946,89400,12988
8600000US75948,75948,ZCTA5 75948,70800,16420
8600000US75949,75949,ZCTA5 75949,73900,11860
8600000US75951,75951,ZCTA5 75951,83300,8053
8600000US75954,75954,ZCTA5 75954,70500,13019
8600000US75956,75956,ZCTA5 75956,74000,7317
8600000US75959,75959,ZCTA5 75959,72800,88876
8600000US75960,75960,ZCTA5 75960,73100,17587
8600000US75961,75961,ZCTA5 75961,88000,20345
8600000US75962,75962,ZCTA5 75962,-,**
8600000US75964,75964,ZCTA5 75964,76900,6202
8600000US75965,75965,ZCTA5 75965,158000,6670
8600000US75966,75966,ZCTA5 75966,67600,10906
8600000US75968,75968,ZCTA5 75968,57500,14516
8600000US75969,75969,ZCTA5 75969,77800,19989
8600000US75972,75972,ZCTA5 75972,72300,6754
8600000US75973,75973,ZCTA5 75973,78000,16678
8600000US75974,75974,ZCTA5 75974,66300,6860
8600000US75975,75975,ZCTA5 75975,61300,16297
8600000US75976,75976,ZCTA5 75976,52500,18224
8600000US75977,75977,ZCTA5 75977,77100,27118
8600000US75978,75978,ZCTA5 75978,51400,42597
8600000US75979,75979,ZCTA5 75979,73500,7240
8600000US75980,75980,ZCTA5 75980,54000,6810
8600000US76001,76001,ZCTA5 76001,145600,4639
8600000US76002,76002,ZCTA5 76002,144600,2946
8600000US76006,76006,ZCTA5 76006,184600,12714
8600000US76008,76008,ZCTA5 76008,242600,12354
8600000US76009,76009,ZCTA5 76009,85800,5076
8600000US76010,76010,ZCTA5 76010,82600,2171
8600000US76011,76011,ZCTA5 76011,102400,13461
8600000US76012,76012,ZCTA5 76012,162100,4359
8600000US76013,76013,ZCTA5 76013,146400,4914
8600000US76014,76014,ZCTA5 76014,93100,1800
8600000US76015,76015,ZCTA5 76015,116000,4077
8600000US76016,76016,ZCTA5 76016,152600,5817
8600000US76017,76017,ZCTA5 76017,135200,3401
8600000US76018,76018,ZCTA5 76018,115900,2398
8600000US76020,76020,ZCTA5 76020,113400,4809
8600000US76021,76021,ZCTA5 76021,171900,3653
8600000US76022,76022,ZCTA5 76022,126200,4923
8600000US76023,76023,ZCTA5 76023,93000,23216
8600000US76028,76028,ZCTA5 76028,136800,4550
8600000US76031,76031,ZCTA5 76031,97400,12646
8600000US76033,76033,ZCTA5 76033,110900,6632
8600000US76034,76034,ZCTA5 76034,405100,19685
8600000US76035,76035,ZCTA5 76035,126600,78954
8600000US76036,76036,ZCTA5 76036,132200,7594
8600000US76039,76039,ZCTA5 76039,146300,7166
8600000US76040,76040,ZCTA5 76040,142900,5505
8600000US76041,76041,ZCTA5 76041,72000,77793
8600000US76043,76043,ZCTA5 76043,137200,19308
8600000US76044,76044,ZCTA5 76044,138900,28552
8600000US76048,76048,ZCTA5 76048,125700,11642
8600000US76049,76049,ZCTA5 76049,172900,8641
8600000US76050,76050,ZCTA5 76050,169500,32848
8600000US76051,76051,ZCTA5 76051,226900,6469
8600000US76052,76052,ZCTA5 76052,181000,42021
8600000US76053,76053,ZCTA5 76053,115800,3160
8600000US76054,76054,ZCTA5 76054,177300,6545
8600000US76055,76055,ZCTA5 76055,81000,16410
8600000US76058,76058,ZCTA5 76058,101900,10032
8600000US76059,76059,ZCTA5 76059,98900,12925
8600000US76060,76060,ZCTA5 76060,158300,14363
8600000US76061,76061,ZCTA5 76061,-,**
8600000US76063,76063,ZCTA5 76063,179600,4961
8600000US76064,76064,ZCTA5 76064,165000,17226
8600000US76065,76065,ZCTA5 76065,162900,4897
8600000US76066,76066,ZCTA5 76066,116200,27835
8600000US76067,76067,ZCTA5 76067,82800,4273
8600000US76070,76070,ZCTA5 76070,119600,24844
8600000US76071,76071,ZCTA5 76071,110600,27513
8600000US76073,76073,ZCTA5 76073,147400,26399
8600000US76077,76077,ZCTA5 76077,239400,109668
8600000US76078,76078,ZCTA5 76078,111700,6984
8600000US76082,76082,ZCTA5 76082,118100,9489
8600000US76084,76084,ZCTA5 76084,85700,5000
8600000US76085,76085,ZCTA5 76085,131700,24010
8600000US76086,76086,ZCTA5 76086,117100,7785
8600000US76087,76087,ZCTA5 76087,179100,10124
8600000US76088,76088,ZCTA5 76088,169300,19091
8600000US76092,76092,ZCTA5 76092,514400,19538
8600000US76093,76093,ZCTA5 76093,142100,31541
8600000US76102,76102,ZCTA5 76102,194400,21431
8600000US76103,76103,ZCTA5 76103,86200,5502
8600000US76104,76104,ZCTA5 76104,55500,3162
8600000US76105,76105,ZCTA5 76105,49000,2104
8600000US76106,76106,ZCTA5 76106,68600,3955
8600000US76107,76107,ZCTA5 76107,202700,15343
8600000US76108,76108,ZCTA5 76108,113800,3231
8600000US76109,76109,ZCTA5 76109,312400,17866
8600000US76110,76110,ZCTA5 76110,85000,3829
8600000US76111,76111,ZCTA5 76111,80800,3405
8600000US76112,76112,ZCTA5 76112,94800,3411
8600000US76114,76114,ZCTA5 76114,81200,4395
8600000US76115,76115,ZCTA5 76115,65100,2989
8600000US76116,76116,ZCTA5 76116,122400,4108
8600000US76117,76117,ZCTA5 76117,81900,3397
8600000US76118,76118,ZCTA5 76118,126300,4299
8600000US76119,76119,ZCTA5 76119,58700,3118
8600000US76120,76120,ZCTA5 76120,135400,6842
8600000US76123,76123,ZCTA5 76123,138900,4135
8600000US76126,76126,ZCTA5 76126,142900,4768
8600000US76127,76127,ZCTA5 76127,-,**
8600000US76129,76129,ZCTA5 76129,-,**
8600000US76131,76131,ZCTA5 76131,132800,4579
8600000US76132,76132,ZCTA5 76132,232400,11409
8600000US76133,76133,ZCTA5 76133,106800,3215
8600000US76134,76134,ZCTA5 76134,92700,3259
8600000US76135,76135,ZCTA5 76135,115400,8888
8600000US76137,76137,ZCTA5 76137,137000,3627
8600000US76140,76140,ZCTA5 76140,90200,4938
8600000US76148,76148,ZCTA5 76148,98900,1752
8600000US76155,76155,ZCTA5 76155,-,**
8600000US76164,76164,ZCTA5 76164,69800,4114
8600000US76177,76177,ZCTA5 76177,171300,8370
8600000US76179,76179,ZCTA5 76179,138800,4093
8600000US76180,76180,ZCTA5 76180,132900,4801
8600000US76182,76182,ZCTA5 76182,165400,4049
8600000US76201,76201,ZCTA5 76201,126300,5828
8600000US76205,76205,ZCTA5 76205,168700,8049
8600000US76207,76207,ZCTA5 76207,157900,10007
8600000US76208,76208,ZCTA5 76208,171100,6857
8600000US76209,76209,ZCTA5 76209,113600,3743
8600000US76210,76210,ZCTA5 76210,163700,2770
8600000US76225,76225,ZCTA5 76225,128100,20860
8600000US76226,76226,ZCTA5 76226,309100,18803
8600000US76227,76227,ZCTA5 76227,155400,3795
8600000US76228,76228,ZCTA5 76228,65800,10268
8600000US76230,76230,ZCTA5 76230,93000,5966
8600000US76233,76233,ZCTA5 76233,134100,21931
8600000US76234,76234,ZCTA5 76234,145200,9924
8600000US76238,76238,ZCTA5 76238,153700,37657
8600000US76239,76239,ZCTA5 76239,89000,20634
8600000US76240,76240,ZCTA5 76240,104600,8140
8600000US76244,76244,ZCTA5 76244,174300,4344
8600000US76245,76245,ZCTA5 76245,69200,10907
8600000US76247,76247,ZCTA5 76247,137000,7585
8600000US76248,76248,ZCTA5 76248,272800,9496
8600000US76249,76249,ZCTA5 76249,144500,8106
8600000US76250,76250,ZCTA5 76250,182700,17524
8600000US76251,76251,ZCTA5 76251,97500,52750
8600000US76252,76252,ZCTA5 76252,148700,13122
8600000US76253,76253,ZCTA5 76253,164100,140697
8600000US76255,76255,ZCTA5 76255,66100,7093
8600000US76258,76258,ZCTA5 76258,153900,29864
8600000US76259,76259,ZCTA5 76259,138200,15939
8600000US76261,76261,ZCTA5 76261,76400,32907
8600000US76262,76262,ZCTA5 76262,229600,14580
8600000US76263,76263,ZCTA5 76263,-,**
8600000US76264,76264,ZCTA5 76264,107500,24704
8600000US76265,76265,ZCTA5 76265,88200,21773
8600000US76266,76266,ZCTA5 76266,135700,20898
8600000US76268,76268,ZCTA5 76268,45000,14050
8600000US76270,76270,ZCTA5 76270,87900,30178
8600000US76271,76271,ZCTA5 76271,109900,14928
8600000US76272,76272,ZCTA5 76272,132200,28725
8600000US76273,76273,ZCTA5 76273,106700,16817
8600000US76301,76301,ZCTA5 76301,47300,2968
8600000US76302,76302,ZCTA5 76302,103500,8462
8600000US76305,76305,ZCTA5 76305,90500,13835
8600000US76306,76306,ZCTA5 76306,73500,4416
8600000US76308,76308,ZCTA5 76308,130900,8592
8600000US76309,76309,ZCTA5 76309,104300,11663
8600000US76310,76310,ZCTA5 76310,117500,4529
8600000US76311,76311,ZCTA5 76311,-,**
8600000US76351,76351,ZCTA5 76351,56900,9121
8600000US76354,76354,ZCTA5 76354,91200,10312
8600000US76357,76357,ZCTA5 76357,68400,6430
8600000US76360,76360,ZCTA5 76360,50800,7184
8600000US76363,76363,ZCTA5 76363,39400,40699
8600000US76364,76364,ZCTA5 76364,65600,6545
8600000US76365,76365,ZCTA5 76365,78200,10359
8600000US76366,76366,ZCTA5 76366,73900,8664
8600000US76367,76367,ZCTA5 76367,84900,4106
8600000US76370,76370,ZCTA5 76370,32100,10614
8600000US76371,76371,ZCTA5 76371,43900,5296
8600000US76372,76372,ZCTA5 76372,45400,10338
8600000US76373,76373,ZCTA5 76373,27800,3195
8600000US76374,76374,ZCTA5 76374,54300,6079
8600000US76377,76377,ZCTA5 76377,59100,7199
8600000US76379,76379,ZCTA5 76379,80000,15340
8600000US76380,76380,ZCTA5 76380,72700,7650
8600000US76384,76384,ZCTA5 76384,62600,4744
8600000US76388,76388,ZCTA5 76388,23600,7069
8600000US76389,76389,ZCTA5 76389,103700,17844
8600000US76401,76401,ZCTA5 76401,115700,8328
8600000US76402,76402,ZCTA5 76402,-,**
8600000US76424,76424,ZCTA5 76424,67700,8095
8600000US76426,76426,ZCTA5 76426,119300,15307
8600000US76427,76427,ZCTA5 76427,58900,10089
8600000US76429,76429,ZCTA5 76429,160600,231945
8600000US76430,76430,ZCTA5 76430,67100,10187
8600000US76431,76431,ZCTA5 76431,111700,42285
8600000US76432,76432,ZCTA5 76432,86300,21490
8600000US76433,76433,ZCTA5 76433,183200,32337
8600000US76435,76435,ZCTA5 76435,47800,16056
8600000US76436,76436,ZCTA5 76436,287500,501055
8600000US76437,76437,ZCTA5 76437,65700,13391
8600000US76442,76442,ZCTA5 76442,71800,9392
8600000US76443,76443,ZCTA5 76443,68800,11988
8600000US76444,76444,ZCTA5 76444,76100,13544
8600000US76445,76445,ZCTA5 76445,41400,25374
8600000US76446,76446,ZCTA5 76446,75600,19657
8600000US76448,76448,ZCTA5 76448,84500,14870
8600000US76449,76449,ZCTA5 76449,79500,19675
8600000US76450,76450,ZCTA5 76450,97300,9980
8600000US76452,76452,ZCTA5 76452,-,**
8600000US76453,76453,ZCTA5 76453,129400,53068
8600000US76454,76454,ZCTA5 76454,61800,7670
8600000US76455,76455,ZCTA5 76455,70400,14665
8600000US76457,76457,ZCTA5 76457,129600,20237
8600000US76458,76458,ZCTA5 76458,79400,10344
8600000US76459,76459,ZCTA5 76459,43800,41615
8600000US76460,76460,ZCTA5 76460,106000,49977
8600000US76462,76462,ZCTA5 76462,148900,28878
8600000US76463,76463,ZCTA5 76463,74500,27760
8600000US76464,76464,ZCTA5 76464,65600,13764
8600000US76466,76466,ZCTA5 76466,56200,5551
8600000US76469,76469,ZCTA5 76469,63300,29454
8600000US76470,76470,ZCTA5 76470,54900,5030
8600000US76471,76471,ZCTA5 76471,53400,5524
8600000US76472,76472,ZCTA5 76472,98300,32494
8600000US76474,76474,ZCTA5 76474,194400,135879
8600000US76475,76475,ZCTA5 76475,64800,10535
8600000US76476,76476,ZCTA5 76476,128400,18506
8600000US76481,76481,ZCTA5 76481,-,**
8600000US76483,76483,ZCTA5 76483,55800,7386
8600000US76484,76484,ZCTA5 76484,108000,26378
8600000US76486,76486,ZCTA5 76486,92200,37437
8600000US76487,76487,ZCTA5 76487,132800,31300
8600000US76490,76490,ZCTA5 76490,32500,158973
8600000US76491,76491,ZCTA5 76491,55600,18158
8600000US76501,76501,ZCTA5 76501,91400,4694
8600000US76502,76502,ZCTA5 76502,137700,4594
8600000US76504,76504,ZCTA5 76504,88900,3821
8600000US76508,76508,ZCTA5 76508,-,**
8600000US76511,76511,ZCTA5 76511,88500,14140
8600000US76513,76513,ZCTA5 76513,144700,8470
8600000US76518,76518,ZCTA5 76518,85000,27109
8600000US76519,76519,ZCTA5 76519,46400,34746
8600000US76520,76520,ZCTA5 76520,79600,7765
8600000US76522,76522,ZCTA5 76522,104300,5296
8600000US76523,76523,ZCTA5 76523,-,**
8600000US76524,76524,ZCTA5 76524,85100,7624
8600000US76525,76525,ZCTA5 76525,115500,33272
8600000US76527,76527,ZCTA5 76527,156900,31130
8600000US76528,76528,ZCTA5 76528,90900,6250
8600000US76530,76530,ZCTA5 76530,100500,14365
8600000US76531,76531,ZCTA5 76531,79000,6948
8600000US76534,76534,ZCTA5 76534,95800,15611
8600000US76537,76537,ZCTA5 76537,122200,7709
8600000US76538,76538,ZCTA5 76538,92900,11191
8600000US76539,76539,ZCTA5 76539,151500,15030
8600000US76541,76541,ZCTA5 76541,69300,5911
8600000US76542,76542,ZCTA5 76542,142300,4626
8600000US76543,76543,ZCTA5 76543,90200,2548
8600000US76544,76544,ZCTA5 76544,46200,47402
8600000US76548,76548,ZCTA5 76548,162500,11353
8600000US76549,76549,ZCTA5 76549,122800,4432
8600000US76550,76550,ZCTA5 76550,111800,11425
8600000US76554,76554,ZCTA5 76554,96000,14952
8600000US76556,76556,ZCTA5 76556,69800,16155
8600000US76557,76557,ZCTA5 76557,94700,21449
8600000US76559,76559,ZCTA5 76559,128400,6907
8600000US76561,76561,ZCTA5 76561,80400,7865
8600000US76565,76565,ZCTA5 76565,65500,271409
8600000US76566,76566,ZCTA5 76566,114600,61213
8600000US76567,76567,ZCTA5 76567,73700,15550
8600000US76569,76569,ZCTA5 76569,86600,10960
8600000US76570,76570,ZCTA5 76570,55900,10243
8600000US76571,76571,ZCTA5 76571,219100,20048
8600000US76573,76573,ZCTA5 76573,-,**
8600000US76574,76574,ZCTA5 76574,111800,3650
8600000US76577,76577,ZCTA5 76577,105900,27857
8600000US76578,76578,ZCTA5 76578,103400,29899
8600000US76579,76579,ZCTA5 76579,103200,11577
8600000US76596,76596,ZCTA5 76596,-,**
8600000US76597,76597,ZCTA5 76597,-,**
8600000US76598,76598,ZCTA5 76598,-,**
8600000US76599,76599,ZCTA5 76599,-,**
8600000US76621,76621,ZCTA5 76621,118100,10902
8600000US76622,76622,ZCTA5 76622,73800,12819
8600000US76623,76623,ZCTA5 76623,80700,15547
8600000US76624,76624,ZCTA5 76624,96700,10969
8600000US76626,76626,ZCTA5 76626,108900,16757
8600000US76627,76627,ZCTA5 76627,89000,8289
8600000US76628,76628,ZCTA5 76628,80000,37400
8600000US76629,76629,ZCTA5 76629,77700,21274
8600000US76630,76630,ZCTA5 76630,125000,35652
8600000US76631,76631,ZCTA5 76631,88600,11696
8600000US76632,76632,ZCTA5 76632,51900,5373
8600000US76633,76633,ZCTA5 76633,164200,14124
8600000US76634,76634,ZCTA5 76634,108200,11041
8600000US76635,76635,ZCTA5 76635,70500,19303
8600000US76636,76636,ZCTA5 76636,89700,36592
8600000US76637,76637,ZCTA5 76637,98800,36300
8600000US76638,76638,ZCTA5 76638,239400,26172
8600000US76639,76639,ZCTA5 76639,72300,16994
8600000US76640,76640,ZCTA5 76640,88700,32977
8600000US76641,76641,ZCTA5 76641,59300,6531
8600000US76642,76642,ZCTA5 76642,102300,15650
8600000US76643,76643,ZCTA5 76643,137000,4876
8600000US76645,76645,ZCTA5 76645,83900,5697
8600000US76648,76648,ZCTA5 76648,72700,8411
8600000US76649,76649,ZCTA5 76649,65800,23927
8600000US76650,76650,ZCTA5 76650,29300,18820
8600000US76651,76651,ZCTA5 76651,90300,7885
8600000US76652,76652,ZCTA5 76652,75400,10341
8600000US76653,76653,ZCTA5 76653,67100,18670
8600000US76654,76654,ZCTA5 76654,86100,30974
8600000US76655,76655,ZCTA5 76655,154900,12697
8600000US76656,76656,ZCTA5 76656,65500,9022
8600000US76657,76657,ZCTA5 76657,124500,27840
8600000US76660,76660,ZCTA5 76660,55300,12659
8600000US76661,76661,ZCTA5 76661,54600,6081
8600000US76664,76664,ZCTA5 76664,65000,15861
8600000US76665,76665,ZCTA5 76665,84700,15203
8600000US76666,76666,ZCTA5 76666,53300,38569
8600000US76667,76667,ZCTA5 76667,74800,7169
8600000US76670,76670,ZCTA5 76670,86700,11493
8600000US76671,76671,ZCTA5 76671,81000,10730
8600000US76673,76673,ZCTA5 76673,60600,14426
8600000US76676,76676,ZCTA5 76676,63800,25601
8600000US76678,76678,ZCTA5 76678,38100,46066
8600000US76679,76679,ZCTA5 76679,69500,15007
8600000US76680,76680,ZCTA5 76680,74200,4249
8600000US76681,76681,ZCTA5 76681,65600,22214
8600000US76682,76682,ZCTA5 76682,83200,8247
8600000US76685,76685,ZCTA5 76685,-,**
8600000US76686,76686,ZCTA5 76686,64400,22334
8600000US76687,76687,ZCTA5 76687,132100,29019
8600000US76689,76689,ZCTA5 76689,96700,16596
8600000US76690,76690,ZCTA5 76690,82900,6317
8600000US76691,76691,ZCTA5 76691,105000,11208
8600000US76692,76692,ZCTA5 76692,83300,9510
8600000US76693,76693,ZCTA5 76693,76500,12703
8600000US76701,76701,ZCTA5 76701,63200,7249
8600000US76704,76704,ZCTA5 76704,48500,13517
8600000US76705,76705,ZCTA5 76705,81000,3725
8600000US76706,76706,ZCTA5 76706,94400,6021
8600000US76707,76707,ZCTA5 76707,59300,3771
8600000US76708,76708,ZCTA5 76708,101900,7391
8600000US76710,76710,ZCTA5 76710,115600,4974
8600000US76711,76711,ZCTA5 76711,60900,3373
8600000US76712,76712,ZCTA5 76712,167800,4071
8600000US76798,76798,ZCTA5 76798,-,**
8600000US76801,76801,ZCTA5 76801,85100,4625
8600000US76802,76802,ZCTA5 76802,108500,10809
8600000US76820,76820,ZCTA5 76820,673100,553547
8600000US76821,76821,ZCTA5 76821,66800,10628
8600000US76823,76823,ZCTA5 76823,70600,18759
8600000US76824,76824,ZCTA5 76824,-,**
8600000US76825,76825,ZCTA5 76825,69200,7564
8600000US76827,76827,ZCTA5 76827,80000,43155
8600000US76828,76828,ZCTA5 76828,71600,10214
8600000US76831,76831,ZCTA5 76831,-,**
8600000US76832,76832,ZCTA5 76832,87400,22071
8600000US76834,76834,ZCTA5 76834,57000,11681
8600000US76836,76836,ZCTA5 76836,-,**
8600000US76837,76837,ZCTA5 76837,72400,11508
8600000US76841,76841,ZCTA5 76841,-,**
8600000US76842,76842,ZCTA5 76842,167000,592433
8600000US76844,76844,ZCTA5 76844,94700,26610
8600000US76845,76845,ZCTA5 76845,120000,196099
8600000US76848,76848,ZCTA5 76848,139600,25848
8600000US76849,76849,ZCTA5 76849,87600,18345
8600000US76852,76852,ZCTA5 76852,75600,30277
8600000US76853,76853,ZCTA5 76853,92100,26914
8600000US76854,76854,ZCTA5 76854,85300,113811
8600000US76856,76856,ZCTA5 76856,165900,26388
8600000US76857,76857,ZCTA5 76857,84300,8256
8600000US76858,76858,ZCTA5 76858,27500,10994
8600000US76859,76859,ZCTA5 76859,53100,14850
8600000US76861,76861,ZCTA5 76861,86800,8360
8600000US76862,76862,ZCTA5 76862,119000,239930
8600000US76864,76864,ZCTA5 76864,97500,139950
8600000US76865,76865,ZCTA5 76865,110000,334619
8600000US76866,76866,ZCTA5 76866,72000,7221
8600000US76869,76869,ZCTA5 76869,-,**
8600000US76870,76870,ZCTA5 76870,49100,57309
8600000US76871,76871,ZCTA5 76871,47900,29183
8600000US76872,76872,ZCTA5 76872,105600,64049
8600000US76873,76873,ZCTA5 76873,341700,97877
8600000US76874,76874,ZCTA5 76874,-,**
8600000US76875,76875,ZCTA5 76875,93500,22915
8600000US76877,76877,ZCTA5 76877,70300,7003
8600000US76878,76878,ZCTA5 76878,60100,10623
8600000US76882,76882,ZCTA5 76882,38500,9333
8600000US76884,76884,ZCTA5 76884,62500,230889
8600000US76885,76885,ZCTA5 76885,-,**
8600000US76887,76887,ZCTA5 76887,737500,1012010
8600000US76888,76888,ZCTA5 76888,55000,36710
8600000US76890,76890,ZCTA5 76890,110700,41743
8600000US76901,76901,ZCTA5 76901,88400,3349
8600000US76903,76903,ZCTA5 76903,64500,3135
8600000US76904,76904,ZCTA5 76904,157200,4449
8600000US76905,76905,ZCTA5 76905,93700,7936
8600000US76908,76908,ZCTA5 76908,-,**
8600000US76930,76930,ZCTA5 76930,70300,51371
8600000US76932,76932,ZCTA5 76932,67200,5610
8600000US76933,76933,ZCTA5 76933,76800,11663
8600000US76934,76934,ZCTA5 76934,78100,17541
8600000US76935,76935,ZCTA5 76935,151700,44858
8600000US76936,76936,ZCTA5 76936,85200,11447
8600000US76937,76937,ZCTA5 76937,-,**
8600000US76939,76939,ZCTA5 76939,80500,20103
8600000US76940,76940,ZCTA5 76940,-,**
8600000US76941,76941,ZCTA5 76941,76800,38412
8600000US76943,76943,ZCTA5 76943,53900,21815
8600000US76945,76945,ZCTA5 76945,69500,14428
8600000US76949,76949,ZCTA5 76949,-,**
8600000US76950,76950,ZCTA5 76950,80100,9890
8600000US76951,76951,ZCTA5 76951,71900,21946
8600000US76953,76953,ZCTA5 76953,30800,59773
8600000US76955,76955,ZCTA5 76955,-,**
8600000US76957,76957,ZCTA5 76957,-,**
8600000US76958,76958,ZCTA5 76958,132700,8615
8600000US77002,77002,ZCTA5 77002,208600,19419
8600000US77003,77003,ZCTA5 77003,162600,39389
8600000US77004,77004,ZCTA5 77004,191700,15175
8600000US77005,77005,ZCTA5 77005,754000,40496
8600000US77006,77006,ZCTA5 77006,327300,22356
8600000US77007,77007,ZCTA5 77007,308700,15049
8600000US77008,77008,ZCTA5 77008,292200,10528
8600000US77009,77009,ZCTA5 77009,163000,9813
8600000US77010,77010,ZCTA5 77010,-,**
8600000US77011,77011,ZCTA5 77011,80300,3524
8600000US77012,77012,ZCTA5 77012,82600,3490
8600000US77013,77013,ZCTA5 77013,84900,3181
8600000US77014,77014,ZCTA5 77014,119300,4826
8600000US77015,77015,ZCTA5 77015,92200,2717
8600000US77016,77016,ZCTA5 77016,63700,3326
8600000US77017,77017,ZCTA5 77017,86400,2595
8600000US77018,77018,ZCTA5 77018,218400,8049
8600000US77019,77019,ZCTA5 77019,378700,22697
8600000US77020,77020,ZCTA5 77020,70500,3583
8600000US77021,77021,ZCTA5 77021,83900,3440
8600000US77022,77022,ZCTA5 77022,81700,4262
8600000US77023,77023,ZCTA5 77023,102700,5295
8600000US77024,77024,ZCTA5 77024,658600,40321
8600000US77025,77025,ZCTA5 77025,331200,12228
8600000US77026,77026,ZCTA5 77026,59600,5321
8600000US77027,77027,ZCTA5 77027,475900,47569
8600000US77028,77028,ZCTA5 77028,59100,3577
8600000US77029,77029,ZCTA5 77029,69500,3778
8600000US77030,77030,ZCTA5 77030,501100,43841
8600000US77031,77031,ZCTA5 77031,114900,3558
8600000US77032,77032,ZCTA5 77032,72900,8161
8600000US77033,77033,ZCTA5 77033,65600,2018
8600000US77034,77034,ZCTA5 77034,99700,3091
8600000US77035,77035,ZCTA5 77035,156300,6999
8600000US77036,77036,ZCTA5 77036,113900,3501
8600000US77037,77037,ZCTA5 77037,84200,6422
8600000US77038,77038,ZCTA5 77038,86300,2515
8600000US77039,77039,ZCTA5 77039,85000,2973
8600000US77040,77040,ZCTA5 77040,121700,3485
8600000US77041,77041,ZCTA5 77041,137200,5985
8600000US77042,77042,ZCTA5 77042,211900,11830
8600000US77043,77043,ZCTA5 77043,140800,5861
8600000US77044,77044,ZCTA5 77044,140000,18981
8600000US77045,77045,ZCTA5 77045,85500,2158
8600000US77046,77046,ZCTA5 77046,295000,82539
8600000US77047,77047,ZCTA5 77047,103400,4399
8600000US77048,77048,ZCTA5 77048,81200,3334
8600000US77049,77049,ZCTA5 77049,104000,7801
8600000US77050,77050,ZCTA5 77050,73100,10891
8600000US77051,77051,ZCTA5 77051,58800,5086
8600000US77053,77053,ZCTA5 77053,85800,2646
8600000US77054,77054,ZCTA5 77054,119300,13548
8600000US77055,77055,ZCTA5 77055,230300,21064
8600000US77056,77056,ZCTA5 77056,555700,68661
8600000US77057,77057,ZCTA5 77057,224900,13871
8600000US77058,77058,ZCTA5 77058,158400,7143
8600000US77059,77059,ZCTA5 77059,243000,8196
8600000US77060,77060,ZCTA5 77060,90400,3656
8600000US77061,77061,ZCTA5 77061,113800,5465
8600000US77062,77062,ZCTA5 77062,160100,2381
8600000US77063,77063,ZCTA5 77063,176600,15754
8600000US77064,77064,ZCTA5 77064,133300,4149
8600000US77065,77065,ZCTA5 77065,140600,4667
8600000US77066,77066,ZCTA5 77066,114800,3209
8600000US77067,77067,ZCTA5 77067,94700,1981
8600000US77068,77068,ZCTA5 77068,165200,6664
8600000US77069,77069,ZCTA5 77069,206000,15486
8600000US77070,77070,ZCTA5 77070,154500,3095
8600000US77071,77071,ZCTA5 77071,117500,5365
8600000US77072,77072,ZCTA5 77072,94100,2036
8600000US77073,77073,ZCTA5 77073,108300,3135
8600000US77074,77074,ZCTA5 77074,104800,4648
8600000US77075,77075,ZCTA5 77075,114600,3153
8600000US77076,77076,ZCTA5 77076,86500,2495
8600000US77077,77077,ZCTA5 77077,208900,8069
8600000US77078,77078,ZCTA5 77078,70700,4009
8600000US77079,77079,ZCTA5 77079,326400,10339
8600000US77080,77080,ZCTA5 77080,130600,6241
8600000US77081,77081,ZCTA5 77081,217100,44852
8600000US77082,77082,ZCTA5 77082,124000,4753
8600000US77083,77083,ZCTA5 77083,117900,2497
8600000US77084,77084,ZCTA5 77084,124300,2613
8600000US77085,77085,ZCTA5 77085,106600,4085
8600000US77086,77086,ZCTA5 77086,93500,1653
8600000US77087,77087,ZCTA5 77087,84800,2037
8600000US77088,77088,ZCTA5 77088,93400,1329
8600000US77089,77089,ZCTA5 77089,121000,2551
8600000US77090,77090,ZCTA5 77090,138800,6478
8600000US77091,77091,ZCTA5 77091,95300,4705
8600000US77092,77092,ZCTA5 77092,130200,5645
8600000US77093,77093,ZCTA5 77093,75200,3089
8600000US77094,77094,ZCTA5 77094,295200,18052
8600000US77095,77095,ZCTA5 77095,167000,2920
8600000US77096,77096,ZCTA5 77096,255900,7077
8600000US77098,77098,ZCTA5 77098,424200,20935
8600000US77099,77099,ZCTA5 77099,96300,1701
8600000US77201,77201,ZCTA5 77201,-,**
8600000US77301,77301,ZCTA5 77301,92700,5067
8600000US77302,77302,ZCTA5 77302,113100,19634
8600000US77303,77303,ZCTA5 77303,89000,6276
8600000US77304,77304,ZCTA5 77304,166900,7014
8600000US77306,77306,ZCTA5 77306,67800,9939
8600000US77316,77316,ZCTA5 77316,165000,19715
8600000US77318,77318,ZCTA5 77318,166100,12858
8600000US77320,77320,ZCTA5 77320,101300,8217
8600000US77326,77326,ZCTA5 77326,-,**
8600000US77327,77327,ZCTA5 77327,79200,5672
8600000US77328,77328,ZCTA5 77328,85700,6071
8600000US77331,77331,ZCTA5 77331,105200,30186
8600000US77334,77334,ZCTA5 77334,-,**
8600000US77335,77335,ZCTA5 77335,76100,30204
8600000US77336,77336,ZCTA5 77336,142000,15029
8600000US77338,77338,ZCTA5 77338,102600,4303
8600000US77339,77339,ZCTA5 77339,150300,3520
8600000US77340,77340,ZCTA5 77340,136600,16536
8600000US77342,77342,ZCTA5 77342,-,**
8600000US77345,77345,ZCTA5 77345,243300,7186
8600000US77346,77346,ZCTA5 77346,156600,3063
8600000US77350,77350,ZCTA5 77350,89200,40452
8600000US77351,77351,ZCTA5 77351,82700,4284
8600000US77354,77354,ZCTA5 77354,206600,16051
8600000US77355,77355,ZCTA5 77355,167400,14841
8600000US77356,77356,ZCTA5 77356,208300,17589
8600000US77357,77357,ZCTA5 77357,101000,10105
8600000US77358,77358,ZCTA5 77358,91200,14597
8600000US77359,77359,ZCTA5 77359,126500,83940
8600000US77360,77360,ZCTA5 77360,59400,10521
8600000US77362,77362,ZCTA5 77362,133100,15528
8600000US77363,77363,ZCTA5 77363,94600,19788
8600000US77364,77364,ZCTA5 77364,141800,45167
8600000US77365,77365,ZCTA5 77365,124800,12800
8600000US77367,77367,ZCTA5 77367,58800,86398
8600000US77368,77368,ZCTA5 77368,64800,17153
8600000US77369,77369,ZCTA5 77369,33200,20371
8600000US77371,77371,ZCTA5 77371,67800,11981
8600000US77372,77372,ZCTA5 77372,75800,8343
8600000US77373,77373,ZCTA5 77373,110900,2850
8600000US77374,77374,ZCTA5 77374,98200,51123
8600000US77375,77375,ZCTA5 77375,147900,5585
8600000US77376,77376,ZCTA5 77376,33200,9962
8600000US77377,77377,ZCTA5 77377,193000,7081
8600000US77378,77378,ZCTA5 77378,87200,8476
8600000US77379,77379,ZCTA5 77379,190200,4197
8600000US77380,77380,ZCTA5 77380,176700,12164
8600000US77381,77381,ZCTA5 77381,277800,10840
8600000US77382,77382,ZCTA5 77382,321000,16419
8600000US77384,77384,ZCTA5 77384,225100,14465
8600000US77385,77385,ZCTA5 77385,155800,7432
8600000US77386,77386,ZCTA5 77386,164900,7357
8600000US77388,77388,ZCTA5 77388,147500,3791
8600000US77389,77389,ZCTA5 77389,190700,18964
8600000US77396,77396,ZCTA5 77396,109200,5708
8600000US77401,77401,ZCTA5 77401,608300,35958
8600000US77406,77406,ZCTA5 77406,215700,12904
8600000US77407,77407,ZCTA5 77407,165800,4725
8600000US77412,77412,ZCTA5 77412,23800,123598
8600000US77414,77414,ZCTA5 77414,95800,9026
8600000US77415,77415,ZCTA5 77415,-,**
8600000US77417,77417,ZCTA5 77417,72400,9261
8600000US77418,77418,ZCTA5 77418,157000,13583
8600000US77419,77419,ZCTA5 77419,49400,44101
8600000US77420,77420,ZCTA5 77420,63200,4374
8600000US77422,77422,ZCTA5 77422,100100,9428
8600000US77423,77423,ZCTA5 77423,90800,49986
8600000US77426,77426,ZCTA5 77426,156900,82843
8600000US77428,77428,ZCTA5 77428,-,**
8600000US77429,77429,ZCTA5 77429,187000,6746
8600000US77430,77430,ZCTA5 77430,123800,84528
8600000US77432,77432,ZCTA5 77432,-,**
8600000US77433,77433,ZCTA5 77433,173100,4810
8600000US77434,77434,ZCTA5 77434,62900,9319
8600000US77435,77435,ZCTA5 77435,126700,21881
8600000US77436,77436,ZCTA5 77436,-,**
8600000US77437,77437,ZCTA5 77437,107900,9508
8600000US77440,77440,ZCTA5 77440,-,**
8600000US77441,77441,ZCTA5 77441,378500,19144
8600000US77442,77442,ZCTA5 77442,141900,53835
8600000US77443,77443,ZCTA5 77443,-,**
8600000US77444,77444,ZCTA5 77444,82000,30687
8600000US77445,77445,ZCTA5 77445,133000,16903
8600000US77446,77446,ZCTA5 77446,111500,22027
8600000US77447,77447,ZCTA5 77447,120700,11126
8600000US77448,77448,ZCTA5 77448,-,**
8600000US77449,77449,ZCTA5 77449,118500,2420
8600000US77450,77450,ZCTA5 77450,191900,5126
8600000US77451,77451,ZCTA5 77451,70900,12126
8600000US77453,77453,ZCTA5 77453,39000,77040
8600000US77454,77454,ZCTA5 77454,54600,38238
8600000US77455,77455,ZCTA5 77455,110900,17196
8600000US77456,77456,ZCTA5 77456,63800,52068
8600000US77457,77457,ZCTA5 77457,139600,38880
8600000US77458,77458,ZCTA5 77458,37000,60780
8600000US77459,77459,ZCTA5 77459,205500,5645
8600000US77460,77460,ZCTA5 77460,56700,30468
8600000US77461,77461,ZCTA5 77461,114900,11981
8600000US77464,77464,ZCTA5 77464,95000,18314
8600000US77465,77465,ZCTA5 77465,93300,18020
8600000US77466,77466,ZCTA5 77466,95000,92298
8600000US77467,77467,ZCTA5 77467,-,**
8600000US77468,77468,ZCTA5 77468,65000,128993
8600000US77469,77469,ZCTA5 77469,152700,7873
8600000US77470,77470,ZCTA5 77470,63300,44428
8600000US77471,77471,ZCTA5 77471,106900,4737
8600000US77473,77473,ZCTA5 77473,75000,51362
8600000US77474,77474,ZCTA5 77474,141500,17959
8600000US77475,77475,ZCTA5 77475,58700,56541
8600000US77476,77476,ZCTA5 77476,133300,173731
8600000US77477,77477,ZCTA5 77477,141900,5370
8600000US77478,77478,ZCTA5 77478,247600,10219
8600000US77479,77479,ZCTA5 77479,275400,7144
8600000US77480,77480,ZCTA5 77480,91800,9082
8600000US77481,77481,ZCTA5 77481,-,**
8600000US77482,77482,ZCTA5 77482,113100,37150
8600000US77483,77483,ZCTA5 77483,171200,53133
8600000US77484,77484,ZCTA5 77484,132500,17672
8600000US77485,77485,ZCTA5 77485,135800,18732
8600000US77486,77486,ZCTA5 77486,110000,10421
8600000US77488,77488,ZCTA5 77488,88300,13715
8600000US77489,77489,ZCTA5 77489,108900,2657
8600000US77493,77493,ZCTA5 77493,148900,4828
8600000US77494,77494,ZCTA5 77494,262100,9703
8600000US77498,77498,ZCTA5 77498,159100,5737
8600000US77502,77502,ZCTA5 77502,93000,2285
8600000US77503,77503,ZCTA5 77503,88600,3173
8600000US77504,77504,ZCTA5 77504,117700,6782
8600000US77505,77505,ZCTA5 77505,160700,3645
8600000US77506,77506,ZCTA5 77506,72600,2674
8600000US77507,77507,ZCTA5 77507,-,**
8600000US77510,77510,ZCTA5 77510,141300,10398
8600000US77511,77511,ZCTA5 77511,109600,4529
8600000US77514,77514,ZCTA5 77514,109200,11875
8600000US77515,77515,ZCTA5 77515,99400,5096
8600000US77517,77517,ZCTA5 77517,142000,26175
8600000US77518,77518,ZCTA5 77518,78800,13095
8600000US77519,77519,ZCTA5 77519,54700,24164
8600000US77520,77520,ZCTA5 77520,76100,4159
8600000US77521,77521,ZCTA5 77521,120000,4365
8600000US77523,77523,ZCTA5 77523,173200,11052
8600000US77530,77530,ZCTA5 77530,86900,2458
8600000US77531,77531,ZCTA5 77531,94600,4725
8600000US77532,77532,ZCTA5 77532,121000,5872
8600000US77533,77533,ZCTA5 77533,66200,5806
8600000US77534,77534,ZCTA5 77534,119500,13489
8600000US77535,77535,ZCTA5 77535,92700,5368
8600000US77536,77536,ZCTA5 77536,133500,4557
8600000US77538,77538,ZCTA5 77538,85900,27743
8600000US77539,77539,ZCTA5 77539,134100,4826
8600000US77541,77541,ZCTA5 77541,76900,6424
8600000US77545,77545,ZCTA5 77545,135700,5897
8600000US77546,77546,ZCTA5 77546,184300,7115
8600000US77547,77547,ZCTA5 77547,70100,3786
8600000US77550,77550,ZCTA5 77550,117200,8121
8600000US77551,77551,ZCTA5 77551,125900,8476
8600000US77554,77554,ZCTA5 77554,247800,18137
8600000US77560,77560,ZCTA5 77560,87900,41056
8600000US77561,77561,ZCTA5 77561,65700,106204
8600000US77562,77562,ZCTA5 77562,95900,9487
8600000US77563,77563,ZCTA5 77563,105400,10511
8600000US77564,77564,ZCTA5 77564,67900,14956
8600000US77565,77565,ZCTA5 77565,168300,8019
8600000US77566,77566,ZCTA5 77566,151300,5290
8600000US77568,77568,ZCTA5 77568,80700,4039
8600000US77571,77571,ZCTA5 77571,122200,2687
8600000US77573,77573,ZCTA5 77573,182300,5690
8600000US77575,77575,ZCTA5 77575,94500,10836
8600000US77577,77577,ZCTA5 77577,108700,40425
8600000US77578,77578,ZCTA5 77578,189700,15468
8600000US77580,77580,ZCTA5 77580,191500,18551
8600000US77581,77581,ZCTA5 77581,172900,4528
8600000US77583,77583,ZCTA5 77583,137800,10020
8600000US77584,77584,ZCTA5 77584,189600,6398
8600000US77585,77585,ZCTA5 77585,50100,20120
8600000US77586,77586,ZCTA5 77586,190100,8838
8600000US77587,77587,ZCTA5 77587,77900,3544
8600000US77590,77590,ZCTA5 77590,91600,4137
8600000US77591,77591,ZCTA5 77591,103900,6783
8600000US77597,77597,ZCTA5 77597,153600,81723
8600000US77598,77598,ZCTA5 77598,117100,3506
8600000US77611,77611,ZCTA5 77611,138500,17962
8600000US77612,77612,ZCTA5 77612,87000,7522
8600000US77613,77613,ZCTA5 77613,104000,19989
8600000US77614,77614,ZCTA5 77614,122200,24296
8600000US77615,77615,ZCTA5 77615,64900,8509
8600000US77616,77616,ZCTA5 77616,82600,28994
8600000US77617,77617,ZCTA5 77617,47900,147042
8600000US77619,77619,ZCTA5 77619,100000,7012
8600000US77622,77622,ZCTA5 77622,126100,20594
8600000US77623,77623,ZCTA5 77623,57400,52767
8600000US77624,77624,ZCTA5 77624,82800,22969
8600000US77625,77625,ZCTA5 77625,92700,8319
8600000US77627,77627,ZCTA5 77627,118000,5359
8600000US77629,77629,ZCTA5 77629,85600,11877
8600000US77630,77630,ZCTA5 77630,84900,5508
8600000US77632,77632,ZCTA5 77632,108700,9966
8600000US77640,77640,ZCTA5 77640,62000,3602
8600000US77642,77642,ZCTA5 77642,69400,3616
8600000US77650,77650,ZCTA5 77650,180400,65768
8600000US77651,77651,ZCTA5 77651,131400,8903
8600000US77655,77655,ZCTA5 77655,112500,37200
8600000US77656,77656,ZCTA5 77656,84900,4269
8600000US77657,77657,ZCTA5 77657,129500,8815
8600000US77659,77659,ZCTA5 77659,121300,13935
8600000US77660,77660,ZCTA5 77660,64800,11406
8600000US77661,77661,ZCTA5 77661,83100,13499
8600000US77662,77662,ZCTA5 77662,80000,4750
8600000US77663,77663,ZCTA5 77663,151000,46184
8600000US77664,77664,ZCTA5 77664,78700,28315
8600000US77665,77665,ZCTA5 77665,116400,17741
8600000US77701,77701,ZCTA5 77701,52000,5136
8600000US77702,77702,ZCTA5 77702,91200,33695
8600000US77703,77703,ZCTA5 77703,56000,6824
8600000US77705,77705,ZCTA5 77705,71000,4303
8600000US77706,77706,ZCTA5 77706,159400,4888
8600000US77707,77707,ZCTA5 77707,107300,5395
8600000US77708,77708,ZCTA5 77708,95100,13342
8600000US77713,77713,ZCTA5 77713,130900,7211
8600000US77801,77801,ZCTA5 77801,108900,17295
8600000US77802,77802,ZCTA5 77802,144500,5278
8600000US77803,77803,ZCTA5 77803,78500,5378
8600000US77807,77807,ZCTA5 77807,118800,23862
8600000US77808,77808,ZCTA5 77808,163400,18491
8600000US77830,77830,ZCTA5 77830,156300,22723
8600000US77831,77831,ZCTA5 77831,79600,12635
8600000US77833,77833,ZCTA5 77833,147600,12463
8600000US77835,77835,ZCTA5 77835,121300,41743
8600000US77836,77836,ZCTA5 77836,92000,6312
8600000US77837,77837,ZCTA5 77837,44200,7487
8600000US77840,77840,ZCTA5 77840,152000,8871
8600000US77845,77845,ZCTA5 77845,189500,4664
8600000US77853,77853,ZCTA5 77853,88700,28775
8600000US77855,77855,ZCTA5 77855,-,**
8600000US77856,77856,ZCTA5 77856,165400,25688
8600000US77857,77857,ZCTA5 77857,74800,18695
8600000US77859,77859,ZCTA5 77859,68600,7403
8600000US77861,77861,ZCTA5 77861,109800,16054
8600000US77864,77864,ZCTA5 77864,88900,18207
8600000US77865,77865,ZCTA5 77865,103800,42673
8600000US77867,77867,ZCTA5 77867,38900,13831
8600000US77868,77868,ZCTA5 77868,93000,11399
8600000US77871,77871,ZCTA5 77871,149200,17108
8600000US77872,77872,ZCTA5 77872,77900,18391
8600000US77873,77873,ZCTA5 77873,90300,35850
8600000US77876,77876,ZCTA5 77876,74400,81107
8600000US77878,77878,ZCTA5 77878,29800,18475
8600000US77879,77879,ZCTA5 77879,77700,7602
8600000US77880,77880,ZCTA5 77880,218200,36802
8600000US77901,77901,ZCTA5 77901,82300,2766
8600000US77904,77904,ZCTA5 77904,146100,5192
8600000US77905,77905,ZCTA5 77905,116200,10876
8600000US77950,77950,ZCTA5 77950,61700,11016
8600000US77951,77951,ZCTA5 77951,59700,35732
8600000US77954,77954,ZCTA5 77954,94700,14412
8600000US77957,77957,ZCTA5 77957,85100,5965
8600000US77960,77960,ZCTA5 77960,-,**
8600000US77961,77961,ZCTA5 77961,-,**
8600000US77962,77962,ZCTA5 77962,86700,7662
8600000US77963,77963,ZCTA5 77963,114300,11161
8600000US77964,77964,ZCTA5 77964,111300,10138
8600000US77968,77968,ZCTA5 77968,133600,33747
8600000US77969,77969,ZCTA5 77969,74800,3807
8600000US77970,77970,ZCTA5 77970,250500,332491
8600000US77971,77971,ZCTA5 77971,85400,15208
8600000US77973,77973,ZCTA5 77973,-,**
8600000US77974,77974,ZCTA5 77974,85300,34141
8600000US77975,77975,ZCTA5 77975,84600,9771
8600000US77976,77976,ZCTA5 77976,108300,108151
8600000US77977,77977,ZCTA5 77977,47500,6670
8600000US77978,77978,ZCTA5 77978,59000,7236
8600000US77979,77979,ZCTA5 77979,97400,7231
8600000US77982,77982,ZCTA5 77982,166000,17789
8600000US77983,77983,ZCTA5 77983,76500,10491
8600000US77984,77984,ZCTA5 77984,90500,9454
8600000US77987,77987,ZCTA5 77987,69700,18615
8600000US77988,77988,ZCTA5 77988,61100,22977
8600000US77990,77990,ZCTA5 77990,52900,19573
8600000US77991,77991,ZCTA5 77991,-,**
8600000US77993,77993,ZCTA5 77993,95500,3317
8600000US77994,77994,ZCTA5 77994,68600,6978
8600000US77995,77995,ZCTA5 77995,77200,8860
8600000US78001,78001,ZCTA5 78001,-,**
8600000US78002,78002,ZCTA5 78002,126600,26983
8600000US78003,78003,ZCTA5 78003,125000,17017
8600000US78004,78004,ZCTA5 78004,296600,159512
8600000US78005,78005,ZCTA5 78005,186000,173678
8600000US78006,78006,ZCTA5 78006,269400,18829
8600000US78007,78007,ZCTA5 78007,-,**
8600000US78008,78008,ZCTA5 78008,32800,52887
8600000US78009,78009,ZCTA5 78009,111200,36949
8600000US78010,78010,ZCTA5 78010,164000,17128
8600000US78011,78011,ZCTA5 78011,45400,12908
8600000US78012,78012,ZCTA5 78012,26000,17039
8600000US78013,78013,ZCTA5 78013,198400,89034
8600000US78014,78014,ZCTA5 78014,44900,9680
8600000US78015,78015,ZCTA5 78015,348400,14354
8600000US78016,78016,ZCTA5 78016,93000,18973
8600000US78017,78017,ZCTA5 78017,52000,13983
8600000US78019,78019,ZCTA5 78019,60800,11652
8600000US78021,78021,ZCTA5 78021,-,**
8600000US78022,78022,ZCTA5 78022,86200,5933
8600000US78023,78023,ZCTA5 78023,243500,9475
8600000US78024,78024,ZCTA5 78024,284700,57362
8600000US78025,78025,ZCTA5 78025,85400,10377
8600000US78026,78026,ZCTA5 78026,78100,16358
8600000US78027,78027,ZCTA5 78027,316900,188926
8600000US78028,78028,ZCTA5 78028,154500,6235
8600000US78029,78029,ZCTA5 78029,-,**
8600000US78039,78039,ZCTA5 78039,72800,16120
8600000US78040,78040,ZCTA5 78040,73800,3010
8600000US78041,78041,ZCTA5 78041,125300,7058
8600000US78043,78043,ZCTA5 78043,95800,4195
8600000US78044,78044,ZCTA5 78044,104800,28948
8600000US78045,78045,ZCTA5 78045,154400,4479
8600000US78046,78046,ZCTA5 78046,88400,3540
8600000US78050,78050,ZCTA5 78050,48300,18177
8600000US78052,78052,ZCTA5 78052,106500,15717
8600000US78055,78055,ZCTA5 78055,121900,70393
8600000US78056,78056,ZCTA5 78056,306900,42556
8600000US78057,78057,ZCTA5 78057,60000,109518
8600000US78058,78058,ZCTA5 78058,171600,70862
8600000US78059,78059,ZCTA5 78059,110700,27752
8600000US78060,78060,ZCTA5 78060,-,**
8600000US78061,78061,ZCTA5 78061,65000,12592
8600000US78063,78063,ZCTA5 78063,152200,16450
8600000US78064,78064,ZCTA5 78064,115400,13243
8600000US78065,78065,ZCTA5 78065,68800,8977
8600000US78066,78066,ZCTA5 78066,263900,55855
8600000US78067,78067,ZCTA5 78067,15300,49740
8600000US78069,78069,ZCTA5 78069,72400,24619
8600000US78070,78070,ZCTA5 78070,281800,16335
8600000US78071,78071,ZCTA5 78071,82000,10983
8600000US78072,78072,ZCTA5 78072,62900,9173
8600000US78073,78073,ZCTA5 78073,73900,11373
8600000US78075,78075,ZCTA5 78075,38800,490358
8600000US78076,78076,ZCTA5 78076,56600,4370
8600000US78101,78101,ZCTA5 78101,172500,16238
8600000US78102,78102,ZCTA5 78102,74200,5750
8600000US78104,78104,ZCTA5 78104,112500,105592
8600000US78107,78107,ZCTA5 78107,74100,107829
8600000US78108,78108,ZCTA5 78108,181300,4622
8600000US78109,78109,ZCTA5 78109,122800,3334
8600000US78112,78112,ZCTA5 78112,76200,9639
8600000US78113,78113,ZCTA5 78113,142600,54772
8600000US78114,78114,ZCTA5 78114,137800,10658
8600000US78116,78116,ZCTA5 78116,154200,115777
8600000US78117,78117,ZCTA5 78117,117100,14952
8600000US78118,78118,ZCTA5 78118,72600,14112
8600000US78119,78119,ZCTA5 78119,64800,9028
8600000US78121,78121,ZCTA5 78121,150800,15549
8600000US78122,78122,ZCTA5 78122,135300,86218
8600000US78123,78123,ZCTA5 78123,133100,39246
8600000US78124,78124,ZCTA5 78124,122600,18151
8600000US78125,78125,ZCTA5 78125,118800,240625
8600000US78130,78130,ZCTA5 78130,152000,4348
8600000US78132,78132,ZCTA5 78132,261600,12883
8600000US78133,78133,ZCTA5 78133,167200,18762
8600000US78140,78140,ZCTA5 78140,56500,7165
8600000US78141,78141,ZCTA5 78141,66100,10507
8600000US78142,78142,ZCTA5 78142,86300,55710
8600000US78143,78143,ZCTA5 78143,32700,20008
8600000US78144,78144,ZCTA5 78144,-,**
8600000US78145,78145,ZCTA5 78145,52800,8623
8600000US78146,78146,ZCTA5 78146,80700,54535
8600000US78147,78147,ZCTA5 78147,88900,10156
8600000US78148,78148,ZCTA5 78148,139000,4539
8600000US78150,78150,ZCTA5 78150,-,**
8600000US78151,78151,ZCTA5 78151,47600,10528
8600000US78152,78152,ZCTA5 78152,149500,21392
8600000US78154,78154,ZCTA5 78154,164000,3134
8600000US78155,78155,ZCTA5 78155,114400,6433
8600000US78159,78159,ZCTA5 78159,103500,39701
8600000US78160,78160,ZCTA5 78160,133400,36863
8600000US78161,78161,ZCTA5 78161,87400,21691
8600000US78162,78162,ZCTA5 78162,64800,19804
8600000US78163,78163,ZCTA5 78163,272300,23529
8600000US78164,78164,ZCTA5 78164,72000,9807
8600000US78201,78201,ZCTA5 78201,83200,2511
8600000US78202,78202,ZCTA5 78202,57000,5611
8600000US78203,78203,ZCTA5 78203,64300,3986
8600000US78204,78204,ZCTA5 78204,68300,4481
8600000US78205,78205,ZCTA5 78205,190300,156844
8600000US78207,78207,ZCTA5 78207,58300,2197
8600000US78208,78208,ZCTA5 78208,62100,6896
8600000US78209,78209,ZCTA5 78209,276600,13437
8600000US78210,78210,ZCTA5 78210,73000,2094
8600000US78211,78211,ZCTA5 78211,64900,2950
8600000US78212,78212,ZCTA5 78212,124900,13406
8600000US78213,78213,ZCTA5 78213,106600,4860
8600000US78214,78214,ZCTA5 78214,64000,2629
8600000US78215,78215,ZCTA5 78215,142500,99700
8600000US78216,78216,ZCTA5 78216,150600,7733
8600000US78217,78217,ZCTA5 78217,114700,4236
8600000US78218,78218,ZCTA5 78218,89300,2762
8600000US78219,78219,ZCTA5 78219,80700,2742
8600000US78220,78220,ZCTA5 78220,71500,3167
8600000US78221,78221,ZCTA5 78221,81200,2443
8600000US78222,78222,ZCTA5 78222,97600,3606
8600000US78223,78223,ZCTA5 78223,86600,2178
8600000US78224,78224,ZCTA5 78224,77700,3741
8600000US78225,78225,ZCTA5 78225,70100,2839
8600000US78226,78226,ZCTA5 78226,65100,1871
8600000US78227,78227,ZCTA5 78227,79000,1710
8600000US78228,78228,ZCTA5 78228,85700,1370
8600000US78229,78229,ZCTA5 78229,119900,9129
8600000US78230,78230,ZCTA5 78230,190100,6155
8600000US78231,78231,ZCTA5 78231,221500,9322
8600000US78232,78232,ZCTA5 78232,188700,3967
8600000US78233,78233,ZCTA5 78233,110400,2201
8600000US78234,78234,ZCTA5 78234,-,**
8600000US78235,78235,ZCTA5 78235,-,**
8600000US78236,78236,ZCTA5 78236,-,**
8600000US78237,78237,ZCTA5 78237,60400,2452
8600000US78238,78238,ZCTA5 78238,109700,3423
8600000US78239,78239,ZCTA5 78239,110600,3115
8600000US78240,78240,ZCTA5 78240,141300,2616
8600000US78242,78242,ZCTA5 78242,68200,2267
8600000US78243,78243,ZCTA5 78243,-,**
8600000US78244,78244,ZCTA5 78244,110900,4706
8600000US78245,78245,ZCTA5 78245,114700,2459
8600000US78247,78247,ZCTA5 78247,142500,2726
8600000US78248,78248,ZCTA5 78248,268600,9519
8600000US78249,78249,ZCTA5 78249,159100,2961
8600000US78250,78250,ZCTA5 78250,122800,2336
8600000US78251,78251,ZCTA5 78251,143300,3595
8600000US78252,78252,ZCTA5 78252,116500,13370
8600000US78253,78253,ZCTA5 78253,190700,7690
8600000US78254,78254,ZCTA5 78254,155700,3115
8600000US78255,78255,ZCTA5 78255,280300,10567
8600000US78256,78256,ZCTA5 78256,358400,17308
8600000US78257,78257,ZCTA5 78257,654600,52018
8600000US78258,78258,ZCTA5 78258,279700,8360
8600000US78259,78259,ZCTA5 78259,206000,5905
8600000US78260,78260,ZCTA5 78260,274400,10780
8600000US78261,78261,ZCTA5 78261,237400,10342
8600000US78263,78263,ZCTA5 78263,170100,20028
8600000US78264,78264,ZCTA5 78264,62500,10991
8600000US78266,78266,ZCTA5 78266,365200,19370
8600000US78330,78330,ZCTA5 78330,61600,7972
8600000US78332,78332,ZCTA5 78332,69200,4057
8600000US78335,78335,ZCTA5 78335,-,**
8600000US78336,78336,ZCTA5 78336,83600,9853
8600000US78338,78338,ZCTA5 78338,-,**
8600000US78339,78339,ZCTA5 78339,32900,3194
8600000US78340,78340,ZCTA5 78340,85000,11842
8600000US78341,78341,ZCTA5 78341,45900,15801
8600000US78342,78342,ZCTA5 78342,47500,24557
8600000US78343,78343,ZCTA5 78343,70200,9283
8600000US78344,78344,ZCTA5 78344,87500,134859
8600000US78349,78349,ZCTA5 78349,33300,4552
8600000US78351,78351,ZCTA5 78351,46000,6938
8600000US78352,78352,ZCTA5 78352,32700,38840
8600000US78353,78353,ZCTA5 78353,54900,89025
8600000US78355,78355,ZCTA5 78355,47200,6197
8600000US78357,78357,ZCTA5 78357,58700,15446
8600000US78358,78358,ZCTA5 78358,34400,9948
8600000US78359,78359,ZCTA5 78359,57100,8608
8600000US78361,78361,ZCTA5 78361,49800,13431
8600000US78362,78362,ZCTA5 78362,103000,7775
8600000US78363,78363,ZCTA5 78363,75100,5035
8600000US78368,78368,ZCTA5 78368,59800,7889
8600000US78369,78369,ZCTA5 78369,37300,16196
8600000US78370,78370,ZCTA5 78370,81100,7630
8600000US78371,78371,ZCTA5 78371,63500,18717
8600000US78372,78372,ZCTA5 78372,79000,18270
8600000US78373,78373,ZCTA5 78373,270300,30484
8600000US78374,78374,ZCTA5 78374,139000,7063
8600000US78375,78375,ZCTA5 78375,50300,14109
8600000US78376,78376,ZCTA5 78376,31600,17732
8600000US78377,78377,ZCTA5 78377,64800,6414
8600000US78379,78379,ZCTA5 78379,59800,14809
8600000US78380,78380,ZCTA5 78380,71400,5380
8600000US78382,78382,ZCTA5 78382,140500,12488
8600000US78383,78383,ZCTA5 78383,94100,27947
8600000US78384,78384,ZCTA5 78384,53900,21557
8600000US78385,78385,ZCTA5 78385,54600,91879
8600000US78387,78387,ZCTA5 78387,71300,6040
8600000US78389,78389,ZCTA5 78389,72000,7066
8600000US78390,78390,ZCTA5 78390,67700,4588
8600000US78391,78391,ZCTA5 78391,51200,22182
8600000US78393,78393,ZCTA5 78393,72300,20392
8600000US78401,78401,ZCTA5 78401,71600,13652
8600000US78402,78402,ZCTA5 78402,130500,32069
8600000US78404,78404,ZCTA5 78404,91100,7085
8600000US78405,78405,ZCTA5 78405,50800,2886
8600000US78406,78406,ZCTA5 78406,63000,6030
8600000US78407,78407,ZCTA5 78407,65000,5776
8600000US78408,78408,ZCTA5 78408,59700,3361
8600000US78409,78409,ZCTA5 78409,76100,14632
8600000US78410,78410,ZCTA5 78410,129400,4467
8600000US78411,78411,ZCTA5 78411,111900,5387
8600000US78412,78412,ZCTA5 78412,110600,3863
8600000US78413,78413,ZCTA5 78413,147900,2877
8600000US78414,78414,ZCTA5 78414,166600,4201
8600000US78415,78415,ZCTA5 78415,83600,2710
8600000US78416,78416,ZCTA5 78416,62800,2356
8600000US78417,78417,ZCTA5 78417,80400,10855
8600000US78418,78418,ZCTA5 78418,151900,8429
8600000US78419,78419,ZCTA5 78419,-,**
8600000US78501,78501,ZCTA5 78501,91200,2946
8600000US78503,78503,ZCTA5 78503,89000,4668
8600000US78504,78504,ZCTA5 78504,132100,4711
8600000US78516,78516,ZCTA5 78516,54400,3786
8600000US78520,78520,ZCTA5 78520,78500,2612
8600000US78521,78521,ZCTA5 78521,67500,1834
8600000US78526,78526,ZCTA5 78526,97500,3566
8600000US78535,78535,ZCTA5 78535,46400,11756
8600000US78536,78536,ZCTA5 78536,41700,27730
8600000US78537,78537,ZCTA5 78537,53300,4229
8600000US78538,78538,ZCTA5 78538,55900,9956
8600000US78539,78539,ZCTA5 78539,106500,5722
8600000US78541,78541,ZCTA5 78541,80000,7141
8600000US78542,78542,ZCTA5 78542,72800,4574
8600000US78543,78543,ZCTA5 78543,55300,6230
8600000US78545,78545,ZCTA5 78545,27900,265498
8600000US78548,78548,ZCTA5 78548,35500,18419
8600000US78549,78549,ZCTA5 78549,49400,21727
8600000US78550,78550,ZCTA5 78550,78400,3753
8600000US78552,78552,ZCTA5 78552,91800,5181
8600000US78557,78557,ZCTA5 78557,89300,4936
8600000US78558,78558,ZCTA5 78558,61600,18709
8600000US78559,78559,ZCTA5 78559,61300,6525
8600000US78560,78560,ZCTA5 78560,72200,13956
8600000US78561,78561,ZCTA5 78561,33800,6635
8600000US78562,78562,ZCTA5 78562,53800,10264
8600000US78563,78563,ZCTA5 78563,54100,39551
8600000US78564,78564,ZCTA5 78564,-,**
8600000US78565,78565,ZCTA5 78565,55000,23837
8600000US78566,78566,ZCTA5 78566,88200,6826
8600000US78567,78567,ZCTA5 78567,58200,16488
8600000US78569,78569,ZCTA5 78569,46200,6967
8600000US78570,78570,ZCTA5 78570,50200,6118
8600000US78572,78572,ZCTA5 78572,78200,3626
8600000US78573,78573,ZCTA5 78573,83900,4561
8600000US78574,78574,ZCTA5 78574,70000,4558
8600000US78575,78575,ZCTA5 78575,117200,5134
8600000US78576,78576,ZCTA5 78576,50000,9484
8600000US78577,78577,ZCTA5 78577,71100,3952
8600000US78578,78578,ZCTA5 78578,124500,15859
8600000US78579,78579,ZCTA5 78579,64400,6160
8600000US78580,78580,ZCTA5 78580,52200,4321
8600000US78582,78582,ZCTA5 78582,62200,4488
8600000US78583,78583,ZCTA5 78583,58900,14333
8600000US78584,78584,ZCTA5 78584,66300,5397
8600000US78585,78585,ZCTA5 78585,75000,126020
8600000US78586,78586,ZCTA5 78586,62500,2897
8600000US78588,78588,ZCTA5 78588,62500,69945
8600000US78589,78589,ZCTA5 78589,80800,4976
8600000US78590,78590,ZCTA5 78590,36900,17764
8600000US78591,78591,ZCTA5 78591,55000,25169
8600000US78592,78592,ZCTA5 78592,34600,8662
8600000US78593,78593,ZCTA5 78593,59400,13450
8600000US78594,78594,ZCTA5 78594,35300,7505
8600000US78595,78595,ZCTA5 78595,53200,11800
8600000US78596,78596,ZCTA5 78596,67600,3679
8600000US78597,78597,ZCTA5 78597,270800,60215
8600000US78598,78598,ZCTA5 78598,53800,52079
8600000US78602,78602,ZCTA5 78602,133800,8017
8600000US78605,78605,ZCTA5 78605,114200,17075
8600000US78606,78606,ZCTA5 78606,172300,23350
8600000US78607,78607,ZCTA5 78607,169200,88892
8600000US78608,78608,ZCTA5 78608,159500,47257
8600000US78609,78609,ZCTA5 78609,144900,41306
8600000US78610,78610,ZCTA5 78610,182400,5811
8600000US78611,78611,ZCTA5 78611,142600,16141
8600000US78612,78612,ZCTA5 78612,132700,24995
8600000US78613,78613,ZCTA5 78613,198900,4139
8600000US78614,78614,ZCTA5 78614,93900,60994
8600000US78615,78615,ZCTA5 78615,174200,34370
8600000US78616,78616,ZCTA5 78616,96400,16261
8600000US78617,78617,ZCTA5 78617,99700,8154
8600000US78618,78618,ZCTA5 78618,205000,87691
8600000US78619,78619,ZCTA5 78619,340700,23453
8600000US78620,78620,ZCTA5 78620,316300,19987
8600000US78621,78621,ZCTA5 78621,114800,4862
8600000US78622,78622,ZCTA5 78622,80500,61729
8600000US78623,78623,ZCTA5 78623,217500,69799
8600000US78624,78624,ZCTA5 78624,224400,12236
8600000US78626,78626,ZCTA5 78626,149900,5847
8600000US78628,78628,ZCTA5 78628,216200,8031
8600000US78629,78629,ZCTA5 78629,85700,7629
8600000US78631,78631,ZCTA5 78631,120000,41397
8600000US78632,78632,ZCTA5 78632,88300,59050
8600000US78633,78633,ZCTA5 78633,228200,9128
8600000US78634,78634,ZCTA5 78634,143500,4254
8600000US78635,78635,ZCTA5 78635,-,**
8600000US78636,78636,ZCTA5 78636,159200,22235
8600000US78638,78638,ZCTA5 78638,109700,16754
8600000US78639,78639,ZCTA5 78639,94500,25226
8600000US78640,78640,ZCTA5 78640,140000,3912
8600000US78641,78641,ZCTA5 78641,156900,4411
8600000US78642,78642,ZCTA5 78642,229300,33179
8600000US78643,78643,ZCTA5 78643,132500,25542
8600000US78644,78644,ZCTA5 78644,119000,8190
8600000US78645,78645,ZCTA5 78645,191800,10950
8600000US78648,78648,ZCTA5 78648,85900,8978
8600000US78650,78650,ZCTA5 78650,86600,17480
8600000US78652,78652,ZCTA5 78652,191200,6806
8600000US78653,78653,ZCTA5 78653,141200,4600
8600000US78654,78654,ZCTA5 78654,175500,12981
8600000US78655,78655,ZCTA5 78655,120500,33994
8600000US78656,78656,ZCTA5 78656,82400,11701
8600000US78657,78657,ZCTA5 78657,275800,25897
8600000US78659,78659,ZCTA5 78659,129500,22261
8600000US78660,78660,ZCTA5 78660,165700,3581
8600000US78661,78661,ZCTA5 78661,43300,34341
8600000US78662,78662,ZCTA5 78662,111000,44982
8600000US78663,78663,ZCTA5 78663,114700,29529
8600000US78664,78664,ZCTA5 78664,149600,2965
8600000US78665,78665,ZCTA5 78665,186900,7148
8600000US78666,78666,ZCTA5 78666,125000,6949
8600000US78669,78669,ZCTA5 78669,301000,35456
8600000US78670,78670,ZCTA5 78670,111900,14389
8600000US78671,78671,ZCTA5 78671,98600,18962
8600000US78672,78672,ZCTA5 78672,112500,23943
8600000US78675,78675,ZCTA5 78675,124000,902894
8600000US78676,78676,ZCTA5 78676,236000,15135
8600000US78677,78677,ZCTA5 78677,86700,37136
8600000US78681,78681,ZCTA5 78681,213300,3875
8600000US78701,78701,ZCTA5 78701,372000,35790
8600000US78702,78702,ZCTA5 78702,188000,11373
8600000US78703,78703,ZCTA5 78703,641200,30612
8600000US78704,78704,ZCTA5 78704,347500,11967
8600000US78705,78705,ZCTA5 78705,307200,49573
8600000US78712,78712,ZCTA5 78712,-,**
8600000US78717,78717,ZCTA5 78717,247200,8294
8600000US78719,78719,ZCTA5 78719,112500,21988
8600000US78721,78721,ZCTA5 78721,124800,9800
8600000US78722,78722,ZCTA5 78722,279200,19497
8600000US78723,78723,ZCTA5 78723,178500,5511
8600000US78724,78724,ZCTA5 78724,102000,7363
8600000US78725,78725,ZCTA5 78725,111800,5964
8600000US78726,78726,ZCTA5 78726,344700,7987
8600000US78727,78727,ZCTA5 78727,202600,4510
8600000US78728,78728,ZCTA5 78728,170500,3667
8600000US78729,78729,ZCTA5 78729,191300,6254
8600000US78730,78730,ZCTA5 78730,580300,51623
8600000US78731,78731,ZCTA5 78731,442300,12606
8600000US78732,78732,ZCTA5 78732,389900,18308
8600000US78733,78733,ZCTA5 78733,487900,37185
8600000US78734,78734,ZCTA5 78734,326900,16755
8600000US78735,78735,ZCTA5 78735,373400,14613
8600000US78736,78736,ZCTA5 78736,228900,21580
8600000US78737,78737,ZCTA5 78737,338700,15040
8600000US78738,78738,ZCTA5 78738,460200,19121
8600000US78739,78739,ZCTA5 78739,355900,9010
8600000US78741,78741,ZCTA5 78741,127500,9095
8600000US78742,78742,ZCTA5 78742,72100,51335
8600000US78744,78744,ZCTA5 78744,106500,4168
8600000US78745,78745,ZCTA5 78745,170200,3132
8600000US78746,78746,ZCTA5 78746,634000,23420
8600000US78747,78747,ZCTA5 78747,167800,9588
8600000US78748,78748,ZCTA5 78748,187900,4847
8600000US78749,78749,ZCTA5 78749,237800,3766
8600000US78750,78750,ZCTA5 78750,306900,10914
8600000US78751,78751,ZCTA5 78751,297200,20518
8600000US78752,78752,ZCTA5 78752,163900,10778
8600000US78753,78753,ZCTA5 78753,135700,4410
8600000US78754,78754,ZCTA5 78754,163000,4215
8600000US78756,78756,ZCTA5 78756,364400,20412
8600000US78757,78757,ZCTA5 78757,259400,10435
8600000US78758,78758,ZCTA5 78758,146100,2696
8600000US78759,78759,ZCTA5 78759,312300,10345
8600000US78801,78801,ZCTA5 78801,65600,7788
8600000US78802,78802,ZCTA5 78802,86100,6898
8600000US78827,78827,ZCTA5 78827,30300,14788
8600000US78828,78828,ZCTA5 78828,75000,15142
8600000US78829,78829,ZCTA5 78829,46300,15754
8600000US78830,78830,ZCTA5 78830,39300,4074
8600000US78832,78832,ZCTA5 78832,65800,5746
8600000US78833,78833,ZCTA5 78833,66700,45204
8600000US78834,78834,ZCTA5 78834,56000,7937
8600000US78836,78836,ZCTA5 78836,-,**
8600000US78837,78837,ZCTA5 78837,105000,140655
8600000US78838,78838,ZCTA5 78838,234000,30118
8600000US78839,78839,ZCTA5 78839,38800,8129
8600000US78840,78840,ZCTA5 78840,92000,5662
8600000US78843,78843,ZCTA5 78843,-,**
8600000US78850,78850,ZCTA5 78850,112700,16635
8600000US78851,78851,ZCTA5 78851,-,**
8600000US78852,78852,ZCTA5 78852,86700,4340
8600000US78860,78860,ZCTA5 78860,60400,10278
8600000US78861,78861,ZCTA5 78861,101900,13297
8600000US78870,78870,ZCTA5 78870,57500,30485
8600000US78871,78871,ZCTA5 78871,-,**
8600000US78872,78872,ZCTA5 78872,41500,6392
8600000US78873,78873,ZCTA5 78873,114500,18743
8600000US78877,78877,ZCTA5 78877,98600,76464
8600000US78879,78879,ZCTA5 78879,134200,78552
8600000US78880,78880,ZCTA5 78880,65100,7344
8600000US78881,78881,ZCTA5 78881,57900,14002
8600000US78883,78883,ZCTA5 78883,344200,221134
8600000US78884,78884,ZCTA5 78884,115600,40825
8600000US78885,78885,ZCTA5 78885,218800,158994
8600000US78886,78886,ZCTA5 78886,105900,35851
8600000US78931,78931,ZCTA5 78931,116400,71688
8600000US78932,78932,ZCTA5 78932,162500,54338
8600000US78933,78933,ZCTA5 78933,225700,96995
8600000US78934,78934,ZCTA5 78934,132900,30151
8600000US78935,78935,ZCTA5 78935,177200,48883
8600000US78938,78938,ZCTA5 78938,51500,32920
8600000US78940,78940,ZCTA5 78940,135100,30940
8600000US78941,78941,ZCTA5 78941,108800,44137
8600000US78942,78942,ZCTA5 78942,115500,14067
8600000US78943,78943,ZCTA5 78943,72300,36128
8600000US78944,78944,ZCTA5 78944,154900,39232
8600000US78945,78945,ZCTA5 78945,124300,21261
8600000US78946,78946,ZCTA5 78946,89500,45844
8600000US78947,78947,ZCTA5 78947,124500,14889
8600000US78948,78948,ZCTA5 78948,145100,42792
8600000US78949,78949,ZCTA5 78949,190400,143962
8600000US78950,78950,ZCTA5 78950,170900,16105
8600000US78951,78951,ZCTA5 78951,-,**
8600000US78953,78953,ZCTA5 78953,93500,45173
8600000US78954,78954,ZCTA5 78954,197100,69255
8600000US78956,78956,ZCTA5 78956,128100,27699
8600000US78957,78957,ZCTA5 78957,107700,10038
8600000US78959,78959,ZCTA5 78959,53800,9394
8600000US78962,78962,ZCTA5 78962,115500,27450
8600000US78963,78963,ZCTA5 78963,153000,39084
8600000US79001,79001,ZCTA5 79001,73300,26976
8600000US79003,79003,ZCTA5 79003,86200,2281
8600000US79005,79005,ZCTA5 79005,106600,10928
8600000US79007,79007,ZCTA5 79007,60900,6089
8600000US79009,79009,ZCTA5 79009,82200,7862
8600000US79010,79010,ZCTA5 79010,87300,29348
8600000US79011,79011,ZCTA5 79011,60000,42234
8600000US79012,79012,ZCTA5 79012,174900,57319
8600000US79013,79013,ZCTA5 79013,28200,24017
8600000US79014,79014,ZCTA5 79014,98900,14938
8600000US79015,79015,ZCTA5 79015,159200,13625
8600000US79016,79016,ZCTA5 79016,-,**
8600000US79018,79018,ZCTA5 79018,61700,33409
8600000US79019,79019,ZCTA5 79019,97800,9709
8600000US79021,79021,ZCTA5 79021,212500,170803
8600000US79022,79022,ZCTA5 79022,93600,9578
8600000US79024,79024,ZCTA5 79024,59200,8335
8600000US79025,79025,ZCTA5 79025,-,**
8600000US79027,79027,ZCTA5 79027,74700,9692
8600000US79029,79029,ZCTA5 79029,94000,6880
8600000US79031,79031,ZCTA5 79031,60500,8895
8600000US79032,79032,ZCTA5 79032,83300,122214
8600000US79033,79033,ZCTA5 79033,28300,148161
8600000US79034,79034,ZCTA5 79034,97000,22480
8600000US79035,79035,ZCTA5 79035,76300,11386
8600000US79036,79036,ZCTA5 79036,74500,8667
8600000US79039,79039,ZCTA5 79039,90000,37866
8600000US79040,79040,ZCTA5 79040,92500,8751
8600000US79041,79041,ZCTA5 79041,64700,6379
8600000US79042,79042,ZCTA5 79042,58000,17022
8600000US79043,79043,ZCTA5 79043,49700,6943
8600000US79044,79044,ZCTA5 79044,95000,41639
8600000US79045,79045,ZCTA5 79045,80000,5970
8600000US79046,79046,ZCTA5 79046,54300,8879
8600000US79051,79051,ZCTA5 79051,-,**
8600000US79052,79052,ZCTA5 79052,71700,13999
8600000US79053,79053,ZCTA5 79053,109200,5314
8600000US79054,79054,ZCTA5 79054,28000,5835
8600000US79056,79056,ZCTA5 79056,72500,51637
8600000US79057,79057,ZCTA5 79057,53800,29466
8600000US79058,79058,ZCTA5 79058,-,**
8600000US79059,79059,ZCTA5 79059,102000,11597
8600000US79061,79061,ZCTA5 79061,81700,21082
8600000US79062,79062,ZCTA5 79062,40000,18668
8600000US79063,79063,ZCTA5 79063,82000,37804
8600000US79064,79064,ZCTA5 79064,61600,5867
8600000US79065,79065,ZCTA5 79065,69300,5703
8600000US79068,79068,ZCTA5 79068,95900,4707
8600000US79070,79070,ZCTA5 79070,79800,5738
8600000US79072,79072,ZCTA5 79072,74000,7620
8600000US79078,79078,ZCTA5 79078,28600,4402
8600000US79079,79079,ZCTA5 79079,64300,8569
8600000US79080,79080,ZCTA5 79080,37000,4198
8600000US79081,79081,ZCTA5 79081,71600,9228
8600000US79082,79082,ZCTA5 79082,104200,75420
8600000US79083,79083,ZCTA5 79083,65000,14168
8600000US79084,79084,ZCTA5 79084,81300,10054
8600000US79085,79085,ZCTA5 79085,-,**
8600000US79086,79086,ZCTA5 79086,77600,7468
8600000US79087,79087,ZCTA5 79087,64300,37282
8600000US79088,79088,ZCTA5 79088,63500,9209
8600000US79091,79091,ZCTA5 79091,74500,182526
8600000US79092,79092,ZCTA5 79092,91300,11222
8600000US79093,79093,ZCTA5 79093,-,**
8600000US79094,79094,ZCTA5 79094,33900,41533
8600000US79095,79095,ZCTA5 79095,66100,8141
8600000US79096,79096,ZCTA5 79096,85700,15958
8600000US79097,79097,ZCTA5 79097,79500,7553
8600000US79098,79098,ZCTA5 79098,103800,21463
8600000US79101,79101,ZCTA5 79101,61900,52766
8600000US79102,79102,ZCTA5 79102,93500,5046
8600000US79103,79103,ZCTA5 79103,83000,3054
8600000US79104,79104,ZCTA5 79104,61500,6938
8600000US79105,79105,ZCTA5 79105,-,**
8600000US79106,79106,ZCTA5 79106,103000,4637
8600000US79107,79107,ZCTA5 79107,59400,2353
8600000US79108,79108,ZCTA5 79108,95100,6224
8600000US79109,79109,ZCTA5 79109,140900,2394
8600000US79110,79110,ZCTA5 79110,102800,4470
8600000US79111,79111,ZCTA5 79111,-,**
8600000US79118,79118,ZCTA5 79118,139500,6514
8600000US79119,79119,ZCTA5 79119,228600,14087
8600000US79121,79121,ZCTA5 79121,180600,6532
8600000US79124,79124,ZCTA5 79124,211000,13425
8600000US79201,79201,ZCTA5 79201,63100,11184
8600000US79220,79220,ZCTA5 79220,120800,59585
8600000US79225,79225,ZCTA5 79225,48200,22112
8600000US79226,79226,ZCTA5 79226,62200,5461
8600000US79227,79227,ZCTA5 79227,36400,10384
8600000US79229,79229,ZCTA5 79229,46800,10915
8600000US79230,79230,ZCTA5 79230,60000,199323
8600000US79231,79231,ZCTA5 79231,-,**
8600000US79233,79233,ZCTA5 79233,51300,66965
8600000US79234,79234,ZCTA5 79234,86700,38693
8600000US79235,79235,ZCTA5 79235,55900,21805
8600000US79236,79236,ZCTA5 79236,74000,203571
8600000US79237,79237,ZCTA5 79237,53900,24449
8600000US79239,79239,ZCTA5 79239,82500,68788
8600000US79240,79240,ZCTA5 79240,-,**
8600000US79241,79241,ZCTA5 79241,63900,7329
8600000US79243,79243,ZCTA5 79243,"1,000,000+",***
8600000US79244,79244,ZCTA5 79244,58900,9419
8600000US79245,79245,ZCTA5 79245,37100,6338
8600000US79247,79247,ZCTA5 79247,34200,7744
8600000US79248,79248,ZCTA5 79248,41300,7104
8600000US79250,79250,ZCTA5 79250,45500,6968
8600000US79251,79251,ZCTA5 79251,72500,676206
8600000US79252,79252,ZCTA5 79252,47800,12406
8600000US79255,79255,ZCTA5 79255,51400,23511
8600000US79256,79256,ZCTA5 79256,51700,44498
8600000US79257,79257,ZCTA5 79257,53700,6712
8600000US79258,79258,ZCTA5 79258,-,**
8600000US79259,79259,ZCTA5 79259,49500,65214
8600000US79261,79261,ZCTA5 79261,60700,15708
8600000US79311,79311,ZCTA5 79311,79200,9943
8600000US79312,79312,ZCTA5 79312,49100,10797
8600000US79313,79313,ZCTA5 79313,65800,15065
8600000US79314,79314,ZCTA5 79314,39200,8976
8600000US79316,79316,ZCTA5 79316,65000,3405
8600000US79322,79322,ZCTA5 79322,50400,8014
8600000US79323,79323,ZCTA5 79323,69900,8531
8600000US79324,79324,ZCTA5 79324,-,**
8600000US79325,79325,ZCTA5 79325,105600,9373
8600000US79326,79326,ZCTA5 79326,-,**
8600000US79329,79329,ZCTA5 79329,117800,18162
8600000US79330,79330,ZCTA5 79330,226000,334516
8600000US79331,79331,ZCTA5 79331,56600,5855
8600000US79336,79336,ZCTA5 79336,83900,5456
8600000US79339,79339,ZCTA5 79339,57700,15452
8600000US79342,79342,ZCTA5 79342,70500,10389
8600000US79343,79343,ZCTA5 79343,65800,13150
8600000US79344,79344,ZCTA5 79344,53900,2845
8600000US79345,79345,ZCTA5 79345,68100,22417
8600000US79346,79346,ZCTA5 79346,33300,10826
8600000US79347,79347,ZCTA5 79347,58800,12039
8600000US79350,79350,ZCTA5 79350,64700,9668
8600000US79351,79351,ZCTA5 79351,47300,8600
8600000US79353,79353,ZCTA5 79353,-,**
8600000US79355,79355,ZCTA5 79355,60600,20923
8600000US79356,79356,ZCTA5 79356,68200,14299
8600000US79357,79357,ZCTA5 79357,51200,10240
8600000US79358,79358,ZCTA5 79358,78900,11684
8600000US79359,79359,ZCTA5 79359,55100,9366
8600000US79360,79360,ZCTA5 79360,101900,9832
8600000US79363,79363,ZCTA5 79363,96900,12765
8600000US79364,79364,ZCTA5 79364,64800,13940
8600000US79366,79366,ZCTA5 79366,212800,33855
8600000US79367,79367,ZCTA5 79367,61300,13978
8600000US79369,79369,ZCTA5 79369,-,**
8600000US79370,79370,ZCTA5 79370,43800,9543
8600000US79371,79371,ZCTA5 79371,43100,11024
8600000US79372,79372,ZCTA5 79372,57000,12182
8600000US79373,79373,ZCTA5 79373,70100,13563
8600000US79376,79376,ZCTA5 79376,101400,55279
8600000US79377,79377,ZCTA5 79377,22500,71184
8600000US79378,79378,ZCTA5 79378,38300,44615
8600000US79379,79379,ZCTA5 79379,37000,14426
8600000US79380,79380,ZCTA5 79380,75000,54640
8600000US79381,79381,ZCTA5 79381,91900,15156
8600000US79382,79382,ZCTA5 79382,147000,36648
8600000US79401,79401,ZCTA5 79401,76100,9619
8600000US79403,79403,ZCTA5 79403,49200,4728
8600000US79404,79404,ZCTA5 79404,52600,5443
8600000US79406,79406,ZCTA5 79406,-,**
8600000US79407,79407,ZCTA5 79407,93600,5597
8600000US79410,79410,ZCTA5 79410,114900,8689
8600000US79411,79411,ZCTA5 79411,50800,8092
8600000US79412,79412,ZCTA5 79412,75100,2227
8600000US79413,79413,ZCTA5 79413,116400,4163
8600000US79414,79414,ZCTA5 79414,86300,3380
8600000US79415,79415,ZCTA5 79415,59200,4875
8600000US79416,79416,ZCTA5 79416,110300,4255
8600000US79423,79423,ZCTA5 79423,120000,3048
8600000US79424,79424,ZCTA5 79424,168800,4641
8600000US79501,79501,ZCTA5 79501,60700,14510
8600000US79502,79502,ZCTA5 79502,46100,7918
8600000US79503,79503,ZCTA5 79503,76700,497894
8600000US79504,79504,ZCTA5 79504,63500,10059
8600000US79505,79505,ZCTA5 79505,36700,10917
8600000US79506,79506,ZCTA5 79506,53200,8562
8600000US79508,79508,ZCTA5 79508,128300,85106
8600000US79510,79510,ZCTA5 79510,77800,10139
8600000US79511,79511,ZCTA5 79511,80800,11417
8600000US79512,79512,ZCTA5 79512,52600,16274
8600000US79517,79517,ZCTA5 79517,143400,80535
8600000US79518,79518,ZCTA5 79518,66100,28836
8600000US79519,79519,ZCTA5 79519,258300,174883
8600000US79520,79520,ZCTA5 79520,43900,6960
8600000US79521,79521,ZCTA5 79521,53500,11363
8600000US79525,79525,ZCTA5 79525,68600,8395
8600000US79526,79526,ZCTA5 79526,88900,27647
8600000US79527,79527,ZCTA5 79527,58000,74787
8600000US79528,79528,ZCTA5 79528,63600,11033
8600000US79529,79529,ZCTA5 79529,37100,5122
8600000US79530,79530,ZCTA5 79530,35800,7284
8600000US79532,79532,ZCTA5 79532,36000,8244
8600000US79533,79533,ZCTA5 79533,33800,15253
8600000US79534,79534,ZCTA5 79534,85000,129129
8600000US79535,79535,ZCTA5 79535,61300,48780
8600000US79536,79536,ZCTA5 79536,64600,7818
8600000US79537,79537,ZCTA5 79537,44400,25575
8600000US79538,79538,ZCTA5 79538,46500,33980
8600000US79539,79539,ZCTA5 79539,36800,12953
8600000US79540,79540,ZCTA5 79540,66000,17532
8600000US79541,79541,ZCTA5 79541,98900,253926
8600000US79543,79543,ZCTA5 79543,65000,6013
8600000US79544,79544,ZCTA5 79544,22900,11180
8600000US79545,79545,ZCTA5 79545,51200,12202
8600000US79546,79546,ZCTA5 79546,49500,9026
8600000US79547,79547,ZCTA5 79547,38600,10517
8600000US79548,79548,ZCTA5 79548,86100,13109
8600000US79549,79549,ZCTA5 79549,86400,9345
8600000US79553,79553,ZCTA5 79553,44600,11270
8600000US79556,79556,ZCTA5 79556,54200,10651
8600000US79560,79560,ZCTA5 79560,68800,57313
8600000US79561,79561,ZCTA5 79561,69100,13399
8600000US79562,79562,ZCTA5 79562,149100,22467
8600000US79563,79563,ZCTA5 79563,47300,7032
8600000US79565,79565,ZCTA5 79565,37500,52992
8600000US79566,79566,ZCTA5 79566,94000,14744
8600000US79567,79567,ZCTA5 79567,43700,5569
8600000US79601,79601,ZCTA5 79601,82700,8291
8600000US79602,79602,ZCTA5 79602,124400,10048
8600000US79603,79603,ZCTA5 79603,66600,2554
8600000US79605,79605,ZCTA5 79605,88300,4041
8600000US79606,79606,ZCTA5 79606,145700,4673
8600000US79607,79607,ZCTA5 79607,-,**
8600000US79699,79699,ZCTA5 79699,-,**
8600000US79701,79701,ZCTA5 79701,81300,5176
8600000US79703,79703,ZCTA5 79703,110600,4325
8600000US79705,79705,ZCTA5 79705,179100,9182
8600000US79706,79706,ZCTA5 79706,96400,17409
8600000US79707,79707,ZCTA5 79707,214200,8325
8600000US79713,79713,ZCTA5 79713,73800,14585
8600000US79714,79714,ZCTA5 79714,88600,9516
8600000US79718,79718,ZCTA5 79718,47700,19174
8600000US79719,79719,ZCTA5 79719,28000,8632
8600000US79720,79720,ZCTA5 79720,65700,4335
8600000US79730,79730,ZCTA5 79730,14300,29790
8600000US79731,79731,ZCTA5 79731,66800,6426
8600000US79733,79733,ZCTA5 79733,46700,13322
8600000US79734,79734,ZCTA5 79734,108300,20353
8600000US79735,79735,ZCTA5 79735,67100,7813
8600000US79738,79738,ZCTA5 79738,83800,22878
8600000US79739,79739,ZCTA5 79739,150900,84012
8600000US79741,79741,ZCTA5 79741,73800,32314
8600000US79742,79742,ZCTA5 79742,29300,7934
8600000US79743,79743,ZCTA5 79743,62300,12520
8600000US79744,79744,ZCTA5 79744,57600,18762
8600000US79745,79745,ZCTA5 79745,44500,4397
8600000US79748,79748,ZCTA5 79748,45000,14946
8600000US79749,79749,ZCTA5 79749,59400,22810
8600000US79752,79752,ZCTA5 79752,42700,9599
8600000US79754,79754,ZCTA5 79754,86000,154049
8600000US79755,79755,ZCTA5 79755,112500,70180
8600000US79756,79756,ZCTA5 79756,62700,6669
8600000US79758,79758,ZCTA5 79758,74400,14648
8600000US79759,79759,ZCTA5 79759,-,**
8600000US79761,79761,ZCTA5 79761,94700,4512
8600000US79762,79762,ZCTA5 79762,118000,4200
8600000US79763,79763,ZCTA5 79763,71300,5661
8600000US79764,79764,ZCTA5 79764,62500,6728
8600000US79765,79765,ZCTA5 79765,196500,16441
8600000US79766,79766,ZCTA5 79766,68300,12461
8600000US79770,79770,ZCTA5 79770,-,**
8600000US79772,79772,ZCTA5 79772,41700,7957
8600000US79777,79777,ZCTA5 79777,73000,31471
8600000US79778,79778,ZCTA5 79778,51600,9668
8600000US79780,79780,ZCTA5 79780,40000,41255
8600000US79781,79781,ZCTA5 79781,46700,29835
8600000US79782,79782,ZCTA5 79782,69900,19718
8600000US79783,79783,ZCTA5 79783,112500,14794
8600000US79785,79785,ZCTA5 79785,18800,19595
8600000US79788,79788,ZCTA5 79788,24400,14346
8600000US79789,79789,ZCTA5 79789,52300,16481
8600000US79821,79821,ZCTA5 79821,92700,4704
8600000US79830,79830,ZCTA5 79830,127600,17906
8600000US79831,79831,ZCTA5 79831,-,**
8600000US79834,79834,ZCTA5 79834,-,**
8600000US79835,79835,ZCTA5 79835,61400,11482
8600000US79836,79836,ZCTA5 79836,78600,9784
8600000US79837,79837,ZCTA5 79837,40200,5874
8600000US79838,79838,ZCTA5 79838,65000,6735
8600000US79839,79839,ZCTA5 79839,38500,8573
8600000US79842,79842,ZCTA5 79842,69100,20867
8600000US79843,79843,ZCTA5 79843,89100,27675
8600000US79845,79845,ZCTA5 79845,37600,9110
8600000US79846,79846,ZCTA5 79846,-,**
8600000US79847,79847,ZCTA5 79847,60700,98028
8600000US79848,79848,ZCTA5 79848,55800,12335
8600000US79849,79849,ZCTA5 79849,58700,11808
8600000US79851,79851,ZCTA5 79851,44000,25265
8600000US79852,79852,ZCTA5 79852,77800,11814
8600000US79853,79853,ZCTA5 79853,54900,7119
8600000US79854,79854,ZCTA5 79854,61700,36124
8600000US79855,79855,ZCTA5 79855,46600,18426
8600000US79901,79901,ZCTA5 79901,59200,12304
8600000US79902,79902,ZCTA5 79902,158300,8897
8600000US79903,79903,ZCTA5 79903,85600,3239
8600000US79904,79904,ZCTA5 79904,97100,3434
8600000US79905,79905,ZCTA5 79905,78700,2580
8600000US79906,79906,ZCTA5 79906,-,**
8600000US79907,79907,ZCTA5 79907,83900,1564
8600000US79908,79908,ZCTA5 79908,-,**
8600000US79911,79911,ZCTA5 79911,234800,28515
8600000US79912,79912,ZCTA5 79912,171800,3131
8600000US79915,79915,ZCTA5 79915,84300,1513
8600000US79916,79916,ZCTA5 79916,-,**
8600000US79920,79920,ZCTA5 79920,-,**
8600000US79922,79922,ZCTA5 79922,268000,32798
8600000US79924,79924,ZCTA5 79924,96600,1613
8600000US79925,79925,ZCTA5 79925,130300,4228
8600000US79927,79927,ZCTA5 79927,80400,3824
8600000US79928,79928,ZCTA5 79928,111800,4861
8600000US79930,79930,ZCTA5 79930,90600,3344
8600000US79932,79932,ZCTA5 79932,155100,6044
8600000US79934,79934,ZCTA5 79934,137400,4460
8600000US79935,79935,ZCTA5 79935,130900,6760
8600000US79936,79936,ZCTA5 79936,121700,1927
8600000US79938,79938,ZCTA5 79938,127800,6612
8600000US79942,79942,ZCTA5 79942,-,**
8600000US88063,88063,ZCTA5 88063,84700,4274
8600000US88220,88220,ZCTA5 88220,107800,6753
8600000US88430,88430,ZCTA5 88430,62300,14268
