GEO.id,GEO.id2,GEO.display-label,VD01,VD02,VD03,VD04,VD05,VD06,VD07,VD08,VD09,VD10,VD11,VD12,VD13,VD14,VD15,VD16,VD17,VD18,VD19,VD20,VD21,VD22,VD23,VD24
Id,Id2,Geography,Total:,With cash rent:,With cash rent: - Less than $100,With cash rent: - $100 to $149,With cash rent: - $150 to $199,With cash rent: - $200 to $249,With cash rent: - $250 to $299,With cash rent: - $300 to $349,With cash rent: - $350 to $399,With cash rent: - $400 to $449,With cash rent: - $450 to $499,With cash rent: - $500 to $549,With cash rent: - $550 to $599,With cash rent: - $600 to $649,With cash rent: - $650 to $699,With cash rent: - $700 to $749,With cash rent: - $750 to $799,With cash rent: - $800 to $899,With cash rent: - $900 to $999,"With cash rent: - $1,000 to $1,249","With cash rent: - $1,250 to $1,499","With cash rent: - $1,500 to $1,999","With cash rent: - $2,000 or more",No cash rent
1400000US48021950100,48021950100,"Census Tract 9501, Bastrop County, Texas",307,259,0,6,0,15,15,0,6,74,36,35,3,12,15,5,17,0,10,10,0,0,0,48
1400000US48021950200,48021950200,"Census Tract 9502, Bastrop County, Texas",637,594,8,18,48,10,0,16,38,64,60,110,39,0,37,34,57,7,26,11,11,0,0,43
1400000US48021950300,48021950300,"Census Tract 9503, Bastrop County, Texas",468,406,0,0,14,27,0,24,19,23,37,60,18,32,39,37,17,30,10,19,0,0,0,62
1400000US48021950400,48021950400,"Census Tract 9504, Bastrop County, Texas",865,765,25,24,16,33,32,22,33,34,21,47,64,37,79,43,50,73,66,54,12,0,0,100
1400000US48021950500,48021950500,"Census Tract 9505, Bastrop County, Texas",478,410,0,9,16,13,0,0,17,48,44,28,17,56,52,49,5,14,21,21,0,0,0,68
1400000US48021950600,48021950600,"Census Tract 9506, Bastrop County, Texas",206,131,0,0,0,7,9,16,7,8,7,13,10,20,0,26,0,8,0,0,0,0,0,75
1400000US48021950700,48021950700,"Census Tract 9507, Bastrop County, Texas",524,498,24,17,49,21,15,21,54,39,28,15,49,33,37,29,20,22,25,0,0,0,0,26
1400000US48021950800,48021950800,"Census Tract 9508, Bastrop County, Texas",289,238,0,0,0,0,0,0,0,25,46,14,49,50,9,4,0,33,8,0,0,0,0,51
1400000US48055960100,48055960100,"Census Tract 9601, Caldwell County, Texas",321,220,0,0,0,0,6,13,41,11,20,11,5,30,33,34,8,8,0,0,0,0,0,101
1400000US48055960200,48055960200,"Census Tract 9602, Caldwell County, Texas",492,447,4,17,0,19,11,12,33,21,92,23,45,55,45,40,12,11,7,0,0,0,0,45
1400000US48055960300,48055960300,"Census Tract 9603, Caldwell County, Texas",400,394,0,0,0,13,14,13,34,32,31,28,39,48,58,45,14,0,17,8,0,0,0,6
1400000US48055960400,48055960400,"Census Tract 9604, Caldwell County, Texas",573,560,12,17,7,15,33,48,54,47,67,28,51,24,41,31,42,34,3,0,0,6,0,13
1400000US48055960500,48055960500,"Census Tract 9605, Caldwell County, Texas",521,460,1,0,3,53,44,26,56,88,20,49,56,17,2,30,3,6,2,0,4,0,0,61
1400000US48055960600,48055960600,"Census Tract 9606, Caldwell County, Texas",87,57,0,3,0,1,0,15,16,0,10,7,3,0,0,0,0,0,2,0,0,0,0,30
1400000US48055960700,48055960700,"Census Tract 9607, Caldwell County, Texas",747,689,9,37,25,27,90,49,126,86,61,60,45,16,20,5,6,5,7,15,0,0,0,58
1400000US48209010100,48209010100,"Census Tract 101, Hays County, Texas",544,538,0,0,6,8,8,21,11,71,48,45,84,58,49,39,30,33,6,7,14,0,0,6
1400000US48209010200,48209010200,"Census Tract 102, Hays County, Texas",483,452,0,8,5,10,0,5,8,16,85,16,47,38,35,49,40,36,23,23,8,0,0,31
1400000US48209010301,48209010301,"Census Tract 103.01, Hays County, Texas",3069,3015,23,42,82,40,12,77,36,168,264,514,340,398,295,317,90,208,70,10,19,0,10,54
1400000US48209010302,48209010302,"Census Tract 103.02, Hays County, Texas",1035,1002,13,20,0,17,13,19,29,22,84,61,89,267,95,32,85,57,26,65,8,0,0,33
1400000US48209010400,48209010400,"Census Tract 104, Hays County, Texas",732,710,15,0,0,5,5,21,46,97,0,17,21,38,47,104,105,21,35,41,38,46,8,22
1400000US48209010500,48209010500,"Census Tract 105, Hays County, Texas",414,372,0,6,0,8,5,6,40,19,79,22,64,36,12,34,25,7,3,0,0,0,6,42
1400000US48209010600,48209010600,"Census Tract 106, Hays County, Texas",885,850,0,0,0,0,6,28,7,31,18,63,124,68,94,53,24,48,139,93,46,8,0,35
1400000US48209010700,48209010700,"Census Tract 107, Hays County, Texas",2146,2096,0,0,9,0,9,59,44,54,227,213,188,200,205,218,87,149,128,148,134,24,0,50
1400000US48209010801,48209010801,"Census Tract 108.01, Hays County, Texas",397,330,0,3,0,0,2,6,4,10,18,33,18,17,11,17,25,35,20,56,30,23,2,67
1400000US48209010802,48209010802,"Census Tract 108.02, Hays County, Texas",671,613,0,12,8,0,16,28,28,35,26,38,36,26,32,49,45,96,53,52,14,19,0,58
1400000US48209010901,48209010901,"Census Tract 109.01, Hays County, Texas",105,87,0,0,0,0,0,0,0,0,0,7,0,2,8,4,2,6,7,30,17,4,0,18
1400000US48209010902,48209010902,"Census Tract 109.02, Hays County, Texas",211,193,3,12,5,5,16,18,17,8,7,20,4,15,5,6,9,3,13,17,4,6,0,18
1400000US48209010903,48209010903,"Census Tract 109.03, Hays County, Texas",331,287,2,3,2,0,2,17,2,19,40,11,54,21,13,27,14,23,12,19,6,0,0,44
1400000US48209010904,48209010904,"Census Tract 109.04, Hays County, Texas",429,401,8,9,13,0,24,26,17,17,28,39,21,2,51,18,27,45,20,25,3,0,8,28
1400000US48453000101,48453000101,"Census Tract 1.01, Travis County, Texas",673,668,20,0,0,0,5,0,0,13,17,42,70,54,46,36,43,49,46,96,50,69,12,5
1400000US48453000102,48453000102,"Census Tract 1.02, Travis County, Texas",88,76,0,0,0,0,0,0,0,0,0,7,0,12,6,0,15,0,7,12,0,10,7,12
1400000US48453000201,48453000201,"Census Tract 2.01, Travis County, Texas",2299,2230,0,62,24,22,33,0,29,27,261,302,345,213,236,231,90,104,96,99,40,16,0,69
1400000US48453000203,48453000203,"Census Tract 2.03, Travis County, Texas",297,297,0,0,0,0,0,0,0,0,0,9,8,0,0,0,29,6,41,113,21,70,0,0
1400000US48453000204,48453000204,"Census Tract 2.04, Travis County, Texas",1109,1077,0,0,0,0,6,15,40,39,87,115,185,105,58,38,41,89,60,140,41,18,0,32
1400000US48453000301,48453000301,"Census Tract 3.01, Travis County, Texas",2418,2418,11,0,0,0,0,23,91,229,206,213,297,92,125,188,104,259,167,238,124,44,7,0
1400000US48453000302,48453000302,"Census Tract 3.02, Travis County, Texas",2274,2238,0,11,0,0,0,18,39,55,349,271,394,223,42,69,148,135,121,206,88,63,6,36
1400000US48453000303,48453000303,"Census Tract 3.03, Travis County, Texas",739,721,0,6,0,15,0,0,0,21,21,116,68,98,58,66,66,84,34,46,7,15,0,18
1400000US48453000401,48453000401,"Census Tract 4.01, Travis County, Texas",1207,1207,0,6,0,0,20,12,0,19,40,79,98,113,165,63,42,114,152,189,62,27,6,0
1400000US48453000402,48453000402,"Census Tract 4.02, Travis County, Texas",787,787,8,7,7,19,24,32,57,66,99,80,54,66,62,44,13,52,41,40,16,0,0,0
1400000US48453000500,48453000500,"Census Tract 5, Travis County, Texas",2237,2195,0,0,0,11,28,55,107,61,254,277,229,232,91,81,65,207,126,171,108,78,14,42
1400000US48453000601,48453000601,"Census Tract 6.01, Travis County, Texas",297,297,0,21,0,10,0,29,8,12,63,48,39,40,10,8,0,9,0,0,0,0,0,0
1400000US48453000603,48453000603,"Census Tract 6.03, Travis County, Texas",2323,2256,0,0,0,10,19,42,68,75,158,347,348,299,111,70,29,117,127,244,52,132,8,67
1400000US48453000604,48453000604,"Census Tract 6.04, Travis County, Texas",2067,2002,0,0,0,0,0,33,24,78,146,233,160,152,111,172,127,282,123,257,30,74,0,65
1400000US48453000700,48453000700,"Census Tract 7, Travis County, Texas",539,532,14,0,0,0,0,0,0,12,44,88,20,35,20,47,69,91,22,56,7,7,0,7
1400000US48453000801,48453000801,"Census Tract 8.01, Travis County, Texas",142,130,0,0,0,0,0,0,0,0,24,15,0,0,24,12,22,11,5,17,0,0,0,12
1400000US48453000802,48453000802,"Census Tract 8.02, Travis County, Texas",697,640,87,71,110,29,31,29,20,41,29,16,54,23,31,21,19,18,6,5,0,0,0,57
1400000US48453000803,48453000803,"Census Tract 8.03, Travis County, Texas",392,377,0,12,0,5,17,31,21,23,22,60,32,28,43,30,26,18,9,0,0,0,0,15
1400000US48453000804,48453000804,"Census Tract 8.04, Travis County, Texas",571,539,18,78,59,29,35,16,18,41,50,30,36,19,28,41,0,15,20,6,0,0,0,32
1400000US48453000901,48453000901,"Census Tract 9.01, Travis County, Texas",279,251,0,0,0,0,6,0,20,37,35,17,13,7,33,8,6,15,10,36,8,0,0,28
1400000US48453000902,48453000902,"Census Tract 9.02, Travis County, Texas",786,726,22,16,69,81,42,73,46,80,69,33,69,30,18,6,23,43,0,6,0,0,0,60
1400000US48453001000,48453001000,"Census Tract 10, Travis County, Texas",870,844,0,13,38,97,57,131,40,75,76,110,29,84,16,22,5,28,0,11,12,0,0,26
1400000US48453001100,48453001100,"Census Tract 11, Travis County, Texas",547,541,0,43,70,6,7,26,0,12,0,20,16,31,32,6,29,24,15,46,42,80,36,6
1400000US48453001200,48453001200,"Census Tract 12, Travis County, Texas",1131,1114,0,0,0,0,9,26,16,181,131,110,137,40,79,55,35,47,51,78,72,41,6,17
1400000US48453001303,48453001303,"Census Tract 13.03, Travis County, Texas",924,875,0,8,6,6,7,23,28,35,88,97,132,50,74,51,66,52,24,50,40,32,6,49
1400000US48453001304,48453001304,"Census Tract 13.04, Travis County, Texas",1085,1073,4,5,5,0,0,7,25,42,106,87,63,40,33,85,63,248,160,79,13,8,0,12
1400000US48453001305,48453001305,"Census Tract 13.05, Travis County, Texas",1702,1644,66,69,27,28,14,47,11,87,111,120,173,217,108,114,68,136,100,124,9,7,8,58
1400000US48453001307,48453001307,"Census Tract 13.07, Travis County, Texas",1185,1168,31,24,6,19,44,16,31,19,35,89,127,150,133,76,118,144,49,36,15,6,0,17
1400000US48453001308,48453001308,"Census Tract 13.08, Travis County, Texas",943,924,5,0,0,0,27,0,10,87,198,82,94,115,56,102,39,46,38,25,0,0,0,19
1400000US48453001401,48453001401,"Census Tract 14.01, Travis County, Texas",1003,985,0,0,0,0,0,0,9,9,25,59,64,156,91,79,50,121,116,89,91,26,0,18
1400000US48453001402,48453001402,"Census Tract 14.02, Travis County, Texas",808,796,0,0,10,0,10,0,0,0,11,121,107,102,100,47,69,41,57,64,17,40,0,12
1400000US48453001403,48453001403,"Census Tract 14.03, Travis County, Texas",514,514,0,0,13,0,0,0,0,0,23,61,114,71,94,28,9,38,24,25,0,0,14,0
1400000US48453001501,48453001501,"Census Tract 15.01, Travis County, Texas",426,393,0,0,0,0,0,0,32,8,8,0,0,24,16,40,22,66,46,73,32,26,0,33
1400000US48453001503,48453001503,"Census Tract 15.03, Travis County, Texas",1034,997,0,0,0,16,0,22,21,67,138,107,82,65,141,51,44,88,68,46,29,5,7,37
1400000US48453001504,48453001504,"Census Tract 15.04, Travis County, Texas",661,649,0,0,0,0,0,0,7,15,25,15,46,81,49,75,25,64,75,128,44,0,0,12
1400000US48453001505,48453001505,"Census Tract 15.05, Travis County, Texas",1048,1007,0,0,0,0,0,0,0,11,27,103,127,175,64,87,21,167,110,98,0,17,0,41
1400000US48453001602,48453001602,"Census Tract 16.02, Travis County, Texas",1453,1407,0,0,0,0,8,0,0,169,259,233,130,25,78,14,26,71,87,155,93,51,8,46
1400000US48453001603,48453001603,"Census Tract 16.03, Travis County, Texas",441,427,0,0,0,0,0,0,0,16,20,0,8,14,41,14,31,53,44,45,48,63,30,14
1400000US48453001604,48453001604,"Census Tract 16.04, Travis County, Texas",354,333,0,0,0,0,0,0,0,0,16,0,6,0,0,17,17,42,25,96,84,23,7,21
1400000US48453001605,48453001605,"Census Tract 16.05, Travis County, Texas",1224,1156,0,0,9,0,0,10,11,11,9,80,81,95,87,100,110,199,111,104,62,58,19,68
1400000US48453001606,48453001606,"Census Tract 16.06, Travis County, Texas",0,0,0,0,0,0,0,0,0,0,0,0,0,0,0,0,0,0,0,0,0,0,0,0
1400000US48453001705,48453001705,"Census Tract 17.05, Travis County, Texas",859,859,0,0,0,0,0,0,0,0,10,0,0,12,0,0,0,33,110,327,213,108,46,0
1400000US48453001706,48453001706,"Census Tract 17.06, Travis County, Texas",694,677,0,0,0,0,0,0,0,0,0,12,19,20,33,101,65,135,150,83,53,6,0,17
1400000US48453001707,48453001707,"Census Tract 17.07, Travis County, Texas",1034,1004,0,0,0,0,0,0,13,0,0,28,25,128,147,98,66,139,70,151,93,46,0,30
1400000US48453001712,48453001712,"Census Tract 17.12, Travis County, Texas",1073,1050,21,46,33,6,6,20,22,55,32,78,98,73,54,80,84,110,58,59,29,65,21,23
1400000US48453001713,48453001713,"Census Tract 17.13, Travis County, Texas",661,620,0,0,0,8,11,22,0,0,39,18,6,27,58,51,66,98,67,115,34,0,0,41
1400000US48453001714,48453001714,"Census Tract 17.14, Travis County, Texas",254,245,0,0,0,0,0,0,0,0,0,0,0,0,7,0,15,44,35,77,28,29,10,9
1400000US48453001715,48453001715,"Census Tract 17.15, Travis County, Texas",791,769,0,0,0,0,0,0,0,11,0,10,0,13,45,67,91,169,116,154,31,52,10,22
1400000US48453001716,48453001716,"Census Tract 17.16, Travis County, Texas",328,328,0,0,0,0,12,0,0,0,0,0,0,0,0,0,0,22,47,40,84,103,20,0
1400000US48453001718,48453001718,"Census Tract 17.18, Travis County, Texas",1385,1385,0,0,0,0,0,10,42,0,17,19,87,144,131,80,101,243,109,225,91,71,15,0
1400000US48453001719,48453001719,"Census Tract 17.19, Travis County, Texas",73,67,0,0,0,0,0,0,0,0,0,5,0,0,14,5,0,0,6,15,5,0,17,6
1400000US48453001722,48453001722,"Census Tract 17.22, Travis County, Texas",1947,1947,0,9,9,9,0,0,0,0,9,9,20,58,154,183,272,462,353,326,54,20,0,0
1400000US48453001728,48453001728,"Census Tract 17.28, Travis County, Texas",766,758,0,0,0,0,0,16,11,0,20,27,31,17,30,10,105,80,128,180,66,37,0,8
1400000US48453001729,48453001729,"Census Tract 17.29, Travis County, Texas",560,560,0,0,0,0,0,0,0,0,0,0,13,23,55,42,26,156,75,117,40,13,0,0
1400000US48453001732,48453001732,"Census Tract 17.32, Travis County, Texas",199,190,0,0,0,0,0,0,0,0,0,0,0,10,43,0,0,12,0,36,5,27,57,9
1400000US48453001733,48453001733,"Census Tract 17.33, Travis County, Texas",58,58,0,0,0,0,0,0,0,0,0,0,0,0,0,9,0,0,9,0,18,22,0,0
1400000US48453001737,48453001737,"Census Tract 17.37, Travis County, Texas",64,64,0,0,0,0,0,0,0,0,0,0,0,0,0,9,0,30,0,0,0,25,0,0
1400000US48453001738,48453001738,"Census Tract 17.38, Travis County, Texas",343,327,0,0,0,0,0,0,0,0,0,10,36,41,30,17,16,43,31,22,47,34,0,16
1400000US48453001739,48453001739,"Census Tract 17.39, Travis County, Texas",449,434,0,0,0,0,0,0,0,0,0,0,0,18,0,0,17,50,81,230,38,0,0,15
1400000US48453001740,48453001740,"Census Tract 17.40, Travis County, Texas",27,27,0,0,0,0,0,0,0,0,0,0,0,0,0,0,0,0,0,0,10,17,0,0
1400000US48453001741,48453001741,"Census Tract 17.41, Travis County, Texas",240,240,0,0,11,0,13,0,10,0,0,0,0,10,11,34,30,19,20,22,24,18,18,0
1400000US48453001742,48453001742,"Census Tract 17.42, Travis County, Texas",134,108,0,0,0,0,5,6,0,0,12,0,0,0,0,5,0,28,20,0,20,12,0,26
1400000US48453001743,48453001743,"Census Tract 17.43, Travis County, Texas",262,226,0,0,0,0,0,0,6,0,0,8,10,0,19,0,0,28,32,58,20,29,16,36
1400000US48453001744,48453001744,"Census Tract 17.44, Travis County, Texas",2648,2648,0,0,0,0,0,12,0,4,8,18,9,28,66,198,305,530,375,754,190,151,0,0
1400000US48453001745,48453001745,"Census Tract 17.45, Travis County, Texas",257,249,0,0,0,0,0,0,0,0,10,0,0,19,46,0,32,67,30,8,18,0,19,8
1400000US48453001746,48453001746,"Census Tract 17.46, Travis County, Texas",604,604,0,0,0,0,0,0,0,0,0,13,24,116,75,9,26,175,47,101,10,8,0,0
1400000US48453001747,48453001747,"Census Tract 17.47, Travis County, Texas",822,822,11,9,45,0,0,0,0,11,13,0,15,53,55,105,102,160,108,107,19,9,0,0
1400000US48453001748,48453001748,"Census Tract 17.48, Travis County, Texas",248,248,0,0,0,0,0,0,0,0,0,0,0,0,0,0,0,61,99,78,10,0,0,0
1400000US48453001749,48453001749,"Census Tract 17.49, Travis County, Texas",1264,1239,8,0,0,0,0,0,16,6,0,9,6,15,16,130,193,211,201,279,128,21,0,25
1400000US48453001750,48453001750,"Census Tract 17.50, Travis County, Texas",1646,1633,0,6,12,5,2,5,0,15,56,42,43,41,85,96,95,337,247,320,186,32,8,13
1400000US48453001751,48453001751,"Census Tract 17.51, Travis County, Texas",47,47,0,0,0,0,0,0,0,0,0,0,0,0,0,0,6,17,0,0,0,9,15,0
1400000US48453001752,48453001752,"Census Tract 17.52, Travis County, Texas",2316,2306,9,4,0,0,0,0,10,0,0,139,144,329,380,248,260,433,264,68,10,8,0,10
1400000US48453001753,48453001753,"Census Tract 17.53, Travis County, Texas",702,702,0,0,0,0,0,0,0,0,0,0,8,0,12,23,80,179,225,137,26,12,0,0
1400000US48453001754,48453001754,"Census Tract 17.54, Travis County, Texas",1248,1240,0,0,0,0,0,0,0,8,15,0,55,96,138,171,142,161,197,197,28,32,0,8
1400000US48453001755,48453001755,"Census Tract 17.55, Travis County, Texas",37,37,0,0,0,0,0,0,0,8,7,0,0,0,0,6,0,0,0,0,0,16,0,0
1400000US48453001756,48453001756,"Census Tract 17.56, Travis County, Texas",568,568,0,0,0,0,0,0,0,10,0,0,6,0,18,65,61,65,54,189,80,20,0,0
1400000US48453001757,48453001757,"Census Tract 17.57, Travis County, Texas",265,265,0,0,0,0,0,0,0,0,0,0,0,0,0,8,0,17,42,84,84,22,8,0
1400000US48453001758,48453001758,"Census Tract 17.58, Travis County, Texas",620,620,0,0,0,0,0,0,0,0,0,8,10,12,76,67,51,90,161,127,0,18,0,0
1400000US48453001759,48453001759,"Census Tract 17.59, Travis County, Texas",999,999,0,0,8,0,0,0,16,0,0,0,9,18,48,69,94,142,216,177,42,45,115,0
1400000US48453001760,48453001760,"Census Tract 17.60, Travis County, Texas",105,100,0,0,0,0,6,0,10,9,5,0,0,5,0,9,0,11,0,2,0,25,18,5
1400000US48453001761,48453001761,"Census Tract 17.61, Travis County, Texas",493,483,0,0,0,0,0,0,0,0,0,0,8,0,24,46,79,78,102,81,55,10,0,10
1400000US48453001762,48453001762,"Census Tract 17.62, Travis County, Texas",601,575,0,0,4,0,8,0,19,6,0,0,24,12,8,18,0,64,79,103,80,91,59,26
1400000US48453001764,48453001764,"Census Tract 17.64, Travis County, Texas",209,147,0,0,0,0,0,0,2,11,0,18,0,23,0,0,2,12,0,4,58,17,0,62
1400000US48453001765,48453001765,"Census Tract 17.65, Travis County, Texas",524,486,27,0,0,0,0,0,0,0,0,0,0,15,45,28,111,94,57,66,37,6,0,38
1400000US48453001766,48453001766,"Census Tract 17.66, Travis County, Texas",254,211,0,0,0,0,13,10,11,7,11,9,11,17,48,17,12,6,8,24,7,0,0,43
1400000US48453001767,48453001767,"Census Tract 17.67, Travis County, Texas",697,655,0,0,0,0,8,19,2,14,9,36,32,29,87,55,24,90,8,86,8,53,95,42
1400000US48453001768,48453001768,"Census Tract 17.68, Travis County, Texas",115,71,0,0,0,8,0,0,0,0,0,8,0,11,7,12,0,2,0,18,2,0,3,44
1400000US48453001769,48453001769,"Census Tract 17.69, Travis County, Texas",367,359,0,0,0,0,0,0,0,0,0,5,0,18,35,14,32,55,36,113,40,11,0,8
1400000US48453001804,48453001804,"Census Tract 18.04, Travis County, Texas",1928,1915,0,0,7,0,9,0,23,45,111,284,424,184,292,196,80,141,82,37,0,0,0,13
1400000US48453001805,48453001805,"Census Tract 18.05, Travis County, Texas",1380,1380,27,37,7,36,22,9,24,208,151,186,99,99,92,92,113,67,36,45,23,7,0,0
1400000US48453001806,48453001806,"Census Tract 18.06, Travis County, Texas",2158,2126,14,21,17,14,0,6,8,51,217,245,408,380,249,141,63,143,105,44,0,0,0,32
1400000US48453001811,48453001811,"Census Tract 18.11, Travis County, Texas",935,935,0,50,14,0,0,0,20,18,28,234,108,183,89,27,72,35,29,23,0,5,0,0
1400000US48453001812,48453001812,"Census Tract 18.12, Travis County, Texas",2272,2248,22,0,0,0,0,0,20,28,43,194,303,418,376,204,198,222,39,41,74,66,0,24
1400000US48453001813,48453001813,"Census Tract 18.13, Travis County, Texas",1357,1308,0,18,0,19,0,20,22,30,91,128,219,229,133,108,100,119,72,0,0,0,0,49
1400000US48453001817,48453001817,"Census Tract 18.17, Travis County, Texas",1444,1417,0,24,20,20,28,19,7,0,30,130,190,184,142,98,121,223,40,100,33,8,0,27
1400000US48453001818,48453001818,"Census Tract 18.18, Travis County, Texas",1293,1241,7,0,9,0,0,0,0,41,34,45,117,168,199,197,123,92,114,56,39,0,0,52
1400000US48453001819,48453001819,"Census Tract 18.19, Travis County, Texas",1039,1033,0,0,0,0,6,0,5,5,18,56,168,194,114,81,131,141,57,45,12,0,0,6
1400000US48453001820,48453001820,"Census Tract 18.20, Travis County, Texas",2566,2548,0,9,16,0,9,0,0,34,237,287,481,321,270,239,200,315,68,54,8,0,0,18
1400000US48453001821,48453001821,"Census Tract 18.21, Travis County, Texas",938,938,0,0,0,0,6,0,16,12,0,24,45,108,112,105,144,164,110,57,30,5,0,0
1400000US48453001822,48453001822,"Census Tract 18.22, Travis County, Texas",1664,1659,13,16,44,38,0,19,15,23,68,93,194,251,200,165,93,281,90,56,0,0,0,5
1400000US48453001823,48453001823,"Census Tract 18.23, Travis County, Texas",1504,1489,0,0,0,0,0,0,13,7,33,76,192,203,189,171,213,268,85,35,0,4,0,15
1400000US48453001824,48453001824,"Census Tract 18.24, Travis County, Texas",161,154,0,0,0,0,0,0,0,0,0,0,0,0,0,12,6,28,14,56,33,5,0,7
1400000US48453001826,48453001826,"Census Tract 18.26, Travis County, Texas",833,833,0,0,0,0,0,0,0,0,11,16,0,8,47,43,46,192,280,93,0,63,34,0
1400000US48453001828,48453001828,"Census Tract 18.28, Travis County, Texas",331,331,0,0,0,0,0,0,0,0,0,0,0,0,22,13,7,18,30,96,103,42,0,0
1400000US48453001829,48453001829,"Census Tract 18.29, Travis County, Texas",992,992,0,0,0,0,0,7,0,0,0,0,34,92,89,74,138,110,186,166,48,48,0,0
1400000US48453001832,48453001832,"Census Tract 18.32, Travis County, Texas",534,520,0,0,0,0,0,0,0,0,0,85,34,44,33,69,21,95,42,44,53,0,0,14
1400000US48453001833,48453001833,"Census Tract 18.33, Travis County, Texas",1000,961,0,10,9,0,12,0,0,0,51,65,98,52,104,126,165,76,55,129,9,0,0,39
1400000US48453001834,48453001834,"Census Tract 18.34, Travis County, Texas",840,823,0,0,0,0,8,0,0,6,0,0,81,74,138,151,48,110,129,71,7,0,0,17
1400000US48453001835,48453001835,"Census Tract 18.35, Travis County, Texas",574,574,0,0,0,0,10,0,0,11,18,8,0,27,66,81,97,113,72,49,17,5,0,0
1400000US48453001836,48453001836,"Census Tract 18.36, Travis County, Texas",535,500,0,0,8,9,0,0,8,0,0,27,17,20,26,25,29,87,45,119,38,34,8,35
1400000US48453001837,48453001837,"Census Tract 18.37, Travis County, Texas",182,153,0,0,0,0,8,0,0,8,10,13,2,1,8,11,10,1,8,20,27,26,0,29
1400000US48453001839,48453001839,"Census Tract 18.39, Travis County, Texas",12,12,0,0,0,0,0,0,0,0,0,0,0,0,0,0,6,0,6,0,0,0,0,0
1400000US48453001840,48453001840,"Census Tract 18.40, Travis County, Texas",143,143,0,0,0,0,0,0,0,0,0,13,0,0,0,0,15,13,32,31,39,0,0,0
1400000US48453001841,48453001841,"Census Tract 18.41, Travis County, Texas",208,203,0,0,0,0,0,0,19,15,6,15,24,12,0,7,0,17,0,23,39,26,0,5
1400000US48453001842,48453001842,"Census Tract 18.42, Travis County, Texas",120,112,10,0,10,0,0,0,0,0,0,0,0,0,0,10,0,8,10,42,22,0,0,8
1400000US48453001843,48453001843,"Census Tract 18.43, Travis County, Texas",223,205,0,0,0,0,0,0,0,0,0,8,0,0,17,0,9,26,10,92,43,0,0,18
1400000US48453001844,48453001844,"Census Tract 18.44, Travis County, Texas",1082,1063,0,0,0,0,0,0,0,0,0,21,60,97,194,61,49,203,168,180,20,10,0,19
1400000US48453001845,48453001845,"Census Tract 18.45, Travis County, Texas",543,503,0,0,0,0,10,9,0,8,15,0,8,0,26,55,100,75,84,89,8,16,0,40
1400000US48453001846,48453001846,"Census Tract 18.46, Travis County, Texas",86,71,0,0,0,0,0,0,0,0,0,0,0,0,0,0,0,9,0,32,30,0,0,15
1400000US48453001847,48453001847,"Census Tract 18.47, Travis County, Texas",655,625,0,0,0,19,0,0,0,0,0,15,0,0,0,54,117,128,92,128,34,38,0,30
1400000US48453001848,48453001848,"Census Tract 18.48, Travis County, Texas",502,502,0,0,7,0,0,0,0,0,15,0,0,0,15,29,129,67,52,165,16,7,0,0
1400000US48453001849,48453001849,"Census Tract 18.49, Travis County, Texas",2638,2627,0,10,0,0,0,0,0,10,0,0,24,84,234,247,248,606,526,490,110,18,20,11
1400000US48453001850,48453001850,"Census Tract 18.50, Travis County, Texas",1547,1547,0,0,0,0,0,0,0,11,9,0,22,239,229,154,140,278,256,156,53,0,0,0
1400000US48453001851,48453001851,"Census Tract 18.51, Travis County, Texas",1379,1379,0,0,0,14,0,0,24,0,13,50,54,87,110,64,155,425,144,152,87,0,0,0
1400000US48453001852,48453001852,"Census Tract 18.52, Travis County, Texas",3112,3112,0,0,21,0,0,0,0,9,35,81,340,473,307,488,358,456,243,266,10,25,0,0
1400000US48453001853,48453001853,"Census Tract 18.53, Travis County, Texas",246,230,0,0,0,0,0,0,0,0,0,7,0,0,0,0,6,19,62,90,39,7,0,16
1400000US48453001901,48453001901,"Census Tract 19.01, Travis County, Texas",1834,1808,11,0,0,0,0,0,29,19,50,128,149,69,230,256,226,267,143,156,25,50,0,26
1400000US48453001904,48453001904,"Census Tract 19.04, Travis County, Texas",224,210,0,0,9,0,9,0,0,2,11,0,9,0,17,8,0,21,26,41,10,20,27,14
1400000US48453001906,48453001906,"Census Tract 19.06, Travis County, Texas",122,122,0,0,0,0,0,0,0,0,0,0,2,0,0,0,8,7,0,0,0,0,105,0
1400000US48453001908,48453001908,"Census Tract 19.08, Travis County, Texas",328,328,0,0,0,0,0,12,11,10,10,0,0,6,0,0,22,10,35,47,52,63,50,0
1400000US48453001909,48453001909,"Census Tract 19.09, Travis County, Texas",1421,1398,9,0,0,8,0,0,0,0,0,0,0,6,3,39,82,182,223,415,223,84,124,23
1400000US48453001910,48453001910,"Census Tract 19.10, Travis County, Texas",675,666,2,0,0,0,0,0,0,0,0,6,18,23,8,18,29,74,67,117,88,53,163,9
1400000US48453001911,48453001911,"Census Tract 19.11, Travis County, Texas",1671,1661,0,0,0,0,0,0,0,0,0,30,35,206,138,125,155,300,294,169,90,97,22,10
1400000US48453001912,48453001912,"Census Tract 19.12, Travis County, Texas",82,51,0,0,0,0,0,0,0,0,0,0,0,0,0,0,10,0,0,0,11,20,10,31
1400000US48453001913,48453001913,"Census Tract 19.13, Travis County, Texas",107,99,0,0,0,0,0,0,0,0,0,0,0,0,16,12,0,10,11,17,0,14,19,8
1400000US48453002002,48453002002,"Census Tract 20.02, Travis County, Texas",552,516,0,7,7,0,0,0,0,7,45,21,60,75,45,31,20,76,90,32,0,0,0,36
1400000US48453002003,48453002003,"Census Tract 20.03, Travis County, Texas",888,860,0,0,0,0,0,21,7,23,79,143,183,112,40,80,49,41,44,38,0,0,0,28
1400000US48453002004,48453002004,"Census Tract 20.04, Travis County, Texas",1337,1323,12,27,0,0,0,0,0,9,137,105,109,177,114,175,185,121,133,19,0,0,0,14
1400000US48453002005,48453002005,"Census Tract 20.05, Travis County, Texas",1933,1922,34,12,7,9,0,0,20,18,87,106,308,283,210,190,119,396,91,0,32,0,0,11
1400000US48453002104,48453002104,"Census Tract 21.04, Travis County, Texas",471,445,0,0,0,0,0,6,0,11,5,25,34,59,18,49,30,73,27,79,17,12,0,26
1400000US48453002105,48453002105,"Census Tract 21.05, Travis County, Texas",1800,1785,0,5,6,0,8,8,14,103,114,260,205,218,282,165,69,161,92,75,0,0,0,15
1400000US48453002106,48453002106,"Census Tract 21.06, Travis County, Texas",394,380,11,51,16,17,13,0,0,0,0,30,9,58,52,24,4,30,5,32,8,20,0,14
1400000US48453002107,48453002107,"Census Tract 21.07, Travis County, Texas",764,743,41,6,30,12,23,20,36,19,38,66,94,70,71,69,81,29,9,24,5,0,0,21
1400000US48453002108,48453002108,"Census Tract 21.08, Travis County, Texas",725,725,0,0,14,14,17,14,31,72,16,65,83,98,47,63,62,91,38,0,0,0,0,0
1400000US48453002109,48453002109,"Census Tract 21.09, Travis County, Texas",429,405,14,7,0,10,5,7,27,26,35,12,36,64,39,31,23,13,26,25,5,0,0,24
1400000US48453002110,48453002110,"Census Tract 21.10, Travis County, Texas",343,310,0,0,0,0,5,16,12,43,40,72,25,8,41,17,24,7,0,0,0,0,0,33
1400000US48453002111,48453002111,"Census Tract 21.11, Travis County, Texas",682,650,7,42,60,50,58,28,54,36,20,70,44,71,57,22,13,18,0,0,0,0,0,32
1400000US48453002112,48453002112,"Census Tract 21.12, Travis County, Texas",1152,1146,6,0,0,0,0,7,21,42,128,117,115,108,73,136,119,146,63,44,7,14,0,6
1400000US48453002113,48453002113,"Census Tract 21.13, Travis County, Texas",360,360,11,10,0,0,0,13,0,7,26,24,26,54,52,31,6,28,11,32,29,0,0,0
1400000US48453002201,48453002201,"Census Tract 22.01, Travis County, Texas",171,171,0,10,0,0,0,13,13,0,7,15,7,0,7,37,13,12,30,0,7,0,0,0
1400000US48453002202,48453002202,"Census Tract 22.02, Travis County, Texas",556,537,0,5,7,0,16,9,13,0,6,20,19,39,75,103,58,41,55,62,9,0,0,19
1400000US48453002205,48453002205,"Census Tract 22.05, Travis County, Texas",469,447,11,0,7,0,13,27,30,28,43,48,9,27,35,19,13,66,47,24,0,0,0,22
1400000US48453002206,48453002206,"Census Tract 22.06, Travis County, Texas",415,337,7,0,0,6,0,0,9,28,28,11,76,45,31,31,18,16,14,0,0,17,0,78
1400000US48453002303,48453002303,"Census Tract 23.03, Travis County, Texas",0,0,0,0,0,0,0,0,0,0,0,0,0,0,0,0,0,0,0,0,0,0,0,0
1400000US48453002304,48453002304,"Census Tract 23.04, Travis County, Texas",2644,2638,9,0,0,8,9,25,7,27,78,395,516,246,285,343,245,260,103,82,0,0,0,6
1400000US48453002307,48453002307,"Census Tract 23.07, Travis County, Texas",2055,2055,0,19,0,1,0,19,16,18,63,155,308,276,247,194,132,251,211,105,30,10,0,0
1400000US48453002308,48453002308,"Census Tract 23.08, Travis County, Texas",1600,1531,7,36,32,21,7,16,35,113,190,58,161,165,194,115,91,119,110,47,14,0,0,69
1400000US48453002310,48453002310,"Census Tract 23.10, Travis County, Texas",696,690,27,0,12,16,13,0,23,20,64,102,62,64,50,43,76,59,41,0,18,0,0,6
1400000US48453002311,48453002311,"Census Tract 23.11, Travis County, Texas",2144,2124,66,54,41,33,0,12,58,264,153,235,119,140,200,86,59,100,129,52,239,84,0,20
1400000US48453002312,48453002312,"Census Tract 23.12, Travis County, Texas",367,322,17,0,4,0,18,7,20,11,17,6,19,45,32,45,23,18,17,14,5,4,0,45
1400000US48453002313,48453002313,"Census Tract 23.13, Travis County, Texas",1367,1324,0,0,0,0,0,0,20,10,54,172,226,172,85,135,116,161,51,110,12,0,0,43
1400000US48453002314,48453002314,"Census Tract 23.14, Travis County, Texas",1998,1998,0,0,0,8,19,0,8,17,80,134,312,317,114,171,248,286,156,128,0,0,0,0
1400000US48453002315,48453002315,"Census Tract 23.15, Travis County, Texas",1405,1394,0,8,17,0,0,0,12,46,79,290,99,195,137,192,81,122,51,55,10,0,0,11
1400000US48453002316,48453002316,"Census Tract 23.16, Travis County, Texas",2079,2079,6,6,0,11,20,21,20,17,96,292,438,196,271,198,142,243,37,35,23,7,0,0
1400000US48453002402,48453002402,"Census Tract 24.02, Travis County, Texas",918,898,0,12,14,0,0,15,13,13,16,25,73,154,58,107,63,183,49,89,5,0,9,20
1400000US48453002403,48453002403,"Census Tract 24.03, Travis County, Texas",355,344,0,0,0,0,0,0,0,36,17,19,10,48,15,54,18,37,58,32,0,0,0,11
1400000US48453002407,48453002407,"Census Tract 24.07, Travis County, Texas",94,94,0,0,0,6,0,0,0,0,0,0,11,0,11,0,2,8,7,32,7,10,0,0
1400000US48453002409,48453002409,"Census Tract 24.09, Travis County, Texas",475,469,0,9,0,0,0,0,5,5,5,0,11,8,51,34,16,64,150,98,8,5,0,6
1400000US48453002410,48453002410,"Census Tract 24.10, Travis County, Texas",1231,1215,8,6,29,0,0,16,9,14,31,75,119,105,145,94,186,197,106,66,9,0,0,16
1400000US48453002411,48453002411,"Census Tract 24.11, Travis County, Texas",568,562,9,0,0,6,0,0,0,0,5,0,19,39,47,144,65,113,38,60,17,0,0,6
1400000US48453002412,48453002412,"Census Tract 24.12, Travis County, Texas",403,394,0,0,7,0,9,0,0,0,9,0,8,33,17,36,26,95,70,84,0,0,0,9
1400000US48453002413,48453002413,"Census Tract 24.13, Travis County, Texas",566,558,27,8,7,18,0,12,0,0,14,37,35,60,46,67,77,94,47,9,0,0,0,8
1400000US48453002416,48453002416,"Census Tract 24.16, Travis County, Texas",550,457,0,0,6,9,10,8,33,41,29,32,72,50,29,20,49,24,25,9,0,11,0,93
1400000US48453002417,48453002417,"Census Tract 24.17, Travis County, Texas",552,540,0,0,1,19,8,3,13,20,14,42,114,11,36,42,48,79,43,36,3,0,8,12
1400000US48453002418,48453002418,"Census Tract 24.18, Travis County, Texas",290,290,0,0,10,0,0,5,0,0,10,9,0,0,23,59,23,55,4,53,12,27,0,0
1400000US48453002419,48453002419,"Census Tract 24.19, Travis County, Texas",1783,1783,0,0,13,13,0,0,0,0,21,39,116,218,373,209,209,312,198,62,0,0,0,0
1400000US48453002420,48453002420,"Census Tract 24.20, Travis County, Texas",737,692,0,0,0,20,10,0,8,28,12,10,44,51,58,17,78,157,76,81,32,10,0,45
1400000US48453002421,48453002421,"Census Tract 24.21, Travis County, Texas",196,160,0,0,0,0,0,0,0,6,11,0,0,34,0,0,0,38,10,29,12,20,0,36
1400000US48453002422,48453002422,"Census Tract 24.22, Travis County, Texas",992,982,0,0,0,0,25,0,0,19,44,89,147,124,52,33,92,148,113,77,19,0,0,10
1400000US48453002423,48453002423,"Census Tract 24.23, Travis County, Texas",335,313,0,0,0,0,0,0,0,0,0,11,6,6,31,0,33,86,42,84,0,14,0,22
1400000US48453002424,48453002424,"Census Tract 24.24, Travis County, Texas",661,635,0,0,0,0,0,0,0,0,14,29,47,35,87,65,55,215,24,64,0,0,0,26
1400000US48491020101,48491020101,"Census Tract 201.01, Williamson County, Texas",117,106,10,0,10,0,0,0,0,8,0,0,0,0,0,0,0,10,0,0,20,22,26,11
1400000US48491020102,48491020102,"Census Tract 201.02, Williamson County, Texas",1128,1110,30,8,20,22,11,20,11,30,34,39,105,121,89,90,82,112,91,169,22,4,0,18
1400000US48491020103,48491020103,"Census Tract 201.03, Williamson County, Texas",217,209,27,19,18,8,0,15,8,8,27,0,8,0,0,8,0,23,10,25,5,0,0,8
1400000US48491020104,48491020104,"Census Tract 201.04, Williamson County, Texas",221,207,0,0,0,0,5,0,0,0,8,9,13,11,31,24,18,22,10,27,17,12,0,14
1400000US48491020200,48491020200,"Census Tract 202, Williamson County, Texas",294,262,0,0,0,3,0,14,13,16,24,24,29,7,17,2,13,49,42,0,0,0,9,32
1400000US48491020301,48491020301,"Census Tract 203.01, Williamson County, Texas",180,139,0,0,0,0,0,14,0,0,23,8,0,15,26,13,0,8,16,16,0,0,0,41
1400000US48491020302,48491020302,"Census Tract 203.02, Williamson County, Texas",81,81,0,0,0,0,0,11,0,8,0,0,8,7,9,16,0,7,0,9,6,0,0,0
1400000US48491020303,48491020303,"Census Tract 203.03, Williamson County, Texas",143,129,0,0,0,0,9,0,14,0,0,24,11,7,0,0,14,6,14,30,0,0,0,14
1400000US48491020305,48491020305,"Census Tract 203.05, Williamson County, Texas",148,128,6,0,0,11,5,5,0,0,0,0,0,5,0,5,5,4,50,21,6,5,0,20
1400000US48491020306,48491020306,"Census Tract 203.06, Williamson County, Texas",351,328,0,0,8,0,0,0,0,16,17,7,45,19,9,32,38,28,0,35,34,40,0,23
1400000US48491020307,48491020307,"Census Tract 203.07, Williamson County, Texas",491,482,0,0,0,9,0,0,0,9,8,9,15,34,33,18,64,69,50,102,42,20,0,9
1400000US48491020308,48491020308,"Census Tract 203.08, Williamson County, Texas",368,360,0,0,0,0,0,0,0,0,0,0,11,0,0,10,23,45,78,113,47,33,0,8
1400000US48491020309,48491020309,"Census Tract 203.09, Williamson County, Texas",190,169,0,0,0,0,0,0,0,0,0,0,0,0,8,8,13,18,0,24,47,51,0,21
1400000US48491020310,48491020310,"Census Tract 203.10, Williamson County, Texas",116,104,0,0,0,0,0,0,0,7,0,0,6,0,6,0,6,17,12,32,12,6,0,12
1400000US48491020402,48491020402,"Census Tract 204.02, Williamson County, Texas",1028,1028,0,0,45,23,11,0,0,0,71,13,13,0,25,44,33,87,129,415,71,48,0,0
1400000US48491020403,48491020403,"Census Tract 204.03, Williamson County, Texas",312,312,0,0,0,0,0,0,7,7,0,0,22,10,24,19,20,124,64,15,0,0,0,0
1400000US48491020404,48491020404,"Census Tract 204.04, Williamson County, Texas",230,210,0,0,0,0,0,0,0,0,0,0,21,7,8,0,0,25,7,76,53,8,5,20
1400000US48491020405,48491020405,"Census Tract 204.05, Williamson County, Texas",1355,1331,0,9,0,0,0,0,0,0,8,0,55,102,177,150,156,358,98,194,7,17,0,24
1400000US48491020406,48491020406,"Census Tract 204.06, Williamson County, Texas",1695,1686,10,0,0,0,0,0,0,0,0,0,89,102,244,230,155,238,316,239,21,42,0,9
1400000US48491020407,48491020407,"Census Tract 204.07, Williamson County, Texas",1341,1314,0,0,0,0,0,0,28,0,20,6,82,118,79,103,53,231,168,206,115,80,25,27
1400000US48491020501,48491020501,"Census Tract 205.01, Williamson County, Texas",171,162,0,0,0,0,0,0,0,6,0,0,9,0,0,0,0,24,37,46,15,25,0,9
1400000US48491020502,48491020502,"Census Tract 205.02, Williamson County, Texas",572,559,0,0,0,0,0,0,0,0,0,0,0,0,0,12,63,140,53,231,42,8,10,13
1400000US48491020503,48491020503,"Census Tract 205.03, Williamson County, Texas",198,198,0,0,5,0,0,0,0,25,15,5,24,7,9,7,5,15,12,31,25,13,0,0
1400000US48491020504,48491020504,"Census Tract 205.04, Williamson County, Texas",974,964,0,7,0,0,0,7,9,0,6,7,52,56,30,23,133,115,177,324,18,0,0,10
1400000US48491020601,48491020601,"Census Tract 206.01, Williamson County, Texas",521,502,0,0,10,0,0,0,0,0,8,58,47,34,66,79,9,35,76,26,38,16,0,19
1400000US48491020602,48491020602,"Census Tract 206.02, Williamson County, Texas",401,371,6,0,5,0,6,0,0,6,44,27,54,21,33,26,20,46,21,44,12,0,0,30
1400000US48491020701,48491020701,"Census Tract 207.01, Williamson County, Texas",508,475,6,0,7,11,0,0,8,22,24,41,146,63,60,36,23,20,8,0,0,0,0,33
1400000US48491020703,48491020703,"Census Tract 207.03, Williamson County, Texas",878,851,0,0,0,0,0,0,20,7,0,7,30,22,43,108,111,134,130,193,39,7,0,27
1400000US48491020704,48491020704,"Census Tract 207.04, Williamson County, Texas",939,926,7,0,49,0,26,0,7,15,21,45,6,51,99,69,106,223,120,75,7,0,0,13
1400000US48491020705,48491020705,"Census Tract 207.05, Williamson County, Texas",150,150,0,0,0,0,0,0,0,0,0,13,9,0,11,14,0,18,29,32,0,24,0,0
1400000US48491020801,48491020801,"Census Tract 208.01, Williamson County, Texas",341,273,8,16,3,6,0,19,3,6,16,20,42,10,23,6,26,13,6,39,10,1,0,68
1400000US48491020802,48491020802,"Census Tract 208.02, Williamson County, Texas",71,71,0,0,0,0,0,0,9,0,0,0,0,0,7,0,7,32,0,0,0,0,16,0
1400000US48491020900,48491020900,"Census Tract 209, Williamson County, Texas",201,181,0,0,4,6,7,11,18,30,17,21,19,12,8,9,7,5,0,7,0,0,0,20
1400000US48491021000,48491021000,"Census Tract 210, Williamson County, Texas",365,343,13,6,5,25,33,13,27,43,33,90,25,16,0,14,0,0,0,0,0,0,0,22
1400000US48491021100,48491021100,"Census Tract 211, Williamson County, Texas",420,385,0,5,10,0,7,12,32,5,74,54,35,19,50,24,8,50,0,0,0,0,0,35
1400000US48491021201,48491021201,"Census Tract 212.01, Williamson County, Texas",77,49,0,0,0,0,0,0,0,7,0,0,7,0,5,5,0,0,6,19,0,0,0,28
1400000US48491021202,48491021202,"Census Tract 212.02, Williamson County, Texas",274,262,0,6,0,38,7,28,19,27,43,15,23,14,5,0,18,10,4,5,0,0,0,12
1400000US48491021203,48491021203,"Census Tract 212.03, Williamson County, Texas",366,346,0,12,0,0,0,0,13,75,43,27,11,17,24,16,22,52,5,23,0,6,0,20
1400000US48491021300,48491021300,"Census Tract 213, Williamson County, Texas",261,204,7,8,3,22,13,12,37,23,28,2,8,9,3,9,10,0,5,5,0,0,0,57
1400000US48491021401,48491021401,"Census Tract 214.01, Williamson County, Texas",328,317,0,0,0,0,17,9,5,7,15,5,28,12,36,20,19,77,52,6,0,9,0,11
1400000US48491021402,48491021402,"Census Tract 214.02, Williamson County, Texas",694,643,6,26,46,42,10,0,17,65,69,55,58,48,76,60,39,12,0,7,0,7,0,51
1400000US48491021403,48491021403,"Census Tract 214.03, Williamson County, Texas",183,160,0,0,0,0,6,0,0,6,0,5,11,50,0,19,24,7,12,20,0,0,0,23
1400000US48491021501,48491021501,"Census Tract 215.01, Williamson County, Texas",1018,1018,0,0,0,0,0,0,0,0,10,0,47,62,108,68,86,144,90,196,70,137,0,0
1400000US48491021502,48491021502,"Census Tract 215.02, Williamson County, Texas",695,690,0,0,0,0,0,0,0,12,0,7,0,10,7,89,84,229,94,139,12,7,0,5
1400000US48491021503,48491021503,"Census Tract 215.03, Williamson County, Texas",1110,1104,0,0,0,6,0,0,0,6,23,57,118,141,163,128,109,165,136,47,5,0,0,6
1400000US48491021600,48491021600,"Census Tract 216, Williamson County, Texas",305,287,0,0,12,0,20,10,12,9,47,30,11,19,12,13,7,41,3,21,0,20,0,18
